train_acc,valid_acc,test_acc
0.9401618242263794,0.9323891997337341,0.9041570425033569
