train_acc,valid_acc,test_acc
0.9397810697555542,0.9273641109466553,0.9139722585678101
