train_acc,valid_acc,test_acc
0.948957622051239,0.9424394965171814,0.9185912013053894
