train_acc,valid_acc,test_acc
0.8477867841720581,0.8446779251098633,0.7886835932731628
