train_acc,valid_acc,test_acc
0.9077010750770569,0.9081772565841675,0.8781754970550537
