train_acc,valid_acc,test_acc
0.9369062185287476,0.9282777309417725,0.9056004881858826
