train_acc,valid_acc,test_acc
0.9676344394683838,0.9566012024879456,0.9286951422691345
