train_acc,valid_acc,test_acc
0.9511280059814453,0.9415258169174194,0.9133949279785156
