train_acc,valid_acc,test_acc
0.9052451252937317,0.8885335922241211,0.8729792237281799
