train_acc,valid_acc,test_acc
0.8697572350502014,0.8803106546401978,0.8316974639892578
