train_acc,valid_acc,test_acc
0.9146311283111572,0.9049794673919678,0.8822171092033386
