train_acc,valid_acc,test_acc
0.9273869395256042,0.9250799417495728,0.8960738778114319
