train_acc,valid_acc,test_acc
0.9065778255462646,0.9049794673919678,0.8571016192436218
