train_acc,valid_acc,test_acc
0.8744217157363892,0.8583828210830688,0.8351616859436035
