train_acc,valid_acc,test_acc
0.9312517642974854,0.921882152557373,0.9018476009368896
