train_acc,valid_acc,test_acc
0.9583055973052979,0.9529465436935425,0.9232101440429688
