train_acc,valid_acc,test_acc
0.9436458945274353,0.9396985173225403,0.9136835932731628
