train_acc,valid_acc,test_acc
0.9592193961143494,0.9524897336959839,0.9260969758033752
