train_acc,valid_acc,test_acc
0.8736792206764221,0.8711740374565125,0.8308314085006714
