train_acc,valid_acc,test_acc
0.9379343390464783,0.9323891997337341,0.9058891534805298
