train_acc,valid_acc,test_acc
0.9215801954269409,0.9145728349685669,0.8862586617469788
