train_acc,valid_acc,test_acc
0.9406949281692505,0.9310187101364136,0.9148383140563965
