train_acc,valid_acc,test_acc
0.9309090971946716,0.9177706837654114,0.8856812715530396
