train_acc,valid_acc,test_acc
0.9341647028923035,0.9269072413444519,0.9030023217201233
