train_acc,valid_acc,test_acc
0.932870090007782,0.9250799417495728,0.9018476009368896
