train_acc,valid_acc,test_acc
0.929157555103302,0.921882152557373,0.8799076080322266
