train_acc,valid_acc,test_acc
0.8952879309654236,0.8921881914138794,0.863452672958374
