train_acc,valid_acc,test_acc
0.9630271196365356,0.9488350749015808,0.9243649244308472
