train_acc,valid_acc,test_acc
0.912689208984375,0.9122887253761292,0.8698036670684814
