train_acc,valid_acc,test_acc
0.9375535249710083,0.9323891997337341,0.9015588760375977
