train_acc,valid_acc,test_acc
0.9444645643234253,0.9383280277252197,0.9113741517066956
