train_acc,valid_acc,test_acc
0.8794097900390625,0.8761991858482361,0.8112009167671204
