train_acc,valid_acc,test_acc
0.944883406162262,0.9269072413444519,0.900404155254364
