train_acc,valid_acc,test_acc
0.9567824602127075,0.9488350749015808,0.9214780330657959
