train_acc,valid_acc,test_acc
0.9091480374336243,0.8990406394004822,0.8700923919677734
