train_acc,valid_acc,test_acc
0.9440076351165771,0.9246231317520142,0.9151270389556885
