train_acc,valid_acc,test_acc
0.85563063621521,0.8592965006828308,0.8175519704818726
