train_acc,valid_acc,test_acc
0.9459876418113708,0.9465509653091431,0.9139722585678101
