train_acc,valid_acc,test_acc
0.9450737833976746,0.9355870485305786,0.9203233122825623
