train_acc,valid_acc,test_acc
0.9167824983596802,0.9090909361839294,0.8900115489959717
