train_acc,valid_acc,test_acc
0.9091480374336243,0.9049794673919678,0.8813510537147522
