train_acc,valid_acc,test_acc
0.9078534245491028,0.9086340665817261,0.8859699964523315
