train_acc,valid_acc,test_acc
0.8334507346153259,0.8341708779335022,0.7947459816932678
