train_acc,valid_acc,test_acc
0.943550705909729,0.9314755797386169,0.9070438742637634
