train_acc,valid_acc,test_acc
0.9284911751747131,0.9278209209442139,0.8920323252677917
