train_acc,valid_acc,test_acc
0.9318038821220398,0.9090909361839294,0.9151270389556885
