train_acc,valid_acc,test_acc
0.9421228170394897,0.9333028793334961,0.9162817597389221
