train_acc,valid_acc,test_acc
0.9309471845626831,0.9150297045707703,0.8877021074295044
