train_acc,valid_acc,test_acc
0.930414080619812,0.9273641109466553,0.9073325395584106
