train_acc,valid_acc,test_acc
0.9454736113548279,0.9460940957069397,0.9110854268074036
