train_acc,valid_acc,test_acc
0.920989990234375,0.9191411733627319,0.8986720442771912
