train_acc,valid_acc,test_acc
0.8922608494758606,0.8871631026268005,0.8524826765060425
