train_acc,valid_acc,test_acc
0.9594669342041016,0.9479214549064636,0.9260969758033752
