train_acc,valid_acc,test_acc
0.9262256026268005,0.9177706837654114,0.8908776044845581
