train_acc,valid_acc,test_acc
0.9296334981918335,0.9132024049758911,0.8978059887886047
