train_acc,valid_acc,test_acc
0.9306425452232361,0.9310187101364136,0.8957852125167847
