train_acc,valid_acc,test_acc
0.9128224849700928,0.8953860402107239,0.880773663520813
