train_acc,valid_acc,test_acc
0.9503855109214783,0.9424394965171814,0.9145496487617493
