train_acc,valid_acc,test_acc
0.9456449151039124,0.929648220539093,0.9194572567939758
