train_acc,valid_acc,test_acc
0.9521751403808594,0.9406121373176575,0.918013870716095
