train_acc,valid_acc,test_acc
0.9212184548377991,0.9086340665817261,0.8917436599731445
