train_acc,valid_acc,test_acc
0.9190290570259094,0.9141160249710083,0.8778868317604065
