train_acc,valid_acc,test_acc
0.9293098449707031,0.921882152557373,0.8943418264389038
