train_acc,valid_acc,test_acc
0.9355925917625427,0.9200547933578491,0.9056004881858826
