train_acc,valid_acc,test_acc
0.9561923146247864,0.9511192440986633,0.9171478152275085
