train_acc,valid_acc,test_acc
0.9227606058120728,0.921882152557373,0.9044457077980042
