train_acc,valid_acc,test_acc
0.9382960200309753,0.9392416477203369,0.9050230979919434
