train_acc,valid_acc,test_acc
0.9355735182762146,0.9269072413444519,0.8903002142906189
