train_acc,valid_acc,test_acc
0.9533936381340027,0.943809986114502,0.9304272532463074
