train_acc,valid_acc,test_acc
0.943988561630249,0.9401553273200989,0.9154157042503357
