train_acc,valid_acc,test_acc
0.935173749923706,0.91822749376297,0.8972286581993103
