train_acc,valid_acc,test_acc
0.9399714469909668,0.9314755797386169,0.9058891534805298
