train_acc,valid_acc,test_acc
0.9578295946121216,0.9378711581230164,0.9194572567939758
