train_acc,valid_acc,test_acc
0.9410756826400757,0.9401553273200989,0.9056004881858826
