train_acc,valid_acc,test_acc
0.9316135048866272,0.9255367517471313,0.9027135968208313
