train_acc,valid_acc,test_acc
0.9412850737571716,0.930561900138855,0.9056004881858826
