train_acc,valid_acc,test_acc
0.9200190305709839,0.9113750457763672,0.892320990562439
