train_acc,valid_acc,test_acc
0.9263778924942017,0.9154865145683289,0.8917436599731445
