train_acc,valid_acc,test_acc
0.9398571848869324,0.9323891997337341,0.9131062626838684
