train_acc,valid_acc,test_acc
0.953488826751709,0.9524897336959839,0.917725145816803
