train_acc,valid_acc,test_acc
0.9180580973625183,0.9223389625549316,0.8862586617469788
