train_acc,valid_acc,test_acc
0.9639980792999268,0.9588853120803833,0.9266743659973145
