train_acc,valid_acc,test_acc
0.9344311952590942,0.9227957725524902,0.8992494344711304
