train_acc,valid_acc,test_acc
0.948957622051239,0.9392416477203369,0.9067552089691162
