train_acc,valid_acc,test_acc
0.9443312883377075,0.9337596893310547,0.9044457077980042
