train_acc,valid_acc,test_acc
0.9222465753555298,0.9150297045707703,0.888568103313446
