train_acc,valid_acc,test_acc
0.9493955373764038,0.94289630651474,0.9113741517066956
