train_acc,valid_acc,test_acc
0.9549928307533264,0.9474645853042603,0.9185912013053894
