train_acc,valid_acc,test_acc
0.9358210563659668,0.9209684729576111,0.9050230979919434
