train_acc,valid_acc,test_acc
0.9113374352455139,0.8985838294029236,0.888856828212738
