train_acc,valid_acc,test_acc
0.6698334217071533,0.680219292640686,0.5814087986946106
