train_acc,valid_acc,test_acc
0.936639666557312,0.9278209209442139,0.8903002142906189
