train_acc,valid_acc,test_acc
0.8827415704727173,0.8803106546401978,0.8342956304550171
