train_acc,valid_acc,test_acc
0.937020480632782,0.9310187101364136,0.8975173234939575
