train_acc,valid_acc,test_acc
0.7142122983932495,0.7062585949897766,0.5912240147590637
