train_acc,valid_acc,test_acc
0.9334602355957031,0.9264504313468933,0.9044457077980042
