train_acc,valid_acc,test_acc
0.9617134928703308,0.9511192440986633,0.925808310508728
