train_acc,valid_acc,test_acc
0.8928890824317932,0.8821379542350769,0.8533487319946289
