train_acc,valid_acc,test_acc
0.9000856876373291,0.8990406394004822,0.8571016192436218
