train_acc,valid_acc,test_acc
0.9468443393707275,0.9360438585281372,0.912240207195282
