train_acc,valid_acc,test_acc
0.9561542272567749,0.9502055644989014,0.9145496487617493
