train_acc,valid_acc,test_acc
0.8860732913017273,0.8821379542350769,0.8542147874832153
