train_acc,valid_acc,test_acc
0.9106711149215698,0.9081772565841675,0.8712471127510071
