train_acc,valid_acc,test_acc
0.9571822881698608,0.9442667961120605,0.9183025360107422
