train_acc,valid_acc,test_acc
0.9386006593704224,0.9278209209442139,0.9110854268074036
