train_acc,valid_acc,test_acc
0.923674464225769,0.9259936213493347,0.8877021074295044
