train_acc,valid_acc,test_acc
0.9251023530960083,0.9264504313468933,0.8931870460510254
