train_acc,valid_acc,test_acc
0.9292717576026917,0.9145728349685669,0.8957852125167847
