train_acc,valid_acc,test_acc
0.9320704340934753,0.9259936213493347,0.8943418264389038
