train_acc,valid_acc,test_acc
0.9418181777000427,0.9415258169174194,0.9064664840698242
