train_acc,valid_acc,test_acc
0.9035887718200684,0.9031521081924438,0.8819283843040466
