train_acc,valid_acc,test_acc
0.931670606136322,0.9314755797386169,0.9079099297523499
