train_acc,valid_acc,test_acc
0.9563636183738708,0.9524897336959839,0.9110854268074036
