train_acc,valid_acc,test_acc
0.9441218376159668,0.9396985173225403,0.9038683772087097
