train_acc,valid_acc,test_acc
0.9455687999725342,0.930561900138855,0.917725145816803
