train_acc,valid_acc,test_acc
0.9593717455863953,0.9556875228881836,0.9229214787483215
