train_acc,valid_acc,test_acc
0.921066164970398,0.9177706837654114,0.8770207762718201
