train_acc,valid_acc,test_acc
0.9370014071464539,0.9246231317520142,0.9012702107429504
