train_acc,valid_acc,test_acc
0.910233199596405,0.9036089777946472,0.886547327041626
