train_acc,valid_acc,test_acc
0.9552784562110901,0.9456372857093811,0.9185912013053894
