train_acc,valid_acc,test_acc
0.8738315105438232,0.8784833550453186,0.8420900702476501
