train_acc,valid_acc,test_acc
0.9465397596359253,0.9351301789283752,0.9099307060241699
