train_acc,valid_acc,test_acc
0.9342979788780212,0.9273641109466553,0.8851039409637451
