train_acc,valid_acc,test_acc
0.9473012685775757,0.9333028793334961,0.9139722585678101
