train_acc,valid_acc,test_acc
0.9353450536727905,0.9387848377227783,0.9102193713188171
