train_acc,valid_acc,test_acc
0.9521180391311646,0.9534033536911011,0.9188799262046814
