train_acc,valid_acc,test_acc
0.9115849733352661,0.9045225977897644,0.8732678890228271
