train_acc,valid_acc,test_acc
0.9406949281692505,0.9209684729576111,0.9076212644577026
