train_acc,valid_acc,test_acc
0.9592384696006775,0.9451804757118225,0.9191685914993286
