train_acc,valid_acc,test_acc
0.9056639671325684,0.8962996602058411,0.8718245029449463
