train_acc,valid_acc,test_acc
0.9089576601982117,0.9132024049758911,0.8842378854751587
