train_acc,valid_acc,test_acc
0.9178867340087891,0.9031521081924438,0.8773094415664673
