train_acc,valid_acc,test_acc
0.9406187534332275,0.9319323897361755,0.9110854268074036
