train_acc,valid_acc,test_acc
0.9433793425559998,0.9273641109466553,0.9206120371818542
