train_acc,valid_acc,test_acc
0.9342789053916931,0.9237094521522522,0.8986720442771912
