train_acc,valid_acc,test_acc
0.9227796196937561,0.9269072413444519,0.8825057744979858
