train_acc,valid_acc,test_acc
0.9086340069770813,0.8999543190002441,0.8833718299865723
