train_acc,valid_acc,test_acc
0.9518895745277405,0.9323891997337341,0.9107967615127563
