train_acc,valid_acc,test_acc
0.8897667527198792,0.8812242746353149,0.8412240147590637
