train_acc,valid_acc,test_acc
0.9275583028793335,0.9214252829551697,0.8891454935073853
