train_acc,valid_acc,test_acc
0.9441218376159668,0.9337596893310547,0.9093533754348755
