train_acc,valid_acc,test_acc
0.9316135048866272,0.9259936213493347,0.9009815454483032
