train_acc,valid_acc,test_acc
0.9536601901054382,0.9383280277252197,0.9185912013053894
