train_acc,valid_acc,test_acc
0.9147073030471802,0.9132024049758911,0.8911662697792053
