train_acc,valid_acc,test_acc
0.9425606727600098,0.9378711581230164,0.9096420407295227
