train_acc,valid_acc,test_acc
0.9283769726753235,0.9223389625549316,0.894630491733551
