train_acc,valid_acc,test_acc
0.9618086814880371,0.9447236061096191,0.9240761995315552
