train_acc,valid_acc,test_acc
0.9454926252365112,0.9319323897361755,0.9105080962181091
