train_acc,valid_acc,test_acc
0.9432079792022705,0.9383280277252197,0.9110854268074036
