train_acc,valid_acc,test_acc
0.9322608113288879,0.9259936213493347,0.9090646505355835
