train_acc,valid_acc,test_acc
0.9431508779525757,0.9250799417495728,0.9027135968208313
