train_acc,valid_acc,test_acc
0.9413041472434998,0.9319323897361755,0.9084873199462891
