train_acc,valid_acc,test_acc
0.9057401418685913,0.8967565298080444,0.8490184545516968
