train_acc,valid_acc,test_acc
0.937020480632782,0.9264504313468933,0.9050230979919434
