train_acc,valid_acc,test_acc
0.9032841324806213,0.8976701498031616,0.8741339445114136
