train_acc,valid_acc,test_acc
0.947624921798706,0.943809986114502,0.9096420407295227
