train_acc,valid_acc,test_acc
0.9356687068939209,0.9246231317520142,0.9032909870147705
