train_acc,valid_acc,test_acc
0.9184959530830383,0.9049794673919678,0.8700923919677734
