train_acc,valid_acc,test_acc
0.9442741274833679,0.9319323897361755,0.9067552089691162
