train_acc,valid_acc,test_acc
0.9480628371238708,0.9406121373176575,0.9107967615127563
