train_acc,valid_acc,test_acc
0.9300142526626587,0.9159433245658875,0.9053117632865906
