train_acc,valid_acc,test_acc
0.9373250603675842,0.9227957725524902,0.9047344326972961
