train_acc,valid_acc,test_acc
0.9135268926620483,0.9154865145683289,0.8724018335342407
