train_acc,valid_acc,test_acc
0.9453974366188049,0.9314755797386169,0.918013870716095
