train_acc,valid_acc,test_acc
0.9136220812797546,0.9086340665817261,0.8781754970550537
