train_acc,valid_acc,test_acc
0.917658269405365,0.8940155506134033,0.8825057744979858
