train_acc,valid_acc,test_acc
0.9588005542755127,0.9415258169174194,0.9197459816932678
