train_acc,valid_acc,test_acc
0.9010756611824036,0.8912745714187622,0.8752886652946472
