train_acc,valid_acc,test_acc
0.9370965957641602,0.9310187101364136,0.888568103313446
