train_acc,valid_acc,test_acc
0.9515659213066101,0.9442667961120605,0.9223440885543823
