train_acc,valid_acc,test_acc
0.9304521679878235,0.9241662621498108,0.898383378982544
