train_acc,valid_acc,test_acc
0.9466920495033264,0.9392416477203369,0.9073325395584106
