train_acc,valid_acc,test_acc
0.9460066556930542,0.9396985173225403,0.917725145816803
