train_acc,valid_acc,test_acc
0.9386387467384338,0.9346733689308167,0.8989607095718384
