train_acc,valid_acc,test_acc
0.9386197328567505,0.9278209209442139,0.9125288724899292
