train_acc,valid_acc,test_acc
0.9358781576156616,0.9264504313468933,0.898383378982544
