train_acc,valid_acc,test_acc
0.8784007430076599,0.872544527053833,0.8400692939758301
