train_acc,valid_acc,test_acc
0.9082151651382446,0.8931018710136414,0.8536373972892761
