train_acc,valid_acc,test_acc
0.9631603956222534,0.9483782649040222,0.9263857007026672
