train_acc,valid_acc,test_acc
0.9197524785995483,0.917313814163208,0.8773094415664673
