train_acc,valid_acc,test_acc
0.9360495209693909,0.9200547933578491,0.9084873199462891
