train_acc,valid_acc,test_acc
0.9286625385284424,0.9250799417495728,0.886836051940918
