train_acc,valid_acc,test_acc
0.935383141040802,0.9209684729576111,0.9113741517066956
