train_acc,valid_acc,test_acc
0.8499000668525696,0.848789393901825,0.7909930944442749
