train_acc,valid_acc,test_acc
0.912898600101471,0.91046142578125,0.8882794380187988
