train_acc,valid_acc,test_acc
0.9357638955116272,0.9333028793334961,0.8972286581993103
