train_acc,valid_acc,test_acc
0.9494145512580872,0.9351301789283752,0.9269630312919617
