train_acc,valid_acc,test_acc
0.9175059199333191,0.9077204465866089,0.875
