train_acc,valid_acc,test_acc
0.9166492223739624,0.9040657877922058,0.8709584474563599
