train_acc,valid_acc,test_acc
0.9358591437339783,0.9186843037605286,0.9125288724899292
