train_acc,valid_acc,test_acc
0.9501951336860657,0.9355870485305786,0.9157043695449829
