train_acc,valid_acc,test_acc
0.8757734298706055,0.8793969750404358,0.8487297892570496
