train_acc,valid_acc,test_acc
0.8811804056167603,0.8844221234321594,0.849595844745636
