train_acc,valid_acc,test_acc
0.9415135383605957,0.929648220539093,0.9058891534805298
