train_acc,valid_acc,test_acc
0.9322988986968994,0.9291914105415344,0.9058891534805298
