train_acc,valid_acc,test_acc
0.9526320695877075,0.9502055644989014,0.9157043695449829
