train_acc,valid_acc,test_acc
0.9466158747673035,0.9433531165122986,0.9044457077980042
