train_acc,valid_acc,test_acc
0.9287006258964539,0.9195979833602905,0.8856812715530396
