train_acc,valid_acc,test_acc
0.955259382724762,0.94289630651474,0.918013870716095
