train_acc,valid_acc,test_acc
0.9256924986839294,0.9205116629600525,0.8787528872489929
