train_acc,valid_acc,test_acc
0.9181151986122131,0.9159433245658875,0.8859699964523315
