train_acc,valid_acc,test_acc
0.9386768341064453,0.9387848377227783,0.9047344326972961
