train_acc,valid_acc,test_acc
0.8728795647621155,0.8656920790672302,0.8256350755691528
