train_acc,valid_acc,test_acc
0.9469015002250671,0.9314755797386169,0.9203233122825623
