train_acc,valid_acc,test_acc
0.9467301368713379,0.9319323897361755,0.9050230979919434
