train_acc,valid_acc,test_acc
0.9227225184440613,0.9068067669868469,0.8853926062583923
