train_acc,valid_acc,test_acc
0.9375535249710083,0.9333028793334961,0.9035796523094177
