train_acc,valid_acc,test_acc
0.9231984615325928,0.9278209209442139,0.8816397190093994
