train_acc,valid_acc,test_acc
0.9049976468086243,0.9017816185951233,0.8767321109771729
