train_acc,valid_acc,test_acc
0.9520609378814697,0.9387848377227783,0.9191685914993286
