train_acc,valid_acc,test_acc
0.9347168207168579,0.929648220539093,0.9093533754348755
