train_acc,valid_acc,test_acc
0.9388291239738464,0.930561900138855,0.9093533754348755
