train_acc,valid_acc,test_acc
0.9236363768577576,0.9122887253761292,0.8744226098060608
