train_acc,valid_acc,test_acc
0.9157543778419495,0.91046142578125,0.8738452792167664
