train_acc,valid_acc,test_acc
0.9365635514259338,0.9287346005439758,0.9099307060241699
