train_acc,valid_acc,test_acc
0.9603236317634583,0.943809986114502,0.9240761995315552
