train_acc,valid_acc,test_acc
0.9421037435531616,0.9328460693359375,0.9099307060241699
