train_acc,valid_acc,test_acc
0.954669177532196,0.943809986114502,0.9301385879516602
