train_acc,valid_acc,test_acc
0.9407139420509338,0.9351301789283752,0.9073325395584106
