train_acc,valid_acc,test_acc
0.9448262453079224,0.9351301789283752,0.9168591499328613
