train_acc,valid_acc,test_acc
0.9460447430610657,0.94289630651474,0.9116628170013428
