train_acc,valid_acc,test_acc
0.9437410831451416,0.9337596893310547,0.9073325395584106
