train_acc,valid_acc,test_acc
0.9320323467254639,0.9164001941680908,0.8905889391899109
