train_acc,valid_acc,test_acc
0.9478914737701416,0.9351301789283752,0.9171478152275085
