train_acc,valid_acc,test_acc
0.9309661984443665,0.9214252829551697,0.9093533754348755
