train_acc,valid_acc,test_acc
0.9578676819801331,0.9497487545013428,0.9217667579650879
