train_acc,valid_acc,test_acc
0.9342408180236816,0.9360438585281372,0.9056004881858826
