train_acc,valid_acc,test_acc
0.946958601474762,0.9406121373176575,0.917725145816803
