train_acc,valid_acc,test_acc,train_loss,valid_loss,train_aug_loss
0.993596613407135,0.9667761921882629,0.9578521847724915,[2.0865 1.0576 0.4151 0.5380 0.4365 0.4032 0.4288 0.1920 0.3827 0.2815 0.4699 0.1030 0.2600 0.1484 0.1264 0.1805 0.0814 0.2001 0.1067 0.2068 0.0742 0.2475 0.2955 0.2292 0.0933 0.2398 0.2644 0.0759 0.1297 0.0630 0.1094 0.1748 0.0623 0.0780 0.0820 0.2269 0.0606 0.2092 0.0670 0.0524 0.0897 0.0714 0.2721 0.1259 0.0730 0.0605 0.0944 0.1114 0.1095 0.0734 0.0584 0.1421 0.0404 0.0496 0.0484 0.0372 0.1219 0.0840 0.1018 0.0499 0.0554 0.0430 0.0426 0.1601 0.1707 0.0652 0.0888 0.0409 0.1850 0.0558 0.0361 0.0649 0.0638 0.0372 0.0641 0.0769 0.0582 0.0474 0.0511 0.0451 0.0550 0.1566 0.0368 0.0449 0.0430 0.1189 0.0212 0.0469 0.0371 0.0481 0.0523 0.0230 0.0355 0.0481 0.0482 0.0273 0.0424 0.0391 0.0628 0.0877],[2.1155 1.2212 0.5362 0.7194 0.5764 0.4670 0.5086 0.2798 0.5080 0.3851 0.5424 0.1639 0.3976 0.2281 0.1970 0.2782 0.1514 0.3041 0.1861 0.3274 0.1371 0.4123 0.4169 0.3402 0.1866 0.3516 0.4012 0.1490 0.2289 0.1388 0.2053 0.3234 0.1369 0.1669 0.1797 0.3564 0.1393 0.3722 0.1591 0.1470 0.1971 0.1776 0.3890 0.2542 0.1862 0.1620 0.2101 0.2442 0.2302 0.1893 0.1715 0.2652 0.1209 0.1540 0.1422 0.1261 0.2598 0.1966 0.2380 0.1618 0.1572 0.1495 0.1482 0.3316 0.3500 0.1980 0.1991 0.1388 0.3342 0.1733 0.1251 0.1905 0.2055 0.1433 0.2111 0.2092 0.1876 0.1551 0.1704 0.1530 0.1891 0.3381 0.1502 0.1620 0.1688 0.2903 0.1196 0.1735 0.1514 0.1842 0.1735 0.1049 0.1404 0.1823 0.1825 0.1349 0.1824 0.1625 0.1985 0.2613],[1.8757 0.8852 0.4131 0.3269 0.2900 0.2607 0.2480 0.2337 0.2235 0.2154 0.2070 0.1979 0.1915 0.1884 0.1810 0.1780 0.1729 0.1693 0.1629 0.1632 0.1576 0.1542 0.1489 0.1494 0.1457 0.1428 0.1404 0.1376 0.1351 0.1347 0.1295 0.1303 0.1275 0.1268 0.1246 0.1240 0.1209 0.1229 0.1176 0.1190 0.1167 0.1139 0.1127 0.1122 0.1113 0.1097 0.1070 0.1087 0.1056 0.1071 0.1047 0.1023 0.1049 0.1015 0.1012 0.1008 0.0998 0.0985 0.0981 0.0962 0.0950 0.0957 0.0948 0.0915 0.0945 0.0919 0.0908 0.0910 0.0897 0.0895 0.0900 0.0896 0.0866 0.0862 0.0850 0.0866 0.0871 0.0848 0.0848 0.0859 0.0806 0.0829 0.0825 0.0807 0.0795 0.0822 0.0786 0.0793 0.0791 0.0767 0.0758 0.0774 0.0788 0.0772 0.0751 0.0776 0.0750 0.0760 0.0736 0.0747]
