train_acc,valid_acc,test_acc,train_loss,valid_loss,train_aug_loss
0.9851254224777222,0.9609346389770508,0.9474595785140991,[2.2134 0.6893 0.2507 0.2420 0.1580 0.1660 0.1200 0.1284 0.1060 0.1274 0.1184 0.0943 0.0872 0.1190 0.0756 0.0731 0.0682 0.0567 0.0573 0.0567 0.0476 0.0434 0.0583 0.0621 0.0433 0.0378 0.0398 0.0395 0.0310 0.0329 0.0389 0.0377 0.0343 0.0286 0.0339 0.0230 0.0412 0.0219 0.0329 0.0244 0.0225 0.0354 0.0180 0.0263 0.0212 0.0140 0.0181 0.0153 0.0143 0.0132 0.0133 0.0115 0.0129 0.0120 0.0145 0.0102 0.0100 0.0139 0.0098 0.0089 0.0139 0.0168 0.0106 0.0089 0.0104 0.0055 0.0065 0.0110 0.0198 0.0093 0.0071 0.0077 0.0169 0.0064 0.0106 0.0105 0.0044 0.0053 0.0048 0.0038 0.0047 0.0055 0.0039 0.0061 0.0037 0.0076 0.0037 0.0071 0.0034 0.0033 0.0029 0.0077 0.0036 0.0034 0.0048 0.0029 0.0029 0.0174 0.0031 0.0031],[2.1701 0.7316 0.2845 0.3141 0.2127 0.2356 0.1921 0.2110 0.1846 0.1985 0.2033 0.1661 0.1682 0.2320 0.1477 0.1596 0.1592 0.1437 0.1553 0.1605 0.1481 0.1318 0.1506 0.1672 0.1328 0.1479 0.1444 0.1781 0.1386 0.1474 0.1531 0.1699 0.1600 0.1521 0.1708 0.1343 0.1708 0.1415 0.1600 0.1412 0.1397 0.2019 0.1335 0.1859 0.1578 0.1410 0.1539 0.1402 0.1443 0.1615 0.1450 0.1331 0.1692 0.1571 0.1453 0.1683 0.1565 0.1734 0.1649 0.1454 0.1777 0.2045 0.1655 0.1586 0.1831 0.1514 0.1496 0.1826 0.2389 0.1856 0.1507 0.1557 0.2075 0.1401 0.1870 0.2072 0.1692 0.1937 0.1763 0.1966 0.1880 0.1804 0.1726 0.1665 0.1779 0.2320 0.1702 0.1933 0.1678 0.1934 0.1624 0.2085 0.1845 0.1988 0.1977 0.1951 0.1660 0.2668 0.1705 0.1863],[1.9848 0.9585 0.3897 0.2977 0.2497 0.2216 0.1993 0.1846 0.1718 0.1574 0.1492 0.1379 0.1338 0.1287 0.1201 0.1162 0.1118 0.1061 0.1038 0.0969 0.0946 0.0935 0.0894 0.0883 0.0835 0.0805 0.0796 0.0752 0.0748 0.0720 0.0682 0.0689 0.0659 0.0641 0.0634 0.0625 0.0580 0.0569 0.0577 0.0554 0.0529 0.0536 0.0514 0.0510 0.0489 0.0494 0.0479 0.0470 0.0447 0.0454 0.0435 0.0436 0.0421 0.0417 0.0397 0.0390 0.0413 0.0387 0.0376 0.0386 0.0366 0.0364 0.0350 0.0353 0.0340 0.0347 0.0331 0.0326 0.0337 0.0313 0.0310 0.0308 0.0306 0.0302 0.0287 0.0288 0.0297 0.0295 0.0276 0.0266 0.0278 0.0263 0.0269 0.0264 0.0259 0.0244 0.0259 0.0253 0.0242 0.0237 0.0244 0.0229 0.0240 0.0236 0.0213 0.0222 0.0229 0.0214 0.0214 0.0221]
