train_acc,valid_acc,test_acc,train_loss,valid_loss,train_aug_loss
0.9945887923240662,0.9791894555091858,0.9500577449798584,[2.1191 1.1419 0.2628 0.2492 0.1677 0.1794 0.1573 0.1900 0.1393 0.1455 0.1949 0.1270 0.0940 0.0875 0.1137 0.0838 0.1016 0.0792 0.0802 0.1013 0.0640 0.0822 0.0977 0.0949 0.0623 0.0755 0.0762 0.0788 0.0759 0.0720 0.0594 0.0571 0.0579 0.0840 0.0565 0.0662 0.0584 0.0473 0.0481 0.0547 0.0463 0.0450 0.0372 0.0714 0.0372 0.0527 0.0513 0.0444 0.0379 0.0760 0.0547 0.0316 0.0417 0.0474 0.0782 0.0462 0.0470 0.0406 0.0349 0.0464 0.0504 0.0387 0.0492 0.1085 0.0261 0.0416 0.0468 0.0600 0.0251 0.0336 0.0300 0.0256 0.0262 0.0318 0.0334 0.0378 0.0439 0.0323 0.0236 0.0171 0.0266 0.0283 0.0440 0.0365 0.0158 0.0243 0.0180 0.0183 0.0168 0.0657 0.0215 0.0231 0.0265 0.0140 0.0137 0.0141 0.0564 0.0239 0.0170 0.0256],[2.0820 1.2361 0.2644 0.2321 0.1660 0.1610 0.1661 0.1892 0.1511 0.1479 0.2146 0.1308 0.1223 0.1108 0.1509 0.0934 0.1344 0.1092 0.1153 0.1264 0.0973 0.1310 0.1495 0.1399 0.1000 0.1288 0.1284 0.1360 0.1215 0.1258 0.1015 0.0863 0.1104 0.1567 0.0912 0.1156 0.1224 0.0941 0.1047 0.1073 0.0930 0.0960 0.0917 0.1383 0.0819 0.1128 0.1236 0.1109 0.0873 0.1465 0.1414 0.0819 0.1060 0.1090 0.1597 0.1346 0.1140 0.0866 0.1082 0.1273 0.1335 0.1130 0.1384 0.1961 0.0921 0.1302 0.1296 0.1681 0.0959 0.1171 0.0952 0.0941 0.0968 0.1294 0.1249 0.1257 0.1380 0.1209 0.0973 0.0821 0.1101 0.1134 0.1504 0.1382 0.0772 0.1083 0.0953 0.0986 0.0858 0.1986 0.1233 0.1110 0.1410 0.0928 0.0941 0.0949 0.1768 0.1182 0.1018 0.1344],[2.0130 1.5441 0.5637 0.3657 0.3121 0.2790 0.2549 0.2409 0.2256 0.2141 0.2049 0.1964 0.1896 0.1811 0.1788 0.1714 0.1626 0.1605 0.1551 0.1532 0.1485 0.1442 0.1435 0.1383 0.1358 0.1320 0.1303 0.1291 0.1261 0.1199 0.1214 0.1186 0.1175 0.1150 0.1119 0.1103 0.1082 0.1089 0.1063 0.1033 0.1038 0.1017 0.0987 0.0984 0.0966 0.0954 0.0942 0.0927 0.0910 0.0903 0.0902 0.0871 0.0891 0.0873 0.0870 0.0851 0.0821 0.0808 0.0818 0.0809 0.0813 0.0802 0.0806 0.0786 0.0772 0.0751 0.0761 0.0743 0.0728 0.0713 0.0706 0.0707 0.0720 0.0689 0.0695 0.0709 0.0681 0.0669 0.0672 0.0660 0.0671 0.0648 0.0647 0.0623 0.0620 0.0630 0.0597 0.0607 0.0601 0.0608 0.0606 0.0574 0.0581 0.0572 0.0571 0.0582 0.0581 0.0555 0.0571 0.0561]
