train_acc,valid_acc,test_acc,train_loss,valid_loss,train_aug_loss
0.9911035895347595,0.9682365655899048,0.9471709132194519,[2.0919 2.1937 1.2322 0.4679 0.5503 0.3016 0.3348 0.4173 0.2587 0.2834 0.2568 0.1422 0.2400 0.1313 0.1954 0.1559 0.2420 0.1062 0.1053 0.1410 0.0938 0.1003 0.1042 0.1765 0.0994 0.0781 0.1100 0.1000 0.0801 0.0737 0.0839 0.1381 0.0853 0.0829 0.0611 0.0681 0.0805 0.0560 0.0577 0.0632 0.0751 0.0504 0.0526 0.0490 0.0549 0.0661 0.0875 0.0509 0.0547 0.0470 0.0476 0.0432 0.0901 0.0423 0.0718 0.0566 0.0436 0.0386 0.0371 0.0366 0.0613 0.0374 0.0407 0.0435 0.0388 0.0338 0.0295 0.0467 0.0472 0.0341 0.0516 0.0429 0.0269 0.0741 0.0287 0.0475 0.0287 0.0402 0.0865 0.0538 0.0264 0.0383 0.0235 0.0368 0.0303 0.0264 0.0439 0.0256 0.0232 0.0225 0.0406 0.0207 0.0233 0.0883 0.0222 0.0207 0.0223 0.0262 0.0259 0.0245],[2.0806 2.2980 1.1299 0.4666 0.5686 0.3269 0.4015 0.4352 0.2831 0.3238 0.3059 0.1768 0.2834 0.1666 0.2686 0.1922 0.3164 0.1513 0.1449 0.1863 0.1471 0.1476 0.1637 0.2313 0.1594 0.1308 0.1720 0.1565 0.1300 0.1354 0.1353 0.2324 0.1565 0.1425 0.1173 0.1353 0.1439 0.1266 0.1194 0.1236 0.1436 0.1140 0.1153 0.1172 0.1262 0.1399 0.1780 0.1131 0.1200 0.1081 0.1139 0.1197 0.1853 0.1089 0.1621 0.1397 0.1134 0.1091 0.1123 0.1013 0.1391 0.1135 0.1185 0.1285 0.1061 0.1123 0.1019 0.1267 0.1315 0.1152 0.1383 0.1273 0.0962 0.1722 0.1030 0.1340 0.1108 0.1310 0.1936 0.1602 0.1051 0.1293 0.1086 0.1167 0.1180 0.1102 0.1432 0.1077 0.1155 0.1104 0.1369 0.1119 0.1160 0.2192 0.1134 0.1116 0.1200 0.1282 0.1232 0.1139],[2.0685 1.7830 1.1340 0.5394 0.4049 0.3449 0.3081 0.2850 0.2669 0.2478 0.2359 0.2222 0.2159 0.2085 0.2005 0.1931 0.1876 0.1848 0.1787 0.1718 0.1691 0.1628 0.1593 0.1558 0.1545 0.1491 0.1460 0.1442 0.1426 0.1379 0.1341 0.1336 0.1316 0.1302 0.1289 0.1252 0.1245 0.1190 0.1196 0.1167 0.1170 0.1155 0.1131 0.1107 0.1109 0.1090 0.1040 0.1057 0.1035 0.1026 0.0991 0.0996 0.0987 0.0977 0.0964 0.0967 0.0953 0.0940 0.0932 0.0925 0.0903 0.0884 0.0886 0.0865 0.0872 0.0851 0.0838 0.0840 0.0835 0.0825 0.0831 0.0803 0.0807 0.0777 0.0792 0.0775 0.0774 0.0767 0.0768 0.0753 0.0736 0.0737 0.0742 0.0729 0.0703 0.0710 0.0706 0.0694 0.0694 0.0686 0.0667 0.0669 0.0666 0.0656 0.0647 0.0661 0.0652 0.0645 0.0629 0.0628]
