train_acc,valid_acc,test_acc,train_loss,valid_loss,train_aug_loss
0.9897528886795044,0.9653158187866211,0.9451501369476318,[2.4505 2.1925 1.5590 0.6135 0.2443 0.7536 0.3831 0.5114 0.8334 0.2096 0.1900 0.2008 0.4883 0.2832 0.3060 0.3697 0.1351 0.3566 0.1670 0.1900 0.1665 0.2250 0.1505 0.2662 0.1272 0.1004 0.0742 0.1503 0.1439 0.2866 0.1644 0.2236 0.1148 0.0864 0.2448 0.0928 0.1156 0.1474 0.1938 0.1065 0.2463 0.1181 0.1269 0.1112 0.1377 0.1123 0.2182 0.2191 0.0923 0.1081 0.2205 0.0771 0.1032 0.0661 0.0769 0.0669 0.0647 0.0670 0.1658 0.0711 0.1082 0.0790 0.0605 0.0694 0.0535 0.0638 0.0375 0.0970 0.0641 0.0668 0.0613 0.0619 0.0315 0.0458 0.0600 0.0987 0.0440 0.0499 0.0773 0.0518 0.0634 0.0315 0.0732 0.0290 0.1427 0.0479 0.0807 0.0490 0.0666 0.0549 0.0443 0.0698 0.0319 0.0232 0.0227 0.0846 0.0392 0.0274 0.0642 0.0488],[2.4610 2.1214 1.4690 0.7484 0.2581 0.9852 0.4639 0.5522 0.7704 0.2717 0.2612 0.2527 0.4546 0.3294 0.3532 0.3725 0.1759 0.3663 0.2041 0.2580 0.2309 0.2688 0.2195 0.2884 0.1864 0.1481 0.1253 0.2119 0.1950 0.3230 0.2234 0.2563 0.1841 0.1692 0.3067 0.1540 0.1996 0.2207 0.2784 0.1833 0.2814 0.1891 0.2019 0.1911 0.1810 0.1906 0.2546 0.2852 0.1872 0.2036 0.2941 0.1515 0.1717 0.1638 0.1689 0.1545 0.1542 0.1390 0.2228 0.1612 0.2158 0.1829 0.1513 0.1658 0.1266 0.1520 0.1170 0.1950 0.1714 0.1880 0.1614 0.1702 0.1108 0.1352 0.1506 0.2068 0.1222 0.1600 0.1937 0.1503 0.1891 0.1158 0.1895 0.1190 0.2547 0.1606 0.1900 0.1606 0.2058 0.1689 0.1567 0.1953 0.1484 0.1241 0.1186 0.2244 0.1571 0.1337 0.2052 0.1870],[2.0657 1.8007 1.5860 0.7526 0.4500 0.3686 0.3239 0.2932 0.2699 0.2569 0.2401 0.2300 0.2230 0.2174 0.2029 0.1991 0.1928 0.1875 0.1822 0.1800 0.1731 0.1701 0.1660 0.1611 0.1564 0.1523 0.1509 0.1447 0.1450 0.1417 0.1383 0.1365 0.1330 0.1321 0.1291 0.1283 0.1275 0.1265 0.1242 0.1198 0.1167 0.1185 0.1172 0.1126 0.1093 0.1109 0.1090 0.1083 0.1050 0.1034 0.1026 0.1010 0.1026 0.1009 0.0975 0.0968 0.0955 0.0948 0.0954 0.0949 0.0926 0.0894 0.0905 0.0880 0.0883 0.0875 0.0855 0.0829 0.0832 0.0860 0.0810 0.0817 0.0825 0.0808 0.0803 0.0778 0.0793 0.0774 0.0757 0.0760 0.0744 0.0738 0.0744 0.0723 0.0720 0.0711 0.0717 0.0698 0.0695 0.0689 0.0696 0.0672 0.0686 0.0668 0.0662 0.0671 0.0664 0.0650 0.0647 0.0646]
