train_acc,valid_acc,test_acc,train_loss,valid_loss,train_aug_loss
0.9909201860427856,0.9675064086914062,0.9500577449798584,[3.6196 1.8905 0.3077 0.2927 0.2281 0.2592 0.2122 0.1351 0.1493 0.1094 0.1222 0.1153 0.1015 0.1074 0.1143 0.0856 0.0759 0.0864 0.0941 0.1403 0.0830 0.1031 0.0937 0.0652 0.0648 0.0642 0.0570 0.0576 0.0742 0.0836 0.0662 0.0601 0.0465 0.0735 0.0464 0.0495 0.0691 0.0449 0.0626 0.0377 0.1019 0.0407 0.0768 0.0382 0.0647 0.0489 0.0383 0.0871 0.0322 0.0331 0.0311 0.0612 0.0398 0.0381 0.0299 0.0370 0.0274 0.0284 0.0308 0.0275 0.0269 0.0315 0.0291 0.0381 0.0346 0.0229 0.0254 0.0248 0.0333 0.0300 0.0239 0.0229 0.0260 0.0369 0.0274 0.0187 0.0233 0.0203 0.0267 0.0176 0.0656 0.0287 0.0333 0.0201 0.0191 0.0179 0.0181 0.0293 0.0319 0.0357 0.0158 0.0171 0.0146 0.0145 0.0161 0.0151 0.0198 0.0157 0.0211 0.0124],[3.3581 1.7561 0.3517 0.3421 0.2692 0.2982 0.2699 0.1786 0.1933 0.1457 0.1701 0.1744 0.1553 0.1542 0.1917 0.1444 0.1288 0.1438 0.1554 0.2338 0.1380 0.1879 0.1751 0.1320 0.1331 0.1229 0.1294 0.1156 0.1593 0.1796 0.1535 0.1381 0.1123 0.1697 0.1189 0.1153 0.1663 0.1092 0.1688 0.1197 0.2297 0.1297 0.2090 0.1166 0.1778 0.1570 0.1313 0.2293 0.1167 0.1216 0.1153 0.1955 0.1419 0.1357 0.1186 0.1314 0.1172 0.1173 0.1374 0.1187 0.1071 0.1345 0.1317 0.1604 0.1473 0.1303 0.1157 0.1263 0.1587 0.1446 0.1196 0.1323 0.1408 0.1781 0.1389 0.1161 0.1396 0.1307 0.1593 0.1130 0.2247 0.1538 0.1585 0.1376 0.1435 0.1316 0.1255 0.1656 0.1716 0.1927 0.1361 0.1410 0.1244 0.1240 0.1369 0.1319 0.1287 0.1400 0.1530 0.1302],[2.0064 1.4081 0.5513 0.3892 0.3352 0.3007 0.2718 0.2573 0.2436 0.2309 0.2226 0.2148 0.2048 0.1964 0.1902 0.1847 0.1768 0.1754 0.1684 0.1648 0.1612 0.1532 0.1552 0.1504 0.1471 0.1433 0.1393 0.1391 0.1377 0.1352 0.1324 0.1297 0.1236 0.1261 0.1225 0.1223 0.1229 0.1178 0.1136 0.1138 0.1117 0.1076 0.1104 0.1069 0.1050 0.1044 0.1060 0.1018 0.1008 0.0990 0.1004 0.0986 0.0959 0.0953 0.0974 0.0941 0.0903 0.0905 0.0918 0.0879 0.0881 0.0886 0.0864 0.0851 0.0830 0.0820 0.0843 0.0825 0.0826 0.0818 0.0808 0.0793 0.0792 0.0783 0.0775 0.0758 0.0773 0.0749 0.0775 0.0741 0.0727 0.0748 0.0729 0.0711 0.0709 0.0724 0.0698 0.0683 0.0690 0.0676 0.0667 0.0661 0.0663 0.0674 0.0655 0.0647 0.0633 0.0646 0.0648 0.0648]
