train_acc,valid_acc,test_acc,train_loss,valid_loss,train_aug_loss
0.9906533360481262,0.9707922339439392,0.9520785212516785,[4.3043 3.1757 1.5642 1.5468 1.3179 0.8203 0.2400 0.3350 0.1763 0.3905 0.5148 0.4308 0.2157 0.1550 0.4040 0.2320 0.1421 0.1673 0.3261 0.2432 0.1059 0.2766 0.1501 0.1460 0.1217 0.0779 0.1126 0.1337 0.1627 0.2160 0.3831 0.1338 0.0556 0.2569 0.0904 0.0650 0.0743 0.0680 0.2436 0.0588 0.0876 0.0988 0.1181 0.2759 0.0627 0.0712 0.0852 0.1040 0.1052 0.0939 0.0711 0.1746 0.0708 0.4276 0.0478 0.0675 0.0409 0.0567 0.0441 0.0508 0.0380 0.0658 0.0974 0.0868 0.0314 0.0383 0.0785 0.0936 0.0467 0.0619 0.0606 0.1449 0.0222 0.0879 0.0721 0.1302 0.0221 0.0368 0.1910 0.0994 0.0694 0.0499 0.0481 0.0736 0.0313 0.0645 0.0569 0.0199 0.0854 0.0317 0.0667 0.0267 0.0858 0.0335 0.0372 0.0664 0.0378 0.0205 0.0342 0.0203],[4.1249 3.2544 1.5056 1.3905 1.1489 0.7099 0.2954 0.3620 0.2279 0.4356 0.4624 0.4717 0.2519 0.2036 0.4456 0.2605 0.1920 0.2210 0.3598 0.2766 0.1696 0.2862 0.1975 0.1962 0.1963 0.1313 0.1801 0.2060 0.2246 0.2630 0.3845 0.2043 0.1204 0.3187 0.1650 0.1583 0.1440 0.1652 0.3271 0.1487 0.1780 0.1863 0.2002 0.3316 0.1507 0.1636 0.1670 0.1928 0.2037 0.1931 0.1694 0.2597 0.1763 0.4663 0.1566 0.1971 0.1283 0.1637 0.1547 0.1608 0.1516 0.1930 0.2333 0.2280 0.1165 0.1448 0.2024 0.2192 0.1688 0.2212 0.1786 0.2523 0.1297 0.2252 0.2081 0.2561 0.1357 0.1536 0.2995 0.2663 0.2102 0.1737 0.1806 0.2020 0.1670 0.1948 0.2220 0.1363 0.2272 0.1602 0.2206 0.1506 0.2258 0.1676 0.1578 0.2183 0.1854 0.1623 0.1815 0.1688],[1.9938 1.4940 0.6083 0.3821 0.3203 0.2846 0.2648 0.2458 0.2302 0.2225 0.2109 0.2011 0.1916 0.1874 0.1788 0.1711 0.1728 0.1633 0.1598 0.1570 0.1557 0.1505 0.1457 0.1407 0.1401 0.1398 0.1327 0.1331 0.1275 0.1277 0.1223 0.1220 0.1195 0.1197 0.1182 0.1138 0.1130 0.1121 0.1078 0.1092 0.1066 0.1056 0.1031 0.1009 0.1005 0.0983 0.0982 0.0974 0.0953 0.0954 0.0936 0.0913 0.0907 0.0915 0.0898 0.0880 0.0882 0.0862 0.0840 0.0834 0.0828 0.0835 0.0806 0.0808 0.0797 0.0779 0.0784 0.0781 0.0773 0.0758 0.0770 0.0739 0.0710 0.0731 0.0723 0.0723 0.0713 0.0707 0.0689 0.0691 0.0691 0.0671 0.0656 0.0676 0.0633 0.0663 0.0645 0.0649 0.0647 0.0626 0.0646 0.0619 0.0608 0.0623 0.0611 0.0610 0.0606 0.0594 0.0588 0.0582]
