train_acc,valid_acc,test_acc,train_loss,valid_loss,train_aug_loss
0.9851003885269165,0.9634903073310852,0.9494803547859192,[3.3011 2.7831 1.1823 0.7371 0.4162 0.7599 1.6378 0.2861 0.3562 0.2463 0.2747 0.4128 0.7282 0.2674 0.7254 0.1265 0.3262 0.1493 0.4597 0.1116 0.2131 0.1034 0.1513 0.3671 0.3179 0.2032 0.2593 0.1535 0.8531 0.0979 0.0822 0.1301 0.1060 0.1464 0.1954 0.0745 0.0898 0.0739 0.1137 0.2335 0.1922 0.1520 0.2316 0.0452 0.0446 0.1193 0.1147 0.0983 0.1161 0.0557 0.0912 0.0688 0.1384 0.1132 0.0453 0.1279 0.0466 0.0424 0.3577 0.0322 0.0569 0.1085 0.0610 0.1742 0.0328 0.0563 0.0432 0.1120 0.1479 0.0640 0.1671 0.0411 0.0379 0.1128 0.0693 0.0835 0.0373 0.0276 0.0666 0.0452 0.0414 0.0470 0.0514 0.0758 0.0806 0.0373 0.0434 0.0209 0.0291 0.0656 0.0310 0.0203 0.1332 0.0507 0.1698 0.0720 0.0252 0.0259 0.0191 0.0350],[3.2281 2.8926 1.1699 0.7694 0.4593 0.7133 1.3976 0.3490 0.4017 0.3048 0.3576 0.4084 0.7373 0.3520 0.6622 0.1942 0.3714 0.2172 0.4715 0.1669 0.2750 0.1615 0.2190 0.4330 0.3762 0.2761 0.3524 0.2540 0.8101 0.1723 0.1513 0.2012 0.1912 0.2228 0.2870 0.1571 0.1727 0.1599 0.2087 0.2901 0.2703 0.2782 0.3317 0.1184 0.1243 0.2207 0.2165 0.1997 0.2352 0.1490 0.2154 0.1774 0.2214 0.2215 0.1263 0.2345 0.1444 0.1345 0.4737 0.1210 0.1796 0.2316 0.1793 0.3071 0.1299 0.1881 0.1562 0.2551 0.2717 0.1930 0.3440 0.1521 0.1475 0.2403 0.1991 0.2454 0.1507 0.1246 0.1910 0.1686 0.1631 0.1714 0.1857 0.2134 0.2175 0.1468 0.1846 0.1312 0.1507 0.2152 0.1548 0.1358 0.2883 0.1951 0.3609 0.2312 0.1562 0.1352 0.1333 0.1808],[1.9768 1.4209 0.5962 0.3775 0.3204 0.2842 0.2612 0.2453 0.2286 0.2186 0.2104 0.2020 0.1931 0.1884 0.1808 0.1766 0.1716 0.1696 0.1639 0.1603 0.1549 0.1486 0.1449 0.1478 0.1431 0.1387 0.1375 0.1307 0.1330 0.1287 0.1289 0.1237 0.1227 0.1194 0.1187 0.1154 0.1152 0.1138 0.1134 0.1098 0.1090 0.1087 0.1060 0.1058 0.1032 0.1006 0.1005 0.0987 0.0985 0.0993 0.0963 0.0950 0.0930 0.0939 0.0910 0.0930 0.0893 0.0894 0.0890 0.0858 0.0869 0.0861 0.0849 0.0813 0.0806 0.0821 0.0804 0.0782 0.0785 0.0784 0.0779 0.0766 0.0773 0.0756 0.0755 0.0763 0.0744 0.0735 0.0739 0.0727 0.0714 0.0711 0.0716 0.0675 0.0702 0.0700 0.0685 0.0663 0.0642 0.0648 0.0669 0.0644 0.0645 0.0651 0.0637 0.0644 0.0630 0.0605 0.0607 0.0614]
