train_acc,valid_acc,test_acc,train_loss,valid_loss,train_aug_loss
0.9835745692253113,0.9675064086914062,0.9439953565597534,[2.5681 0.7259 0.3127 0.2690 0.2164 0.2621 0.1960 0.2021 0.1532 0.1279 0.1169 0.1151 0.1263 0.2492 0.0870 0.0942 0.0977 0.1035 0.0934 0.0810 0.0758 0.0838 0.0922 0.0839 0.0639 0.0643 0.1089 0.0836 0.0982 0.1126 0.0565 0.0512 0.0581 0.0520 0.0636 0.0477 0.0549 0.0535 0.0531 0.0490 0.0467 0.0501 0.0517 0.0494 0.0460 0.0439 0.0496 0.0378 0.0384 0.0348 0.0761 0.0363 0.0346 0.0480 0.0330 0.0304 0.0290 0.0311 0.0273 0.0309 0.0279 0.0543 0.0291 0.0283 0.0237 0.0418 0.0235 0.0365 0.0358 0.0214 0.0313 0.0223 0.0283 0.0347 0.0317 0.0226 0.0450 0.0232 0.0174 0.0213 0.0204 0.0255 0.0306 0.0372 0.0487 0.0149 0.0180 0.0206 0.0441 0.0456 0.0236 0.0228 0.0194 0.0155 0.0191 0.0335 0.0305 0.0214 0.0184 0.0170],[2.4547 0.7984 0.3707 0.3045 0.2612 0.3159 0.2819 0.2645 0.2068 0.1877 0.1666 0.1704 0.1775 0.3518 0.1452 0.1440 0.1754 0.1623 0.1695 0.1475 0.1387 0.1609 0.1798 0.1648 0.1383 0.1298 0.2204 0.1739 0.1975 0.2162 0.1337 0.1235 0.1494 0.1291 0.1494 0.1168 0.1315 0.1552 0.1500 0.1299 0.1293 0.1550 0.1613 0.1542 0.1503 0.1433 0.1615 0.1262 0.1397 0.1271 0.2142 0.1210 0.1334 0.1734 0.1254 0.1287 0.1226 0.1317 0.1355 0.1341 0.1254 0.1822 0.1353 0.1335 0.1303 0.1810 0.1338 0.1669 0.1574 0.1275 0.1586 0.1307 0.1429 0.1773 0.1600 0.1360 0.2173 0.1317 0.1249 0.1483 0.1443 0.1676 0.1735 0.1964 0.2243 0.1248 0.1409 0.1564 0.2312 0.2307 0.1720 0.1375 0.1654 0.1485 0.1591 0.2125 0.2030 0.1857 0.1626 0.1543],[1.9919 1.2541 0.5210 0.3921 0.3403 0.3052 0.2829 0.2634 0.2486 0.2359 0.2286 0.2169 0.2065 0.1948 0.1937 0.1871 0.1816 0.1790 0.1709 0.1660 0.1637 0.1572 0.1548 0.1528 0.1494 0.1486 0.1430 0.1401 0.1391 0.1338 0.1328 0.1293 0.1312 0.1285 0.1255 0.1216 0.1193 0.1204 0.1153 0.1159 0.1111 0.1142 0.1121 0.1091 0.1090 0.1070 0.1055 0.1047 0.1014 0.0996 0.1013 0.0995 0.0983 0.0965 0.0968 0.0950 0.0940 0.0936 0.0882 0.0927 0.0903 0.0874 0.0879 0.0889 0.0850 0.0823 0.0827 0.0825 0.0831 0.0810 0.0815 0.0799 0.0803 0.0775 0.0783 0.0793 0.0753 0.0773 0.0748 0.0734 0.0714 0.0732 0.0735 0.0739 0.0714 0.0702 0.0704 0.0698 0.0692 0.0673 0.0678 0.0665 0.0665 0.0663 0.0674 0.0665 0.0660 0.0652 0.0639 0.0646]
