train_acc,valid_acc,test_acc,train_loss,valid_loss,train_aug_loss
0.9877768158912659,0.9711573719978333,0.9529445767402649,[2.9124 0.6728 0.4257 0.2525 0.2177 0.2255 0.1677 0.1719 0.1612 0.1297 0.1153 0.1444 0.1158 0.1062 0.1019 0.1022 0.0850 0.0863 0.0740 0.1008 0.0774 0.0882 0.0752 0.0765 0.0655 0.0698 0.0634 0.0549 0.0694 0.0928 0.0669 0.0544 0.0515 0.0472 0.0614 0.0438 0.0719 0.0471 0.0408 0.0373 0.0440 0.0532 0.0432 0.0598 0.0412 0.0471 0.0370 0.0397 0.0598 0.0326 0.0942 0.0377 0.0345 0.0327 0.0392 0.0352 0.0767 0.0273 0.0326 0.0332 0.0249 0.0317 0.0267 0.0249 0.0240 0.0505 0.0289 0.0333 0.0252 0.0311 0.0309 0.0230 0.0247 0.0231 0.0268 0.0193 0.0253 0.0207 0.0269 0.0239 0.0232 0.0199 0.0290 0.0238 0.0170 0.0164 0.0210 0.0226 0.0162 0.0188 0.0210 0.0254 0.0212 0.0184 0.0154 0.0310 0.0139 0.0120 0.0166 0.0225],[2.7957 0.7512 0.4888 0.2751 0.2416 0.2428 0.2070 0.1972 0.1877 0.1620 0.1529 0.1830 0.1541 0.1565 0.1466 0.1496 0.1321 0.1322 0.1166 0.1654 0.1283 0.1512 0.1276 0.1349 0.1187 0.1247 0.1212 0.1120 0.1358 0.1704 0.1326 0.1209 0.1193 0.1082 0.1391 0.1077 0.1520 0.1086 0.1072 0.0965 0.1137 0.1455 0.1166 0.1419 0.1233 0.1268 0.1145 0.1208 0.1565 0.1146 0.2221 0.1256 0.1184 0.1189 0.1236 0.1254 0.2016 0.1134 0.1300 0.1192 0.1100 0.1304 0.1184 0.1150 0.1150 0.1703 0.1369 0.1294 0.1349 0.1354 0.1313 0.1272 0.1223 0.1294 0.1461 0.1199 0.1424 0.1169 0.1537 0.1339 0.1344 0.1348 0.1572 0.1367 0.1257 0.1253 0.1375 0.1467 0.1242 0.1361 0.1492 0.1475 0.1409 0.1390 0.1366 0.1712 0.1337 0.1230 0.1365 0.1592],[1.9997 1.2765 0.5104 0.3889 0.3376 0.3032 0.2779 0.2616 0.2460 0.2316 0.2226 0.2121 0.2049 0.1973 0.1926 0.1853 0.1811 0.1760 0.1720 0.1661 0.1634 0.1587 0.1522 0.1506 0.1447 0.1435 0.1425 0.1378 0.1356 0.1355 0.1303 0.1303 0.1288 0.1244 0.1245 0.1197 0.1197 0.1182 0.1162 0.1144 0.1140 0.1108 0.1101 0.1085 0.1065 0.1052 0.1033 0.1049 0.1031 0.1000 0.0997 0.0968 0.0971 0.0946 0.0954 0.0946 0.0914 0.0915 0.0945 0.0892 0.0890 0.0854 0.0853 0.0866 0.0849 0.0869 0.0838 0.0816 0.0822 0.0813 0.0811 0.0786 0.0803 0.0779 0.0772 0.0781 0.0773 0.0752 0.0740 0.0742 0.0738 0.0718 0.0734 0.0732 0.0712 0.0722 0.0699 0.0695 0.0682 0.0672 0.0662 0.0672 0.0669 0.0654 0.0674 0.0663 0.0654 0.0625 0.0638 0.0636]
