train_acc,valid_acc,test_acc,train_loss,valid_loss,train_aug_loss
0.9901864528656006,0.9675064086914062,0.9515011310577393,[3.2909 1.0059 0.3458 0.2538 0.2132 0.1690 0.1632 0.2072 0.1284 0.1225 0.1244 0.1058 0.1033 0.1054 0.0889 0.1131 0.0994 0.0802 0.0684 0.0893 0.0864 0.1442 0.0752 0.1535 0.0580 0.0846 0.0619 0.0688 0.0576 0.0829 0.0552 0.0533 0.0517 0.0610 0.0675 0.0513 0.0595 0.0550 0.0686 0.0419 0.0403 0.0473 0.0479 0.0419 0.0361 0.0376 0.0447 0.0401 0.0326 0.0507 0.0292 0.0323 0.0345 0.0360 0.0290 0.0270 0.0288 0.0336 0.0307 0.0347 0.0253 0.0277 0.0302 0.0291 0.0515 0.0260 0.0245 0.0255 0.0270 0.0248 0.0273 0.0231 0.0457 0.0214 0.0230 0.0236 0.0334 0.0256 0.0206 0.0276 0.0276 0.0723 0.0239 0.0164 0.0211 0.0201 0.0215 0.0194 0.0211 0.0234 0.0416 0.0175 0.0148 0.0171 0.0165 0.0446 0.0203 0.0154 0.0194 0.0150],[3.0946 1.1272 0.4272 0.2943 0.2632 0.1997 0.2130 0.2517 0.1739 0.1729 0.1882 0.1714 0.1499 0.1676 0.1480 0.1853 0.1613 0.1586 0.1233 0.1510 0.1495 0.2293 0.1348 0.2258 0.1205 0.1536 0.1289 0.1582 0.1341 0.1800 0.1283 0.1229 0.1305 0.1294 0.1568 0.1323 0.1571 0.1434 0.1699 0.1159 0.1206 0.1338 0.1476 0.1212 0.1194 0.1253 0.1371 0.1290 0.1177 0.1605 0.1124 0.1137 0.1326 0.1350 0.1234 0.1150 0.1154 0.1397 0.1212 0.1483 0.1159 0.1252 0.1369 0.1331 0.1767 0.1321 0.1228 0.1271 0.1360 0.1222 0.1211 0.1200 0.1700 0.1174 0.1309 0.1324 0.1548 0.1330 0.1297 0.1492 0.1609 0.2546 0.1402 0.1196 0.1380 0.1367 0.1287 0.1353 0.1476 0.1496 0.2045 0.1390 0.1213 0.1346 0.1291 0.2105 0.1457 0.1325 0.1541 0.1288],[1.9899 1.3354 0.5406 0.3927 0.3311 0.2952 0.2757 0.2552 0.2419 0.2259 0.2172 0.2099 0.2019 0.1927 0.1884 0.1825 0.1771 0.1709 0.1687 0.1641 0.1592 0.1562 0.1491 0.1484 0.1472 0.1425 0.1407 0.1369 0.1338 0.1294 0.1295 0.1272 0.1258 0.1227 0.1241 0.1201 0.1185 0.1172 0.1139 0.1135 0.1117 0.1112 0.1095 0.1071 0.1033 0.1047 0.1030 0.1048 0.0997 0.0996 0.0984 0.0999 0.0981 0.0953 0.0926 0.0931 0.0906 0.0928 0.0894 0.0886 0.0886 0.0903 0.0854 0.0882 0.0852 0.0846 0.0831 0.0816 0.0852 0.0809 0.0826 0.0796 0.0787 0.0791 0.0780 0.0781 0.0746 0.0757 0.0745 0.0734 0.0722 0.0744 0.0736 0.0710 0.0722 0.0682 0.0711 0.0693 0.0679 0.0691 0.0682 0.0674 0.0677 0.0660 0.0641 0.0651 0.0655 0.0632 0.0652 0.0652]
