train_acc,valid_acc,test_acc,train_loss,valid_loss,train_aug_loss
0.9867762923240662,0.9715224504470825,0.9486142992973328,[2.3167 0.5571 0.2717 0.2337 0.2069 0.1707 0.1866 0.1610 0.1295 0.1414 0.1111 0.1261 0.1376 0.1055 0.0925 0.0955 0.0900 0.0776 0.0877 0.0854 0.0963 0.0730 0.0641 0.0728 0.0886 0.0689 0.0626 0.0648 0.0627 0.0912 0.0563 0.0620 0.0796 0.0529 0.0515 0.0445 0.0800 0.0459 0.0622 0.0511 0.0452 0.0386 0.0405 0.0529 0.0364 0.0501 0.0536 0.0391 0.0330 0.0372 0.0282 0.0292 0.0388 0.0292 0.0480 0.0409 0.0421 0.0314 0.0307 0.0293 0.0269 0.0534 0.0362 0.0245 0.0247 0.0279 0.0320 0.0262 0.0291 0.0418 0.0286 0.0272 0.0241 0.0214 0.0212 0.0196 0.0209 0.0653 0.0394 0.0166 0.0171 0.0316 0.0193 0.0190 0.0264 0.0507 0.0298 0.0303 0.0159 0.0166 0.0198 0.0154 0.0203 0.0233 0.0183 0.0193 0.0157 0.0225 0.0151 0.0132],[2.2713 0.6033 0.3153 0.2662 0.2473 0.2121 0.2300 0.2038 0.1686 0.1723 0.1458 0.1624 0.2005 0.1567 0.1515 0.1485 0.1427 0.1268 0.1445 0.1435 0.1694 0.1308 0.1275 0.1399 0.1509 0.1393 0.1166 0.1272 0.1315 0.1715 0.1247 0.1406 0.1639 0.1302 0.1224 0.1162 0.1671 0.1201 0.1409 0.1344 0.1342 0.1064 0.1181 0.1458 0.1088 0.1357 0.1356 0.1232 0.1156 0.1267 0.1132 0.1069 0.1337 0.1094 0.1626 0.1424 0.1543 0.1131 0.1123 0.1266 0.1205 0.1775 0.1435 0.1171 0.1155 0.1325 0.1351 0.1269 0.1255 0.1660 0.1359 0.1388 0.1270 0.1101 0.1237 0.1190 0.1228 0.2093 0.1783 0.1208 0.1262 0.1531 0.1317 0.1218 0.1504 0.1941 0.1573 0.1655 0.1319 0.1242 0.1367 0.1329 0.1579 0.1523 0.1261 0.1377 0.1271 0.1522 0.1325 0.1359],[1.9995 1.1386 0.4917 0.3772 0.3290 0.2975 0.2757 0.2558 0.2442 0.2338 0.2264 0.2148 0.2048 0.1984 0.1905 0.1868 0.1774 0.1755 0.1718 0.1653 0.1600 0.1597 0.1552 0.1525 0.1487 0.1460 0.1426 0.1400 0.1403 0.1336 0.1318 0.1295 0.1275 0.1269 0.1246 0.1225 0.1224 0.1166 0.1173 0.1145 0.1131 0.1150 0.1118 0.1081 0.1057 0.1069 0.1058 0.1049 0.1013 0.1002 0.1014 0.0980 0.0990 0.0965 0.0974 0.0942 0.0939 0.0932 0.0912 0.0915 0.0910 0.0890 0.0900 0.0857 0.0856 0.0845 0.0850 0.0822 0.0861 0.0826 0.0824 0.0799 0.0804 0.0786 0.0790 0.0762 0.0778 0.0764 0.0754 0.0751 0.0758 0.0751 0.0726 0.0737 0.0715 0.0698 0.0717 0.0719 0.0685 0.0689 0.0673 0.0679 0.0680 0.0672 0.0690 0.0658 0.0651 0.0653 0.0616 0.0647]
