train_acc,valid_acc,test_acc,train_loss,valid_loss,train_aug_loss
0.9905282855033875,0.9693318605422974,0.9457274675369263,[2.2180 0.7683 0.3859 0.2324 0.1766 0.2437 0.1597 0.1869 0.1254 0.1540 0.1140 0.1110 0.0957 0.1088 0.0988 0.0984 0.1029 0.0977 0.1155 0.0836 0.0905 0.1011 0.1530 0.0701 0.0632 0.0604 0.0668 0.1118 0.0680 0.0616 0.0515 0.0549 0.0657 0.0499 0.0424 0.0657 0.0456 0.0467 0.0478 0.0693 0.0556 0.0382 0.0472 0.0480 0.0484 0.0478 0.0404 0.0549 0.0363 0.0347 0.0674 0.0508 0.0291 0.0354 0.0508 0.0295 0.0337 0.0364 0.0391 0.0258 0.0362 0.0412 0.0297 0.0274 0.0288 0.0293 0.0268 0.0252 0.0273 0.0278 0.0397 0.0291 0.0243 0.0240 0.0291 0.0310 0.0279 0.0239 0.0225 0.0184 0.0202 0.0253 0.0262 0.0272 0.0195 0.0331 0.0476 0.0378 0.0265 0.0209 0.0149 0.0211 0.0150 0.0310 0.0332 0.0139 0.0183 0.0208 0.0152 0.0190],[2.1506 0.7356 0.3794 0.2587 0.2020 0.2850 0.1928 0.2211 0.1573 0.1824 0.1556 0.1574 0.1316 0.1601 0.1417 0.1381 0.1571 0.1471 0.1786 0.1485 0.1383 0.1596 0.2007 0.1233 0.1282 0.1259 0.1404 0.1894 0.1292 0.1378 0.1235 0.1253 0.1326 0.1283 0.1258 0.1519 0.1248 0.1187 0.1245 0.1754 0.1350 0.1270 0.1366 0.1365 0.1370 0.1278 0.1284 0.1452 0.1128 0.1208 0.1865 0.1557 0.1050 0.1256 0.1379 0.1106 0.1273 0.1284 0.1321 0.1103 0.1243 0.1405 0.1271 0.1291 0.1176 0.1200 0.1162 0.1290 0.1281 0.1228 0.1624 0.1392 0.1231 0.1253 0.1389 0.1343 0.1335 0.1213 0.1067 0.1163 0.1267 0.1248 0.1417 0.1457 0.1275 0.1758 0.1947 0.1676 0.1442 0.1418 0.1112 0.1392 0.1226 0.1661 0.1737 0.1173 0.1457 0.1440 0.1278 0.1354],[2.0039 1.2025 0.4874 0.3672 0.3147 0.2841 0.2643 0.2486 0.2356 0.2268 0.2181 0.2064 0.1978 0.1908 0.1846 0.1800 0.1723 0.1716 0.1647 0.1600 0.1563 0.1542 0.1507 0.1478 0.1434 0.1403 0.1408 0.1350 0.1310 0.1273 0.1272 0.1248 0.1248 0.1228 0.1197 0.1172 0.1154 0.1157 0.1127 0.1108 0.1085 0.1071 0.1085 0.1065 0.1027 0.1041 0.1007 0.0996 0.0995 0.0974 0.0981 0.0950 0.0944 0.0951 0.0912 0.0915 0.0904 0.0896 0.0905 0.0879 0.0870 0.0875 0.0842 0.0854 0.0854 0.0848 0.0820 0.0823 0.0800 0.0792 0.0791 0.0777 0.0775 0.0788 0.0750 0.0780 0.0741 0.0739 0.0744 0.0731 0.0710 0.0732 0.0732 0.0714 0.0718 0.0707 0.0695 0.0688 0.0672 0.0667 0.0674 0.0657 0.0664 0.0642 0.0645 0.0641 0.0616 0.0642 0.0634 0.0636]
