train_acc,valid_acc,test_acc,train_loss,valid_loss,train_aug_loss
0.9907617568969727,0.9707922339439392,0.957274854183197,[2.7184 1.5006 0.3750 0.2367 0.2422 0.2231 0.2010 0.2461 0.1300 0.1789 0.1150 0.1220 0.1241 0.1108 0.1914 0.1036 0.0844 0.0860 0.0725 0.0907 0.0952 0.0825 0.1024 0.0716 0.1070 0.0867 0.1064 0.0702 0.0604 0.0672 0.1118 0.0975 0.1052 0.0581 0.0629 0.0827 0.0633 0.0732 0.0519 0.0492 0.0455 0.0453 0.0705 0.0462 0.0693 0.0416 0.0375 0.0453 0.0468 0.0392 0.0434 0.0857 0.0520 0.0467 0.0423 0.0270 0.0800 0.0308 0.0631 0.0533 0.0266 0.0299 0.0734 0.0368 0.0388 0.0781 0.0426 0.0255 0.0293 0.0296 0.0402 0.0380 0.0220 0.0266 0.0298 0.0203 0.0206 0.0231 0.0303 0.0234 0.0250 0.0238 0.0184 0.0413 0.0198 0.0185 0.0326 0.0325 0.0247 0.0306 0.0253 0.0495 0.0222 0.0275 0.0131 0.0471 0.0268 0.0173 0.0234 0.0138],[2.7228 1.4658 0.4336 0.2853 0.3094 0.3008 0.2249 0.2963 0.1724 0.2274 0.1499 0.1716 0.1745 0.1523 0.2437 0.1549 0.1254 0.1452 0.1213 0.1343 0.1689 0.1288 0.1495 0.1277 0.1820 0.1479 0.1696 0.1475 0.1273 0.1341 0.1745 0.1679 0.1893 0.1157 0.1350 0.1507 0.1381 0.1330 0.1174 0.1237 0.1070 0.1114 0.1555 0.1235 0.1490 0.1028 0.0972 0.1189 0.1273 0.1062 0.1284 0.1798 0.1417 0.1338 0.1214 0.0962 0.1888 0.1019 0.1639 0.1594 0.1125 0.1078 0.1820 0.1341 0.1291 0.1866 0.1364 0.1075 0.1111 0.1233 0.1392 0.1359 0.1027 0.1184 0.1249 0.1022 0.0998 0.1094 0.1305 0.1114 0.1249 0.1125 0.1024 0.1458 0.1036 0.1117 0.1351 0.1279 0.1207 0.1457 0.1242 0.1826 0.1172 0.1328 0.1077 0.1483 0.1535 0.1121 0.1328 0.1057],[1.9987 1.4549 0.5821 0.3838 0.3199 0.2815 0.2582 0.2391 0.2241 0.2139 0.2061 0.1962 0.1906 0.1828 0.1770 0.1691 0.1653 0.1614 0.1597 0.1528 0.1507 0.1447 0.1414 0.1393 0.1385 0.1352 0.1331 0.1279 0.1259 0.1257 0.1244 0.1228 0.1185 0.1183 0.1162 0.1135 0.1129 0.1096 0.1099 0.1067 0.1045 0.1068 0.1037 0.1032 0.1007 0.1002 0.0984 0.0976 0.0967 0.0960 0.0923 0.0940 0.0925 0.0893 0.0901 0.0881 0.0887 0.0848 0.0857 0.0862 0.0830 0.0838 0.0832 0.0803 0.0809 0.0787 0.0798 0.0766 0.0782 0.0765 0.0752 0.0774 0.0744 0.0737 0.0718 0.0737 0.0712 0.0682 0.0708 0.0693 0.0683 0.0670 0.0686 0.0685 0.0669 0.0651 0.0656 0.0649 0.0644 0.0642 0.0631 0.0633 0.0616 0.0631 0.0613 0.0612 0.0594 0.0612 0.0609 0.0574]
