train_acc,valid_acc,test_acc,train_loss,valid_loss,train_aug_loss
0.9904949069023132,0.9696969985961914,0.9350461959838867,[2.0973 1.9458 1.3192 0.5352 0.3501 0.2845 0.1666 0.2194 0.2310 0.1472 0.2674 0.1959 0.1827 0.1630 0.1307 0.1994 0.1560 0.0761 0.1802 0.0637 0.1571 0.0536 0.0865 0.0632 0.0646 0.0556 0.0698 0.0510 0.0906 0.0606 0.0479 0.0419 0.0417 0.1224 0.0845 0.0442 0.0750 0.0570 0.0930 0.0304 0.0500 0.0248 0.0991 0.0383 0.0283 0.0323 0.0761 0.0673 0.0408 0.0951 0.0635 0.0572 0.0557 0.0307 0.0306 0.0241 0.0652 0.0702 0.0316 0.0157 0.0156 0.0598 0.0256 0.0147 0.0117 0.0362 0.0106 0.0157 0.0313 0.0182 0.0103 0.0279 0.0121 0.0242 0.0153 0.0070 0.0093 0.0070 0.0547 0.0520 0.0080 0.0178 0.0224 0.0077 0.0288 0.0089 0.0093 0.0281 0.0144 0.0063 0.0052 0.0230 0.0055 0.0062 0.0231 0.0077 0.0332 0.0322 0.0426 0.0036],[2.0839 2.0718 1.4276 0.6551 0.4703 0.3570 0.2283 0.3272 0.3442 0.2179 0.3549 0.2840 0.2893 0.2703 0.2241 0.3121 0.2362 0.1712 0.2878 0.1460 0.2782 0.1474 0.1881 0.1578 0.1606 0.1492 0.1815 0.1665 0.2021 0.1655 0.1686 0.1475 0.1418 0.2714 0.2290 0.1704 0.1945 0.1729 0.2436 0.1287 0.1679 0.1337 0.2377 0.1790 0.1336 0.1499 0.2204 0.1987 0.1703 0.2449 0.2051 0.2139 0.2038 0.1779 0.1696 0.1839 0.2163 0.2683 0.1972 0.1675 0.1632 0.2169 0.2057 0.1782 0.1652 0.2207 0.1548 0.1981 0.2203 0.1983 0.1613 0.2098 0.1776 0.1967 0.1678 0.1558 0.1730 0.1679 0.2510 0.2238 0.1617 0.1881 0.2196 0.1765 0.2228 0.1829 0.1953 0.2147 0.1994 0.1940 0.1697 0.2220 0.1716 0.1874 0.2492 0.1931 0.2258 0.2565 0.2663 0.2087],[1.9630 1.2797 0.4741 0.2833 0.2313 0.2017 0.1826 0.1701 0.1554 0.1451 0.1398 0.1307 0.1212 0.1168 0.1150 0.1082 0.1042 0.1019 0.0980 0.0932 0.0893 0.0885 0.0831 0.0828 0.0794 0.0790 0.0743 0.0725 0.0703 0.0704 0.0670 0.0679 0.0644 0.0627 0.0618 0.0596 0.0595 0.0582 0.0558 0.0538 0.0540 0.0519 0.0515 0.0505 0.0495 0.0477 0.0476 0.0457 0.0451 0.0447 0.0415 0.0423 0.0421 0.0406 0.0407 0.0401 0.0399 0.0382 0.0379 0.0373 0.0356 0.0357 0.0364 0.0347 0.0360 0.0343 0.0329 0.0329 0.0315 0.0313 0.0313 0.0301 0.0300 0.0318 0.0300 0.0279 0.0287 0.0288 0.0268 0.0280 0.0269 0.0267 0.0252 0.0263 0.0265 0.0252 0.0241 0.0263 0.0246 0.0243 0.0247 0.0230 0.0238 0.0230 0.0219 0.0240 0.0222 0.0221 0.0225 0.0206]
