train_acc,valid_acc,test_acc,train_loss,valid_loss,train_aug_loss
0.992145836353302,0.9693318605422974,0.9523671865463257,[2.0822 2.5773 1.1874 0.7305 0.4771 0.3500 0.3069 0.3479 0.2889 0.1954 0.3383 0.2423 0.2176 0.3278 0.3816 0.1651 0.3013 0.2912 0.2407 0.1337 0.1786 0.2649 0.2682 0.1154 0.1512 0.1254 0.1785 0.1077 0.1334 0.2417 0.0753 0.1994 0.1211 0.1062 0.1258 0.2061 0.0840 0.2401 0.1323 0.0734 0.0592 0.0916 0.1411 0.1233 0.0764 0.0564 0.0482 0.0866 0.1169 0.0782 0.0624 0.0628 0.1340 0.2710 0.0684 0.0925 0.0706 0.0484 0.0789 0.0370 0.1071 0.0950 0.0785 0.0417 0.0578 0.0424 0.0900 0.0302 0.0639 0.0482 0.0732 0.0641 0.0598 0.0423 0.0488 0.0660 0.0494 0.0654 0.0788 0.0245 0.0631 0.0700 0.0876 0.0669 0.0762 0.0562 0.0617 0.1093 0.0369 0.0544 0.0322 0.2234 0.0639 0.0271 0.0282 0.0422 0.0586 0.0598 0.0268 0.0207],[2.0837 2.8307 1.3307 0.8325 0.5020 0.4054 0.3456 0.3920 0.3608 0.2274 0.3829 0.2892 0.2673 0.4197 0.4242 0.2231 0.3085 0.3204 0.2943 0.1744 0.2528 0.3150 0.3016 0.1575 0.2266 0.1970 0.2592 0.1872 0.2021 0.3357 0.1475 0.2531 0.1842 0.1842 0.2065 0.2968 0.1463 0.3382 0.2077 0.1459 0.1258 0.1731 0.2160 0.2022 0.1466 0.1278 0.1120 0.1826 0.1905 0.1588 0.1306 0.1436 0.2594 0.3890 0.1603 0.1910 0.1561 0.1379 0.1738 0.1100 0.2011 0.1979 0.1701 0.1288 0.1500 0.1302 0.2094 0.1174 0.1813 0.1391 0.1947 0.1696 0.1690 0.1337 0.1559 0.1782 0.1647 0.1852 0.1967 0.1047 0.1995 0.1838 0.2199 0.2046 0.2116 0.1631 0.1965 0.2440 0.1424 0.1799 0.1329 0.3219 0.2073 0.1323 0.1349 0.1840 0.1937 0.2149 0.1333 0.1232],[2.0047 1.5869 0.8816 0.4257 0.3475 0.3025 0.2738 0.2594 0.2425 0.2283 0.2201 0.2084 0.2010 0.1896 0.1856 0.1802 0.1760 0.1705 0.1701 0.1623 0.1576 0.1526 0.1516 0.1459 0.1441 0.1395 0.1392 0.1350 0.1335 0.1317 0.1268 0.1288 0.1252 0.1218 0.1200 0.1199 0.1181 0.1145 0.1126 0.1103 0.1120 0.1080 0.1076 0.1075 0.1034 0.1044 0.1013 0.0994 0.0993 0.0976 0.0956 0.0950 0.0942 0.0928 0.0915 0.0902 0.0878 0.0910 0.0888 0.0881 0.0853 0.0859 0.0833 0.0836 0.0838 0.0833 0.0805 0.0812 0.0808 0.0773 0.0784 0.0762 0.0774 0.0752 0.0767 0.0751 0.0741 0.0707 0.0719 0.0727 0.0714 0.0719 0.0702 0.0696 0.0672 0.0698 0.0675 0.0664 0.0664 0.0676 0.0646 0.0650 0.0649 0.0641 0.0652 0.0632 0.0600 0.0626 0.0604 0.0614]
