train_acc,valid_acc,test_acc,train_loss,valid_loss,train_aug_loss
0.9950056672096252,0.9700620770454407,0.9468821883201599,[2.0810 2.3012 0.5872 0.5928 0.3320 0.6343 0.4108 0.2454 0.4664 0.4848 0.3123 0.2836 0.1873 0.2592 0.1116 0.2770 0.2188 0.1173 0.0758 0.0737 0.1784 0.0794 0.3698 0.0553 0.0869 0.1707 0.0825 0.1480 0.0907 0.0942 0.0664 0.0400 0.0554 0.0720 0.1105 0.0572 0.0556 0.0441 0.0505 0.0472 0.0463 0.0589 0.0371 0.0400 0.0378 0.0329 0.0508 0.0260 0.0340 0.0285 0.0396 0.0212 0.0474 0.0157 0.0300 0.0243 0.0181 0.0375 0.0274 0.0171 0.0403 0.0432 0.0249 0.0700 0.0198 0.0402 0.0220 0.0715 0.0118 0.0200 0.0359 0.0104 0.0240 0.0169 0.0197 0.0119 0.0245 0.0129 0.0152 0.0161 0.0089 0.0139 0.0127 0.0224 0.0077 0.0073 0.0120 0.0481 0.0178 0.0095 0.0245 0.0140 0.0097 0.0048 0.0189 0.0112 0.0088 0.0169 0.0063 0.0137],[2.0844 2.6333 0.7209 0.6836 0.3951 0.6379 0.5128 0.3120 0.5411 0.5296 0.3990 0.3577 0.2463 0.3305 0.2084 0.3468 0.2938 0.2004 0.1693 0.1688 0.2780 0.1668 0.3986 0.1526 0.2042 0.2799 0.1837 0.2558 0.1930 0.1955 0.1884 0.1459 0.1481 0.1903 0.2295 0.1795 0.1823 0.1605 0.1957 0.2012 0.1754 0.1813 0.1638 0.1753 0.1683 0.1666 0.1904 0.1570 0.1819 0.1524 0.1883 0.1577 0.2025 0.1363 0.1868 0.1604 0.1410 0.1729 0.1726 0.1449 0.1743 0.2188 0.2062 0.2106 0.1687 0.2152 0.1959 0.2181 0.1455 0.1693 0.2234 0.1559 0.2234 0.1707 0.1822 0.1502 0.1842 0.1735 0.1710 0.1850 0.1699 0.1771 0.1802 0.1847 0.1730 0.1634 0.1645 0.2394 0.1832 0.1880 0.1952 0.2070 0.1804 0.1779 0.2062 0.1902 0.1974 0.1923 0.1688 0.2152],[1.9325 1.4092 0.5929 0.3273 0.2620 0.2248 0.2012 0.1832 0.1682 0.1590 0.1485 0.1416 0.1344 0.1261 0.1210 0.1168 0.1118 0.1085 0.1025 0.1020 0.0966 0.0911 0.0888 0.0854 0.0830 0.0816 0.0795 0.0771 0.0749 0.0723 0.0717 0.0693 0.0672 0.0657 0.0627 0.0637 0.0597 0.0595 0.0567 0.0558 0.0552 0.0536 0.0521 0.0507 0.0524 0.0499 0.0491 0.0489 0.0463 0.0458 0.0442 0.0445 0.0431 0.0417 0.0419 0.0416 0.0402 0.0389 0.0398 0.0393 0.0368 0.0364 0.0354 0.0367 0.0372 0.0347 0.0329 0.0335 0.0339 0.0330 0.0326 0.0316 0.0315 0.0297 0.0295 0.0300 0.0284 0.0296 0.0288 0.0289 0.0267 0.0287 0.0252 0.0285 0.0263 0.0269 0.0254 0.0261 0.0250 0.0248 0.0243 0.0242 0.0247 0.0235 0.0232 0.0236 0.0220 0.0247 0.0229 0.0214]
