train_acc,valid_acc,test_acc,train_loss,valid_loss,train_aug_loss
0.9935132265090942,0.9715224504470825,0.9460161924362183,[5.5826 0.6004 0.3330 0.2349 0.2209 0.2146 0.1656 0.1185 0.1080 0.1204 0.0790 0.1008 0.1014 0.0690 0.0983 0.0721 0.0573 0.0617 0.0523 0.0471 0.0544 0.0553 0.0480 0.0509 0.0356 0.0394 0.0651 0.0329 0.0349 0.0285 0.0292 0.0338 0.0258 0.0256 0.0516 0.0210 0.0214 0.0214 0.0260 0.0577 0.0265 0.0211 0.0183 0.0175 0.0167 0.0177 0.0133 0.0174 0.0151 0.0130 0.0151 0.0157 0.0116 0.0137 0.0157 0.0133 0.0096 0.0078 0.0133 0.0082 0.0084 0.0083 0.0078 0.0084 0.0062 0.0064 0.0082 0.0067 0.0103 0.0091 0.0056 0.0065 0.0071 0.0056 0.0065 0.0093 0.0067 0.0055 0.0273 0.0041 0.0044 0.0034 0.0041 0.0041 0.0042 0.0050 0.0035 0.0036 0.0029 0.0033 0.0039 0.0028 0.0031 0.0044 0.0036 0.0024 0.0028 0.0022 0.0041 0.0024],[5.1945 0.6760 0.3759 0.2898 0.2503 0.2934 0.2204 0.1715 0.1551 0.1654 0.1326 0.1546 0.1645 0.1301 0.1553 0.1426 0.1258 0.1304 0.1196 0.1013 0.1179 0.1409 0.1281 0.1310 0.1102 0.1231 0.1468 0.1177 0.1168 0.1037 0.1101 0.1224 0.1154 0.1187 0.1543 0.0986 0.1131 0.1071 0.1223 0.1830 0.1301 0.1192 0.1158 0.1156 0.1198 0.1254 0.1078 0.1250 0.1320 0.1267 0.1313 0.1330 0.1187 0.1345 0.1428 0.1398 0.1284 0.1283 0.1434 0.1324 0.1317 0.1251 0.1347 0.1317 0.1215 0.1243 0.1265 0.1265 0.1474 0.1404 0.1149 0.1345 0.1610 0.1384 0.1446 0.1507 0.1420 0.1436 0.2044 0.1388 0.1443 0.1321 0.1496 0.1476 0.1463 0.1536 0.1338 0.1386 0.1380 0.1503 0.1526 0.1589 0.1439 0.1388 0.1552 0.1428 0.1636 0.1721 0.1699 0.1672],[1.9660 1.0374 0.3867 0.2943 0.2515 0.2210 0.1984 0.1837 0.1706 0.1574 0.1473 0.1425 0.1317 0.1257 0.1180 0.1166 0.1116 0.1053 0.1030 0.0996 0.0949 0.0887 0.0886 0.0864 0.0828 0.0796 0.0783 0.0735 0.0736 0.0702 0.0693 0.0663 0.0641 0.0658 0.0603 0.0612 0.0593 0.0581 0.0557 0.0552 0.0533 0.0510 0.0516 0.0510 0.0507 0.0477 0.0478 0.0457 0.0433 0.0440 0.0439 0.0418 0.0415 0.0418 0.0401 0.0401 0.0370 0.0390 0.0359 0.0370 0.0371 0.0352 0.0350 0.0349 0.0337 0.0311 0.0305 0.0329 0.0326 0.0301 0.0291 0.0298 0.0291 0.0296 0.0303 0.0281 0.0283 0.0275 0.0280 0.0279 0.0252 0.0263 0.0250 0.0261 0.0256 0.0243 0.0243 0.0254 0.0237 0.0244 0.0227 0.0216 0.0229 0.0226 0.0214 0.0239 0.0217 0.0213 0.0228 0.0209]
