train_acc,valid_acc,test_acc,train_loss,valid_loss,train_aug_loss
0.9901280403137207,0.9715224504470825,0.9517898559570312,[2.2696 2.6134 0.3358 0.2609 0.2741 0.2125 0.2368 0.1976 0.1200 0.1297 0.1196 0.1516 0.1100 0.0894 0.1094 0.0933 0.1022 0.0948 0.0843 0.0792 0.0789 0.0733 0.0804 0.0798 0.0575 0.2063 0.0700 0.0595 0.0683 0.0560 0.0679 0.0854 0.0518 0.0559 0.0472 0.0597 0.0728 0.0520 0.0438 0.0403 0.0459 0.0445 0.0417 0.1216 0.0441 0.0383 0.0540 0.0391 0.0376 0.0338 0.0348 0.0347 0.0499 0.0339 0.0354 0.0326 0.0314 0.0386 0.0302 0.0474 0.0284 0.0270 0.0281 0.0230 0.0272 0.0337 0.0279 0.0261 0.0455 0.0287 0.0395 0.0289 0.0278 0.0401 0.0230 0.0353 0.0287 0.0198 0.0259 0.0180 0.0187 0.0321 0.0215 0.0215 0.0250 0.0295 0.0179 0.0259 0.0213 0.0495 0.0262 0.0256 0.0165 0.0231 0.0256 0.0188 0.0133 0.0159 0.0182 0.0143],[2.2010 2.4537 0.3566 0.2978 0.3237 0.2649 0.2862 0.2518 0.1517 0.1631 0.1584 0.2175 0.1582 0.1385 0.1674 0.1416 0.1695 0.1451 0.1368 0.1290 0.1330 0.1329 0.1389 0.1359 0.1048 0.2806 0.1305 0.1180 0.1490 0.1273 0.1389 0.1600 0.1165 0.1274 0.1114 0.1337 0.1546 0.1159 0.1065 0.1043 0.1141 0.1177 0.1089 0.2423 0.1135 0.1167 0.1504 0.1185 0.1173 0.1165 0.1161 0.1128 0.1412 0.1173 0.1154 0.1223 0.1172 0.1221 0.1028 0.1550 0.1125 0.1090 0.1119 0.1062 0.1052 0.1257 0.1108 0.1152 0.1593 0.1258 0.1458 0.1316 0.1268 0.1493 0.1253 0.1473 0.1471 0.1094 0.1399 0.1074 0.1131 0.1465 0.1229 0.1278 0.1355 0.1547 0.1182 0.1513 0.1309 0.2002 0.1489 0.1569 0.1113 0.1404 0.1530 0.1221 0.1185 0.1239 0.1318 0.1135],[2.0127 1.4125 0.5689 0.3899 0.3290 0.2983 0.2745 0.2529 0.2414 0.2310 0.2223 0.2132 0.2019 0.1975 0.1876 0.1838 0.1789 0.1727 0.1730 0.1654 0.1611 0.1565 0.1526 0.1493 0.1455 0.1462 0.1429 0.1373 0.1347 0.1321 0.1338 0.1290 0.1287 0.1266 0.1258 0.1220 0.1194 0.1185 0.1163 0.1158 0.1149 0.1104 0.1120 0.1113 0.1075 0.1059 0.1059 0.1051 0.1023 0.1020 0.0992 0.0996 0.0983 0.0957 0.0958 0.0957 0.0936 0.0944 0.0939 0.0897 0.0915 0.0879 0.0887 0.0876 0.0871 0.0874 0.0857 0.0828 0.0822 0.0820 0.0814 0.0819 0.0828 0.0793 0.0800 0.0776 0.0795 0.0748 0.0775 0.0758 0.0742 0.0726 0.0752 0.0732 0.0727 0.0742 0.0702 0.0705 0.0706 0.0709 0.0687 0.0699 0.0692 0.0667 0.0671 0.0636 0.0662 0.0659 0.0662 0.0652]
