train_acc,valid_acc,test_acc,train_loss,valid_loss,train_aug_loss
0.9925543665885925,0.9711573719978333,0.9497690796852112,[2.0816 1.7864 0.5817 0.5557 0.2308 0.2181 0.2901 0.1763 0.1414 0.1542 0.1659 0.1362 0.1324 0.2089 0.0951 0.1215 0.1237 0.1084 0.0947 0.2080 0.1066 0.0893 0.0861 0.0775 0.0754 0.2214 0.1098 0.1416 0.1425 0.0869 0.0594 0.1362 0.0613 0.0765 0.0720 0.0494 0.0789 0.0812 0.0766 0.0616 0.1172 0.0637 0.0476 0.0708 0.1058 0.0515 0.0762 0.0789 0.0367 0.0426 0.0398 0.1102 0.0452 0.0380 0.0592 0.0444 0.0710 0.0587 0.0677 0.0537 0.0281 0.0386 0.0516 0.0389 0.0330 0.0453 0.0699 0.0429 0.1173 0.0346 0.0395 0.0354 0.0211 0.0298 0.0360 0.0276 0.0604 0.0597 0.0494 0.0257 0.0324 0.0328 0.0474 0.0616 0.0470 0.0220 0.0309 0.0405 0.0223 0.0415 0.0206 0.0274 0.0234 0.0325 0.0879 0.0423 0.0427 0.0309 0.0318 0.0641],[2.0677 1.9870 0.8049 0.7984 0.3202 0.3066 0.4182 0.2803 0.2058 0.2354 0.2501 0.2150 0.2086 0.3293 0.1902 0.2175 0.2076 0.1919 0.1739 0.3193 0.2031 0.1669 0.1811 0.1508 0.1636 0.3487 0.2186 0.2422 0.2672 0.1902 0.1478 0.2744 0.1452 0.1801 0.1732 0.1345 0.1839 0.1867 0.1697 0.1610 0.2569 0.1667 0.1470 0.1865 0.2490 0.1798 0.2162 0.1979 0.1229 0.1459 0.1370 0.2800 0.1593 0.1431 0.1930 0.1578 0.2012 0.1843 0.2144 0.1749 0.1261 0.1399 0.1866 0.1569 0.1468 0.1723 0.2240 0.1681 0.2962 0.1524 0.1741 0.1565 0.1173 0.1397 0.1650 0.1569 0.2062 0.2324 0.2117 0.1479 0.1693 0.1762 0.2078 0.2178 0.2120 0.1370 0.1575 0.1985 0.1324 0.2030 0.1578 0.1501 0.1784 0.1717 0.2737 0.2121 0.2104 0.1758 0.1860 0.2570],[2.0075 1.6304 0.6563 0.3894 0.3188 0.2811 0.2616 0.2412 0.2292 0.2155 0.2055 0.1973 0.1933 0.1848 0.1792 0.1736 0.1658 0.1643 0.1592 0.1538 0.1473 0.1459 0.1432 0.1392 0.1375 0.1339 0.1321 0.1311 0.1274 0.1247 0.1220 0.1211 0.1194 0.1156 0.1135 0.1132 0.1133 0.1095 0.1103 0.1066 0.1046 0.1048 0.1018 0.1018 0.1022 0.0992 0.0967 0.0971 0.0949 0.0937 0.0948 0.0928 0.0912 0.0891 0.0873 0.0866 0.0859 0.0858 0.0832 0.0859 0.0812 0.0834 0.0810 0.0818 0.0788 0.0783 0.0807 0.0760 0.0770 0.0765 0.0752 0.0744 0.0721 0.0746 0.0734 0.0705 0.0719 0.0683 0.0691 0.0694 0.0687 0.0684 0.0666 0.0671 0.0659 0.0646 0.0641 0.0640 0.0620 0.0647 0.0617 0.0629 0.0607 0.0602 0.0617 0.0603 0.0605 0.0605 0.0585 0.0612]
