train_acc,valid_acc,test_acc,train_loss,valid_loss,train_aug_loss
0.9955059289932251,0.9729828238487244,0.9500577449798584,[3.3452 0.9284 0.3302 0.3229 0.2716 0.2033 0.1752 0.1563 0.1461 0.1364 0.2530 0.1827 0.1277 0.1302 0.0941 0.2645 0.0858 0.0862 0.1268 0.0710 0.0926 0.0713 0.0793 0.0712 0.0985 0.0588 0.0739 0.0525 0.0815 0.0671 0.0563 0.0620 0.1022 0.0609 0.0538 0.0855 0.0534 0.0467 0.0441 0.0467 0.0510 0.0451 0.0490 0.0405 0.0392 0.0409 0.0395 0.0416 0.0477 0.0363 0.0341 0.0453 0.0395 0.0347 0.0491 0.0291 0.0309 0.0285 0.0568 0.0294 0.0284 0.0309 0.0340 0.0241 0.0375 0.0337 0.0299 0.0339 0.0255 0.0245 0.0247 0.0236 0.0332 0.0312 0.0303 0.0263 0.0213 0.0231 0.0307 0.0216 0.0234 0.0213 0.0332 0.0207 0.0292 0.0254 0.0180 0.0194 0.0231 0.0161 0.0174 0.0136 0.0145 0.0165 0.0247 0.0374 0.0165 0.0233 0.0137 0.0173],[3.1513 0.9991 0.3932 0.3313 0.3024 0.2263 0.2275 0.1899 0.1962 0.1662 0.2690 0.2491 0.1968 0.2174 0.1455 0.3055 0.1486 0.1371 0.1919 0.1290 0.1745 0.1507 0.1586 0.1471 0.1730 0.1291 0.1628 0.1167 0.1855 0.1526 0.1408 0.1310 0.2078 0.1335 0.1440 0.1904 0.1261 0.1415 0.1210 0.1306 0.1340 0.1352 0.1530 0.1114 0.1303 0.1257 0.1204 0.1335 0.1412 0.1246 0.1103 0.1410 0.1396 0.1293 0.1413 0.1101 0.1178 0.1217 0.1641 0.1354 0.1197 0.1273 0.1319 0.1131 0.1572 0.1193 0.1357 0.1315 0.1217 0.1120 0.1116 0.1196 0.1395 0.1495 0.1344 0.1279 0.1221 0.1299 0.1360 0.1210 0.1442 0.1207 0.1573 0.1256 0.1266 0.1274 0.1244 0.1202 0.1445 0.1130 0.1266 0.0982 0.1067 0.1248 0.1421 0.1690 0.1184 0.1461 0.1191 0.1198],[2.0042 1.2742 0.5149 0.3789 0.3338 0.3023 0.2772 0.2607 0.2428 0.2322 0.2211 0.2118 0.2032 0.1970 0.1874 0.1855 0.1786 0.1755 0.1676 0.1654 0.1588 0.1555 0.1523 0.1511 0.1464 0.1459 0.1401 0.1379 0.1371 0.1336 0.1351 0.1285 0.1275 0.1240 0.1248 0.1195 0.1188 0.1184 0.1169 0.1139 0.1122 0.1104 0.1121 0.1078 0.1052 0.1080 0.1031 0.1028 0.1024 0.0991 0.0975 0.0982 0.0966 0.0931 0.0950 0.0915 0.0949 0.0887 0.0913 0.0883 0.0876 0.0852 0.0877 0.0852 0.0846 0.0838 0.0834 0.0846 0.0821 0.0816 0.0801 0.0809 0.0767 0.0759 0.0791 0.0772 0.0762 0.0738 0.0743 0.0727 0.0729 0.0731 0.0718 0.0696 0.0695 0.0703 0.0690 0.0693 0.0685 0.0683 0.0675 0.0681 0.0646 0.0693 0.0653 0.0676 0.0649 0.0637 0.0627 0.0642]
