train_acc,valid_acc,test_acc,train_loss,valid_loss,train_aug_loss
0.9929879307746887,0.9740781188011169,0.9474595785140991,[2.0904 2.1614 0.9495 0.2158 0.7922 0.5660 0.2467 0.3388 0.4026 0.2811 0.1278 0.1763 0.1833 0.3418 0.1762 0.2390 0.1362 0.1680 0.2912 0.0923 0.0688 0.1689 0.1105 0.0452 0.1188 0.0833 0.0685 0.0713 0.2129 0.0470 0.0600 0.0423 0.1260 0.0946 0.0561 0.1517 0.0291 0.0503 0.1115 0.1762 0.0319 0.0219 0.0269 0.0499 0.0200 0.0225 0.0463 0.1896 0.0527 0.0830 0.0359 0.0150 0.0601 0.1030 0.0189 0.0389 0.0323 0.0135 0.0403 0.0306 0.0152 0.0384 0.0127 0.0198 0.0271 0.0656 0.0130 0.0300 0.0217 0.0199 0.0224 0.0201 0.1397 0.0520 0.0100 0.0756 0.0093 0.0852 0.0313 0.0090 0.0077 0.0166 0.0242 0.1283 0.0732 0.0085 0.0095 0.0076 0.0834 0.0475 0.0068 0.0392 0.0989 0.0105 0.0407 0.0079 0.0061 0.0056 0.0216 0.0155],[2.0798 2.3578 1.0102 0.2500 0.8247 0.6291 0.3507 0.4728 0.4873 0.3675 0.2157 0.2529 0.2934 0.4753 0.2780 0.3377 0.2299 0.2681 0.4098 0.1910 0.1457 0.2898 0.2283 0.1125 0.2162 0.1642 0.1678 0.1858 0.3560 0.1358 0.1584 0.1384 0.2407 0.2237 0.1677 0.2938 0.1076 0.1265 0.2721 0.3574 0.1144 0.1129 0.1244 0.1814 0.0956 0.1380 0.1872 0.3454 0.1928 0.2456 0.1612 0.1086 0.2212 0.2926 0.1220 0.2072 0.1717 0.1064 0.1926 0.1913 0.1406 0.2174 0.1356 0.1602 0.1946 0.2899 0.1146 0.1874 0.1688 0.1605 0.1559 0.1852 0.4064 0.2328 0.1456 0.3053 0.1464 0.3012 0.2058 0.1383 0.1210 0.1960 0.2063 0.4222 0.2987 0.1677 0.1718 0.1381 0.3247 0.2501 0.1265 0.2606 0.3386 0.1658 0.2789 0.1449 0.1369 0.1654 0.1912 0.2153],[1.9918 1.3908 0.6055 0.3112 0.2487 0.2127 0.1952 0.1766 0.1635 0.1544 0.1451 0.1370 0.1305 0.1212 0.1192 0.1109 0.1103 0.1044 0.1013 0.0972 0.0937 0.0914 0.0879 0.0849 0.0811 0.0805 0.0789 0.0762 0.0756 0.0737 0.0696 0.0698 0.0679 0.0645 0.0647 0.0613 0.0601 0.0598 0.0582 0.0561 0.0560 0.0532 0.0531 0.0524 0.0506 0.0496 0.0485 0.0486 0.0472 0.0456 0.0473 0.0435 0.0453 0.0427 0.0427 0.0435 0.0407 0.0410 0.0386 0.0364 0.0381 0.0374 0.0363 0.0358 0.0366 0.0358 0.0338 0.0344 0.0333 0.0340 0.0322 0.0324 0.0314 0.0313 0.0313 0.0309 0.0303 0.0287 0.0284 0.0301 0.0286 0.0273 0.0290 0.0266 0.0275 0.0267 0.0270 0.0254 0.0253 0.0272 0.0246 0.0240 0.0240 0.0244 0.0236 0.0251 0.0216 0.0235 0.0232 0.0232]
