train_acc,valid_acc,test_acc,train_loss,valid_loss,train_aug_loss
0.9823822975158691,0.9660459756851196,0.9457274675369263,[2.0907 1.9696 0.5379 0.4990 0.5601 0.3316 0.2775 0.2677 0.2207 0.1401 0.2190 0.1567 0.1733 0.2095 0.0908 0.0931 0.2636 0.0804 0.0814 0.0564 0.0629 0.0719 0.0595 0.0936 0.0736 0.0496 0.1228 0.0427 0.2979 0.0371 0.0556 0.0331 0.0407 0.1683 0.0623 0.1165 0.0338 0.1443 0.0320 0.0299 0.0264 0.0315 0.0505 0.0570 0.0308 0.0834 0.0269 0.0340 0.0343 0.0199 0.0163 0.0169 0.0381 0.0182 0.0194 0.0476 0.0232 0.0291 0.0181 0.0145 0.0189 0.0343 0.0537 0.0192 0.0134 0.0120 0.0517 0.0612 0.0559 0.0170 0.0102 0.0110 0.0112 0.0116 0.0179 0.0200 0.0128 0.0122 0.0126 0.0374 0.0111 0.0099 0.0112 0.0112 0.0789 0.0110 0.0052 0.0168 0.0227 0.0125 0.0107 0.0113 0.0066 0.0132 0.0060 0.0072 0.0301 0.0161 0.0087 0.0382],[2.0731 2.1312 0.5799 0.6195 0.6717 0.4285 0.4017 0.3373 0.2766 0.1939 0.2735 0.2313 0.2365 0.2596 0.1485 0.1663 0.3289 0.1452 0.1504 0.1157 0.1212 0.1354 0.1269 0.2002 0.1574 0.1232 0.2060 0.1302 0.3658 0.1246 0.1331 0.1266 0.1305 0.2270 0.1521 0.1995 0.1179 0.2157 0.1252 0.1260 0.1294 0.1496 0.1468 0.2289 0.1478 0.1977 0.1372 0.1399 0.1671 0.1327 0.1249 0.1389 0.1421 0.1337 0.1405 0.2001 0.1342 0.1413 0.1328 0.1420 0.1214 0.1847 0.2023 0.1531 0.1215 0.1381 0.2391 0.1953 0.2535 0.1483 0.1352 0.1551 0.1462 0.1399 0.1571 0.1975 0.1551 0.1627 0.1511 0.1700 0.1696 0.1513 0.1524 0.1825 0.2362 0.1668 0.1493 0.1882 0.2146 0.1829 0.1684 0.1693 0.1725 0.1744 0.1484 0.1686 0.2299 0.1781 0.1741 0.1837],[1.9731 1.3938 0.5413 0.3053 0.2449 0.2126 0.1909 0.1737 0.1594 0.1493 0.1417 0.1329 0.1261 0.1214 0.1154 0.1097 0.1060 0.1016 0.0976 0.0944 0.0897 0.0881 0.0854 0.0801 0.0799 0.0787 0.0753 0.0732 0.0720 0.0703 0.0676 0.0648 0.0638 0.0642 0.0598 0.0598 0.0578 0.0571 0.0555 0.0553 0.0530 0.0520 0.0504 0.0488 0.0504 0.0467 0.0459 0.0467 0.0437 0.0439 0.0427 0.0428 0.0417 0.0400 0.0398 0.0397 0.0398 0.0387 0.0375 0.0382 0.0361 0.0373 0.0345 0.0349 0.0345 0.0322 0.0335 0.0336 0.0318 0.0304 0.0317 0.0309 0.0297 0.0306 0.0278 0.0298 0.0279 0.0275 0.0286 0.0284 0.0272 0.0258 0.0285 0.0265 0.0257 0.0243 0.0261 0.0239 0.0254 0.0250 0.0242 0.0225 0.0239 0.0241 0.0231 0.0215 0.0238 0.0214 0.0212 0.0219]
