train_acc,valid_acc,test_acc,train_loss,valid_loss,train_aug_loss
0.9961395859718323,0.9696969985961914,0.9506350755691528,[2.0803 2.4331 1.1774 0.4796 0.3297 0.2451 0.4472 0.3235 0.3688 0.3127 0.1271 0.1450 0.1898 0.1593 0.1256 0.1513 0.1252 0.0751 0.0510 0.1861 0.1267 0.1229 0.1036 0.1424 0.1264 0.0790 0.0705 0.1004 0.1280 0.0405 0.1047 0.1272 0.0678 0.0799 0.0358 0.0738 0.0477 0.0476 0.0799 0.0475 0.0741 0.0445 0.0535 0.0674 0.0628 0.0796 0.0247 0.0264 0.0269 0.0382 0.0200 0.0236 0.0153 0.0324 0.0161 0.0422 0.0293 0.0384 0.0119 0.0236 0.0132 0.0122 0.0446 0.0395 0.0107 0.0136 0.0330 0.0539 0.0184 0.0138 0.0153 0.0154 0.0095 0.0104 0.0087 0.0086 0.0225 0.0126 0.0087 0.0568 0.0100 0.0330 0.0475 0.0084 0.0092 0.0198 0.0076 0.0111 0.0052 0.0239 0.0064 0.0126 0.0081 0.0075 0.0073 0.0044 0.0211 0.0061 0.0079 0.0738],[2.0799 2.8139 1.4500 0.6032 0.4219 0.3567 0.5888 0.4054 0.4560 0.3946 0.1839 0.2306 0.2390 0.2337 0.2188 0.2811 0.2212 0.1577 0.1006 0.3003 0.2334 0.2577 0.1933 0.2642 0.2358 0.1734 0.1777 0.1943 0.2270 0.1193 0.2034 0.2428 0.1473 0.1881 0.1152 0.1962 0.1341 0.1552 0.2322 0.1576 0.1998 0.1573 0.1680 0.2024 0.2082 0.1956 0.1212 0.1196 0.1267 0.1548 0.1239 0.1069 0.1032 0.1327 0.0968 0.1775 0.1472 0.1713 0.0968 0.1434 0.0990 0.1038 0.1949 0.1794 0.1249 0.1128 0.1866 0.2365 0.1381 0.1255 0.1517 0.1464 0.1179 0.1033 0.1092 0.1045 0.1647 0.1382 0.1116 0.2220 0.1440 0.2060 0.2163 0.1355 0.1387 0.1764 0.1229 0.1493 0.1170 0.1844 0.1242 0.1644 0.1356 0.1387 0.1389 0.1070 0.1859 0.1328 0.1394 0.2935],[1.9881 1.4459 0.5504 0.2993 0.2406 0.2087 0.1870 0.1720 0.1589 0.1482 0.1392 0.1323 0.1237 0.1208 0.1143 0.1092 0.1062 0.1024 0.0970 0.0943 0.0904 0.0871 0.0839 0.0814 0.0799 0.0778 0.0761 0.0734 0.0724 0.0685 0.0696 0.0663 0.0624 0.0631 0.0614 0.0587 0.0574 0.0569 0.0558 0.0545 0.0531 0.0535 0.0509 0.0494 0.0503 0.0485 0.0466 0.0464 0.0467 0.0449 0.0420 0.0441 0.0428 0.0421 0.0397 0.0392 0.0404 0.0394 0.0374 0.0384 0.0358 0.0342 0.0354 0.0342 0.0345 0.0343 0.0334 0.0333 0.0326 0.0312 0.0314 0.0299 0.0306 0.0288 0.0273 0.0296 0.0293 0.0288 0.0283 0.0281 0.0261 0.0269 0.0275 0.0260 0.0253 0.0260 0.0260 0.0231 0.0255 0.0244 0.0242 0.0235 0.0248 0.0231 0.0211 0.0232 0.0219 0.0219 0.0208 0.0228]
