train_acc,valid_acc,test_acc,train_loss,valid_loss,train_aug_loss
0.9772628545761108,0.9616648554801941,0.9425519704818726,[7.4006 3.3556 0.3125 0.2557 0.2636 0.1656 0.1847 0.1349 0.1275 0.1179 0.1187 0.0813 0.1035 0.0699 0.0861 0.0678 0.0519 0.0598 0.0547 0.0545 0.0548 0.0588 0.0620 0.0522 0.0388 0.0399 0.0859 0.0500 0.0369 0.0345 0.0394 0.0260 0.0325 0.0229 0.0219 0.0220 0.0352 0.0270 0.0206 0.0292 0.0224 0.0176 0.0186 0.0206 0.0195 0.0226 0.0145 0.0138 0.0135 0.0159 0.0129 0.0128 0.0122 0.0117 0.0098 0.0260 0.0197 0.0106 0.0109 0.0100 0.0098 0.0111 0.0080 0.0095 0.0093 0.0071 0.0095 0.0070 0.0076 0.0081 0.0069 0.0077 0.0069 0.0064 0.0065 0.0062 0.0067 0.0045 0.0048 0.0067 0.0076 0.0089 0.0081 0.0067 0.0077 0.0075 0.0050 0.0030 0.0037 0.0043 0.0044 0.0037 0.0039 0.0082 0.0049 0.0034 0.0050 0.0028 0.0024 0.0023],[7.0201 3.0638 0.3792 0.3281 0.2644 0.2373 0.2383 0.1967 0.1889 0.1858 0.1879 0.1526 0.1726 0.1403 0.1534 0.1666 0.1406 0.1479 0.1513 0.1530 0.1545 0.1487 0.1594 0.1642 0.1557 0.1671 0.1826 0.1688 0.1452 0.1612 0.1687 0.1641 0.1591 0.1474 0.1578 0.1511 0.1445 0.1593 0.1617 0.1802 0.1610 0.1548 0.1659 0.1697 0.1726 0.1720 0.1617 0.1914 0.1715 0.1644 0.1586 0.1594 0.1670 0.1679 0.1790 0.2283 0.1965 0.1998 0.1826 0.1889 0.2038 0.2092 0.1979 0.1810 0.1994 0.1784 0.1909 0.1866 0.1879 0.2035 0.1983 0.2022 0.2160 0.2075 0.1970 0.1718 0.1971 0.2017 0.2013 0.2106 0.1997 0.2297 0.2220 0.2249 0.2151 0.2208 0.2092 0.2116 0.2117 0.2048 0.2077 0.1928 0.2255 0.2258 0.2203 0.2213 0.2250 0.2381 0.2184 0.2361],[1.9655 1.2996 0.4352 0.2922 0.2448 0.2184 0.1984 0.1825 0.1688 0.1580 0.1467 0.1413 0.1340 0.1267 0.1227 0.1140 0.1093 0.1056 0.1024 0.0977 0.0955 0.0900 0.0905 0.0846 0.0853 0.0814 0.0784 0.0772 0.0738 0.0723 0.0706 0.0671 0.0669 0.0646 0.0628 0.0616 0.0575 0.0583 0.0567 0.0558 0.0529 0.0523 0.0515 0.0526 0.0508 0.0479 0.0482 0.0453 0.0456 0.0446 0.0445 0.0434 0.0413 0.0434 0.0409 0.0404 0.0397 0.0397 0.0397 0.0363 0.0362 0.0352 0.0344 0.0355 0.0343 0.0348 0.0329 0.0335 0.0321 0.0319 0.0315 0.0305 0.0303 0.0307 0.0316 0.0293 0.0291 0.0284 0.0286 0.0275 0.0273 0.0270 0.0265 0.0261 0.0263 0.0263 0.0264 0.0246 0.0231 0.0248 0.0245 0.0254 0.0252 0.0221 0.0253 0.0216 0.0239 0.0216 0.0220 0.0205]
