train_acc,valid_acc,test_acc,train_loss,valid_loss,train_aug_loss
0.9910118579864502,0.9740781188011169,0.9515011310577393,[2.0971 1.7456 0.5245 0.2366 0.3443 0.2756 0.2176 0.2223 0.1745 0.1511 0.1522 0.2422 0.1823 0.1513 0.1903 0.0875 0.1208 0.1297 0.0772 0.1201 0.0894 0.1503 0.0937 0.0832 0.1412 0.0811 0.0683 0.0758 0.1032 0.0995 0.0490 0.1018 0.1277 0.0552 0.1912 0.0539 0.0710 0.0439 0.0728 0.0499 0.0773 0.0454 0.0548 0.0469 0.0450 0.0851 0.0364 0.0609 0.1633 0.0742 0.0447 0.0744 0.0351 0.0417 0.0377 0.0486 0.0458 0.0347 0.0554 0.0309 0.0256 0.1284 0.0384 0.0528 0.0325 0.0273 0.0573 0.0309 0.0353 0.0274 0.0587 0.0307 0.0379 0.0258 0.0805 0.0233 0.0218 0.0440 0.0907 0.0236 0.0230 0.0430 0.0199 0.0203 0.0238 0.0220 0.0302 0.0206 0.0231 0.0508 0.0210 0.0283 0.0182 0.0301 0.0175 0.0159 0.1058 0.0256 0.0226 0.0531],[2.0954 1.6953 0.6148 0.2994 0.4246 0.3269 0.2724 0.2823 0.2137 0.2161 0.2127 0.2802 0.2567 0.2322 0.2236 0.1382 0.2051 0.1845 0.1366 0.1752 0.1650 0.2097 0.1505 0.1428 0.2232 0.1471 0.1367 0.1440 0.1741 0.1704 0.1167 0.1875 0.2311 0.1365 0.3183 0.1217 0.1491 0.1039 0.1565 0.1248 0.1725 0.1072 0.1439 0.1184 0.1251 0.1916 0.1101 0.1474 0.2950 0.1665 0.1068 0.1740 0.1047 0.1270 0.1203 0.1396 0.1383 0.1017 0.1524 0.0990 0.0969 0.2645 0.1276 0.1603 0.1195 0.1139 0.1701 0.1222 0.1336 0.1053 0.1853 0.1208 0.1285 0.1070 0.2093 0.0994 0.1034 0.1497 0.2094 0.1129 0.1014 0.1483 0.1057 0.1223 0.1198 0.1091 0.1279 0.1135 0.1210 0.1778 0.1027 0.1380 0.0986 0.1418 0.0994 0.1141 0.2742 0.1439 0.1247 0.1904],[1.9902 1.2876 0.5192 0.3685 0.3135 0.2802 0.2579 0.2403 0.2331 0.2148 0.2055 0.2014 0.1925 0.1855 0.1778 0.1719 0.1685 0.1658 0.1617 0.1554 0.1515 0.1476 0.1446 0.1415 0.1407 0.1370 0.1333 0.1331 0.1305 0.1289 0.1241 0.1247 0.1196 0.1186 0.1180 0.1183 0.1169 0.1115 0.1091 0.1091 0.1071 0.1065 0.1052 0.1024 0.0996 0.1008 0.0987 0.0986 0.0974 0.0958 0.0952 0.0935 0.0924 0.0903 0.0905 0.0885 0.0875 0.0890 0.0873 0.0844 0.0845 0.0839 0.0837 0.0828 0.0822 0.0795 0.0783 0.0796 0.0777 0.0783 0.0761 0.0748 0.0748 0.0725 0.0732 0.0736 0.0738 0.0732 0.0730 0.0691 0.0700 0.0700 0.0689 0.0686 0.0687 0.0673 0.0673 0.0666 0.0660 0.0655 0.0634 0.0638 0.0644 0.0610 0.0626 0.0600 0.0626 0.0619 0.0599 0.0584]
