train_acc,valid_acc,test_acc,train_loss,valid_loss,train_aug_loss
0.9862926602363586,0.9696969985961914,0.9408198595046997,[3.8086 0.5258 0.2983 0.3265 0.2066 0.2184 0.1826 0.1304 0.2115 0.0932 0.0968 0.1061 0.0883 0.0767 0.0703 0.0643 0.0605 0.0551 0.0607 0.0432 0.0493 0.0488 0.0428 0.0415 0.0461 0.0357 0.0336 0.0357 0.0324 0.0267 0.0281 0.0261 0.0373 0.0282 0.0248 0.0214 0.0197 0.0549 0.0207 0.0242 0.0265 0.0195 0.0199 0.0147 0.0147 0.0168 0.0362 0.0123 0.0138 0.0129 0.0123 0.0128 0.0119 0.0108 0.0119 0.0136 0.0121 0.0096 0.0229 0.0141 0.0089 0.0147 0.0100 0.0099 0.0068 0.0082 0.0102 0.0063 0.0067 0.0070 0.0089 0.0071 0.0054 0.0051 0.0049 0.0068 0.0079 0.0087 0.0053 0.0052 0.0049 0.0050 0.0062 0.0074 0.0043 0.0041 0.0045 0.0031 0.0033 0.0034 0.0064 0.0079 0.0029 0.0034 0.0040 0.0036 0.0034 0.0028 0.0022 0.0031],[3.5913 0.5581 0.3482 0.3766 0.2224 0.2866 0.2362 0.1742 0.2727 0.1378 0.1429 0.1766 0.1662 0.1417 0.1403 0.1416 0.1302 0.1359 0.1276 0.1244 0.1334 0.1299 0.1326 0.1406 0.1487 0.1302 0.1307 0.1569 0.1422 0.1252 0.1325 0.1380 0.1565 0.1314 0.1349 0.1397 0.1539 0.2144 0.1318 0.1396 0.1513 0.1524 0.1586 0.1413 0.1383 0.1631 0.1965 0.1348 0.1681 0.1509 0.1407 0.1503 0.1553 0.1524 0.1626 0.1763 0.1507 0.1514 0.2018 0.1716 0.1647 0.1711 0.1672 0.1508 0.1562 0.1719 0.1719 0.1514 0.1608 0.1508 0.1558 0.1744 0.1452 0.1593 0.1552 0.1891 0.1635 0.1861 0.1833 0.1824 0.1872 0.1967 0.1982 0.2102 0.1866 0.1760 0.1903 0.1827 0.1905 0.1824 0.2184 0.2693 0.1934 0.1963 0.1956 0.1951 0.1901 0.1908 0.2169 0.2193],[1.9715 1.0688 0.3850 0.2924 0.2489 0.2172 0.1988 0.1834 0.1656 0.1601 0.1495 0.1407 0.1346 0.1278 0.1204 0.1141 0.1103 0.1041 0.1021 0.0982 0.0931 0.0913 0.0885 0.0837 0.0817 0.0787 0.0774 0.0742 0.0719 0.0722 0.0690 0.0682 0.0647 0.0635 0.0623 0.0592 0.0571 0.0570 0.0577 0.0547 0.0532 0.0515 0.0505 0.0502 0.0494 0.0489 0.0466 0.0460 0.0440 0.0425 0.0429 0.0426 0.0417 0.0392 0.0407 0.0410 0.0381 0.0383 0.0370 0.0356 0.0371 0.0350 0.0345 0.0339 0.0343 0.0321 0.0340 0.0314 0.0306 0.0318 0.0294 0.0293 0.0302 0.0308 0.0285 0.0281 0.0290 0.0286 0.0259 0.0283 0.0258 0.0254 0.0256 0.0250 0.0245 0.0247 0.0241 0.0236 0.0243 0.0239 0.0236 0.0231 0.0235 0.0230 0.0229 0.0215 0.0223 0.0211 0.0217 0.0215]
