train_acc,valid_acc,test_acc,train_loss,valid_loss,train_aug_loss
0.9907534122467041,0.9689667820930481,0.9500577449798584,[2.3939 2.1248 0.6591 0.4043 0.3420 0.3391 0.2820 0.3004 0.4025 0.3574 0.1753 0.2380 0.1361 0.1547 0.1549 0.1693 0.2897 0.1013 0.1494 0.1271 0.1100 0.1297 0.1091 0.1268 0.1487 0.1005 0.0692 0.1599 0.0787 0.0953 0.1359 0.1056 0.2874 0.1605 0.0756 0.0948 0.0607 0.1718 0.0812 0.0989 0.1011 0.1314 0.0801 0.0571 0.1856 0.2854 0.0869 0.0656 0.0648 0.0791 0.0659 0.0564 0.0540 0.0391 0.0574 0.0397 0.0762 0.1132 0.0695 0.0731 0.1065 0.0417 0.0508 0.0379 0.0443 0.0548 0.0307 0.1716 0.0411 0.1224 0.0505 0.0347 0.1046 0.0404 0.0419 0.0381 0.0974 0.0361 0.0586 0.0606 0.0323 0.0359 0.0257 0.0525 0.0340 0.0441 0.0569 0.0706 0.0306 0.0958 0.0599 0.0359 0.0310 0.0302 0.0543 0.0280 0.0199 0.0261 0.0282 0.0465],[2.4004 2.0354 0.7773 0.4730 0.4241 0.4208 0.3616 0.3690 0.4566 0.4078 0.2234 0.2831 0.1912 0.2129 0.2175 0.2248 0.3254 0.1643 0.2124 0.1937 0.1862 0.1982 0.1694 0.1939 0.2140 0.1743 0.1245 0.2147 0.1465 0.1634 0.2198 0.1887 0.3326 0.2692 0.1461 0.1726 0.1324 0.2357 0.1664 0.1784 0.1753 0.2009 0.1483 0.1275 0.2296 0.3391 0.1803 0.1461 0.1445 0.1637 0.1487 0.1490 0.1467 0.1117 0.1473 0.1139 0.1686 0.2118 0.1568 0.1761 0.1804 0.1190 0.1476 0.1272 0.1338 0.1600 0.1032 0.2524 0.1296 0.2259 0.1431 0.1281 0.2148 0.1383 0.1339 0.1358 0.2069 0.1367 0.1708 0.1833 0.1276 0.1352 0.1118 0.1556 0.1296 0.1583 0.1548 0.2034 0.1320 0.2099 0.1866 0.1437 0.1445 0.1452 0.1686 0.1394 0.1160 0.1286 0.1340 0.1895],[2.0585 1.7861 1.1367 0.5362 0.4086 0.3499 0.3159 0.2918 0.2741 0.2576 0.2431 0.2327 0.2194 0.2151 0.2039 0.1972 0.1927 0.1865 0.1801 0.1762 0.1729 0.1663 0.1649 0.1586 0.1548 0.1513 0.1493 0.1462 0.1419 0.1390 0.1383 0.1363 0.1331 0.1301 0.1271 0.1263 0.1252 0.1204 0.1209 0.1167 0.1155 0.1136 0.1132 0.1114 0.1103 0.1079 0.1062 0.1077 0.1029 0.1047 0.1020 0.0998 0.0995 0.0972 0.0965 0.0955 0.0941 0.0946 0.0916 0.0916 0.0904 0.0882 0.0876 0.0863 0.0862 0.0856 0.0856 0.0835 0.0831 0.0821 0.0822 0.0819 0.0799 0.0798 0.0788 0.0778 0.0762 0.0743 0.0751 0.0753 0.0741 0.0717 0.0713 0.0726 0.0707 0.0686 0.0709 0.0689 0.0684 0.0673 0.0657 0.0648 0.0673 0.0648 0.0640 0.0667 0.0646 0.0639 0.0627 0.0622]
