train_acc,valid_acc,test_acc,train_loss,valid_loss,train_aug_loss
0.9855256080627441,0.9686017036437988,0.9483256340026855,[2.0845 1.0224 0.2962 0.1956 0.1946 0.1785 0.1559 0.1441 0.1319 0.1363 0.1150 0.1433 0.0957 0.0994 0.1171 0.1183 0.0891 0.0798 0.0789 0.0707 0.0889 0.0682 0.0628 0.0640 0.0592 0.0657 0.0635 0.0692 0.0707 0.0531 0.0520 0.0478 0.0585 0.0559 0.0553 0.0556 0.0431 0.0440 0.0576 0.0512 0.0532 0.0541 0.0419 0.0365 0.0555 0.0732 0.0388 0.0441 0.0613 0.0410 0.0359 0.0344 0.0549 0.0401 0.0496 0.0345 0.0308 0.0309 0.0477 0.0346 0.0292 0.0395 0.0333 0.0361 0.0260 0.0348 0.0276 0.0530 0.0236 0.0279 0.0302 0.0212 0.0226 0.0216 0.0592 0.0335 0.0289 0.0181 0.0248 0.0180 0.0212 0.0223 0.0188 0.0256 0.0264 0.0274 0.0230 0.0480 0.0352 0.0156 0.0215 0.0181 0.0325 0.0126 0.0135 0.0196 0.0169 0.0150 0.0219 0.0171],[2.0818 1.0051 0.3500 0.2350 0.2502 0.2080 0.1983 0.1706 0.1703 0.1948 0.1523 0.1729 0.1354 0.1471 0.1714 0.1661 0.1466 0.1332 0.1287 0.1195 0.1566 0.1263 0.1283 0.1319 0.1203 0.1220 0.1314 0.1527 0.1506 0.1163 0.1226 0.1176 0.1429 0.1329 0.1294 0.1435 0.1110 0.1158 0.1494 0.1273 0.1411 0.1524 0.1358 0.1211 0.1527 0.1684 0.1253 0.1407 0.1628 0.1392 0.1233 0.1252 0.1744 0.1456 0.1681 0.1375 0.1292 0.1265 0.1625 0.1392 0.1453 0.1486 0.1463 0.1443 0.1277 0.1477 0.1413 0.1759 0.1310 0.1340 0.1372 0.1350 0.1316 0.1410 0.2301 0.1553 0.1459 0.1239 0.1405 0.1356 0.1410 0.1425 0.1329 0.1430 0.1422 0.1614 0.1488 0.1995 0.1819 0.1337 0.1460 0.1471 0.1855 0.1444 0.1367 0.1411 0.1477 0.1357 0.1783 0.1562],[1.9992 1.1959 0.4813 0.3630 0.3130 0.2835 0.2693 0.2456 0.2331 0.2239 0.2129 0.2058 0.1956 0.1913 0.1851 0.1766 0.1728 0.1677 0.1643 0.1604 0.1551 0.1516 0.1514 0.1453 0.1411 0.1388 0.1384 0.1371 0.1310 0.1317 0.1282 0.1244 0.1239 0.1220 0.1226 0.1175 0.1131 0.1147 0.1120 0.1110 0.1104 0.1084 0.1064 0.1050 0.1041 0.1021 0.1032 0.1025 0.0988 0.0971 0.0984 0.0949 0.0938 0.0948 0.0920 0.0907 0.0904 0.0893 0.0876 0.0881 0.0877 0.0877 0.0844 0.0860 0.0834 0.0830 0.0800 0.0809 0.0802 0.0801 0.0817 0.0751 0.0758 0.0740 0.0765 0.0746 0.0770 0.0734 0.0742 0.0729 0.0726 0.0725 0.0718 0.0711 0.0706 0.0673 0.0703 0.0665 0.0662 0.0689 0.0688 0.0658 0.0656 0.0635 0.0633 0.0640 0.0638 0.0619 0.0617 0.0613]
