train_acc,valid_acc,test_acc,train_loss,valid_loss,train_aug_loss
0.9820821285247803,0.9660459756851196,0.937355637550354,[2.1515 1.4090 0.7808 0.4011 0.2318 0.2623 0.2503 0.2752 0.1599 0.2308 0.1550 0.1414 0.1227 0.1296 0.1939 0.1280 0.1515 0.0840 0.1004 0.1442 0.0875 0.0710 0.0690 0.1029 0.0877 0.0794 0.0575 0.1066 0.1345 0.0612 0.0642 0.0652 0.0599 0.0599 0.0714 0.0669 0.0485 0.0797 0.0531 0.0507 0.0981 0.0413 0.0421 0.0402 0.0697 0.0384 0.0483 0.0634 0.0340 0.0483 0.0625 0.1246 0.0422 0.0365 0.0394 0.0370 0.0533 0.1214 0.0321 0.0489 0.0310 0.0317 0.0332 0.0372 0.0473 0.0286 0.0288 0.0262 0.0270 0.0587 0.0263 0.0327 0.0355 0.0269 0.0259 0.0278 0.0594 0.0218 0.0217 0.0202 0.0254 0.0211 0.0218 0.0213 0.0294 0.0229 0.0236 0.0210 0.0312 0.0583 0.0229 0.0262 0.0247 0.0288 0.0217 0.0456 0.0248 0.0221 0.0240 0.0204],[2.1601 1.3614 0.8480 0.4547 0.2942 0.3180 0.3059 0.3367 0.1949 0.2941 0.2062 0.1977 0.1588 0.1870 0.2933 0.2040 0.2216 0.1422 0.1594 0.2495 0.1518 0.1161 0.1357 0.2014 0.1488 0.1511 0.1021 0.2016 0.2663 0.1232 0.1225 0.1365 0.1511 0.1434 0.1627 0.1442 0.1237 0.1765 0.1304 0.1343 0.2153 0.1123 0.1108 0.1080 0.1933 0.1138 0.1297 0.1677 0.1058 0.1601 0.1723 0.2547 0.1410 0.1282 0.1408 0.1335 0.1673 0.2887 0.1219 0.1853 0.1216 0.1344 0.1222 0.1280 0.1812 0.1273 0.1211 0.1235 0.1196 0.1957 0.1164 0.1440 0.1424 0.1334 0.1231 0.1295 0.2039 0.1196 0.1206 0.1286 0.1470 0.1237 0.1295 0.1224 0.1614 0.1383 0.1443 0.1271 0.1656 0.2179 0.1235 0.1517 0.1342 0.1663 0.1402 0.2185 0.1450 0.1493 0.1673 0.1454],[2.0150 1.4837 0.6294 0.3782 0.3215 0.2766 0.2546 0.2400 0.2247 0.2173 0.2062 0.1979 0.1920 0.1842 0.1810 0.1728 0.1697 0.1660 0.1597 0.1581 0.1515 0.1500 0.1451 0.1450 0.1391 0.1373 0.1356 0.1316 0.1294 0.1268 0.1239 0.1230 0.1233 0.1191 0.1158 0.1161 0.1138 0.1121 0.1099 0.1085 0.1084 0.1094 0.1029 0.1039 0.1033 0.1012 0.0997 0.0970 0.0969 0.0944 0.0928 0.0941 0.0909 0.0929 0.0884 0.0875 0.0887 0.0888 0.0876 0.0868 0.0864 0.0834 0.0834 0.0810 0.0791 0.0809 0.0807 0.0776 0.0792 0.0775 0.0781 0.0771 0.0750 0.0754 0.0750 0.0740 0.0716 0.0706 0.0716 0.0699 0.0702 0.0676 0.0676 0.0678 0.0662 0.0677 0.0666 0.0657 0.0639 0.0651 0.0633 0.0619 0.0629 0.0630 0.0607 0.0613 0.0607 0.0597 0.0604 0.0595]
