train_acc,valid_acc,test_acc,train_loss,valid_loss,train_aug_loss
0.9908784627914429,0.9711573719978333,0.9451501369476318,[2.0809 1.7764 0.8466 0.5665 0.4752 0.3367 0.2623 0.3120 0.4066 0.2618 0.2547 0.1603 0.1705 0.2541 0.2042 0.1900 0.2040 0.1726 0.1712 0.2161 0.1011 0.2344 0.1268 0.2059 0.1569 0.1473 0.2042 0.1431 0.1508 0.1319 0.1253 0.2048 0.1417 0.1746 0.1100 0.1813 0.0745 0.1807 0.1577 0.0886 0.1190 0.0806 0.1344 0.1252 0.1349 0.0836 0.0986 0.1231 0.1046 0.0847 0.0762 0.1013 0.0893 0.1347 0.0737 0.1096 0.0648 0.0730 0.0592 0.0741 0.0702 0.0536 0.1100 0.0581 0.0382 0.1172 0.0877 0.0448 0.0754 0.0537 0.0644 0.1038 0.1618 0.0937 0.0864 0.0640 0.0590 0.0999 0.0477 0.0409 0.0565 0.0345 0.0268 0.0826 0.0278 0.0658 0.0674 0.1145 0.0313 0.0856 0.0896 0.0728 0.1574 0.0284 0.0303 0.0565 0.0715 0.1013 0.0845 0.0324],[2.0706 1.8576 0.9851 0.6872 0.5797 0.4171 0.3279 0.4008 0.4835 0.3093 0.3171 0.2035 0.2180 0.3119 0.2596 0.2431 0.2718 0.2164 0.2274 0.3008 0.1446 0.3166 0.1855 0.2857 0.2258 0.2208 0.2977 0.2202 0.2286 0.1921 0.2035 0.3023 0.2147 0.2632 0.1742 0.2503 0.1341 0.2749 0.2573 0.1611 0.1968 0.1595 0.2424 0.2299 0.2324 0.1709 0.2034 0.2365 0.1942 0.1715 0.1752 0.2125 0.1979 0.2457 0.1694 0.2124 0.1568 0.1756 0.1479 0.1638 0.1874 0.1501 0.2314 0.1563 0.1209 0.2467 0.2082 0.1461 0.1952 0.1673 0.1886 0.2498 0.3077 0.2258 0.2123 0.1896 0.1727 0.2365 0.1524 0.1490 0.1665 0.1435 0.1186 0.2147 0.1203 0.1908 0.1999 0.2415 0.1357 0.2194 0.2341 0.2223 0.3373 0.1360 0.1386 0.1989 0.2072 0.2583 0.2513 0.1467],[2.0725 1.8099 1.1491 0.5404 0.3887 0.3387 0.3067 0.2795 0.2651 0.2486 0.2395 0.2279 0.2203 0.2108 0.2034 0.1934 0.1901 0.1811 0.1808 0.1721 0.1703 0.1650 0.1622 0.1580 0.1552 0.1486 0.1488 0.1435 0.1447 0.1371 0.1363 0.1321 0.1316 0.1281 0.1273 0.1247 0.1223 0.1193 0.1193 0.1166 0.1153 0.1125 0.1114 0.1104 0.1084 0.1078 0.1058 0.1045 0.1046 0.1013 0.1008 0.0966 0.0966 0.0968 0.0937 0.0928 0.0926 0.0915 0.0922 0.0890 0.0892 0.0865 0.0893 0.0849 0.0856 0.0822 0.0824 0.0800 0.0813 0.0793 0.0786 0.0800 0.0767 0.0765 0.0745 0.0736 0.0753 0.0728 0.0747 0.0725 0.0710 0.0726 0.0716 0.0691 0.0693 0.0688 0.0681 0.0663 0.0659 0.0658 0.0665 0.0662 0.0632 0.0635 0.0636 0.0620 0.0614 0.0634 0.0620 0.0616]
