train_acc,valid_acc,test_acc,train_loss,valid_loss,train_aug_loss
0.9907701015472412,0.9693318605422974,0.9497690796852112,[2.0797 1.8815 0.9519 0.6102 0.3379 0.2264 0.2860 0.1988 0.1598 0.1707 0.1600 0.1701 0.1295 0.1161 0.1357 0.1000 0.1922 0.1205 0.0920 0.0930 0.1243 0.0789 0.1086 0.0994 0.0904 0.1472 0.0843 0.0928 0.0815 0.0703 0.1085 0.0891 0.0716 0.0651 0.0772 0.0749 0.0654 0.1084 0.0549 0.0591 0.0663 0.1175 0.0503 0.0607 0.0650 0.0483 0.0900 0.0434 0.0570 0.0508 0.0611 0.0384 0.0385 0.0646 0.0560 0.0550 0.0448 0.0776 0.0492 0.0588 0.1122 0.0404 0.0449 0.0370 0.0353 0.0498 0.0331 0.0818 0.0454 0.0536 0.0384 0.0292 0.0335 0.0292 0.0418 0.0340 0.0348 0.0305 0.0252 0.0297 0.0712 0.0304 0.0271 0.0266 0.0316 0.0340 0.0241 0.0567 0.0437 0.0192 0.0589 0.0231 0.0509 0.0184 0.0243 0.0215 0.0322 0.0295 0.0231 0.0229],[2.0805 1.9245 0.9683 0.7719 0.3823 0.2896 0.3074 0.2318 0.1995 0.2194 0.2255 0.2027 0.1641 0.1749 0.2064 0.1481 0.2844 0.1655 0.1311 0.1614 0.1851 0.1344 0.1517 0.1745 0.1669 0.2338 0.1404 0.1465 0.1501 0.1402 0.1858 0.1543 0.1424 0.1344 0.1512 0.1470 0.1382 0.1886 0.1288 0.1294 0.1202 0.2244 0.1230 0.1385 0.1411 0.1201 0.1726 0.1195 0.1451 0.1286 0.1457 0.1116 0.1139 0.1431 0.1490 0.1506 0.1280 0.1887 0.1206 0.1472 0.2272 0.1200 0.1189 0.1121 0.1106 0.1466 0.1058 0.1637 0.1281 0.1635 0.1205 0.1211 0.1253 0.1229 0.1478 0.1283 0.1238 0.1159 0.1113 0.1160 0.1818 0.1247 0.1201 0.1239 0.1295 0.1299 0.1201 0.1813 0.1538 0.1083 0.1770 0.1212 0.1801 0.1068 0.1174 0.1230 0.1518 0.1429 0.1304 0.1223],[2.0549 1.8200 1.2465 0.5499 0.3980 0.3401 0.3071 0.2838 0.2647 0.2446 0.2355 0.2254 0.2158 0.2089 0.2018 0.1944 0.1895 0.1838 0.1795 0.1735 0.1691 0.1646 0.1605 0.1599 0.1542 0.1477 0.1479 0.1457 0.1406 0.1389 0.1354 0.1366 0.1306 0.1301 0.1264 0.1266 0.1234 0.1212 0.1194 0.1177 0.1178 0.1140 0.1112 0.1114 0.1091 0.1068 0.1067 0.1046 0.1066 0.1021 0.1039 0.1002 0.0976 0.0982 0.0975 0.0989 0.0948 0.0907 0.0917 0.0912 0.0917 0.0892 0.0892 0.0871 0.0869 0.0837 0.0877 0.0837 0.0848 0.0816 0.0805 0.0795 0.0790 0.0783 0.0782 0.0776 0.0781 0.0762 0.0760 0.0756 0.0758 0.0740 0.0719 0.0737 0.0706 0.0717 0.0683 0.0694 0.0688 0.0703 0.0691 0.0660 0.0660 0.0652 0.0655 0.0637 0.0644 0.0631 0.0633 0.0632]
