train_acc,valid_acc,test_acc,train_loss,valid_loss,train_aug_loss
0.9854922890663147,0.9711573719978333,0.9506350755691528,[2.0853 3.9825 1.0796 0.3351 0.3315 0.4587 0.2735 0.3201 0.3353 0.2485 0.2480 0.2060 0.1576 0.1722 0.1317 0.2061 0.1859 0.1519 0.2364 0.1502 0.1363 0.1386 0.1113 0.1050 0.1247 0.1037 0.0758 0.1116 0.1099 0.1173 0.0965 0.0929 0.0983 0.0755 0.1362 0.0603 0.1036 0.0692 0.0805 0.1304 0.0805 0.0785 0.0531 0.0649 0.0477 0.0765 0.0681 0.1165 0.0769 0.0504 0.0416 0.0568 0.0410 0.0550 0.0425 0.0514 0.0473 0.0435 0.0498 0.0416 0.0672 0.0407 0.0467 0.0471 0.0658 0.0440 0.0522 0.0305 0.0335 0.0570 0.0283 0.0647 0.0350 0.0334 0.0403 0.0426 0.0646 0.0415 0.0226 0.0333 0.0305 0.0265 0.0362 0.0453 0.0408 0.0419 0.0214 0.0268 0.0272 0.0249 0.0207 0.0241 0.0276 0.0277 0.0210 0.0267 0.0804 0.0296 0.0198 0.0192],[2.0808 3.7976 0.9867 0.3644 0.3724 0.5262 0.3100 0.3579 0.3704 0.2942 0.2772 0.2469 0.1895 0.2174 0.1790 0.2420 0.2221 0.1838 0.3055 0.1978 0.2181 0.2137 0.1625 0.1747 0.1864 0.1654 0.1171 0.1813 0.1590 0.1806 0.1522 0.1469 0.1463 0.1412 0.2152 0.1114 0.1629 0.1287 0.1535 0.2121 0.1447 0.1328 0.1115 0.1426 0.0977 0.1572 0.1295 0.1989 0.1722 0.1293 0.1060 0.1288 0.1163 0.1422 0.1191 0.1376 0.1284 0.1188 0.1223 0.1304 0.1688 0.1203 0.1411 0.1328 0.1753 0.1330 0.1657 0.1068 0.1212 0.1540 0.1025 0.1845 0.1232 0.1343 0.1343 0.1387 0.1781 0.1255 0.1038 0.1363 0.1171 0.1216 0.1492 0.1732 0.1591 0.1451 0.1114 0.1263 0.1323 0.1216 0.1143 0.1266 0.1155 0.1175 0.1190 0.1380 0.2198 0.1374 0.1177 0.1317],[2.0649 1.7769 1.1712 0.5790 0.4128 0.3497 0.3162 0.2908 0.2682 0.2593 0.2407 0.2289 0.2218 0.2108 0.2056 0.1956 0.1892 0.1857 0.1818 0.1750 0.1705 0.1654 0.1622 0.1601 0.1544 0.1510 0.1491 0.1499 0.1425 0.1419 0.1374 0.1363 0.1321 0.1317 0.1289 0.1287 0.1247 0.1234 0.1225 0.1180 0.1178 0.1172 0.1141 0.1122 0.1128 0.1080 0.1078 0.1067 0.1064 0.1057 0.1030 0.1029 0.0985 0.0990 0.0960 0.0967 0.0941 0.0946 0.0942 0.0899 0.0908 0.0893 0.0897 0.0886 0.0865 0.0879 0.0853 0.0829 0.0836 0.0825 0.0840 0.0815 0.0804 0.0790 0.0818 0.0796 0.0774 0.0762 0.0764 0.0746 0.0757 0.0749 0.0740 0.0734 0.0722 0.0723 0.0702 0.0694 0.0687 0.0689 0.0686 0.0681 0.0683 0.0677 0.0664 0.0670 0.0645 0.0649 0.0665 0.0617]
