train_acc,valid_acc,test_acc,train_loss,valid_loss,train_aug_loss
0.9942469596862793,0.9737130403518677,0.9540992975234985,[2.0854 2.3507 0.6785 1.0715 0.5016 0.2478 0.3100 0.1975 0.2206 0.3021 0.2245 0.2062 0.1876 0.1987 0.1917 0.1054 0.1706 0.2184 0.1047 0.1066 0.1236 0.0904 0.1628 0.0940 0.0762 0.1009 0.0897 0.1433 0.0968 0.1623 0.2471 0.0762 0.0785 0.0563 0.1058 0.0482 0.1428 0.0737 0.0471 0.0524 0.0553 0.0668 0.0416 0.1110 0.0586 0.0481 0.0422 0.1247 0.0613 0.0391 0.0503 0.0349 0.0635 0.0439 0.0337 0.0359 0.0285 0.0578 0.0404 0.0352 0.0486 0.0461 0.0431 0.0527 0.0589 0.0305 0.0412 0.0402 0.0365 0.0441 0.0264 0.0583 0.0250 0.0376 0.0237 0.0373 0.0245 0.0272 0.0300 0.0313 0.0243 0.0392 0.0458 0.0232 0.0366 0.0189 0.0348 0.0367 0.0165 0.0216 0.0253 0.0177 0.0201 0.0377 0.0375 0.0235 0.0172 0.0150 0.0308 0.0225],[2.0833 2.5743 0.7672 1.2073 0.5250 0.2794 0.3574 0.2389 0.2588 0.3163 0.2543 0.2593 0.2191 0.2325 0.2310 0.1347 0.1990 0.2728 0.1548 0.1418 0.1717 0.1286 0.1946 0.1378 0.1302 0.1426 0.1398 0.1979 0.1503 0.2033 0.2887 0.1379 0.1308 0.1150 0.1548 0.1061 0.2345 0.1373 0.1056 0.1210 0.1148 0.1374 0.1067 0.1948 0.1292 0.1309 0.1077 0.2359 0.1287 0.1025 0.1385 0.1129 0.1562 0.1214 0.0981 0.1080 0.1038 0.1476 0.1145 0.1220 0.1415 0.1279 0.1220 0.1402 0.1247 0.1048 0.1153 0.1259 0.1147 0.1556 0.1095 0.1523 0.1098 0.1439 0.1069 0.1341 0.1235 0.1138 0.1316 0.1425 0.1181 0.1608 0.1467 0.1109 0.1185 0.0956 0.1350 0.1448 0.0955 0.1154 0.1265 0.1063 0.1032 0.1329 0.1461 0.1222 0.1162 0.1027 0.1331 0.1305],[2.0185 1.4643 0.6209 0.3940 0.3343 0.3018 0.2743 0.2550 0.2382 0.2232 0.2146 0.2040 0.1967 0.1912 0.1832 0.1782 0.1722 0.1699 0.1643 0.1621 0.1589 0.1506 0.1473 0.1466 0.1434 0.1395 0.1363 0.1348 0.1340 0.1295 0.1270 0.1238 0.1252 0.1224 0.1181 0.1159 0.1133 0.1130 0.1124 0.1100 0.1093 0.1075 0.1080 0.1048 0.1021 0.1015 0.1002 0.0970 0.0988 0.0959 0.0962 0.0940 0.0932 0.0935 0.0913 0.0883 0.0877 0.0874 0.0862 0.0878 0.0845 0.0852 0.0842 0.0824 0.0839 0.0813 0.0813 0.0795 0.0795 0.0766 0.0786 0.0763 0.0762 0.0761 0.0742 0.0740 0.0726 0.0697 0.0735 0.0715 0.0723 0.0702 0.0693 0.0691 0.0694 0.0679 0.0683 0.0650 0.0659 0.0649 0.0651 0.0666 0.0653 0.0642 0.0621 0.0640 0.0624 0.0622 0.0621 0.0604]
