train_acc,valid_acc,test_acc,train_loss,valid_loss,train_aug_loss
0.9857090711593628,0.9675064086914062,0.9445727467536926,[2.2323 1.3211 0.3137 0.2653 0.1701 0.2041 0.1704 0.1351 0.1657 0.1356 0.1149 0.1411 0.1064 0.1202 0.0946 0.1228 0.0852 0.1037 0.1090 0.0735 0.0764 0.0733 0.0862 0.0686 0.0671 0.0621 0.0624 0.0560 0.0558 0.0568 0.0593 0.0843 0.0581 0.0473 0.0526 0.0446 0.0480 0.0477 0.0442 0.0573 0.0417 0.0443 0.0589 0.0389 0.0523 0.0393 0.0382 0.0364 0.0393 0.0408 0.0438 0.0346 0.0358 0.0386 0.0387 0.0315 0.0337 0.0339 0.0539 0.0740 0.0286 0.0332 0.0298 0.0374 0.0239 0.0246 0.0237 0.0278 0.0236 0.0281 0.0216 0.0224 0.0439 0.0295 0.0422 0.0180 0.0198 0.0258 0.0241 0.0290 0.0365 0.0332 0.0370 0.0459 0.0185 0.0202 0.0184 0.0310 0.0216 0.0298 0.0167 0.0171 0.0155 0.0228 0.0175 0.0483 0.0203 0.0168 0.0169 0.0201],[2.2325 1.3139 0.3570 0.2804 0.1782 0.2388 0.2052 0.1683 0.1987 0.1781 0.1591 0.1773 0.1474 0.1653 0.1368 0.1841 0.1246 0.1577 0.1599 0.1198 0.1283 0.1191 0.1340 0.1159 0.1196 0.1212 0.1117 0.1126 0.1077 0.1113 0.1135 0.1535 0.1265 0.0942 0.1167 0.1049 0.1163 0.1093 0.1015 0.1304 0.0997 0.1067 0.1303 0.1062 0.1406 0.1155 0.1054 0.1129 0.1188 0.1201 0.1222 0.1054 0.1112 0.1156 0.1225 0.1043 0.1086 0.1118 0.1392 0.1854 0.1072 0.1216 0.1168 0.1276 0.0997 0.1104 0.1044 0.1043 0.1088 0.1261 0.1131 0.1028 0.1458 0.1102 0.1564 0.1065 0.1188 0.1207 0.1213 0.1190 0.1335 0.1315 0.1588 0.1684 0.1178 0.1180 0.1223 0.1342 0.1249 0.1477 0.1190 0.1128 0.1184 0.1290 0.1154 0.2017 0.1362 0.1095 0.1170 0.1285],[2.0217 1.3002 0.5321 0.3950 0.3356 0.3033 0.2767 0.2605 0.2442 0.2347 0.2238 0.2164 0.2082 0.1959 0.1915 0.1888 0.1782 0.1748 0.1723 0.1663 0.1604 0.1567 0.1536 0.1524 0.1476 0.1482 0.1429 0.1383 0.1385 0.1351 0.1311 0.1300 0.1303 0.1296 0.1245 0.1220 0.1205 0.1199 0.1174 0.1150 0.1145 0.1107 0.1129 0.1097 0.1060 0.1091 0.1044 0.1045 0.1030 0.1005 0.1020 0.1004 0.0982 0.0965 0.0965 0.0962 0.0941 0.0930 0.0927 0.0914 0.0901 0.0911 0.0897 0.0877 0.0874 0.0859 0.0851 0.0842 0.0836 0.0823 0.0822 0.0806 0.0800 0.0818 0.0777 0.0781 0.0767 0.0754 0.0769 0.0755 0.0768 0.0734 0.0720 0.0749 0.0716 0.0722 0.0698 0.0718 0.0705 0.0696 0.0702 0.0696 0.0666 0.0683 0.0674 0.0658 0.0655 0.0678 0.0665 0.0645]
