train_acc,valid_acc,test_acc,train_loss,valid_loss,train_aug_loss
0.9865094423294067,0.9678714871406555,0.9494803547859192,[6.2583 2.6813 0.3147 0.2075 0.1883 0.1347 0.1738 0.1532 0.0954 0.0947 0.1104 0.1435 0.1046 0.0783 0.0749 0.0620 0.0795 0.0505 0.0680 0.0585 0.0707 0.0415 0.0507 0.0426 0.0492 0.0394 0.0364 0.0623 0.0335 0.0329 0.0524 0.0354 0.0267 0.0279 0.0269 0.0257 0.0235 0.0222 0.0220 0.0358 0.0190 0.0217 0.0183 0.0197 0.0155 0.0237 0.0159 0.0173 0.0161 0.0147 0.0229 0.0172 0.0163 0.0133 0.0118 0.0145 0.0144 0.0121 0.0092 0.0127 0.0089 0.0120 0.0109 0.0098 0.0091 0.0115 0.0136 0.0071 0.0127 0.0076 0.0073 0.0068 0.0078 0.0112 0.0061 0.0061 0.0204 0.0070 0.0102 0.0086 0.0052 0.0059 0.0041 0.0045 0.0090 0.0065 0.0049 0.0050 0.0046 0.0037 0.0047 0.0032 0.0072 0.0039 0.0036 0.0035 0.0025 0.0039 0.0049 0.0048],[5.6472 2.3366 0.3023 0.2237 0.2280 0.1572 0.1987 0.1767 0.1384 0.1418 0.1507 0.2097 0.1516 0.1228 0.1277 0.1218 0.1371 0.1186 0.1343 0.1454 0.1484 0.1126 0.1273 0.1168 0.1227 0.1239 0.1272 0.1620 0.1266 0.1201 0.1862 0.1449 0.1247 0.1207 0.1224 0.1290 0.1204 0.1324 0.1170 0.1243 0.1128 0.1373 0.1438 0.1227 0.1298 0.1434 0.1333 0.1489 0.1469 0.1416 0.1796 0.1300 0.1354 0.1423 0.1361 0.1353 0.1367 0.1452 0.1420 0.1549 0.1453 0.1472 0.1380 0.1438 0.1587 0.1578 0.1705 0.1309 0.1630 0.1540 0.1469 0.1384 0.1602 0.1871 0.1470 0.1445 0.2271 0.1563 0.1629 0.1633 0.1581 0.1676 0.1693 0.1595 0.1740 0.1742 0.1555 0.1548 0.1629 0.1455 0.1704 0.1847 0.1851 0.1539 0.1649 0.1539 0.1514 0.1683 0.1635 0.1886],[1.9731 1.2293 0.4051 0.2872 0.2391 0.2143 0.1921 0.1779 0.1670 0.1550 0.1457 0.1357 0.1298 0.1265 0.1190 0.1136 0.1072 0.1020 0.1009 0.0967 0.0948 0.0907 0.0865 0.0868 0.0819 0.0816 0.0780 0.0754 0.0743 0.0708 0.0696 0.0666 0.0659 0.0629 0.0609 0.0627 0.0589 0.0585 0.0580 0.0546 0.0550 0.0531 0.0527 0.0517 0.0489 0.0493 0.0499 0.0456 0.0448 0.0452 0.0465 0.0433 0.0426 0.0433 0.0407 0.0410 0.0404 0.0410 0.0371 0.0360 0.0379 0.0365 0.0361 0.0349 0.0357 0.0351 0.0323 0.0323 0.0327 0.0327 0.0320 0.0328 0.0299 0.0299 0.0282 0.0304 0.0292 0.0295 0.0285 0.0272 0.0277 0.0250 0.0260 0.0265 0.0260 0.0249 0.0248 0.0245 0.0253 0.0249 0.0236 0.0240 0.0235 0.0228 0.0229 0.0227 0.0218 0.0230 0.0220 0.0229]
