train_acc,valid_acc,test_acc,train_loss,valid_loss,train_aug_loss
0.987276554107666,0.9696969985961914,0.956986129283905,[2.0747 1.8687 1.4861 0.5455 0.2474 0.2060 0.2764 0.1558 0.1447 0.1360 0.1322 0.1348 0.1183 0.1168 0.1069 0.1047 0.1486 0.2052 0.1270 0.1135 0.0764 0.0878 0.1017 0.0775 0.0715 0.1247 0.1034 0.0797 0.0829 0.0717 0.0558 0.0920 0.0911 0.1018 0.0569 0.0519 0.0905 0.0797 0.0882 0.0538 0.0500 0.0527 0.0590 0.0758 0.0629 0.0586 0.0497 0.0388 0.0400 0.0457 0.0490 0.0921 0.0568 0.0665 0.0554 0.0393 0.0833 0.0370 0.0443 0.0466 0.0471 0.0479 0.0452 0.0346 0.0427 0.0612 0.0380 0.0580 0.0333 0.0731 0.0373 0.0502 0.0494 0.0339 0.0290 0.0474 0.0330 0.0573 0.0284 0.0305 0.0350 0.0297 0.0221 0.0463 0.0245 0.0246 0.0464 0.0199 0.0318 0.0340 0.0406 0.0311 0.0161 0.0226 0.0216 0.0208 0.0162 0.0242 0.0304 0.0283],[2.0726 1.8632 1.3497 0.4965 0.2917 0.2339 0.2808 0.1957 0.1796 0.1734 0.1623 0.1726 0.1607 0.1604 0.1547 0.1525 0.2082 0.2866 0.2003 0.1699 0.1331 0.1372 0.1603 0.1393 0.1293 0.1849 0.1864 0.1403 0.1449 0.1350 0.1200 0.1622 0.1803 0.1882 0.1369 0.1222 0.1624 0.1594 0.1997 0.1307 0.1254 0.1328 0.1454 0.1832 0.1590 0.1565 0.1452 0.1169 0.1351 0.1435 0.1424 0.2031 0.1553 0.1609 0.1565 0.1378 0.1908 0.1446 0.1503 0.1493 0.1493 0.1481 0.1556 0.1376 0.1601 0.1830 0.1522 0.1838 0.1461 0.1968 0.1547 0.1860 0.1674 0.1492 0.1478 0.1605 0.1490 0.1892 0.1467 0.1434 0.1608 0.1508 0.1292 0.1703 0.1469 0.1467 0.1862 0.1476 0.1614 0.1742 0.1760 0.1615 0.1416 0.1636 0.1393 0.1568 0.1444 0.1645 0.1692 0.1617],[2.1092 1.8756 1.6674 0.9760 0.4658 0.3684 0.3171 0.2901 0.2667 0.2489 0.2397 0.2283 0.2191 0.2075 0.2016 0.1965 0.1886 0.1827 0.1770 0.1709 0.1679 0.1665 0.1596 0.1573 0.1511 0.1483 0.1455 0.1437 0.1394 0.1386 0.1364 0.1320 0.1319 0.1274 0.1235 0.1231 0.1188 0.1204 0.1173 0.1158 0.1140 0.1132 0.1104 0.1079 0.1052 0.1060 0.1035 0.1030 0.0999 0.0985 0.1001 0.1005 0.0976 0.0969 0.0937 0.0943 0.0934 0.0907 0.0889 0.0885 0.0889 0.0880 0.0844 0.0849 0.0827 0.0821 0.0834 0.0810 0.0806 0.0805 0.0787 0.0783 0.0774 0.0756 0.0772 0.0751 0.0736 0.0736 0.0718 0.0723 0.0709 0.0700 0.0686 0.0704 0.0683 0.0665 0.0676 0.0664 0.0653 0.0652 0.0658 0.0637 0.0637 0.0623 0.0622 0.0624 0.0621 0.0605 0.0601 0.0591]
