train_acc,valid_acc,test_acc,train_loss,valid_loss,train_aug_loss
0.990536630153656,0.9645856022834778,0.9489030241966248,[2.1126 0.9882 0.5956 0.4276 0.3184 0.4047 0.2834 0.3198 0.3240 0.2374 0.2480 0.1227 0.1173 0.1523 0.2732 0.1373 0.1793 0.1118 0.1518 0.1223 0.1185 0.1059 0.1478 0.1053 0.1188 0.1288 0.0844 0.1318 0.1609 0.1251 0.1456 0.1154 0.1435 0.2148 0.0780 0.0770 0.0745 0.0630 0.0931 0.1039 0.2220 0.0538 0.0898 0.1009 0.1400 0.0592 0.1041 0.1331 0.1354 0.0726 0.0828 0.0709 0.1155 0.0605 0.0415 0.0666 0.0394 0.0848 0.0957 0.1455 0.0775 0.0351 0.0387 0.0472 0.0532 0.0362 0.0647 0.2571 0.0575 0.0574 0.0503 0.0909 0.0545 0.0695 0.0229 0.0625 0.0285 0.0283 0.1160 0.0655 0.0340 0.0728 0.0450 0.0669 0.0794 0.0299 0.0373 0.0748 0.0185 0.0515 0.0980 0.0796 0.0583 0.0494 0.0310 0.0369 0.0908 0.0190 0.0587 0.0262],[2.1199 1.1938 0.7692 0.5182 0.3850 0.5335 0.3543 0.3819 0.3853 0.2944 0.3179 0.1733 0.1639 0.2071 0.3306 0.1786 0.2483 0.1673 0.2307 0.1921 0.1804 0.1758 0.2256 0.1778 0.1829 0.2057 0.1577 0.2239 0.2625 0.2093 0.2632 0.2085 0.2329 0.3214 0.1708 0.1560 0.1533 0.1390 0.1849 0.2285 0.3161 0.1236 0.1875 0.1940 0.2592 0.1394 0.2072 0.2484 0.2392 0.1746 0.1874 0.1763 0.2254 0.1609 0.1348 0.1646 0.1413 0.2273 0.2365 0.2779 0.2081 0.1226 0.1429 0.1505 0.1595 0.1241 0.1798 0.4655 0.1806 0.1640 0.1846 0.2255 0.1736 0.2071 0.1241 0.1827 0.1222 0.1311 0.2897 0.2062 0.1483 0.2166 0.1841 0.2164 0.2394 0.1431 0.1701 0.2224 0.1272 0.1924 0.2679 0.2408 0.2068 0.1929 0.1533 0.1698 0.2731 0.1266 0.2122 0.1480],[1.9912 1.1857 0.4748 0.3596 0.3092 0.2758 0.2553 0.2396 0.2253 0.2164 0.2050 0.1983 0.1907 0.1827 0.1793 0.1755 0.1691 0.1651 0.1614 0.1563 0.1487 0.1465 0.1438 0.1415 0.1414 0.1358 0.1335 0.1310 0.1298 0.1259 0.1242 0.1228 0.1195 0.1163 0.1171 0.1150 0.1106 0.1130 0.1111 0.1060 0.1061 0.1048 0.1023 0.1040 0.1020 0.1015 0.0976 0.0971 0.0933 0.0938 0.0945 0.0921 0.0887 0.0922 0.0902 0.0896 0.0857 0.0839 0.0851 0.0850 0.0851 0.0836 0.0832 0.0818 0.0801 0.0792 0.0787 0.0765 0.0753 0.0776 0.0780 0.0748 0.0750 0.0755 0.0737 0.0723 0.0710 0.0719 0.0714 0.0707 0.0688 0.0685 0.0662 0.0696 0.0674 0.0639 0.0648 0.0651 0.0652 0.0624 0.0638 0.0634 0.0613 0.0621 0.0613 0.0592 0.0600 0.0607 0.0600 0.0590]
