train_acc,valid_acc,test_acc,train_loss,valid_loss,train_aug_loss
0.9905115962028503,0.9671412706375122,0.9520785212516785,[2.1620 1.7227 0.5072 0.4196 0.4684 0.2202 0.3109 0.3530 0.2536 0.3294 0.3239 0.2594 0.2501 0.2631 0.3824 0.1516 0.2150 0.1342 0.2287 0.1014 0.1296 0.1003 0.1150 0.3236 0.2979 0.0973 0.1686 0.0996 0.1657 0.2548 0.3304 0.0744 0.1671 0.1104 0.2755 0.1515 0.1438 0.0860 0.0573 0.0691 0.1000 0.0678 0.0484 0.0891 0.0627 0.1735 0.2470 0.1089 0.1315 0.0978 0.0812 0.3192 0.1278 0.1282 0.1475 0.0560 0.1052 0.1341 0.1256 0.0624 0.1076 0.0755 0.1039 0.0599 0.0626 0.0777 0.0629 0.0273 0.0336 0.0356 0.0795 0.1116 0.0647 0.1054 0.0750 0.1126 0.0528 0.0663 0.0251 0.1443 0.0845 0.0961 0.1161 0.1500 0.1384 0.0762 0.0511 0.0211 0.0463 0.0723 0.1037 0.0358 0.0254 0.0588 0.1290 0.0279 0.0511 0.0304 0.0691 0.0577],[2.1411 1.9133 0.6190 0.5345 0.5929 0.2848 0.4426 0.4229 0.3224 0.4311 0.4195 0.3374 0.3501 0.3716 0.4817 0.2305 0.3069 0.2056 0.3246 0.1823 0.2103 0.1852 0.1792 0.4374 0.4125 0.1735 0.2784 0.1873 0.2620 0.3723 0.4444 0.1617 0.2570 0.1985 0.3850 0.2639 0.2377 0.1862 0.1525 0.1660 0.2027 0.1659 0.1406 0.1879 0.1563 0.3036 0.3477 0.2124 0.2372 0.2042 0.1823 0.4699 0.2463 0.2336 0.2727 0.1593 0.2199 0.2651 0.2480 0.1727 0.2416 0.1949 0.2251 0.1570 0.1711 0.2024 0.1915 0.1282 0.1506 0.1559 0.2183 0.2537 0.1865 0.2404 0.2091 0.2445 0.1882 0.1943 0.1415 0.2925 0.2216 0.2488 0.2739 0.3181 0.3084 0.2255 0.1920 0.1325 0.1826 0.2213 0.2601 0.1774 0.1542 0.2096 0.3099 0.1714 0.2069 0.1646 0.2289 0.2107],[2.0017 1.5929 0.6606 0.4033 0.3356 0.2995 0.2751 0.2535 0.2345 0.2264 0.2112 0.2027 0.1941 0.1876 0.1827 0.1756 0.1690 0.1674 0.1628 0.1568 0.1520 0.1508 0.1481 0.1442 0.1395 0.1367 0.1349 0.1318 0.1287 0.1275 0.1264 0.1238 0.1217 0.1202 0.1168 0.1139 0.1132 0.1128 0.1079 0.1070 0.1073 0.1054 0.1040 0.1023 0.1032 0.1005 0.1004 0.0967 0.0962 0.0962 0.0946 0.0925 0.0923 0.0898 0.0894 0.0890 0.0886 0.0860 0.0850 0.0859 0.0842 0.0834 0.0822 0.0807 0.0798 0.0789 0.0773 0.0766 0.0770 0.0784 0.0758 0.0760 0.0744 0.0729 0.0744 0.0733 0.0725 0.0699 0.0682 0.0699 0.0686 0.0668 0.0700 0.0667 0.0668 0.0662 0.0660 0.0635 0.0643 0.0636 0.0630 0.0633 0.0628 0.0605 0.0596 0.0613 0.0598 0.0592 0.0596 0.0593]
