train_acc,valid_acc,test_acc,train_loss,valid_loss,train_aug_loss
0.9923375844955444,0.9656808972358704,0.9503464102745056,[3.7442 1.0083 0.3233 0.2517 0.1977 0.1838 0.2754 0.1994 0.1995 0.1687 0.1223 0.1603 0.1004 0.0964 0.1405 0.0961 0.1590 0.0982 0.0939 0.1172 0.0771 0.0691 0.0815 0.1743 0.0814 0.0739 0.1202 0.0978 0.0756 0.0633 0.0706 0.0602 0.0517 0.1029 0.0495 0.0762 0.0487 0.0649 0.0693 0.0489 0.0523 0.0407 0.0423 0.0493 0.0705 0.0433 0.0392 0.0488 0.0563 0.0367 0.0340 0.0349 0.0324 0.0450 0.0348 0.0668 0.0375 0.0308 0.0421 0.0792 0.0323 0.0391 0.0275 0.0335 0.0259 0.0278 0.0240 0.0331 0.0425 0.0337 0.0266 0.0209 0.0275 0.0308 0.0410 0.0321 0.0305 0.0300 0.0337 0.0229 0.0422 0.0238 0.0178 0.0195 0.0261 0.0247 0.0168 0.0162 0.0148 0.0169 0.0243 0.0181 0.0251 0.0136 0.0146 0.0185 0.0129 0.0198 0.0134 0.0176],[3.5040 1.1222 0.3835 0.3178 0.2693 0.2260 0.3199 0.2532 0.2623 0.2380 0.1730 0.2248 0.1564 0.1436 0.2012 0.1456 0.2339 0.1492 0.1412 0.1843 0.1362 0.1267 0.1437 0.2548 0.1576 0.1304 0.2133 0.1830 0.1454 0.1283 0.1443 0.1367 0.1127 0.2007 0.1098 0.1612 0.1221 0.1609 0.1598 0.1181 0.1301 0.1059 0.1037 0.1242 0.1724 0.1190 0.1201 0.1429 0.1645 0.1106 0.1166 0.1110 0.1071 0.1388 0.1187 0.1959 0.1256 0.1063 0.1443 0.2154 0.1178 0.1524 0.1056 0.1225 0.1110 0.1235 0.1016 0.1456 0.1745 0.1372 0.1278 0.1032 0.1315 0.1443 0.1620 0.1522 0.1506 0.1514 0.1593 0.1400 0.1761 0.1330 0.1182 0.1161 0.1464 0.1331 0.1215 0.1048 0.1115 0.1145 0.1426 0.1272 0.1377 0.1031 0.1220 0.1258 0.1130 0.1167 0.1291 0.1286],[1.9900 1.2923 0.5224 0.3891 0.3329 0.2974 0.2753 0.2598 0.2447 0.2332 0.2267 0.2133 0.2057 0.1985 0.1911 0.1859 0.1807 0.1796 0.1744 0.1683 0.1618 0.1612 0.1556 0.1524 0.1484 0.1427 0.1464 0.1426 0.1388 0.1358 0.1323 0.1310 0.1290 0.1289 0.1253 0.1231 0.1226 0.1193 0.1189 0.1169 0.1161 0.1143 0.1084 0.1113 0.1077 0.1084 0.1046 0.1049 0.1044 0.1008 0.1010 0.0987 0.0961 0.0981 0.0957 0.0965 0.0948 0.0938 0.0919 0.0908 0.0898 0.0898 0.0901 0.0866 0.0870 0.0859 0.0865 0.0855 0.0819 0.0841 0.0805 0.0785 0.0800 0.0789 0.0797 0.0773 0.0778 0.0762 0.0747 0.0757 0.0726 0.0736 0.0733 0.0720 0.0728 0.0721 0.0703 0.0701 0.0685 0.0705 0.0676 0.0689 0.0703 0.0679 0.0658 0.0673 0.0661 0.0654 0.0646 0.0637]
