train_acc,valid_acc,test_acc,train_loss,valid_loss,train_aug_loss
0.9896944761276245,0.9696969985961914,0.9503464102745056,[2.0811 1.7625 0.3784 0.5691 0.2627 0.2787 0.1891 0.1523 0.2011 0.2306 0.1204 0.1206 0.1606 0.0939 0.1844 0.1117 0.1114 0.1055 0.0810 0.0832 0.0837 0.0980 0.0659 0.1233 0.0726 0.1046 0.0893 0.1749 0.1507 0.1155 0.0567 0.0647 0.0701 0.1001 0.1028 0.0742 0.0933 0.0701 0.0458 0.0826 0.0849 0.0500 0.0561 0.0784 0.0546 0.0376 0.0419 0.0561 0.0405 0.0356 0.0359 0.0359 0.1188 0.0361 0.0327 0.0490 0.0652 0.0356 0.0321 0.0476 0.0468 0.0399 0.0517 0.0912 0.0685 0.0273 0.0252 0.0229 0.0412 0.0244 0.1063 0.0342 0.0434 0.0209 0.0255 0.0303 0.0328 0.0493 0.0260 0.0631 0.0235 0.0469 0.0217 0.0289 0.0375 0.0240 0.0267 0.0766 0.0170 0.0743 0.0234 0.0156 0.0673 0.0203 0.0317 0.0164 0.0245 0.0318 0.0199 0.0572],[2.0824 1.9851 0.4714 0.7092 0.3158 0.3445 0.2397 0.1840 0.2178 0.2735 0.1649 0.1617 0.2068 0.1364 0.2320 0.1604 0.1738 0.1693 0.1322 0.1311 0.1377 0.1605 0.1276 0.1749 0.1319 0.1747 0.1577 0.2567 0.2168 0.1805 0.1221 0.1319 0.1355 0.1796 0.1816 0.1533 0.1751 0.1426 0.1193 0.1413 0.1736 0.1270 0.1371 0.1697 0.1364 0.1194 0.1180 0.1343 0.1107 0.1118 0.1085 0.1155 0.2291 0.1187 0.1153 0.1472 0.1611 0.1206 0.1234 0.1479 0.1367 0.1439 0.1542 0.2225 0.1731 0.1138 0.1130 0.1158 0.1467 0.1157 0.2374 0.1413 0.1519 0.1135 0.1290 0.1383 0.1338 0.1538 0.1238 0.1931 0.1393 0.1595 0.1210 0.1412 0.1630 0.1310 0.1440 0.2215 0.1239 0.2404 0.1429 0.1324 0.2316 0.1297 0.1793 0.1315 0.1453 0.1703 0.1346 0.2276],[1.9947 1.5379 0.5966 0.3765 0.3160 0.2767 0.2599 0.2437 0.2284 0.2150 0.2073 0.1974 0.1920 0.1863 0.1784 0.1720 0.1675 0.1637 0.1580 0.1542 0.1501 0.1484 0.1441 0.1408 0.1364 0.1357 0.1313 0.1292 0.1289 0.1263 0.1225 0.1218 0.1195 0.1159 0.1137 0.1125 0.1107 0.1082 0.1091 0.1059 0.1041 0.1016 0.1023 0.0982 0.0990 0.1003 0.0968 0.0958 0.0935 0.0941 0.0934 0.0906 0.0897 0.0909 0.0866 0.0864 0.0834 0.0855 0.0852 0.0827 0.0829 0.0800 0.0817 0.0791 0.0805 0.0785 0.0791 0.0765 0.0757 0.0749 0.0750 0.0732 0.0740 0.0727 0.0699 0.0718 0.0729 0.0706 0.0684 0.0695 0.0682 0.0673 0.0679 0.0671 0.0663 0.0656 0.0658 0.0641 0.0629 0.0631 0.0638 0.0634 0.0600 0.0620 0.0591 0.0585 0.0611 0.0593 0.0591 0.0567]
