train_acc,valid_acc,test_acc,train_loss,valid_loss,train_aug_loss
0.9908784627914429,0.9707922339439392,0.9515011310577393,[2.0881 1.6242 0.5203 0.5276 0.2985 0.3298 0.3001 0.3063 0.3056 0.2515 0.1650 0.1449 0.3727 0.1301 0.1794 0.2393 0.0894 0.1137 0.0996 0.2978 0.1837 0.3092 0.1789 0.0584 0.1861 0.1107 0.0967 0.1043 0.2009 0.0659 0.0634 0.0838 0.1167 0.1616 0.0779 0.1453 0.1422 0.0568 0.0606 0.0764 0.0491 0.0439 0.1706 0.0583 0.0774 0.0544 0.0419 0.0958 0.0499 0.0614 0.0374 0.1168 0.0636 0.0434 0.1141 0.0808 0.1122 0.0929 0.0673 0.0707 0.0305 0.0348 0.0294 0.0926 0.0270 0.1223 0.1136 0.0717 0.0738 0.0278 0.0391 0.1272 0.1313 0.1128 0.0476 0.0261 0.0399 0.0944 0.0691 0.1010 0.0274 0.0692 0.0637 0.0408 0.0356 0.0356 0.0466 0.0212 0.0584 0.0897 0.0701 0.0565 0.0327 0.1223 0.0336 0.1594 0.0188 0.0278 0.0325 0.0246],[2.1360 1.7218 0.5848 0.6214 0.3714 0.4321 0.3808 0.4060 0.3732 0.3099 0.2260 0.1915 0.4091 0.2001 0.2322 0.3041 0.1365 0.1839 0.1701 0.3731 0.2583 0.3412 0.2459 0.1111 0.2420 0.1914 0.1573 0.1844 0.2842 0.1342 0.1319 0.1507 0.2130 0.2474 0.1526 0.2289 0.2224 0.1331 0.1334 0.1504 0.1108 0.1100 0.2726 0.1432 0.1624 0.1339 0.1109 0.1971 0.1309 0.1531 0.1160 0.2031 0.1531 0.1338 0.2229 0.1963 0.2210 0.2041 0.1710 0.1881 0.1126 0.1265 0.1085 0.2221 0.1157 0.2591 0.2363 0.1761 0.1926 0.1270 0.1408 0.2494 0.2510 0.2584 0.1620 0.1145 0.1544 0.2125 0.1858 0.2205 0.1233 0.1927 0.1943 0.1479 0.1527 0.1487 0.1523 0.1170 0.1724 0.2255 0.2158 0.1865 0.1422 0.2712 0.1543 0.2997 0.1297 0.1366 0.1472 0.1434],[1.8420 0.8092 0.3935 0.3276 0.2896 0.2660 0.2521 0.2338 0.2261 0.2156 0.2087 0.1986 0.1914 0.1864 0.1784 0.1761 0.1724 0.1689 0.1627 0.1614 0.1545 0.1516 0.1493 0.1463 0.1457 0.1418 0.1391 0.1387 0.1324 0.1343 0.1306 0.1321 0.1278 0.1255 0.1267 0.1193 0.1207 0.1185 0.1183 0.1148 0.1144 0.1121 0.1106 0.1115 0.1094 0.1084 0.1054 0.1074 0.1039 0.1019 0.1015 0.1014 0.1000 0.0997 0.0983 0.0980 0.0959 0.0957 0.0949 0.0940 0.0939 0.0893 0.0922 0.0922 0.0903 0.0881 0.0898 0.0883 0.0873 0.0853 0.0849 0.0838 0.0845 0.0834 0.0817 0.0820 0.0810 0.0800 0.0822 0.0786 0.0778 0.0790 0.0769 0.0786 0.0776 0.0796 0.0763 0.0758 0.0753 0.0765 0.0746 0.0736 0.0737 0.0748 0.0722 0.0727 0.0712 0.0719 0.0721 0.0715]
