train_acc,valid_acc,test_acc,train_loss,valid_loss,train_aug_loss
0.9911286234855652,0.9704271554946899,0.9460161924362183,[2.2647 1.8235 0.2481 0.2220 0.1785 0.1523 0.1526 0.1629 0.1005 0.1075 0.0911 0.1008 0.0988 0.0824 0.0630 0.0632 0.0783 0.0666 0.0510 0.0612 0.0446 0.0674 0.0485 0.0515 0.0438 0.0546 0.0359 0.0370 0.0386 0.0306 0.0426 0.0331 0.0310 0.0258 0.0237 0.0270 0.0279 0.0371 0.0264 0.0179 0.0201 0.0189 0.0240 0.0180 0.0188 0.0163 0.0265 0.0157 0.0191 0.0170 0.0125 0.0134 0.0122 0.0256 0.0105 0.0121 0.0121 0.0117 0.0107 0.0108 0.0107 0.0086 0.0099 0.0088 0.0123 0.0079 0.0116 0.0071 0.0102 0.0089 0.0076 0.0059 0.0231 0.0078 0.0063 0.0055 0.0065 0.0043 0.0079 0.0044 0.0046 0.0097 0.0081 0.0048 0.0043 0.0061 0.0041 0.0041 0.0064 0.0037 0.0040 0.0040 0.0035 0.0035 0.0035 0.0034 0.0026 0.0078 0.0036 0.0033],[2.2112 1.7422 0.2553 0.2500 0.2118 0.1848 0.2050 0.2180 0.1465 0.1419 0.1391 0.1361 0.1689 0.1608 0.1410 0.1269 0.1531 0.1306 0.1221 0.1388 0.1187 0.1447 0.1403 0.1566 0.1364 0.1409 0.1252 0.1237 0.1206 0.1331 0.1557 0.1267 0.1377 0.1173 0.1243 0.1313 0.1192 0.1495 0.1652 0.1372 0.1312 0.1302 0.1542 0.1218 0.1295 0.1207 0.1350 0.1439 0.1531 0.1432 0.1389 0.1365 0.1245 0.1644 0.1409 0.1326 0.1472 0.1365 0.1431 0.1308 0.1502 0.1422 0.1486 0.1490 0.1673 0.1512 0.1699 0.1398 0.1756 0.1715 0.1484 0.1614 0.1979 0.1505 0.1534 0.1343 0.1554 0.1553 0.1653 0.1660 0.1652 0.1670 0.1614 0.1628 0.1615 0.1932 0.1723 0.1740 0.2022 0.1579 0.1867 0.1625 0.1595 0.1840 0.1580 0.1776 0.1885 0.1928 0.1522 0.1838],[1.9794 1.2835 0.4359 0.3058 0.2554 0.2213 0.2017 0.1838 0.1690 0.1585 0.1500 0.1411 0.1334 0.1278 0.1206 0.1150 0.1104 0.1086 0.1008 0.0989 0.0963 0.0927 0.0894 0.0858 0.0840 0.0814 0.0794 0.0791 0.0732 0.0720 0.0724 0.0672 0.0679 0.0632 0.0630 0.0615 0.0609 0.0593 0.0570 0.0554 0.0549 0.0545 0.0519 0.0523 0.0524 0.0495 0.0497 0.0472 0.0467 0.0443 0.0434 0.0432 0.0442 0.0429 0.0423 0.0414 0.0400 0.0402 0.0383 0.0387 0.0374 0.0387 0.0366 0.0364 0.0359 0.0345 0.0349 0.0337 0.0336 0.0332 0.0332 0.0308 0.0307 0.0289 0.0313 0.0304 0.0303 0.0269 0.0285 0.0290 0.0278 0.0276 0.0279 0.0266 0.0279 0.0252 0.0263 0.0259 0.0243 0.0253 0.0237 0.0246 0.0237 0.0224 0.0226 0.0228 0.0233 0.0216 0.0228 0.0223]
