train_acc,valid_acc,test_acc,train_loss,valid_loss,train_aug_loss
0.9848419427871704,0.9656808972358704,0.9457274675369263,[2.0800 1.5112 3.7861 2.7251 0.7831 1.0250 0.2695 0.5633 0.1550 0.2298 0.2129 0.1303 0.1822 0.2423 0.1613 0.1482 0.7060 0.1666 0.0726 0.2279 0.0812 0.0547 0.0481 0.0537 0.1069 0.0440 0.0516 0.0777 0.0863 0.1116 0.0483 0.5614 0.0675 0.0580 0.1272 0.0404 0.0268 0.0337 0.0344 0.0395 0.0566 0.0242 0.0377 0.0666 0.0242 0.0197 0.0319 0.0224 0.0348 0.0231 0.0499 0.0422 0.0296 0.0156 0.0204 0.0303 0.0187 0.0459 0.0272 0.0230 0.0180 0.0705 0.0112 0.0169 0.0109 0.0152 0.0181 0.0693 0.0162 0.0261 0.0197 0.0164 0.0177 0.0098 0.0311 0.0229 0.0095 0.0275 0.0096 0.0152 0.0087 0.0280 0.0153 0.0190 0.0163 0.0083 0.0076 0.0072 0.0137 0.0163 0.0136 0.0160 0.0230 0.0193 0.0095 0.0372 0.0098 0.0522 0.0065 0.0079],[2.0830 1.5122 3.0141 2.7152 0.8052 0.8353 0.3288 0.4944 0.2016 0.2512 0.2406 0.1945 0.2265 0.2715 0.2116 0.2203 0.5686 0.2573 0.1677 0.2906 0.1589 0.1307 0.1274 0.1482 0.2444 0.1462 0.1531 0.1923 0.1982 0.2176 0.1794 0.5105 0.1824 0.2017 0.2191 0.1506 0.1340 0.1662 0.1432 0.1780 0.1934 0.1458 0.1855 0.1891 0.1442 0.1574 0.1567 0.1559 0.2020 0.1587 0.1959 0.1962 0.1617 0.1458 0.1756 0.1914 0.1605 0.2191 0.1793 0.1953 0.1580 0.2175 0.1601 0.1566 0.1474 0.1651 0.1631 0.2494 0.1790 0.1913 0.1958 0.1813 0.2134 0.1776 0.2181 0.1673 0.1546 0.2006 0.1733 0.1987 0.1654 0.2100 0.1978 0.2001 0.2077 0.1879 0.1945 0.1902 0.2263 0.2191 0.1944 0.1814 0.1891 0.1973 0.2088 0.2503 0.2010 0.2989 0.1580 0.1854],[1.9700 1.5682 1.1059 0.8343 0.4220 0.2742 0.2241 0.1972 0.1784 0.1637 0.1503 0.1422 0.1365 0.1241 0.1196 0.1134 0.1101 0.1029 0.0996 0.0975 0.0936 0.0906 0.0894 0.0837 0.0825 0.0795 0.0746 0.0753 0.0722 0.0704 0.0691 0.0660 0.0667 0.0643 0.0626 0.0595 0.0610 0.0561 0.0575 0.0527 0.0555 0.0501 0.0515 0.0513 0.0487 0.0483 0.0449 0.0482 0.0458 0.0453 0.0440 0.0415 0.0428 0.0416 0.0417 0.0377 0.0398 0.0407 0.0387 0.0396 0.0377 0.0368 0.0357 0.0364 0.0348 0.0345 0.0325 0.0353 0.0333 0.0349 0.0315 0.0313 0.0305 0.0319 0.0302 0.0300 0.0297 0.0298 0.0296 0.0267 0.0285 0.0294 0.0268 0.0288 0.0254 0.0264 0.0253 0.0249 0.0262 0.0248 0.0243 0.0249 0.0251 0.0243 0.0236 0.0228 0.0233 0.0240 0.0231 0.0224]
