train_acc,valid_acc,test_acc,train_loss,valid_loss,train_aug_loss
0.9874016046524048,0.9715224504470825,0.9540992975234985,[2.0865 3.4148 0.7765 0.6576 0.9295 0.5984 0.3500 0.3580 0.2078 0.1414 0.2772 0.4973 0.3641 0.2562 0.1629 0.1446 0.1592 0.1837 0.2472 0.0891 0.1120 0.1497 0.1820 0.1050 0.0906 0.1278 0.1053 0.1031 0.1984 0.1726 0.0842 0.1039 0.0519 0.0611 0.0816 0.0760 0.3070 0.0771 0.0917 0.0605 0.0756 0.0709 0.0976 0.0775 0.0862 0.0395 0.0550 0.0855 0.0811 0.0498 0.0773 0.0432 0.0483 0.0628 0.0446 0.0487 0.0951 0.0436 0.0972 0.0313 0.0646 0.0590 0.1829 0.0495 0.0501 0.0691 0.1026 0.0319 0.0414 0.0835 0.0433 0.0625 0.0361 0.0523 0.0757 0.0890 0.0568 0.0246 0.0675 0.0284 0.0218 0.0270 0.1963 0.0508 0.0319 0.0563 0.0608 0.0215 0.0220 0.0255 0.0336 0.0195 0.0359 0.0391 0.0445 0.0237 0.0606 0.0197 0.0418 0.0239],[2.0883 3.5226 0.7312 0.7739 1.0488 0.7500 0.3472 0.4243 0.2640 0.1663 0.2827 0.4450 0.3460 0.3051 0.2121 0.1834 0.2035 0.2130 0.2888 0.1199 0.1559 0.1895 0.2440 0.1601 0.1428 0.1783 0.1558 0.1586 0.2607 0.2075 0.1430 0.1686 0.1068 0.1147 0.1481 0.1266 0.3862 0.1463 0.1510 0.1124 0.1536 0.1326 0.1766 0.1427 0.1640 0.0944 0.1169 0.1764 0.1583 0.1227 0.1614 0.1117 0.1256 0.1426 0.1229 0.1211 0.1957 0.1162 0.1939 0.1022 0.1490 0.1480 0.3022 0.1346 0.1342 0.1564 0.2203 0.1132 0.1240 0.1930 0.1303 0.1502 0.1238 0.1368 0.1692 0.2235 0.1609 0.1073 0.1888 0.1165 0.0959 0.1135 0.3355 0.1699 0.1433 0.1710 0.1690 0.1018 0.1099 0.1170 0.1384 0.1075 0.1377 0.1440 0.1450 0.1225 0.1794 0.1178 0.1636 0.1428],[2.0021 1.5726 1.0131 0.4800 0.3722 0.3191 0.2885 0.2671 0.2490 0.2349 0.2245 0.2118 0.2020 0.1954 0.1903 0.1824 0.1785 0.1725 0.1671 0.1639 0.1571 0.1527 0.1513 0.1481 0.1444 0.1404 0.1387 0.1368 0.1309 0.1307 0.1296 0.1246 0.1225 0.1250 0.1208 0.1205 0.1187 0.1141 0.1110 0.1115 0.1101 0.1073 0.1071 0.1063 0.1034 0.1014 0.1037 0.1007 0.1006 0.0987 0.0961 0.0943 0.0940 0.0941 0.0926 0.0898 0.0908 0.0898 0.0892 0.0889 0.0856 0.0853 0.0856 0.0822 0.0824 0.0822 0.0816 0.0804 0.0791 0.0788 0.0778 0.0783 0.0780 0.0757 0.0751 0.0759 0.0723 0.0729 0.0742 0.0727 0.0720 0.0712 0.0702 0.0704 0.0681 0.0689 0.0679 0.0667 0.0680 0.0678 0.0661 0.0651 0.0644 0.0650 0.0645 0.0629 0.0627 0.0629 0.0621 0.0602]
