train_acc,valid_acc,test_acc,train_loss,valid_loss,train_aug_loss
0.9933881163597107,0.9748083353042603,0.9471709132194519,[2.0806 1.2454 0.5808 0.2523 0.2939 0.2014 0.1285 0.1223 0.1413 0.1273 0.1331 0.1293 0.1211 0.1335 0.0840 0.0892 0.0593 0.0596 0.0558 0.0624 0.0583 0.0793 0.0724 0.0505 0.0587 0.0611 0.0548 0.0409 0.0535 0.0587 0.0768 0.0347 0.0332 0.0395 0.0628 0.0346 0.0360 0.0376 0.0384 0.0214 0.0340 0.0258 0.0376 0.0333 0.0353 0.0196 0.0284 0.0467 0.0263 0.0186 0.0161 0.0218 0.0234 0.0177 0.0219 0.0179 0.0181 0.0148 0.0132 0.0150 0.0129 0.0126 0.0150 0.0144 0.0120 0.0094 0.0100 0.0161 0.0148 0.0134 0.0118 0.0157 0.0108 0.0099 0.0205 0.0410 0.0092 0.0243 0.0075 0.0251 0.0070 0.0094 0.0083 0.0103 0.0136 0.0154 0.0088 0.0148 0.0058 0.0121 0.0065 0.0078 0.0061 0.0200 0.0038 0.0075 0.0062 0.0127 0.0063 0.0032],[2.0907 1.1746 0.6227 0.2733 0.3562 0.2390 0.1721 0.1524 0.1785 0.1668 0.1956 0.1839 0.1582 0.2011 0.1391 0.1749 0.1280 0.1333 0.1088 0.1296 0.1242 0.1605 0.1401 0.1302 0.1261 0.1625 0.1268 0.1300 0.1461 0.1565 0.1572 0.1156 0.1208 0.1555 0.1456 0.1484 0.1242 0.1143 0.1413 0.1069 0.1298 0.1448 0.1412 0.1766 0.1877 0.1203 0.1411 0.1914 0.1370 0.1275 0.1156 0.1520 0.1445 0.1352 0.1398 0.1294 0.1414 0.1215 0.1156 0.1494 0.1222 0.1381 0.1470 0.1242 0.1301 0.1258 0.1439 0.1568 0.1424 0.1491 0.1455 0.1604 0.1278 0.1494 0.1837 0.2222 0.1294 0.1652 0.1308 0.2274 0.1565 0.1545 0.1524 0.1654 0.1793 0.1786 0.1679 0.1610 0.1559 0.1650 0.1639 0.1720 0.1657 0.2240 0.1516 0.1585 0.1376 0.1907 0.1687 0.1474],[1.9818 1.3100 0.4930 0.2845 0.2321 0.2043 0.1842 0.1694 0.1590 0.1503 0.1414 0.1322 0.1274 0.1223 0.1157 0.1103 0.1059 0.1042 0.0985 0.0952 0.0914 0.0884 0.0853 0.0835 0.0794 0.0817 0.0764 0.0728 0.0718 0.0688 0.0683 0.0670 0.0650 0.0634 0.0603 0.0614 0.0592 0.0580 0.0550 0.0545 0.0538 0.0505 0.0519 0.0496 0.0490 0.0482 0.0487 0.0464 0.0445 0.0447 0.0432 0.0424 0.0427 0.0413 0.0406 0.0394 0.0381 0.0378 0.0375 0.0366 0.0381 0.0355 0.0347 0.0360 0.0331 0.0348 0.0319 0.0333 0.0318 0.0312 0.0322 0.0302 0.0315 0.0287 0.0308 0.0296 0.0273 0.0289 0.0273 0.0281 0.0279 0.0259 0.0260 0.0256 0.0259 0.0266 0.0237 0.0253 0.0250 0.0239 0.0245 0.0238 0.0221 0.0226 0.0227 0.0216 0.0218 0.0222 0.0221 0.0214]
