train_acc,valid_acc,test_acc,train_loss,valid_loss,train_aug_loss
0.9877434372901917,0.9623950123786926,0.9463048577308655,[2.1473 1.9045 2.2543 0.4376 0.3052 0.3141 0.3801 0.2537 0.2943 0.3496 0.3935 0.3086 0.1914 0.2350 0.1268 0.3643 0.1467 0.1216 0.2150 0.1649 0.2100 0.2304 0.1600 0.1453 0.1332 0.1466 0.1678 0.1312 0.1570 0.1736 0.1155 0.1271 0.0753 0.1252 0.0684 0.2240 0.1003 0.0964 0.1008 0.1207 0.1143 0.0673 0.1118 0.0744 0.0897 0.1075 0.0895 0.1282 0.1002 0.0699 0.0601 0.0649 0.0616 0.1055 0.1095 0.2169 0.0394 0.0676 0.0910 0.0583 0.1091 0.0654 0.0653 0.1106 0.0945 0.1083 0.1078 0.0632 0.0459 0.0618 0.0871 0.0722 0.0488 0.0344 0.0732 0.0841 0.0459 0.0524 0.1088 0.0331 0.0773 0.0649 0.0561 0.0475 0.1366 0.1446 0.0336 0.0564 0.0689 0.0565 0.0394 0.0342 0.0658 0.0838 0.0422 0.0269 0.0387 0.0305 0.0298 0.0520],[2.1241 1.8737 2.5283 0.5402 0.3780 0.3746 0.4908 0.3295 0.3588 0.4242 0.4922 0.4056 0.2809 0.2943 0.1807 0.3963 0.2150 0.1900 0.2887 0.2463 0.2818 0.3120 0.2302 0.2232 0.2086 0.2247 0.2636 0.2328 0.2453 0.2619 0.1872 0.2136 0.1481 0.2353 0.1512 0.3103 0.1788 0.1773 0.1937 0.2053 0.2025 0.1575 0.2097 0.1670 0.1806 0.1944 0.2013 0.2331 0.1796 0.1694 0.1631 0.1642 0.1537 0.2232 0.2333 0.3456 0.1205 0.1682 0.2058 0.1609 0.2317 0.1773 0.1871 0.2421 0.2209 0.2411 0.2305 0.1731 0.1542 0.1897 0.2132 0.1978 0.1629 0.1310 0.2293 0.2308 0.1703 0.1727 0.2367 0.1476 0.2119 0.2089 0.1943 0.1680 0.2789 0.2849 0.1556 0.1897 0.2201 0.1881 0.1864 0.1543 0.2178 0.2530 0.1847 0.1606 0.1605 0.1547 0.1647 0.1960],[2.0725 1.7908 1.1600 0.5177 0.3867 0.3361 0.3044 0.2807 0.2645 0.2463 0.2371 0.2266 0.2137 0.2087 0.2011 0.1948 0.1889 0.1839 0.1766 0.1732 0.1681 0.1645 0.1602 0.1568 0.1534 0.1506 0.1473 0.1429 0.1412 0.1380 0.1360 0.1322 0.1329 0.1277 0.1249 0.1245 0.1242 0.1193 0.1203 0.1172 0.1173 0.1146 0.1139 0.1106 0.1074 0.1082 0.1075 0.1038 0.1031 0.1028 0.0993 0.0999 0.0993 0.0967 0.0948 0.0927 0.0944 0.0925 0.0888 0.0923 0.0884 0.0874 0.0859 0.0854 0.0855 0.0856 0.0828 0.0837 0.0842 0.0817 0.0800 0.0781 0.0779 0.0784 0.0793 0.0770 0.0744 0.0741 0.0748 0.0732 0.0734 0.0715 0.0705 0.0710 0.0709 0.0689 0.0679 0.0679 0.0689 0.0647 0.0677 0.0658 0.0656 0.0658 0.0638 0.0637 0.0638 0.0601 0.0594 0.0615]
