train_acc,valid_acc,test_acc,train_loss,valid_loss,train_aug_loss
0.9890191555023193,0.9656808972358704,0.9546766877174377,[2.4676 3.1314 2.2972 0.6527 0.7390 0.2833 0.3138 0.2754 0.1876 0.8201 0.3516 0.5403 0.1644 0.4988 0.2334 0.1691 0.2718 0.1985 0.1379 0.5614 0.1957 0.3074 0.2466 0.2032 0.3531 0.1708 0.4362 0.1491 0.3657 0.1273 0.1445 0.1646 0.0773 0.1979 0.1212 0.0956 0.0715 0.2221 0.1491 0.1441 0.1759 0.0962 0.1280 0.0760 0.5585 0.0643 0.1393 0.0668 0.1057 0.1062 0.1365 0.1079 0.0588 0.0792 0.0750 0.1239 0.1002 0.0857 0.0348 0.0544 0.3987 0.0690 0.0655 0.0411 0.0906 0.0732 0.1352 0.0482 0.0561 0.0948 0.0476 0.0354 0.0856 0.1066 0.0705 0.0406 0.0485 0.0471 0.0490 0.0782 0.0510 0.0810 0.0426 0.0612 0.0346 0.0822 0.0411 0.0355 0.0575 0.0652 0.0720 0.0815 0.1248 0.0615 0.0623 0.0411 0.0206 0.0483 0.0405 0.0293],[2.5162 2.8321 1.9788 0.6737 0.7103 0.3276 0.3438 0.3153 0.2358 0.7519 0.4183 0.5213 0.2240 0.5212 0.2805 0.2401 0.3269 0.2607 0.1962 0.4976 0.2898 0.3557 0.2867 0.2686 0.3909 0.2344 0.4472 0.2187 0.3966 0.1885 0.2276 0.2533 0.1483 0.2548 0.2078 0.1732 0.1510 0.2986 0.2338 0.2225 0.2536 0.1828 0.2062 0.1587 0.5377 0.1531 0.2237 0.1485 0.1917 0.1809 0.2217 0.1955 0.1513 0.1662 0.1690 0.2174 0.1955 0.1772 0.1139 0.1425 0.4169 0.1775 0.1610 0.1315 0.2036 0.1774 0.2397 0.1472 0.1638 0.2035 0.1502 0.1283 0.1896 0.2208 0.1768 0.1373 0.1628 0.1650 0.1617 0.1951 0.1647 0.2117 0.1530 0.1844 0.1380 0.2002 0.1548 0.1579 0.1777 0.2018 0.2026 0.2048 0.2508 0.1928 0.1890 0.1618 0.1360 0.1831 0.1706 0.1406],[2.0764 1.7987 1.4178 0.5912 0.4125 0.3523 0.3137 0.2862 0.2691 0.2500 0.2368 0.2291 0.2176 0.2105 0.2002 0.1958 0.1853 0.1846 0.1786 0.1736 0.1672 0.1657 0.1601 0.1567 0.1499 0.1513 0.1475 0.1452 0.1428 0.1387 0.1378 0.1336 0.1299 0.1310 0.1265 0.1247 0.1231 0.1220 0.1211 0.1147 0.1167 0.1143 0.1128 0.1095 0.1102 0.1091 0.1074 0.1037 0.1026 0.1030 0.1009 0.0996 0.0986 0.1001 0.0946 0.0980 0.0961 0.0937 0.0905 0.0942 0.0890 0.0881 0.0898 0.0886 0.0865 0.0862 0.0852 0.0837 0.0822 0.0812 0.0833 0.0814 0.0798 0.0791 0.0767 0.0802 0.0763 0.0753 0.0755 0.0757 0.0733 0.0729 0.0712 0.0701 0.0711 0.0720 0.0702 0.0688 0.0686 0.0664 0.0674 0.0677 0.0672 0.0650 0.0670 0.0644 0.0629 0.0630 0.0622 0.0613]
