train_acc,valid_acc,test_acc,train_loss,valid_loss,train_aug_loss
0.9880602955818176,0.9737130403518677,0.9494803547859192,[2.0860 3.2763 0.8338 0.2816 0.2744 0.3816 0.2127 0.1973 0.2105 0.2100 0.1556 0.1714 0.1529 0.1765 0.1493 0.1060 0.1567 0.0870 0.1146 0.0932 0.1551 0.0906 0.0822 0.0758 0.0785 0.0890 0.0791 0.0763 0.0601 0.0773 0.0593 0.0683 0.2410 0.0762 0.0586 0.0543 0.0505 0.0772 0.0841 0.0461 0.0496 0.0468 0.0739 0.0459 0.0469 0.0477 0.0354 0.0657 0.0409 0.0388 0.1239 0.0791 0.0355 0.0566 0.0400 0.0428 0.0433 0.0310 0.0315 0.0381 0.0692 0.0319 0.0329 0.0406 0.0368 0.0375 0.0292 0.1389 0.0346 0.0228 0.0286 0.0305 0.0258 0.0276 0.0456 0.0355 0.0218 0.0334 0.0255 0.0225 0.0286 0.0264 0.0290 0.0532 0.0252 0.0242 0.0205 0.0338 0.0361 0.0216 0.0160 0.0171 0.0248 0.0279 0.0343 0.0208 0.0221 0.0478 0.0306 0.0205],[2.0729 3.1534 0.9123 0.3356 0.3121 0.4908 0.2596 0.2333 0.2436 0.2575 0.2192 0.2088 0.1918 0.2546 0.1954 0.1732 0.2072 0.1350 0.1763 0.1421 0.2267 0.1517 0.1423 0.1280 0.1406 0.1390 0.1365 0.1375 0.1265 0.1424 0.1221 0.1344 0.3072 0.1378 0.1344 0.1175 0.1200 0.1489 0.1546 0.1118 0.1164 0.1183 0.1769 0.1240 0.1272 0.1251 0.1027 0.1495 0.1136 0.1153 0.2291 0.1775 0.1088 0.1518 0.1300 0.1231 0.1239 0.1060 0.1099 0.1231 0.1696 0.1162 0.1197 0.1336 0.1336 0.1374 0.1212 0.2741 0.1346 0.1135 0.1157 0.1244 0.1220 0.1230 0.1573 0.1295 0.1213 0.1342 0.1270 0.1128 0.1365 0.1258 0.1394 0.1954 0.1322 0.1308 0.1205 0.1568 0.1380 0.1206 0.1115 0.1188 0.1332 0.1555 0.1571 0.1204 0.1399 0.1832 0.1519 0.1362],[2.0172 1.6515 0.8743 0.4076 0.3322 0.2870 0.2644 0.2452 0.2300 0.2235 0.2108 0.2038 0.1928 0.1862 0.1838 0.1755 0.1695 0.1673 0.1627 0.1591 0.1551 0.1510 0.1479 0.1451 0.1405 0.1398 0.1357 0.1330 0.1301 0.1315 0.1265 0.1247 0.1225 0.1218 0.1190 0.1186 0.1157 0.1151 0.1116 0.1091 0.1100 0.1058 0.1067 0.1068 0.1014 0.1037 0.0999 0.1006 0.0987 0.0975 0.0940 0.0955 0.0935 0.0919 0.0914 0.0913 0.0919 0.0884 0.0883 0.0881 0.0861 0.0867 0.0831 0.0837 0.0819 0.0810 0.0811 0.0787 0.0794 0.0773 0.0778 0.0785 0.0748 0.0753 0.0758 0.0747 0.0736 0.0745 0.0739 0.0724 0.0726 0.0718 0.0709 0.0700 0.0701 0.0680 0.0671 0.0656 0.0660 0.0672 0.0657 0.0650 0.0679 0.0649 0.0647 0.0644 0.0618 0.0632 0.0620 0.0634]
