train_acc,valid_acc,test_acc,train_loss,valid_loss,train_aug_loss
0.9851087331771851,0.9667761921882629,0.9483256340026855,[2.1626 1.7045 0.6015 0.4551 0.5164 0.2999 0.3766 0.1825 0.2184 0.2313 0.1776 0.1572 0.1280 0.1508 0.2034 0.1193 0.1060 0.1729 0.1634 0.1587 0.2080 0.1635 0.0894 0.0945 0.2079 0.0805 0.1290 0.2150 0.1038 0.1383 0.1479 0.1130 0.0847 0.1184 0.1777 0.0474 0.1646 0.0944 0.1483 0.1868 0.0703 0.1100 0.0750 0.0725 0.1339 0.0480 0.0602 0.0755 0.0411 0.0554 0.0475 0.1892 0.0844 0.0802 0.1343 0.0443 0.0489 0.2437 0.0559 0.1413 0.0927 0.1640 0.0506 0.0470 0.1019 0.0607 0.0794 0.0798 0.1449 0.0799 0.0443 0.0492 0.1130 0.0559 0.0682 0.0430 0.0351 0.0672 0.0784 0.0633 0.0409 0.0898 0.1206 0.0224 0.0415 0.0216 0.0204 0.0558 0.0187 0.0472 0.0861 0.1296 0.0382 0.0282 0.0732 0.0348 0.0534 0.0270 0.0497 0.0856],[2.1518 1.9268 0.7880 0.5237 0.6365 0.4000 0.4771 0.2376 0.2863 0.3020 0.2437 0.2223 0.1793 0.2378 0.2818 0.1823 0.1762 0.2693 0.2437 0.2440 0.2969 0.2673 0.1720 0.1659 0.3081 0.1597 0.2067 0.3148 0.1931 0.2304 0.2499 0.2217 0.1811 0.2186 0.2824 0.1162 0.2767 0.2017 0.2697 0.3081 0.1643 0.1997 0.1766 0.1585 0.2487 0.1386 0.1597 0.1890 0.1285 0.1485 0.1429 0.3136 0.2164 0.1954 0.2538 0.1438 0.1536 0.4090 0.1814 0.2981 0.2216 0.3145 0.1636 0.1587 0.2575 0.1977 0.2175 0.2239 0.2927 0.2362 0.1896 0.1862 0.2632 0.1992 0.2159 0.1794 0.1682 0.2061 0.2233 0.2053 0.1685 0.2384 0.3040 0.1420 0.1843 0.1371 0.1452 0.2128 0.1336 0.2124 0.2448 0.3156 0.1873 0.1698 0.2330 0.1824 0.2262 0.1766 0.2135 0.2661],[2.0223 1.4211 0.5668 0.3768 0.3160 0.2830 0.2545 0.2427 0.2263 0.2176 0.2040 0.1997 0.1925 0.1848 0.1778 0.1712 0.1672 0.1645 0.1596 0.1569 0.1485 0.1465 0.1426 0.1413 0.1372 0.1367 0.1335 0.1311 0.1274 0.1280 0.1245 0.1207 0.1197 0.1186 0.1165 0.1136 0.1125 0.1121 0.1073 0.1062 0.1055 0.1060 0.1020 0.1022 0.1014 0.1005 0.0981 0.0961 0.0947 0.0946 0.0919 0.0925 0.0919 0.0879 0.0885 0.0866 0.0864 0.0876 0.0843 0.0835 0.0829 0.0832 0.0817 0.0807 0.0792 0.0804 0.0789 0.0756 0.0762 0.0773 0.0747 0.0752 0.0757 0.0732 0.0720 0.0723 0.0716 0.0693 0.0704 0.0704 0.0681 0.0680 0.0671 0.0679 0.0671 0.0653 0.0650 0.0631 0.0647 0.0650 0.0635 0.0631 0.0628 0.0619 0.0616 0.0613 0.0627 0.0592 0.0588 0.0587]
