train_acc,valid_acc,test_acc,train_loss,valid_loss,train_aug_loss
0.9879435896873474,0.9671412706375122,0.9477482438087463,[2.1405 1.6314 1.0230 0.3464 0.8748 0.5357 0.1795 0.3193 0.1991 0.1328 1.2065 0.3725 0.1387 0.1881 0.1342 0.1362 0.1651 0.1175 0.2354 0.1756 0.0973 0.1985 0.1393 0.0905 0.0941 0.1135 0.1575 0.1064 0.1372 0.0886 0.0937 0.1496 0.2008 0.0622 0.0549 0.1018 0.1065 0.0769 0.0614 0.1132 0.1411 0.0549 0.2274 0.1078 0.0811 0.0723 0.0679 0.0447 0.1888 0.1224 0.0897 0.1418 0.2474 0.0381 0.1344 0.0477 0.0460 0.0626 0.0949 0.0531 0.0297 0.0666 0.0456 0.0647 0.0319 0.0544 0.0722 0.0336 0.1003 0.0720 0.0347 0.0403 0.0535 0.0799 0.0395 0.0439 0.0353 0.0378 0.0260 0.1018 0.0508 0.0224 0.0192 0.0425 0.0384 0.0460 0.0240 0.0586 0.0412 0.0307 0.0279 0.0550 0.0160 0.0233 0.2061 0.0255 0.0268 0.0247 0.0360 0.0215],[2.1445 1.6226 1.2314 0.4113 0.9371 0.6267 0.2295 0.3537 0.2304 0.1649 1.0517 0.4317 0.1813 0.2384 0.1792 0.1741 0.2276 0.1735 0.2806 0.2182 0.1578 0.2470 0.1934 0.1656 0.1609 0.2100 0.2189 0.1811 0.2105 0.1496 0.1574 0.2694 0.2652 0.1400 0.1219 0.1799 0.1903 0.1729 0.1287 0.1904 0.2230 0.1269 0.3236 0.2129 0.1423 0.1743 0.1539 0.1253 0.2816 0.2314 0.1783 0.2242 0.3399 0.1111 0.2458 0.1436 0.1509 0.1811 0.2029 0.1504 0.1171 0.1857 0.1542 0.1741 0.1317 0.1707 0.1932 0.1235 0.2360 0.1877 0.1452 0.1443 0.1873 0.1904 0.1559 0.1635 0.1409 0.1639 0.1264 0.2513 0.1662 0.1171 0.1157 0.1582 0.1507 0.1800 0.1273 0.2010 0.1666 0.1417 0.1408 0.1996 0.1257 0.1400 0.3173 0.1461 0.1421 0.1308 0.1734 0.1280],[2.0224 1.7445 0.8755 0.4254 0.3500 0.3052 0.2784 0.2555 0.2396 0.2254 0.2156 0.2037 0.1988 0.1933 0.1845 0.1795 0.1726 0.1699 0.1665 0.1597 0.1562 0.1510 0.1488 0.1447 0.1444 0.1406 0.1361 0.1358 0.1324 0.1299 0.1282 0.1228 0.1222 0.1225 0.1186 0.1160 0.1154 0.1139 0.1135 0.1107 0.1089 0.1076 0.1078 0.1040 0.1022 0.1015 0.1024 0.0988 0.0978 0.0967 0.0947 0.0918 0.0912 0.0928 0.0929 0.0904 0.0891 0.0885 0.0879 0.0849 0.0865 0.0836 0.0815 0.0831 0.0824 0.0796 0.0818 0.0815 0.0793 0.0782 0.0760 0.0750 0.0746 0.0746 0.0741 0.0721 0.0735 0.0704 0.0709 0.0705 0.0708 0.0715 0.0697 0.0688 0.0689 0.0683 0.0689 0.0676 0.0662 0.0660 0.0648 0.0647 0.0640 0.0649 0.0625 0.0631 0.0597 0.0611 0.0619 0.0614]
