train_acc,valid_acc,test_acc,train_loss,valid_loss,train_aug_loss
0.9913120269775391,0.9707922339439392,0.9497690796852112,[2.0839 5.7446 2.3635 0.9429 0.5112 0.3159 0.2872 0.2970 0.2437 0.2415 0.2391 0.1629 0.2458 0.1628 0.1481 0.1623 0.1210 0.1022 0.1424 0.1140 0.1404 0.0979 0.0968 0.1215 0.0828 0.0876 0.0937 0.1281 0.0748 0.1122 0.0953 0.0703 0.0924 0.0912 0.0796 0.1339 0.0804 0.0645 0.0753 0.0647 0.1072 0.0572 0.0658 0.0964 0.0770 0.0632 0.0579 0.0497 0.0654 0.0644 0.0411 0.0593 0.0688 0.0885 0.0447 0.0458 0.0469 0.0494 0.0409 0.0398 0.0533 0.0573 0.0323 0.0437 0.0366 0.0432 0.0399 0.0381 0.0501 0.0373 0.0278 0.0326 0.0404 0.0403 0.0385 0.0431 0.0760 0.0348 0.0479 0.0385 0.0250 0.0236 0.0340 0.0297 0.0326 0.0639 0.0332 0.0333 0.0266 0.0333 0.0266 0.0580 0.0476 0.0365 0.0459 0.0428 0.0368 0.0439 0.0290 0.0205],[2.0760 5.5903 2.3438 1.0059 0.5240 0.3610 0.3243 0.3126 0.2796 0.2844 0.3021 0.2119 0.2652 0.2068 0.1919 0.2152 0.1711 0.1688 0.1920 0.1676 0.1933 0.1540 0.1504 0.2113 0.1419 0.1516 0.1494 0.1969 0.1318 0.1909 0.1635 0.1418 0.1532 0.1520 0.1523 0.2499 0.1625 0.1353 0.1504 0.1389 0.2142 0.1457 0.1565 0.1964 0.1604 0.1444 0.1312 0.1223 0.1550 0.1563 0.1134 0.1428 0.1776 0.1974 0.1221 0.1419 0.1336 0.1382 0.1155 0.1088 0.1428 0.1620 0.1117 0.1260 0.1179 0.1452 0.1333 0.1225 0.1511 0.1260 0.1027 0.1147 0.1458 0.1456 0.1320 0.1611 0.2016 0.1532 0.1561 0.1468 0.1115 0.1193 0.1412 0.1347 0.1401 0.2027 0.1541 0.1512 0.1273 0.1537 0.1266 0.1907 0.1830 0.1701 0.1840 0.1613 0.1675 0.1727 0.1394 0.1213],[2.0933 1.8497 1.4329 0.7112 0.4449 0.3659 0.3296 0.2993 0.2827 0.2602 0.2483 0.2369 0.2259 0.2178 0.2110 0.2019 0.1920 0.1906 0.1815 0.1786 0.1736 0.1686 0.1655 0.1603 0.1575 0.1531 0.1505 0.1464 0.1466 0.1394 0.1381 0.1373 0.1359 0.1310 0.1277 0.1289 0.1270 0.1224 0.1224 0.1200 0.1170 0.1177 0.1136 0.1134 0.1121 0.1092 0.1077 0.1062 0.1045 0.1058 0.1004 0.0996 0.1017 0.0988 0.0980 0.0964 0.0953 0.0925 0.0939 0.0918 0.0923 0.0891 0.0888 0.0876 0.0883 0.0860 0.0850 0.0866 0.0859 0.0830 0.0820 0.0812 0.0801 0.0805 0.0802 0.0777 0.0760 0.0769 0.0756 0.0749 0.0731 0.0740 0.0715 0.0716 0.0730 0.0694 0.0702 0.0708 0.0691 0.0677 0.0709 0.0682 0.0678 0.0657 0.0653 0.0648 0.0645 0.0655 0.0654 0.0625]
