train_acc,valid_acc,test_acc,train_loss,valid_loss,train_aug_loss
0.9876683950424194,0.9704271554946899,0.956986129283905,[2.0894 2.6300 0.7970 0.8121 0.3267 0.1984 0.4040 0.2569 0.1702 0.2000 0.1694 0.1580 0.1778 0.1772 0.1118 0.1199 0.1339 0.1013 0.0899 0.1025 0.0909 0.1141 0.0981 0.1277 0.1424 0.1247 0.1186 0.0927 0.0668 0.0784 0.0769 0.1160 0.1158 0.2350 0.0646 0.1398 0.1091 0.0816 0.0895 0.0889 0.1040 0.0604 0.1274 0.1395 0.0589 0.1080 0.0605 0.0541 0.0513 0.1123 0.0722 0.0481 0.0519 0.0401 0.0457 0.0477 0.0468 0.0548 0.0788 0.0715 0.0572 0.0371 0.0475 0.0371 0.0444 0.0671 0.0506 0.0408 0.0370 0.0443 0.0425 0.0462 0.0336 0.0370 0.0327 0.0341 0.0567 0.0350 0.0339 0.0294 0.0340 0.0362 0.0305 0.0364 0.0260 0.0279 0.0656 0.0243 0.0294 0.0224 0.0614 0.0244 0.0303 0.0280 0.0481 0.0381 0.0248 0.0365 0.0288 0.0254],[2.0863 2.6334 0.8441 0.9606 0.3632 0.2380 0.5599 0.3493 0.2247 0.2377 0.2436 0.2161 0.2539 0.2544 0.1686 0.1620 0.2034 0.1549 0.1344 0.1567 0.1450 0.1885 0.1654 0.2292 0.2423 0.2024 0.1855 0.1740 0.1212 0.1519 0.1443 0.2251 0.2111 0.3442 0.1390 0.2288 0.1915 0.1767 0.1801 0.1713 0.1885 0.1433 0.2346 0.2437 0.1347 0.2105 0.1292 0.1460 0.1244 0.1861 0.1677 0.1408 0.1461 0.1120 0.1216 0.1377 0.1382 0.1445 0.1808 0.1791 0.1629 0.1124 0.1391 0.1171 0.1364 0.1717 0.1647 0.1382 0.1181 0.1440 0.1294 0.1529 0.1133 0.1329 0.1391 0.1189 0.1913 0.1421 0.1450 0.1308 0.1445 0.1394 0.1353 0.1603 0.1151 0.1306 0.1999 0.1193 0.1449 0.1273 0.2083 0.1196 0.1353 0.1301 0.1876 0.1583 0.1297 0.1765 0.1458 0.1320],[2.0741 1.7535 1.0458 0.5157 0.3856 0.3400 0.3040 0.2808 0.2619 0.2485 0.2354 0.2271 0.2152 0.2088 0.2009 0.1950 0.1875 0.1821 0.1796 0.1734 0.1686 0.1657 0.1572 0.1564 0.1527 0.1514 0.1469 0.1442 0.1416 0.1402 0.1374 0.1349 0.1349 0.1301 0.1297 0.1257 0.1228 0.1234 0.1207 0.1211 0.1179 0.1164 0.1115 0.1137 0.1125 0.1098 0.1090 0.1065 0.1071 0.1056 0.1022 0.1015 0.1008 0.0996 0.0978 0.0976 0.0941 0.0956 0.0949 0.0932 0.0910 0.0916 0.0904 0.0905 0.0886 0.0884 0.0865 0.0867 0.0832 0.0842 0.0845 0.0823 0.0814 0.0824 0.0815 0.0782 0.0791 0.0771 0.0780 0.0764 0.0746 0.0754 0.0746 0.0728 0.0732 0.0714 0.0721 0.0705 0.0720 0.0692 0.0691 0.0697 0.0689 0.0676 0.0668 0.0665 0.0658 0.0667 0.0661 0.0647]
