train_acc,valid_acc,test_acc,train_loss,valid_loss,train_aug_loss
0.982882559299469,0.9565534591674805,0.9471709132194519,[2.0887 1.8673 0.9485 0.3827 0.2987 0.2674 0.1706 0.5537 0.2166 0.2986 0.3640 0.2324 0.2186 0.1434 0.1408 0.4962 0.1922 0.1978 0.0835 0.1054 0.0991 0.1136 0.2187 0.1795 0.1775 0.1311 0.2383 0.0972 0.2094 0.1818 0.1470 0.0723 0.1158 0.0853 0.3291 0.1396 0.0812 0.0989 0.0590 0.2473 0.0693 0.0528 0.1048 0.2078 0.0559 0.0715 0.1496 0.1506 0.0786 0.1103 0.0480 0.0544 0.0908 0.0661 0.1150 0.0641 0.0693 0.1827 0.0951 0.0564 0.1168 0.0708 0.0773 0.0430 0.0613 0.0541 0.0470 0.0935 0.0860 0.0417 0.0655 0.1230 0.1119 0.1247 0.0690 0.0497 0.0880 0.0424 0.0460 0.0547 0.1233 0.1716 0.0436 0.0773 0.0577 0.0612 0.0921 0.1276 0.0301 0.0335 0.0403 0.0266 0.0461 0.0367 0.0253 0.0315 0.1903 0.0524 0.0499 0.0433],[2.1043 2.0391 0.9854 0.4680 0.3602 0.3602 0.2330 0.5467 0.2984 0.3979 0.4699 0.3201 0.3086 0.2555 0.2571 0.5678 0.3062 0.2977 0.1603 0.1769 0.1803 0.2082 0.2908 0.2939 0.2976 0.2478 0.3383 0.1804 0.3384 0.2871 0.2410 0.1587 0.1987 0.1693 0.4813 0.2575 0.1766 0.2140 0.1431 0.3879 0.1661 0.1349 0.2165 0.3541 0.1591 0.1889 0.2983 0.3104 0.2020 0.2565 0.1527 0.1539 0.2199 0.1723 0.2646 0.1775 0.1859 0.3310 0.2266 0.1659 0.2538 0.1965 0.2101 0.1649 0.1840 0.1704 0.1627 0.2465 0.2073 0.1624 0.1950 0.2845 0.2651 0.2970 0.2205 0.1774 0.2472 0.1703 0.1643 0.1924 0.2897 0.3347 0.1646 0.2386 0.1920 0.1976 0.2450 0.2727 0.1398 0.1448 0.1744 0.1450 0.1720 0.1779 0.1405 0.1506 0.3667 0.1764 0.1950 0.1794],[1.9050 0.9957 0.4421 0.3475 0.3020 0.2801 0.2581 0.2432 0.2335 0.2196 0.2117 0.2062 0.1967 0.1923 0.1845 0.1826 0.1745 0.1689 0.1697 0.1624 0.1616 0.1565 0.1540 0.1523 0.1485 0.1467 0.1442 0.1415 0.1425 0.1356 0.1370 0.1329 0.1341 0.1322 0.1271 0.1273 0.1251 0.1233 0.1222 0.1197 0.1199 0.1202 0.1142 0.1141 0.1149 0.1123 0.1146 0.1086 0.1085 0.1072 0.1066 0.1058 0.1056 0.1033 0.1033 0.1024 0.1013 0.1030 0.0994 0.1006 0.0965 0.0983 0.0984 0.0949 0.0939 0.0949 0.0924 0.0923 0.0917 0.0933 0.0921 0.0907 0.0926 0.0896 0.0908 0.0873 0.0893 0.0871 0.0855 0.0877 0.0849 0.0849 0.0849 0.0844 0.0827 0.0808 0.0832 0.0830 0.0822 0.0827 0.0808 0.0807 0.0786 0.0811 0.0770 0.0785 0.0806 0.0896 0.0760 0.0759]
