train_acc,valid_acc,test_acc,train_loss,valid_loss,train_aug_loss
0.9906533360481262,0.9587440490722656,0.9480369687080383,[2.1723 2.0322 0.4153 0.2655 0.4011 0.2245 0.1592 0.1853 0.1380 0.1310 0.1348 0.1033 0.1656 0.0887 0.0975 0.1669 0.1215 0.0763 0.1192 0.0889 0.1487 0.0850 0.0741 0.0783 0.0656 0.0777 0.0664 0.0750 0.0798 0.0642 0.0561 0.0589 0.0728 0.0524 0.0594 0.0648 0.0642 0.0667 0.0523 0.0462 0.0673 0.0387 0.0816 0.0436 0.0418 0.0420 0.0397 0.0365 0.0489 0.0492 0.0316 0.0485 0.0395 0.0335 0.0422 0.0462 0.0474 0.0300 0.0267 0.0379 0.0285 0.0753 0.0266 0.0307 0.0330 0.0225 0.0255 0.0254 0.0289 0.0278 0.0217 0.0265 0.0389 0.0337 0.0246 0.0261 0.0224 0.0231 0.0506 0.0669 0.0217 0.0201 0.0200 0.0245 0.0218 0.0466 0.0242 0.0311 0.0168 0.0532 0.0185 0.0235 0.0182 0.0181 0.0174 0.0264 0.0297 0.0145 0.0150 0.0171],[2.1189 1.9285 0.5198 0.3733 0.5223 0.3377 0.2380 0.2564 0.2084 0.2016 0.2199 0.2008 0.2911 0.1768 0.1946 0.3038 0.2213 0.1632 0.2450 0.1810 0.2610 0.1950 0.1701 0.1922 0.1644 0.1849 0.1657 0.1929 0.1948 0.1678 0.1568 0.1653 0.2008 0.1572 0.1627 0.1692 0.2055 0.2002 0.1738 0.1592 0.1979 0.1527 0.2134 0.1616 0.1653 0.1618 0.1658 0.1651 0.1783 0.1769 0.1614 0.2062 0.1564 0.1651 0.1823 0.1917 0.2018 0.1556 0.1519 0.1680 0.1631 0.2581 0.1761 0.1900 0.1644 0.1648 0.1776 0.1610 0.1780 0.1870 0.1538 0.1870 0.2005 0.1966 0.1841 0.1722 0.1810 0.1742 0.2628 0.3040 0.1715 0.1807 0.1900 0.2041 0.1887 0.2551 0.2055 0.2012 0.1902 0.2688 0.1662 0.2221 0.1849 0.1986 0.1793 0.1962 0.2287 0.1685 0.1973 0.1843],[2.0018 1.3297 0.5383 0.3832 0.3268 0.2954 0.2747 0.2557 0.2392 0.2258 0.2169 0.2089 0.2003 0.1948 0.1869 0.1803 0.1777 0.1705 0.1672 0.1631 0.1575 0.1531 0.1524 0.1494 0.1445 0.1457 0.1391 0.1343 0.1344 0.1289 0.1297 0.1279 0.1258 0.1244 0.1205 0.1189 0.1164 0.1171 0.1139 0.1104 0.1117 0.1104 0.1056 0.1053 0.1027 0.1032 0.1018 0.0997 0.0998 0.0995 0.0982 0.0958 0.0965 0.0945 0.0919 0.0910 0.0920 0.0888 0.0892 0.0884 0.0875 0.0863 0.0868 0.0838 0.0852 0.0819 0.0829 0.0829 0.0832 0.0791 0.0798 0.0778 0.0789 0.0776 0.0757 0.0751 0.0736 0.0748 0.0753 0.0723 0.0715 0.0704 0.0723 0.0718 0.0693 0.0693 0.0704 0.0669 0.0681 0.0673 0.0681 0.0660 0.0659 0.0643 0.0652 0.0649 0.0637 0.0641 0.0623 0.0631]
