train_acc,valid_acc,test_acc,train_loss,valid_loss,train_aug_loss
0.9927961826324463,0.9667761921882629,0.9494803547859192,[2.3329 2.8913 1.0585 0.2604 0.1929 0.1884 0.2806 0.1356 0.1409 0.1078 0.1238 0.1124 0.1192 0.2424 0.1209 0.1181 0.1462 0.1157 0.1120 0.0720 0.0948 0.0731 0.0717 0.0872 0.0759 0.0816 0.0847 0.0889 0.0778 0.0708 0.1494 0.0735 0.0652 0.0639 0.0564 0.0810 0.0567 0.1038 0.0479 0.0868 0.0944 0.0607 0.0465 0.0555 0.0480 0.0807 0.0933 0.0899 0.0723 0.0497 0.0480 0.1746 0.0535 0.0691 0.0882 0.0531 0.0589 0.0757 0.0466 0.0468 0.0950 0.0406 0.0400 0.0381 0.0673 0.0364 0.0891 0.0761 0.0507 0.0420 0.0312 0.0308 0.0316 0.0531 0.0794 0.0635 0.0323 0.0502 0.0276 0.0576 0.0260 0.0575 0.0221 0.0397 0.0310 0.0220 0.0287 0.0356 0.0388 0.0272 0.0304 0.0413 0.0337 0.0559 0.0297 0.0425 0.0294 0.0366 0.0681 0.0314],[2.1011 2.2536 0.7930 0.2699 0.2205 0.1930 0.2499 0.1631 0.1675 0.1426 0.1570 0.1455 0.1561 0.2151 0.1577 0.1815 0.1949 0.1602 0.1975 0.1196 0.1323 0.1175 0.1253 0.1472 0.1406 0.1349 0.1358 0.1638 0.1316 0.1492 0.2011 0.1338 0.1276 0.1335 0.1172 0.1733 0.1308 0.1662 0.1119 0.1605 0.1984 0.1394 0.1143 0.1322 0.1286 0.1631 0.1815 0.2141 0.1635 0.1400 0.1337 0.2602 0.1385 0.1753 0.1631 0.1419 0.1288 0.1970 0.1222 0.1330 0.1824 0.1109 0.1346 0.1287 0.1613 0.1241 0.1686 0.2099 0.1630 0.1378 0.1283 0.1284 0.1248 0.1707 0.2193 0.1773 0.1257 0.1585 0.1185 0.1666 0.1146 0.1724 0.1047 0.1525 0.1420 0.1197 0.2007 0.1537 0.1462 0.1156 0.1299 0.1504 0.1422 0.1852 0.1598 0.1618 0.1378 0.1541 0.2004 0.1366],[1.9567 1.4890 0.6869 0.3646 0.2999 0.2633 0.2504 0.2321 0.2194 0.2093 0.2021 0.1943 0.1885 0.1794 0.1740 0.1744 0.1680 0.1622 0.1595 0.1560 0.1532 0.1489 0.1477 0.1447 0.1450 0.1417 0.1374 0.1339 0.1350 0.1310 0.1284 0.1278 0.1285 0.1247 0.1213 0.1195 0.1210 0.1190 0.1143 0.1176 0.1160 0.1116 0.1113 0.1084 0.1088 0.1064 0.1078 0.1037 0.1022 0.1037 0.1001 0.1015 0.0994 0.0982 0.0981 0.1013 0.0940 0.0950 0.0955 0.0964 0.0937 0.0928 0.0923 0.0916 0.0900 0.0898 0.0882 0.0868 0.0865 0.0891 0.0868 0.0840 0.0853 0.0850 0.0834 0.0825 0.0819 0.0827 0.0824 0.0822 0.0810 0.0815 0.0789 0.0767 0.0761 0.0788 0.0777 0.0814 0.0745 0.0757 0.0749 0.0755 0.0742 0.0738 0.0742 0.0755 0.0731 0.0696 0.0722 0.0703]
