train_acc,valid_acc,test_acc,train_loss,valid_loss,train_aug_loss
0.9872098565101624,0.9678714871406555,0.9442840814590454,[5.0123 3.1228 0.3649 0.3220 0.1896 0.1511 0.1615 0.1503 0.1245 0.1101 0.1256 0.0812 0.0678 0.0822 0.0872 0.0722 0.0562 0.0647 0.0600 0.0497 0.0651 0.0395 0.0360 0.0406 0.0412 0.0448 0.0392 0.0333 0.0404 0.0321 0.0287 0.0266 0.0307 0.0283 0.0247 0.0234 0.0212 0.0225 0.0264 0.0198 0.0194 0.0204 0.0224 0.0234 0.0205 0.0171 0.0151 0.0172 0.0166 0.0143 0.0132 0.0129 0.0118 0.0118 0.0237 0.0207 0.0138 0.0111 0.0116 0.0118 0.0115 0.0101 0.0082 0.0103 0.0125 0.0083 0.0085 0.0115 0.0075 0.0078 0.0153 0.0134 0.0052 0.0069 0.0061 0.0080 0.0053 0.0060 0.0052 0.0053 0.0048 0.0056 0.0056 0.0083 0.0052 0.0049 0.0048 0.0207 0.0034 0.0034 0.0047 0.0031 0.0030 0.0034 0.0035 0.0032 0.0050 0.0028 0.0039 0.0056],[4.5157 2.7609 0.3672 0.3367 0.2413 0.2074 0.2001 0.1819 0.1635 0.1799 0.1630 0.1286 0.1354 0.1629 0.1541 0.1410 0.1357 0.1265 0.1302 0.1140 0.1343 0.1048 0.1171 0.1151 0.1282 0.1382 0.1328 0.1179 0.1303 0.1366 0.1067 0.1253 0.1245 0.1274 0.1117 0.1094 0.1088 0.1100 0.1271 0.1219 0.1367 0.1181 0.1246 0.1581 0.1309 0.1240 0.1348 0.1467 0.1253 0.1261 0.1276 0.1238 0.1350 0.1339 0.1930 0.1689 0.1396 0.1464 0.1282 0.1496 0.1471 0.1200 0.1233 0.1422 0.1476 0.1257 0.1357 0.1660 0.1559 0.1360 0.1603 0.1516 0.1726 0.1435 0.1428 0.1557 0.1417 0.1488 0.1427 0.1463 0.1657 0.1626 0.1531 0.1873 0.1553 0.1388 0.1562 0.1961 0.1364 0.1643 0.1621 0.1546 0.1582 0.1480 0.1531 0.1534 0.1863 0.1647 0.1714 0.1860],[1.9688 1.3458 0.4624 0.3043 0.2534 0.2222 0.2007 0.1841 0.1676 0.1589 0.1502 0.1408 0.1336 0.1267 0.1209 0.1155 0.1102 0.1068 0.1009 0.0995 0.0952 0.0919 0.0898 0.0856 0.0838 0.0808 0.0797 0.0750 0.0746 0.0710 0.0707 0.0664 0.0663 0.0634 0.0639 0.0606 0.0597 0.0601 0.0574 0.0558 0.0542 0.0531 0.0527 0.0493 0.0505 0.0486 0.0484 0.0468 0.0449 0.0455 0.0446 0.0434 0.0422 0.0433 0.0403 0.0406 0.0391 0.0383 0.0383 0.0374 0.0373 0.0365 0.0379 0.0344 0.0371 0.0348 0.0331 0.0342 0.0332 0.0312 0.0299 0.0322 0.0306 0.0320 0.0298 0.0296 0.0303 0.0292 0.0296 0.0279 0.0270 0.0269 0.0260 0.0279 0.0267 0.0256 0.0253 0.0270 0.0245 0.0235 0.0261 0.0238 0.0240 0.0232 0.0229 0.0221 0.0232 0.0235 0.0218 0.0226]
