train_acc,valid_acc,test_acc,train_loss,valid_loss,train_aug_loss
0.9912119507789612,0.9664111137390137,0.9532332420349121,[2.0721 2.4226 0.9730 0.4751 0.3539 0.6107 0.3779 0.2264 0.2329 0.4209 0.1638 0.3495 0.2030 0.2221 0.2192 0.5586 0.1543 0.1806 0.2743 0.1366 0.1466 0.0865 0.2357 0.2710 0.0736 0.1140 0.1394 0.0874 0.0969 0.0684 0.1161 0.1213 0.0794 0.1944 0.0757 0.1615 0.0666 0.1753 0.0586 0.0934 0.0628 0.0639 0.0807 0.1112 0.0665 0.1290 0.0835 0.0495 0.0974 0.0713 0.1198 0.0619 0.0756 0.0840 0.0635 0.0819 0.0632 0.0502 0.0777 0.0984 0.1391 0.1138 0.0810 0.0673 0.0530 0.0541 0.0924 0.0594 0.1730 0.0434 0.0800 0.0284 0.0581 0.0426 0.0535 0.1012 0.0548 0.0457 0.0347 0.0448 0.0242 0.0294 0.1174 0.1421 0.0402 0.0408 0.0432 0.0256 0.0727 0.0561 0.0216 0.0412 0.0341 0.0716 0.0492 0.0340 0.0541 0.0326 0.0649 0.1223],[2.0694 2.2473 1.0269 0.5150 0.4449 0.6459 0.4125 0.3056 0.3068 0.4411 0.2207 0.4129 0.3057 0.2900 0.2765 0.5574 0.2555 0.2846 0.3041 0.2410 0.2474 0.1599 0.3097 0.4038 0.1416 0.1833 0.2379 0.1638 0.1665 0.1454 0.2068 0.2225 0.1770 0.3017 0.1751 0.2456 0.1415 0.2681 0.1395 0.2230 0.1630 0.1437 0.1829 0.2383 0.1642 0.2533 0.1827 0.1338 0.2091 0.1928 0.2281 0.1731 0.2005 0.1941 0.1825 0.2174 0.1911 0.1622 0.2107 0.2278 0.2931 0.2514 0.2116 0.1965 0.1747 0.1747 0.2424 0.2010 0.2885 0.1783 0.2350 0.1254 0.2000 0.1522 0.1719 0.2543 0.1960 0.1631 0.1530 0.1821 0.1345 0.1397 0.3132 0.3310 0.1632 0.1799 0.1805 0.1497 0.2421 0.2272 0.1305 0.1951 0.1748 0.2504 0.2251 0.1979 0.2263 0.1903 0.2386 0.3118],[2.0752 1.8263 1.4721 0.6367 0.4286 0.3676 0.3240 0.2922 0.2765 0.2555 0.2412 0.2267 0.2198 0.2122 0.2016 0.1961 0.1898 0.1856 0.1761 0.1717 0.1677 0.1635 0.1603 0.1564 0.1508 0.1511 0.1480 0.1444 0.1407 0.1367 0.1359 0.1306 0.1333 0.1271 0.1249 0.1241 0.1224 0.1205 0.1166 0.1155 0.1143 0.1147 0.1112 0.1104 0.1098 0.1070 0.1059 0.1052 0.1041 0.1030 0.0988 0.1001 0.0967 0.0971 0.0975 0.0950 0.0938 0.0930 0.0912 0.0891 0.0887 0.0889 0.0868 0.0862 0.0873 0.0844 0.0830 0.0822 0.0810 0.0808 0.0802 0.0788 0.0790 0.0789 0.0768 0.0750 0.0761 0.0758 0.0747 0.0736 0.0732 0.0740 0.0710 0.0702 0.0694 0.0695 0.0699 0.0678 0.0661 0.0681 0.0645 0.0680 0.0649 0.0634 0.0632 0.0636 0.0638 0.0620 0.0632 0.0629]
