train_acc,valid_acc,test_acc,train_loss,valid_loss,train_aug_loss
0.9891775846481323,0.9693318605422974,0.945438802242279,[2.0812 2.0476 1.0951 0.4540 0.3780 0.3250 0.4298 0.3512 0.2335 0.3274 0.2199 0.1970 0.2981 0.2762 0.3364 0.2374 0.2429 0.2619 0.2375 0.1684 0.1946 0.3592 0.1493 0.1317 0.1488 0.0863 0.1362 0.1845 0.1521 0.2633 0.1831 0.3148 0.1161 0.1241 0.0888 0.1634 0.1837 0.0771 0.1002 0.0937 0.2206 0.0974 0.1444 0.1329 0.1065 0.0681 0.0728 0.0831 0.0694 0.1106 0.1620 0.1141 0.1202 0.2264 0.0534 0.1101 0.0872 0.1139 0.0559 0.0645 0.0383 0.0997 0.1297 0.0409 0.0321 0.0501 0.0432 0.0562 0.1430 0.0564 0.0418 0.0612 0.0724 0.0608 0.0332 0.0944 0.0691 0.0478 0.0582 0.0808 0.0855 0.0324 0.0582 0.0746 0.0369 0.0697 0.0906 0.0672 0.0364 0.0557 0.0273 0.0309 0.0364 0.0467 0.0222 0.0654 0.0371 0.0444 0.0300 0.0329],[2.0819 2.3011 1.3202 0.5546 0.4608 0.3713 0.5180 0.4068 0.2705 0.4045 0.2847 0.2511 0.4036 0.3353 0.4033 0.3040 0.3136 0.3441 0.3029 0.2356 0.2600 0.4242 0.2067 0.1827 0.2102 0.1462 0.1915 0.2581 0.2304 0.3401 0.2701 0.3926 0.1877 0.1874 0.1509 0.2248 0.2657 0.1564 0.1837 0.1668 0.3192 0.1809 0.2419 0.2486 0.2014 0.1462 0.1442 0.1745 0.1560 0.1939 0.2684 0.2037 0.2305 0.3349 0.1348 0.2044 0.2022 0.2235 0.1413 0.1482 0.1138 0.1998 0.2525 0.1184 0.1103 0.1368 0.1319 0.1624 0.2639 0.1461 0.1343 0.1719 0.1874 0.1726 0.1282 0.2123 0.1897 0.1617 0.1728 0.2084 0.2047 0.1274 0.1819 0.2074 0.1462 0.2072 0.2259 0.1867 0.1435 0.1838 0.1267 0.1515 0.1457 0.1806 0.1276 0.1911 0.1529 0.1647 0.1420 0.1536],[1.9795 1.5537 0.6772 0.4114 0.3422 0.3077 0.2769 0.2547 0.2391 0.2259 0.2160 0.2040 0.1994 0.1950 0.1833 0.1784 0.1745 0.1663 0.1625 0.1601 0.1554 0.1519 0.1489 0.1459 0.1425 0.1405 0.1372 0.1353 0.1332 0.1275 0.1266 0.1274 0.1224 0.1186 0.1185 0.1166 0.1141 0.1128 0.1110 0.1111 0.1065 0.1055 0.1054 0.1033 0.1042 0.1020 0.1003 0.0996 0.0974 0.0973 0.0945 0.0932 0.0911 0.0907 0.0903 0.0881 0.0914 0.0889 0.0883 0.0838 0.0844 0.0828 0.0822 0.0819 0.0813 0.0830 0.0791 0.0788 0.0783 0.0774 0.0781 0.0765 0.0763 0.0740 0.0744 0.0708 0.0747 0.0710 0.0694 0.0710 0.0700 0.0713 0.0697 0.0686 0.0686 0.0669 0.0672 0.0679 0.0659 0.0677 0.0650 0.0635 0.0629 0.0638 0.0629 0.0640 0.0611 0.0612 0.0603 0.0613]
