train_acc,valid_acc,test_acc,train_loss,valid_loss,train_aug_loss
0.9894360303878784,0.9715224504470825,0.9489030241966248,[2.9833 2.1669 1.0536 0.8089 0.4763 0.9859 0.3373 0.6417 0.3629 0.2995 0.1774 0.3001 0.2583 0.2537 0.4228 0.1986 0.1014 0.0996 0.1074 0.2810 0.2235 0.1399 0.2401 0.2310 0.3017 0.1979 0.1098 0.0785 0.1830 0.0945 0.0899 0.1413 0.0637 0.0668 0.0549 0.0821 0.0656 0.0822 0.0519 0.1871 0.0959 0.0503 0.0843 0.0497 0.2144 0.1404 0.0517 0.0597 0.1011 0.0416 0.0591 0.0621 0.0381 0.0332 0.1138 0.0573 0.0327 0.0951 0.0529 0.0430 0.0930 0.0408 0.0323 0.0413 0.0464 0.0694 0.0567 0.1506 0.0773 0.0316 0.0268 0.0354 0.0800 0.2694 0.0400 0.0293 0.0248 0.1111 0.0943 0.1208 0.0703 0.0333 0.0246 0.0180 0.0642 0.0334 0.0247 0.0579 0.0245 0.0600 0.0415 0.0358 0.0563 0.0299 0.0283 0.0258 0.0363 0.0303 0.1222 0.0322],[2.9027 2.3761 0.9722 0.7459 0.4832 0.9027 0.3931 0.5929 0.4024 0.3403 0.2245 0.3476 0.2793 0.2880 0.3977 0.2503 0.1372 0.1524 0.1570 0.2773 0.3179 0.1864 0.3152 0.2784 0.3501 0.2599 0.1896 0.1382 0.2141 0.1726 0.1448 0.1935 0.1240 0.1229 0.1079 0.1539 0.1251 0.1391 0.1138 0.2501 0.1779 0.1060 0.1657 0.1128 0.2870 0.2296 0.1171 0.1343 0.1803 0.0965 0.1387 0.1327 0.1005 0.0894 0.1850 0.1197 0.0855 0.1812 0.1316 0.1259 0.1907 0.1124 0.0986 0.1201 0.1238 0.1580 0.1400 0.2599 0.1675 0.0983 0.0899 0.1145 0.1874 0.3347 0.1312 0.1041 0.1059 0.2201 0.1847 0.2289 0.1760 0.1215 0.0974 0.0917 0.1853 0.1178 0.1136 0.1788 0.1018 0.1695 0.1359 0.1282 0.1688 0.1146 0.1225 0.1180 0.1447 0.1374 0.2689 0.1517],[2.0194 1.7277 0.6924 0.3743 0.3069 0.2781 0.2547 0.2385 0.2234 0.2135 0.2020 0.1950 0.1850 0.1822 0.1741 0.1719 0.1654 0.1619 0.1584 0.1541 0.1484 0.1486 0.1450 0.1378 0.1381 0.1355 0.1312 0.1292 0.1263 0.1244 0.1222 0.1205 0.1212 0.1166 0.1136 0.1126 0.1098 0.1094 0.1078 0.1074 0.1048 0.0999 0.1018 0.1022 0.0999 0.0981 0.0967 0.0950 0.0917 0.0935 0.0925 0.0913 0.0888 0.0886 0.0874 0.0874 0.0843 0.0849 0.0832 0.0850 0.0828 0.0816 0.0823 0.0796 0.0808 0.0783 0.0767 0.0776 0.0769 0.0757 0.0771 0.0762 0.0712 0.0735 0.0733 0.0717 0.0694 0.0703 0.0702 0.0690 0.0687 0.0692 0.0632 0.0670 0.0650 0.0661 0.0639 0.0637 0.0651 0.0644 0.0632 0.0629 0.0598 0.0605 0.0601 0.0594 0.0618 0.0585 0.0581 0.0583]
