train_acc,valid_acc,test_acc,train_loss,valid_loss,train_aug_loss
0.9851254224777222,0.9653158187866211,0.9460161924362183,[2.1268 1.7038 0.4660 0.3278 0.2503 0.3010 0.3299 0.2159 0.2138 0.1966 0.2313 0.2048 0.1511 0.1683 0.1918 0.1838 0.1843 0.1715 0.1644 0.1209 0.2002 0.1825 0.0946 0.0856 0.1288 0.2364 0.1492 0.1241 0.0711 0.2291 0.1304 0.0605 0.0784 0.1315 0.0676 0.1460 0.1010 0.0782 0.0731 0.1056 0.0474 0.0481 0.0702 0.0614 0.0627 0.0992 0.0471 0.0522 0.0825 0.0604 0.0655 0.0603 0.0895 0.0739 0.0506 0.0851 0.3160 0.0675 0.0785 0.0577 0.1490 0.0903 0.0829 0.0600 0.0934 0.0463 0.0358 0.0637 0.0346 0.0261 0.0578 0.0325 0.0736 0.0249 0.0309 0.0400 0.0845 0.0818 0.0722 0.0587 0.0674 0.0586 0.0467 0.0801 0.0274 0.0307 0.0259 0.0424 0.0313 0.0397 0.0347 0.0304 0.0523 0.0236 0.0356 0.0807 0.0968 0.0423 0.0644 0.0446],[2.1202 1.9022 0.5248 0.3806 0.2975 0.3496 0.3725 0.2747 0.2670 0.2427 0.2838 0.2608 0.2116 0.2385 0.2385 0.2416 0.2371 0.2344 0.2325 0.2009 0.2631 0.2757 0.1745 0.1571 0.2150 0.3286 0.2505 0.2101 0.1476 0.2965 0.2290 0.1384 0.1692 0.2263 0.1468 0.2553 0.1896 0.1599 0.1700 0.2138 0.1194 0.1225 0.1631 0.1564 0.1675 0.2211 0.1327 0.1409 0.1835 0.1584 0.1762 0.1595 0.2077 0.1779 0.1618 0.2101 0.4170 0.2026 0.1816 0.1703 0.2869 0.2092 0.2195 0.1804 0.2389 0.1646 0.1520 0.2097 0.1357 0.1288 0.1925 0.1531 0.2166 0.1245 0.1346 0.1561 0.2392 0.2478 0.2200 0.1919 0.2184 0.2229 0.1894 0.2364 0.1500 0.1639 0.1554 0.1874 0.1692 0.1745 0.1682 0.1626 0.2001 0.1585 0.1761 0.2605 0.2877 0.1934 0.2253 0.1851],[1.9997 1.3391 0.5059 0.3541 0.3027 0.2759 0.2564 0.2374 0.2271 0.2144 0.2040 0.1984 0.1881 0.1828 0.1757 0.1727 0.1704 0.1624 0.1600 0.1562 0.1492 0.1514 0.1462 0.1436 0.1408 0.1358 0.1371 0.1307 0.1286 0.1270 0.1227 0.1230 0.1213 0.1204 0.1184 0.1159 0.1140 0.1122 0.1118 0.1069 0.1079 0.1054 0.1036 0.1050 0.1027 0.1010 0.0988 0.0980 0.0963 0.0984 0.0944 0.0936 0.0930 0.0926 0.0889 0.0885 0.0878 0.0865 0.0872 0.0866 0.0846 0.0820 0.0817 0.0817 0.0818 0.0808 0.0786 0.0791 0.0773 0.0778 0.0764 0.0756 0.0755 0.0749 0.0738 0.0736 0.0729 0.0704 0.0709 0.0690 0.0703 0.0684 0.0672 0.0679 0.0677 0.0673 0.0671 0.0647 0.0663 0.0627 0.0661 0.0652 0.0656 0.0617 0.0631 0.0608 0.0600 0.0608 0.0608 0.0614]
