train_acc,valid_acc,test_acc,train_loss,valid_loss,train_aug_loss
0.9787470102310181,0.9686017036437988,0.9445727467536926,[2.6524 2.6090 0.9332 0.2587 0.2682 0.1959 0.2846 0.2300 0.1727 0.1389 0.1640 0.1704 0.1588 0.1967 0.1205 0.1439 0.1642 0.0896 0.1799 0.1071 0.0825 0.0981 0.1012 0.0664 0.1088 0.0920 0.1336 0.0999 0.0625 0.0810 0.0663 0.0598 0.0672 0.1043 0.0542 0.0506 0.0539 0.0507 0.0576 0.1237 0.1385 0.0628 0.1213 0.0552 0.0935 0.0400 0.0423 0.0537 0.0455 0.0417 0.0480 0.0687 0.1001 0.0352 0.0414 0.0284 0.0702 0.0369 0.0563 0.0516 0.0518 0.0424 0.0505 0.0413 0.0298 0.0286 0.0269 0.1044 0.0320 0.0300 0.0275 0.0654 0.0279 0.0312 0.0233 0.0403 0.0281 0.0294 0.0362 0.0211 0.0262 0.0326 0.0184 0.0232 0.0339 0.0207 0.0206 0.0255 0.0441 0.0207 0.0207 0.0181 0.0299 0.0188 0.0182 0.0375 0.0293 0.0153 0.0182 0.0166],[2.5862 2.7349 0.8547 0.2982 0.3349 0.2356 0.3320 0.2693 0.2163 0.1564 0.2203 0.1945 0.1892 0.2575 0.1727 0.1859 0.2171 0.1443 0.2277 0.1549 0.1346 0.1382 0.1530 0.1034 0.1737 0.1461 0.1936 0.1695 0.1249 0.1412 0.1302 0.1229 0.1369 0.1726 0.1120 0.1096 0.1121 0.1202 0.1255 0.2018 0.2422 0.1425 0.2127 0.1456 0.1849 0.1176 0.1225 0.1323 0.1296 0.1270 0.1355 0.1657 0.2184 0.1078 0.1248 0.1073 0.1673 0.1275 0.1561 0.1498 0.1516 0.1432 0.1524 0.1316 0.1110 0.1056 0.1178 0.2553 0.1279 0.1196 0.1174 0.1918 0.1222 0.1368 0.1212 0.1586 0.1402 0.1481 0.1586 0.1303 0.1273 0.1660 0.1314 0.1357 0.1590 0.1249 0.1334 0.1426 0.1769 0.1292 0.1330 0.1283 0.1536 0.1381 0.1371 0.1662 0.1479 0.1215 0.1353 0.1326],[2.0115 1.5876 0.8376 0.4145 0.3314 0.2955 0.2680 0.2510 0.2354 0.2231 0.2152 0.2065 0.1974 0.1888 0.1820 0.1768 0.1758 0.1673 0.1614 0.1586 0.1532 0.1523 0.1489 0.1448 0.1417 0.1387 0.1343 0.1323 0.1313 0.1271 0.1264 0.1236 0.1213 0.1181 0.1176 0.1139 0.1139 0.1124 0.1102 0.1078 0.1084 0.1074 0.1041 0.1014 0.1012 0.1004 0.0961 0.0976 0.0955 0.0948 0.0944 0.0917 0.0927 0.0912 0.0910 0.0887 0.0870 0.0877 0.0856 0.0849 0.0839 0.0837 0.0815 0.0817 0.0807 0.0807 0.0800 0.0770 0.0791 0.0760 0.0783 0.0759 0.0747 0.0743 0.0733 0.0719 0.0733 0.0692 0.0697 0.0714 0.0683 0.0694 0.0669 0.0663 0.0679 0.0662 0.0643 0.0653 0.0652 0.0639 0.0640 0.0635 0.0625 0.0606 0.0609 0.0611 0.0612 0.0601 0.0594 0.0574]
