train_acc,valid_acc,test_acc,train_loss,valid_loss,train_aug_loss
0.9851670861244202,0.9707922339439392,0.9506350755691528,[2.2174 2.4064 1.0111 0.5092 0.4441 0.2610 0.3369 0.2055 0.2570 0.1551 0.1561 0.2748 0.3159 0.1883 0.1985 0.1722 0.1235 0.1719 0.1039 0.1039 0.1177 0.1324 0.1609 0.1264 0.0933 0.0645 0.1007 0.0938 0.0911 0.0674 0.1354 0.0868 0.1106 0.0468 0.0818 0.0872 0.0695 0.0831 0.0697 0.0591 0.0765 0.0906 0.0635 0.0688 0.0603 0.0774 0.0675 0.0637 0.0624 0.0549 0.0716 0.0436 0.0807 0.0811 0.0581 0.0646 0.1535 0.0758 0.0512 0.0736 0.0571 0.0592 0.0282 0.0399 0.0487 0.0793 0.0363 0.0444 0.0722 0.0563 0.0381 0.0604 0.0595 0.0462 0.0624 0.0609 0.0722 0.0526 0.0451 0.0542 0.0459 0.0385 0.0603 0.0236 0.0289 0.0518 0.0444 0.0301 0.0188 0.0669 0.0292 0.0296 0.0182 0.0375 0.0488 0.0467 0.0224 0.0667 0.0380 0.0583],[2.1846 2.6742 1.2191 0.6095 0.4907 0.2871 0.3986 0.2514 0.3215 0.2105 0.2171 0.3438 0.3829 0.2573 0.2750 0.2579 0.1995 0.2317 0.1468 0.1784 0.2011 0.2050 0.2546 0.1989 0.1606 0.1251 0.1747 0.1598 0.1723 0.1376 0.2281 0.1757 0.1997 0.0933 0.1625 0.1799 0.1350 0.1756 0.1535 0.1356 0.1890 0.1810 0.1446 0.1681 0.1382 0.1820 0.1597 0.1532 0.1425 0.1454 0.1646 0.1342 0.1813 0.1966 0.1651 0.1768 0.2784 0.2010 0.1554 0.1806 0.1723 0.1731 0.1153 0.1263 0.1459 0.1940 0.1363 0.1454 0.2175 0.1880 0.1447 0.1853 0.1930 0.1623 0.1832 0.1955 0.2087 0.1699 0.1659 0.1846 0.1578 0.1696 0.2114 0.1137 0.1225 0.2115 0.1736 0.1461 0.1186 0.2219 0.1255 0.1589 0.1117 0.1679 0.1949 0.1932 0.1410 0.2359 0.1793 0.2022],[2.0102 1.6678 0.8041 0.3982 0.3284 0.2860 0.2690 0.2502 0.2320 0.2227 0.2137 0.2050 0.1956 0.1899 0.1821 0.1776 0.1715 0.1658 0.1618 0.1588 0.1533 0.1500 0.1474 0.1428 0.1393 0.1366 0.1347 0.1315 0.1303 0.1267 0.1235 0.1226 0.1190 0.1212 0.1169 0.1153 0.1148 0.1103 0.1107 0.1067 0.1062 0.1057 0.1041 0.1043 0.1021 0.1002 0.0987 0.0992 0.0943 0.0949 0.0949 0.0896 0.0915 0.0918 0.0896 0.0891 0.0868 0.0863 0.0859 0.0829 0.0842 0.0818 0.0828 0.0804 0.0801 0.0794 0.0789 0.0766 0.0770 0.0753 0.0758 0.0744 0.0750 0.0721 0.0710 0.0731 0.0701 0.0714 0.0694 0.0701 0.0677 0.0686 0.0671 0.0664 0.0660 0.0643 0.0645 0.0651 0.0646 0.0643 0.0634 0.0616 0.0623 0.0624 0.0611 0.0610 0.0601 0.0580 0.0580 0.0577]
