train_acc,valid_acc,test_acc,train_loss,valid_loss,train_aug_loss
0.98960280418396,0.9700620770454407,0.9584295749664307,[2.0802 2.1337 0.3282 0.4152 0.2908 0.2884 0.1978 0.1813 0.4716 0.1318 0.1806 0.2277 0.1115 0.1253 0.1537 0.1018 0.1028 0.0793 0.0767 0.0795 0.0749 0.1095 0.1131 0.0790 0.0834 0.0822 0.1028 0.0671 0.0945 0.0695 0.0654 0.1116 0.0722 0.0545 0.0602 0.0642 0.0688 0.0520 0.0525 0.0450 0.0590 0.0670 0.0453 0.0525 0.0616 0.0602 0.0515 0.0374 0.0314 0.0493 0.0414 0.0466 0.0359 0.0562 0.0407 0.0383 0.0349 0.0530 0.0600 0.0672 0.1392 0.0333 0.0320 0.0310 0.0304 0.0376 0.0384 0.0302 0.0277 0.0247 0.0338 0.0219 0.0237 0.0246 0.0647 0.0269 0.0240 0.0245 0.0233 0.0504 0.0338 0.0380 0.0179 0.0270 0.0205 0.0243 0.0182 0.0196 0.0223 0.0158 0.0634 0.0266 0.0152 0.0437 0.0202 0.0323 0.0501 0.0189 0.0216 0.0171],[2.0853 2.1006 0.3936 0.4961 0.3661 0.3813 0.2575 0.2488 0.5621 0.1868 0.2411 0.3457 0.1870 0.2019 0.2516 0.1772 0.1768 0.1503 0.1599 0.1483 0.1543 0.2086 0.2320 0.1331 0.1731 0.1764 0.1979 0.1705 0.1582 0.1678 0.1474 0.2315 0.1546 0.1544 0.1708 0.1590 0.1802 0.1491 0.1582 0.1357 0.1683 0.1746 0.1407 0.1752 0.1657 0.1687 0.1641 0.1316 0.1241 0.1534 0.1586 0.1726 0.1248 0.1908 0.1551 0.1400 0.1457 0.1790 0.2009 0.2185 0.3189 0.1397 0.1630 0.1517 0.1434 0.1437 0.1742 0.1669 0.1352 0.1433 0.1694 0.1469 0.1361 0.1465 0.2428 0.1491 0.1424 0.1518 0.1581 0.1966 0.1849 0.1765 0.1393 0.1709 0.1519 0.1480 0.1400 0.1526 0.1569 0.1453 0.2428 0.1869 0.1451 0.2035 0.1651 0.1920 0.2375 0.1597 0.1644 0.1614],[1.9766 1.4982 0.6561 0.4161 0.3396 0.2964 0.2706 0.2496 0.2347 0.2235 0.2127 0.2027 0.1936 0.1877 0.1824 0.1756 0.1703 0.1621 0.1627 0.1596 0.1524 0.1486 0.1445 0.1435 0.1380 0.1368 0.1333 0.1334 0.1289 0.1256 0.1260 0.1212 0.1216 0.1185 0.1161 0.1146 0.1114 0.1091 0.1103 0.1082 0.1071 0.1041 0.1037 0.1014 0.1008 0.1019 0.0989 0.0944 0.0939 0.0941 0.0929 0.0903 0.0918 0.0901 0.0889 0.0862 0.0873 0.0869 0.0849 0.0837 0.0829 0.0837 0.0810 0.0793 0.0787 0.0783 0.0802 0.0769 0.0765 0.0751 0.0751 0.0741 0.0729 0.0733 0.0714 0.0706 0.0716 0.0705 0.0701 0.0680 0.0670 0.0679 0.0681 0.0661 0.0669 0.0669 0.0646 0.0638 0.0632 0.0644 0.0641 0.0608 0.0609 0.0611 0.0590 0.0598 0.0583 0.0614 0.0576 0.0586]
