train_acc,valid_acc,test_acc,train_loss,valid_loss,train_aug_loss
0.9864510893821716,0.9649507403373718,0.9402424693107605,[2.0798 2.2695 1.1018 1.1427 0.4921 0.3560 0.3951 0.1933 0.3020 0.2725 0.1786 0.3217 0.2304 0.2201 0.2404 0.1193 0.1386 0.0977 0.1008 0.2399 0.2218 0.1642 0.0932 0.1414 0.0655 0.0427 0.1037 0.1297 0.1144 0.1017 0.0557 0.1237 0.0626 0.0438 0.0708 0.0829 0.0480 0.0640 0.1046 0.0564 0.0970 0.0828 0.1323 0.0404 0.0451 0.1556 0.1325 0.0224 0.0297 0.0280 0.1760 0.0454 0.0165 0.0386 0.0346 0.0182 0.0244 0.1136 0.0286 0.0377 0.0415 0.0289 0.0215 0.0243 0.0924 0.1142 0.0439 0.0491 0.0108 0.0439 0.0165 0.0293 0.0162 0.0110 0.0145 0.0295 0.0123 0.0177 0.0112 0.0520 0.0351 0.0225 0.0367 0.0390 0.0189 0.0316 0.0139 0.0222 0.0078 0.0292 0.0158 0.0085 0.0067 0.0543 0.0528 0.0108 0.0322 0.0133 0.0401 0.0124],[2.0824 2.4478 1.0642 1.2627 0.5658 0.4609 0.4465 0.2781 0.3883 0.3686 0.2565 0.4403 0.3232 0.3187 0.3613 0.2095 0.2559 0.2030 0.2117 0.3691 0.3727 0.2767 0.2179 0.2523 0.1813 0.1340 0.2325 0.2743 0.2649 0.2592 0.1751 0.2730 0.1782 0.1693 0.2082 0.2134 0.1683 0.2187 0.2786 0.2010 0.2722 0.2338 0.2841 0.1784 0.2012 0.3640 0.3085 0.1527 0.1613 0.1683 0.3784 0.2165 0.1435 0.2293 0.1747 0.1554 0.1662 0.3214 0.1827 0.2296 0.2319 0.1838 0.1777 0.1854 0.2792 0.3646 0.2159 0.2404 0.1536 0.2369 0.1871 0.2004 0.1846 0.1854 0.1947 0.2206 0.1759 0.2134 0.1770 0.2661 0.2451 0.2098 0.2520 0.2770 0.2378 0.2474 0.1968 0.2370 0.2029 0.2365 0.2436 0.1774 0.1843 0.2505 0.3054 0.1905 0.3012 0.2004 0.2971 0.2184],[1.9796 1.4717 0.7569 0.3263 0.2510 0.2154 0.1914 0.1757 0.1597 0.1531 0.1453 0.1365 0.1284 0.1219 0.1165 0.1104 0.1082 0.1043 0.0995 0.0971 0.0927 0.0910 0.0869 0.0841 0.0827 0.0789 0.0762 0.0773 0.0736 0.0706 0.0703 0.0688 0.0661 0.0647 0.0639 0.0626 0.0632 0.0595 0.0569 0.0561 0.0547 0.0540 0.0528 0.0529 0.0516 0.0494 0.0493 0.0478 0.0466 0.0469 0.0449 0.0447 0.0442 0.0433 0.0418 0.0421 0.0394 0.0411 0.0398 0.0380 0.0363 0.0371 0.0391 0.0366 0.0336 0.0352 0.0353 0.0339 0.0332 0.0325 0.0321 0.0325 0.0321 0.0311 0.0294 0.0306 0.0298 0.0313 0.0296 0.0284 0.0267 0.0289 0.0284 0.0269 0.0266 0.0275 0.0270 0.0263 0.0249 0.0266 0.0252 0.0259 0.0245 0.0248 0.0236 0.0247 0.0233 0.0237 0.0234 0.0221]
