train_acc,valid_acc,test_acc,train_loss,valid_loss,train_aug_loss
0.9951557517051697,0.9704271554946899,0.9546766877174377,[2.0862 1.5318 0.4646 0.2772 0.1672 0.1592 0.1724 0.1388 0.1999 0.1319 0.1042 0.1193 0.1709 0.1859 0.1163 0.1759 0.2148 0.1851 0.1100 0.0937 0.0838 0.0853 0.0995 0.0680 0.2711 0.0777 0.0763 0.0621 0.0634 0.0582 0.0640 0.0598 0.0695 0.1107 0.0777 0.0634 0.0983 0.0498 0.0465 0.0466 0.0515 0.0626 0.0421 0.0579 0.0409 0.0443 0.0446 0.1118 0.1001 0.0387 0.0453 0.0487 0.0500 0.0951 0.0415 0.0309 0.0307 0.0300 0.0660 0.0783 0.0829 0.0443 0.0391 0.0269 0.0636 0.0278 0.0370 0.0859 0.1701 0.0298 0.0339 0.0309 0.0230 0.0283 0.0217 0.0368 0.0211 0.0315 0.0235 0.0295 0.0288 0.0312 0.0642 0.0259 0.0225 0.0175 0.0298 0.0249 0.0210 0.0162 0.0261 0.0178 0.0186 0.0287 0.0199 0.0177 0.0164 0.0262 0.0228 0.0802],[2.0715 1.5717 0.3933 0.3051 0.1651 0.1737 0.1829 0.1647 0.2466 0.1412 0.1333 0.1328 0.2207 0.2127 0.1575 0.1759 0.2178 0.2387 0.1438 0.1281 0.1269 0.1144 0.1623 0.1098 0.3642 0.1442 0.1481 0.1081 0.1340 0.1107 0.1189 0.1260 0.1348 0.1821 0.1537 0.1155 0.2045 0.1101 0.1172 0.1220 0.1256 0.1316 0.1093 0.1108 0.1142 0.1154 0.1324 0.2394 0.2160 0.1112 0.1232 0.1332 0.1382 0.1923 0.1250 0.1045 0.1045 0.1057 0.1695 0.1790 0.1960 0.1345 0.1310 0.0997 0.1829 0.1109 0.1246 0.2212 0.3413 0.1187 0.1216 0.1142 0.1186 0.1300 0.1074 0.1524 0.1085 0.1181 0.1164 0.1451 0.1293 0.1371 0.2040 0.1264 0.1266 0.1062 0.1217 0.1317 0.1123 0.0992 0.1480 0.1245 0.1191 0.1407 0.1279 0.1179 0.1176 0.1508 0.1311 0.2352],[1.9965 1.6882 0.8883 0.3863 0.3113 0.2731 0.2535 0.2364 0.2219 0.2119 0.1998 0.1950 0.1859 0.1785 0.1755 0.1684 0.1632 0.1587 0.1573 0.1513 0.1476 0.1455 0.1400 0.1385 0.1394 0.1330 0.1300 0.1276 0.1297 0.1247 0.1198 0.1207 0.1173 0.1157 0.1148 0.1125 0.1114 0.1079 0.1084 0.1045 0.1023 0.1005 0.0999 0.1015 0.0976 0.0987 0.0957 0.0935 0.0945 0.0935 0.0915 0.0913 0.0873 0.0879 0.0859 0.0849 0.0854 0.0832 0.0828 0.0806 0.0807 0.0796 0.0805 0.0776 0.0775 0.0784 0.0761 0.0737 0.0743 0.0732 0.0720 0.0742 0.0694 0.0702 0.0709 0.0697 0.0710 0.0673 0.0686 0.0674 0.0664 0.0642 0.0658 0.0655 0.0646 0.0620 0.0639 0.0628 0.0625 0.0624 0.0596 0.0601 0.0586 0.0604 0.0592 0.0598 0.0584 0.0557 0.0576 0.0573]
