train_acc,valid_acc,test_acc,train_loss,valid_loss,train_aug_loss
0.9915037751197815,0.9642205238342285,0.9457274675369263,[2.0799 2.3025 1.6523 0.6247 0.3297 0.4071 0.3686 0.3895 0.3582 0.2699 0.3495 0.2950 0.2317 0.1697 0.2223 0.1866 0.2442 0.2187 0.1057 0.2072 0.0913 0.1906 0.2981 0.1225 0.2373 0.1429 0.1413 0.1234 0.1886 0.0884 0.1566 0.1630 0.1125 0.1349 0.0709 0.1150 0.0690 0.1015 0.0555 0.1764 0.0724 0.0684 0.1466 0.0801 0.1345 0.1385 0.0732 0.0919 0.1104 0.0890 0.0471 0.0887 0.0931 0.0806 0.1011 0.0570 0.0897 0.2001 0.1815 0.2049 0.1132 0.1102 0.1399 0.0488 0.1318 0.0854 0.0883 0.1226 0.0681 0.0438 0.0963 0.0627 0.0521 0.0935 0.0547 0.0539 0.0617 0.0903 0.0582 0.0446 0.0436 0.0922 0.0249 0.0314 0.0321 0.0197 0.0646 0.0549 0.0348 0.0673 0.0435 0.0618 0.0419 0.1332 0.0387 0.0214 0.0918 0.0493 0.0503 0.0356],[2.0846 2.6755 1.9736 0.7964 0.4012 0.5663 0.4766 0.5118 0.4727 0.3812 0.4769 0.4281 0.3350 0.2281 0.3137 0.2857 0.3625 0.3207 0.1742 0.3265 0.1685 0.2782 0.4248 0.2146 0.3237 0.2214 0.2483 0.2133 0.2809 0.1787 0.2633 0.2802 0.2146 0.2418 0.1622 0.2294 0.1639 0.2336 0.1532 0.3235 0.1768 0.1790 0.2786 0.1946 0.2460 0.2671 0.1759 0.2206 0.2356 0.1948 0.1553 0.2141 0.2112 0.2077 0.2559 0.1850 0.2234 0.3919 0.3520 0.3703 0.2584 0.2786 0.3014 0.1741 0.2708 0.2321 0.2265 0.2852 0.2156 0.1579 0.2503 0.2073 0.1867 0.2567 0.2176 0.2096 0.2058 0.2622 0.2061 0.1839 0.1912 0.2574 0.1507 0.1569 0.1640 0.1518 0.2320 0.2091 0.1774 0.2275 0.1902 0.2350 0.1878 0.3353 0.1873 0.1577 0.2899 0.2175 0.2182 0.1911],[1.9978 1.5582 0.6711 0.4109 0.3398 0.3041 0.2745 0.2537 0.2402 0.2226 0.2187 0.2078 0.2012 0.1920 0.1826 0.1790 0.1734 0.1700 0.1621 0.1616 0.1553 0.1504 0.1492 0.1451 0.1417 0.1399 0.1360 0.1361 0.1311 0.1281 0.1273 0.1262 0.1223 0.1222 0.1199 0.1181 0.1165 0.1133 0.1140 0.1096 0.1100 0.1080 0.1058 0.1058 0.1010 0.1028 0.1008 0.1014 0.0973 0.0992 0.0956 0.0946 0.0930 0.0931 0.0908 0.0908 0.0905 0.0877 0.0869 0.0891 0.0864 0.0851 0.0833 0.0840 0.0833 0.0817 0.0808 0.0815 0.0780 0.0791 0.0780 0.0767 0.0768 0.0753 0.0749 0.0762 0.0741 0.0737 0.0713 0.0739 0.0704 0.0707 0.0689 0.0696 0.0703 0.0686 0.0676 0.0676 0.0689 0.0663 0.0665 0.0644 0.0638 0.0632 0.0649 0.0627 0.0618 0.0615 0.0626 0.0629]
