train_acc,valid_acc,test_acc,train_loss,valid_loss,train_aug_loss
0.9909868836402893,0.9729828238487244,0.9468821883201599,[2.0767 1.5097 0.6545 0.3411 0.2197 0.2647 0.1843 0.1854 0.2248 0.1570 0.1690 0.2212 0.1271 0.1809 0.1129 0.0999 0.1127 0.0933 0.1482 0.1004 0.1017 0.1393 0.0810 0.0905 0.0876 0.0945 0.0840 0.0839 0.0746 0.0670 0.0775 0.0692 0.0789 0.1325 0.0668 0.0580 0.0550 0.0552 0.0577 0.0624 0.0753 0.0554 0.0760 0.0643 0.0464 0.0473 0.0619 0.0492 0.0978 0.0393 0.0428 0.0418 0.0392 0.0416 0.0360 0.0450 0.0363 0.0386 0.0360 0.0353 0.0412 0.0396 0.0413 0.0337 0.0572 0.0392 0.0449 0.0563 0.0335 0.0277 0.0287 0.0331 0.0302 0.0395 0.0435 0.0368 0.0318 0.0269 0.0415 0.0284 0.0295 0.0355 0.0212 0.0232 0.0364 0.0374 0.0403 0.0365 0.0247 0.0209 0.0227 0.0379 0.0233 0.0226 0.0282 0.0196 0.0376 0.0191 0.0215 0.0200],[2.0717 1.4280 0.6180 0.3603 0.2282 0.2774 0.1882 0.1891 0.2459 0.1746 0.1793 0.2175 0.1461 0.2206 0.1387 0.1246 0.1368 0.1258 0.1965 0.1326 0.1353 0.1761 0.1252 0.1316 0.1338 0.1415 0.1352 0.1248 0.1146 0.1149 0.1314 0.1281 0.1290 0.1803 0.1105 0.1088 0.1034 0.1075 0.1075 0.1313 0.1435 0.1121 0.1388 0.1340 0.1001 0.1064 0.1316 0.1044 0.1906 0.0999 0.1028 0.0928 0.1030 0.1075 0.0987 0.0961 0.0967 0.1116 0.1005 0.1024 0.1139 0.1243 0.1112 0.1058 0.1581 0.1133 0.1229 0.1475 0.1085 0.0922 0.1019 0.0953 0.1165 0.1329 0.1405 0.1210 0.0996 0.1069 0.1425 0.1086 0.1071 0.1284 0.1019 0.1046 0.1303 0.1319 0.1515 0.1468 0.1175 0.1002 0.1109 0.1474 0.1024 0.0975 0.1256 0.1033 0.1571 0.0958 0.1167 0.1156],[2.0798 1.7653 1.2323 0.6050 0.4149 0.3512 0.3095 0.2877 0.2711 0.2528 0.2442 0.2279 0.2206 0.2125 0.2053 0.1997 0.1913 0.1852 0.1795 0.1745 0.1678 0.1644 0.1616 0.1585 0.1544 0.1512 0.1462 0.1447 0.1405 0.1364 0.1352 0.1318 0.1309 0.1320 0.1261 0.1236 0.1212 0.1200 0.1192 0.1165 0.1139 0.1122 0.1122 0.1083 0.1086 0.1078 0.1067 0.1042 0.1013 0.0996 0.1001 0.0994 0.0949 0.0974 0.0947 0.0947 0.0919 0.0920 0.0888 0.0905 0.0876 0.0871 0.0857 0.0882 0.0849 0.0842 0.0841 0.0830 0.0832 0.0808 0.0819 0.0793 0.0769 0.0790 0.0774 0.0743 0.0766 0.0741 0.0754 0.0736 0.0734 0.0741 0.0712 0.0707 0.0695 0.0718 0.0703 0.0695 0.0673 0.0674 0.0667 0.0678 0.0663 0.0664 0.0647 0.0649 0.0636 0.0630 0.0633 0.0614]
