train_acc,valid_acc,test_acc,train_loss,valid_loss,train_aug_loss
0.9891358613967896,0.9729828238487244,0.9445727467536926,[2.0745 3.8084 0.5051 0.3334 0.3209 0.1783 0.1643 0.1799 0.1267 0.2786 0.2132 0.1800 0.1960 0.0869 0.0918 0.0917 0.1218 0.1144 0.0843 0.0825 0.2003 0.0868 0.1068 0.1249 0.0743 0.0728 0.0668 0.0533 0.0689 0.0709 0.0503 0.0611 0.0595 0.0943 0.0551 0.0771 0.0612 0.0906 0.0494 0.0694 0.0447 0.0507 0.0423 0.0480 0.0389 0.0474 0.0382 0.0588 0.0601 0.0368 0.0328 0.0485 0.0452 0.0351 0.0344 0.0371 0.0303 0.0528 0.1268 0.0608 0.1238 0.0280 0.0318 0.0288 0.0564 0.0304 0.0240 0.0667 0.0300 0.0219 0.0274 0.0257 0.0302 0.0339 0.0212 0.0270 0.0491 0.0294 0.0477 0.0467 0.0233 0.0409 0.0266 0.0264 0.0250 0.0184 0.0376 0.0220 0.0181 0.0226 0.0208 0.0497 0.0223 0.0233 0.0250 0.0287 0.0190 0.0339 0.0169 0.0176],[2.0607 3.4836 0.5291 0.3412 0.3486 0.1882 0.1879 0.1796 0.1564 0.2941 0.2148 0.2028 0.2445 0.1092 0.1186 0.1273 0.1444 0.1458 0.1157 0.1162 0.2088 0.1437 0.1635 0.1671 0.1120 0.1196 0.1290 0.1031 0.1273 0.1399 0.1033 0.1249 0.1296 0.1795 0.1113 0.1561 0.1215 0.1767 0.1211 0.1538 0.1215 0.1320 0.1110 0.1204 0.1169 0.1293 0.1101 0.1308 0.1575 0.1160 0.1018 0.1387 0.1307 0.1165 0.1133 0.1331 0.1070 0.1232 0.2452 0.1876 0.2653 0.1122 0.1294 0.1153 0.1665 0.1133 0.1136 0.2104 0.1311 0.1077 0.1439 0.1207 0.1412 0.1375 0.1107 0.1304 0.1689 0.1530 0.1739 0.1778 0.1301 0.1586 0.1397 0.1272 0.1351 0.1121 0.1529 0.1326 0.1205 0.1291 0.1307 0.2016 0.1203 0.1467 0.1539 0.1475 0.1165 0.1873 0.1267 0.1328],[2.0206 1.6408 0.6674 0.4035 0.3258 0.2899 0.2601 0.2386 0.2266 0.2137 0.2040 0.1962 0.1856 0.1827 0.1764 0.1719 0.1671 0.1631 0.1573 0.1531 0.1505 0.1470 0.1432 0.1417 0.1388 0.1341 0.1311 0.1301 0.1275 0.1245 0.1215 0.1217 0.1186 0.1158 0.1162 0.1125 0.1135 0.1114 0.1103 0.1061 0.1029 0.1060 0.1027 0.1022 0.1014 0.0975 0.0982 0.0962 0.0941 0.0954 0.0919 0.0909 0.0912 0.0897 0.0918 0.0858 0.0858 0.0862 0.0844 0.0830 0.0831 0.0839 0.0805 0.0818 0.0793 0.0791 0.0776 0.0756 0.0771 0.0759 0.0742 0.0751 0.0728 0.0711 0.0718 0.0719 0.0711 0.0689 0.0682 0.0708 0.0689 0.0689 0.0674 0.0682 0.0682 0.0663 0.0654 0.0634 0.0650 0.0629 0.0649 0.0604 0.0633 0.0604 0.0641 0.0614 0.0610 0.0590 0.0579 0.0592]
