train_acc,valid_acc,test_acc,train_loss,valid_loss,train_aug_loss
0.9768209457397461,0.9682365655899048,0.9411085247993469,[3.0369 2.0824 0.3854 0.2294 0.2964 0.2735 0.2625 0.1610 0.1788 0.1522 0.1510 0.1014 0.1293 0.1349 0.1088 0.1946 0.0757 0.0953 0.0793 0.0730 0.0915 0.0721 0.1008 0.1587 0.0680 0.0910 0.0762 0.0997 0.1030 0.0581 0.1039 0.1014 0.0532 0.0627 0.0664 0.0650 0.1022 0.0499 0.0668 0.1364 0.0806 0.0501 0.1907 0.0455 0.0443 0.0412 0.1408 0.0419 0.0421 0.0578 0.0595 0.0425 0.0538 0.0391 0.0423 0.0770 0.0365 0.0351 0.1608 0.0357 0.0463 0.0553 0.0352 0.0366 0.0394 0.0321 0.0286 0.0396 0.0255 0.0242 0.0415 0.0542 0.0444 0.0332 0.0237 0.0210 0.0280 0.0291 0.0258 0.0321 0.0214 0.0352 0.0207 0.0225 0.0221 0.0185 0.0358 0.0177 0.0212 0.0266 0.0472 0.0527 0.0201 0.0146 0.0255 0.0269 0.0160 0.0300 0.0208 0.0196],[2.9579 2.0819 0.4544 0.2497 0.3368 0.3068 0.3067 0.1876 0.2305 0.1670 0.1868 0.1288 0.1506 0.2051 0.1420 0.2515 0.1020 0.1340 0.1208 0.1205 0.1469 0.1053 0.1345 0.2293 0.1101 0.1521 0.1034 0.1730 0.1976 0.1168 0.2094 0.1963 0.1033 0.1265 0.1419 0.1454 0.1916 0.1173 0.1529 0.2459 0.1756 0.1423 0.3365 0.1256 0.1114 0.1173 0.2862 0.1103 0.1166 0.1546 0.1653 0.1314 0.1648 0.1354 0.1359 0.1903 0.1178 0.1130 0.3338 0.1368 0.1577 0.1611 0.1386 0.1273 0.1380 0.1243 0.1168 0.1741 0.1199 0.1064 0.1704 0.1747 0.1802 0.1537 0.1349 0.1148 0.1295 0.1405 0.1430 0.1505 0.1293 0.1472 0.1231 0.1183 0.1347 0.1134 0.1619 0.1161 0.1330 0.1486 0.1848 0.2039 0.1230 0.1093 0.1513 0.1627 0.1286 0.1556 0.1369 0.1363],[1.9944 1.4354 0.5839 0.3648 0.3097 0.2763 0.2539 0.2395 0.2279 0.2127 0.2040 0.2014 0.1888 0.1833 0.1765 0.1715 0.1698 0.1631 0.1601 0.1554 0.1525 0.1466 0.1464 0.1405 0.1405 0.1349 0.1339 0.1312 0.1272 0.1264 0.1253 0.1194 0.1197 0.1197 0.1164 0.1143 0.1135 0.1128 0.1091 0.1064 0.1056 0.1056 0.1051 0.1020 0.1005 0.1003 0.0969 0.0967 0.0965 0.0950 0.0938 0.0915 0.0902 0.0898 0.0907 0.0874 0.0884 0.0850 0.0848 0.0836 0.0830 0.0836 0.0834 0.0809 0.0802 0.0791 0.0781 0.0760 0.0766 0.0754 0.0749 0.0765 0.0744 0.0728 0.0715 0.0736 0.0704 0.0705 0.0700 0.0683 0.0683 0.0707 0.0668 0.0685 0.0672 0.0668 0.0655 0.0665 0.0639 0.0641 0.0635 0.0634 0.0633 0.0602 0.0626 0.0596 0.0596 0.0599 0.0602 0.0589]
