train_acc,valid_acc,test_acc,train_loss,valid_loss,train_aug_loss
0.9897445440292358,0.9642205238342285,0.954965353012085,[2.1851 3.3133 0.9696 0.6963 1.2728 0.4134 0.3484 0.3868 0.4408 0.2878 0.4207 0.2508 0.3542 0.2018 0.2064 0.2326 0.2747 0.1553 0.2171 0.1466 0.3828 0.1262 0.1306 0.2202 0.1368 0.1581 0.1402 0.1609 0.1307 0.1060 0.1519 0.1288 0.0597 0.0747 0.1130 0.0651 0.1387 0.2137 0.1209 0.0650 0.1851 0.1724 0.0833 0.0721 0.1278 0.1335 0.0670 0.1087 0.1647 0.1638 0.0711 0.0653 0.0991 0.1241 0.0798 0.1668 0.0981 0.0822 0.0964 0.1704 0.0729 0.1213 0.1114 0.0303 0.1328 0.0678 0.0863 0.0656 0.0973 0.3002 0.1441 0.0781 0.0544 0.0442 0.1002 0.0351 0.1014 0.0413 0.0906 0.0446 0.0335 0.1105 0.1040 0.1023 0.0654 0.0682 0.0263 0.0186 0.0806 0.0706 0.0769 0.0387 0.0310 0.0391 0.0685 0.0716 0.0791 0.0216 0.0323 0.0385],[2.1594 3.5873 1.1285 0.8205 1.4970 0.4772 0.4389 0.4603 0.5533 0.3660 0.4886 0.3228 0.4633 0.2556 0.2865 0.3122 0.3838 0.2260 0.3065 0.2225 0.4519 0.2104 0.2372 0.3215 0.2252 0.2692 0.2426 0.2758 0.2440 0.2120 0.2486 0.2385 0.1409 0.1554 0.2234 0.1586 0.2651 0.3081 0.2426 0.1638 0.3263 0.3135 0.1895 0.1756 0.2477 0.2686 0.1632 0.2509 0.3011 0.3139 0.1781 0.1812 0.2197 0.2701 0.1931 0.3222 0.2328 0.2053 0.2185 0.3293 0.2048 0.2674 0.2602 0.1350 0.2890 0.1916 0.2218 0.1856 0.2324 0.4520 0.3086 0.2286 0.1899 0.1675 0.2675 0.1367 0.2677 0.1636 0.2418 0.1734 0.1542 0.2716 0.2655 0.2816 0.2182 0.2334 0.1464 0.1473 0.2627 0.2462 0.2387 0.1800 0.1693 0.1935 0.2408 0.2450 0.2624 0.1485 0.1600 0.1945],[1.9907 1.5851 0.7478 0.4168 0.3427 0.3003 0.2759 0.2551 0.2413 0.2277 0.2164 0.2060 0.1980 0.1933 0.1845 0.1787 0.1773 0.1701 0.1627 0.1599 0.1554 0.1490 0.1494 0.1446 0.1433 0.1386 0.1380 0.1343 0.1323 0.1291 0.1270 0.1257 0.1227 0.1214 0.1181 0.1184 0.1142 0.1142 0.1104 0.1100 0.1091 0.1071 0.1047 0.1067 0.1025 0.1019 0.0992 0.0989 0.0994 0.0969 0.0951 0.0957 0.0925 0.0938 0.0927 0.0912 0.0910 0.0899 0.0896 0.0868 0.0871 0.0853 0.0826 0.0828 0.0823 0.0813 0.0801 0.0803 0.0788 0.0793 0.0781 0.0787 0.0769 0.0770 0.0720 0.0742 0.0730 0.0725 0.0733 0.0730 0.0712 0.0699 0.0697 0.0682 0.0704 0.0689 0.0666 0.0677 0.0666 0.0664 0.0663 0.0656 0.0649 0.0651 0.0639 0.0627 0.0621 0.0622 0.0609 0.0629]
