train_acc,valid_acc,test_acc,train_loss,valid_loss,train_aug_loss
0.9876601099967957,0.9649507403373718,0.9468821883201599,[2.8866 1.2568 0.4585 0.3087 0.3417 0.2999 0.2453 0.2296 0.1472 0.3377 0.1209 0.1090 0.1273 0.1061 0.1177 0.1020 0.0940 0.0972 0.0846 0.0823 0.1255 0.0808 0.1184 0.0756 0.0765 0.0846 0.0535 0.0678 0.0604 0.0636 0.0720 0.0564 0.0522 0.0713 0.0871 0.0451 0.0509 0.0611 0.0808 0.0430 0.0707 0.0739 0.0662 0.0509 0.0522 0.0733 0.0437 0.0365 0.0406 0.0380 0.0365 0.0368 0.0521 0.0463 0.0357 0.0350 0.0330 0.0379 0.0311 0.0321 0.0489 0.0394 0.0283 0.0293 0.0419 0.0539 0.0303 0.0254 0.0242 0.0303 0.0230 0.0267 0.0289 0.0318 0.0324 0.0454 0.0209 0.0398 0.0167 0.0203 0.0191 0.0244 0.0445 0.0225 0.0224 0.0201 0.0304 0.0185 0.0249 0.0384 0.0173 0.0237 0.0190 0.0161 0.0161 0.0242 0.0216 0.0150 0.0144 0.0252],[2.7947 1.3393 0.5264 0.3644 0.4060 0.3525 0.2818 0.2891 0.1998 0.3994 0.1852 0.1760 0.1898 0.1642 0.1832 0.1690 0.1602 0.1775 0.1516 0.1568 0.2070 0.1538 0.2023 0.1523 0.1438 0.1777 0.1344 0.1472 0.1389 0.1410 0.1633 0.1401 0.1338 0.1574 0.1863 0.1227 0.1350 0.1508 0.1642 0.1332 0.1777 0.1815 0.1663 0.1439 0.1482 0.1825 0.1444 0.1186 0.1376 0.1339 0.1241 0.1393 0.1629 0.1541 0.1326 0.1350 0.1357 0.1434 0.1291 0.1398 0.1705 0.1583 0.1300 0.1269 0.1593 0.1914 0.1441 0.1330 0.1429 0.1487 0.1206 0.1348 0.1383 0.1555 0.1600 0.1753 0.1322 0.1811 0.1311 0.1329 0.1474 0.1461 0.1748 0.1432 0.1445 0.1436 0.1609 0.1564 0.1529 0.1860 0.1527 0.1563 0.1400 0.1378 0.1355 0.1592 0.1574 0.1445 0.1378 0.1785],[1.9941 1.2724 0.5360 0.3951 0.3359 0.3035 0.2770 0.2609 0.2489 0.2319 0.2185 0.2130 0.2050 0.1960 0.1909 0.1823 0.1808 0.1749 0.1720 0.1659 0.1610 0.1567 0.1538 0.1539 0.1476 0.1449 0.1446 0.1396 0.1386 0.1359 0.1340 0.1292 0.1282 0.1283 0.1240 0.1218 0.1221 0.1184 0.1155 0.1134 0.1147 0.1124 0.1100 0.1100 0.1067 0.1062 0.1044 0.1052 0.1027 0.1015 0.1003 0.0994 0.1000 0.0976 0.0968 0.0954 0.0935 0.0931 0.0911 0.0917 0.0900 0.0898 0.0885 0.0863 0.0875 0.0872 0.0856 0.0845 0.0830 0.0815 0.0805 0.0812 0.0802 0.0803 0.0804 0.0759 0.0774 0.0742 0.0759 0.0759 0.0747 0.0750 0.0731 0.0723 0.0735 0.0717 0.0706 0.0705 0.0695 0.0695 0.0690 0.0691 0.0676 0.0679 0.0666 0.0676 0.0648 0.0632 0.0640 0.0646]
