train_acc,valid_acc,test_acc,train_loss,valid_loss,train_aug_loss
0.9918039441108704,0.9664111137390137,0.9471709132194519,[2.0803 2.0444 0.4657 0.4064 0.5430 0.3474 0.2533 0.2188 0.3972 0.1284 0.1609 0.1096 0.0905 0.0816 0.1050 0.1870 0.0933 0.0853 0.0857 0.1517 0.1016 0.1031 0.0866 0.0543 0.0950 0.0970 0.1050 0.0437 0.0628 0.0712 0.0516 0.0378 0.0705 0.0603 0.0419 0.0362 0.0728 0.0323 0.0267 0.0343 0.0297 0.0256 0.0185 0.0519 0.0224 0.0271 0.0304 0.0519 0.0238 0.0204 0.0193 0.0165 0.0332 0.0187 0.0355 0.0214 0.0483 0.0150 0.0141 0.0116 0.0136 0.0166 0.0136 0.0118 0.0187 0.0128 0.0131 0.0192 0.0125 0.0222 0.0103 0.0085 0.0108 0.0122 0.0131 0.0084 0.0117 0.0085 0.0079 0.0062 0.0119 0.0074 0.0122 0.0082 0.0102 0.0579 0.0054 0.0081 0.0045 0.0060 0.0056 0.0127 0.0090 0.0182 0.0071 0.0041 0.0042 0.0053 0.0098 0.0052],[2.0887 2.2121 0.5357 0.4501 0.6097 0.4032 0.2813 0.2579 0.4224 0.1819 0.2176 0.1578 0.1565 0.1411 0.1736 0.2216 0.1538 0.1373 0.1514 0.2279 0.1786 0.1816 0.1594 0.1354 0.1802 0.1837 0.1884 0.1264 0.1412 0.1535 0.1304 0.1233 0.1462 0.1534 0.1272 0.1217 0.1647 0.1215 0.1180 0.1481 0.1243 0.1160 0.1236 0.1815 0.1299 0.1390 0.1395 0.1720 0.1335 0.1218 0.1247 0.1254 0.1642 0.1185 0.1412 0.1265 0.1727 0.1192 0.1237 0.1286 0.1214 0.1202 0.1287 0.1265 0.1367 0.1341 0.1247 0.1285 0.1277 0.1670 0.1388 0.1188 0.1355 0.1434 0.1471 0.1420 0.1552 0.1347 0.1326 0.1442 0.1390 0.1523 0.1754 0.1591 0.1559 0.2618 0.1415 0.1466 0.1487 0.1409 0.1562 0.1851 0.1362 0.1714 0.1624 0.1586 0.1776 0.1459 0.1542 0.1627],[1.9487 1.2366 0.4581 0.2916 0.2415 0.2092 0.1870 0.1717 0.1627 0.1501 0.1429 0.1338 0.1291 0.1236 0.1147 0.1103 0.1083 0.1034 0.0972 0.0958 0.0930 0.0892 0.0867 0.0828 0.0819 0.0807 0.0762 0.0753 0.0719 0.0706 0.0668 0.0665 0.0654 0.0639 0.0630 0.0597 0.0603 0.0571 0.0559 0.0533 0.0537 0.0515 0.0514 0.0516 0.0511 0.0484 0.0480 0.0476 0.0449 0.0446 0.0433 0.0441 0.0415 0.0419 0.0419 0.0408 0.0407 0.0395 0.0392 0.0367 0.0387 0.0352 0.0368 0.0350 0.0339 0.0340 0.0326 0.0337 0.0344 0.0305 0.0320 0.0321 0.0320 0.0307 0.0317 0.0307 0.0285 0.0281 0.0268 0.0286 0.0298 0.0261 0.0266 0.0260 0.0246 0.0265 0.0255 0.0245 0.0246 0.0237 0.0235 0.0241 0.0239 0.0242 0.0237 0.0216 0.0226 0.0222 0.0210 0.0224]
