train_acc,valid_acc,test_acc,train_loss,valid_loss,train_aug_loss
0.9915538430213928,0.9707922339439392,0.9532332420349121,[2.0820 1.9418 0.6018 0.5744 0.5335 0.5489 0.1569 0.4843 0.1964 0.3012 0.1963 0.2148 0.4579 0.1783 0.1711 0.2466 0.1751 0.1295 0.1736 0.2690 0.2465 0.1085 0.0891 0.1269 0.1550 0.1607 0.2334 0.0766 0.1770 0.1877 0.1519 0.1310 0.0930 0.1007 0.0862 0.0898 0.0700 0.1078 0.1494 0.1059 0.0665 0.1122 0.0981 0.0613 0.1286 0.1043 0.0929 0.0974 0.0475 0.1701 0.0833 0.0705 0.0400 0.1357 0.1220 0.0799 0.1007 0.0606 0.0502 0.0694 0.0795 0.0713 0.0464 0.0704 0.0642 0.0426 0.0407 0.0663 0.0648 0.0630 0.0537 0.3483 0.0334 0.0369 0.0770 0.0541 0.0490 0.0305 0.0623 0.0616 0.2364 0.0747 0.0729 0.0387 0.0250 0.0784 0.0687 0.0811 0.0371 0.1536 0.0327 0.0316 0.0566 0.0279 0.0462 0.0189 0.0364 0.0318 0.0811 0.0307],[2.0802 2.1765 0.7927 0.6866 0.7082 0.7030 0.2168 0.5872 0.2705 0.4133 0.2731 0.3315 0.5962 0.2555 0.2758 0.3206 0.2713 0.2020 0.2675 0.3644 0.3281 0.1933 0.1608 0.2177 0.2405 0.2726 0.3562 0.1527 0.2913 0.3046 0.2579 0.2348 0.1877 0.2009 0.1872 0.1814 0.1599 0.2114 0.2652 0.2247 0.1626 0.2225 0.2066 0.1646 0.2597 0.2226 0.2110 0.2192 0.1432 0.3021 0.1969 0.1776 0.1407 0.2750 0.2657 0.1929 0.2280 0.1783 0.1601 0.2029 0.2166 0.1871 0.1467 0.2034 0.1901 0.1607 0.1541 0.2031 0.1936 0.1862 0.1836 0.5311 0.1392 0.1517 0.2166 0.2012 0.1888 0.1480 0.1968 0.2068 0.4026 0.2225 0.2156 0.1560 0.1163 0.2160 0.2155 0.2395 0.1596 0.3462 0.1591 0.1434 0.2142 0.1477 0.1901 0.1276 0.1680 0.1936 0.2548 0.1696],[2.0142 1.5449 0.6911 0.3943 0.3222 0.2870 0.2630 0.2486 0.2336 0.2235 0.2082 0.2030 0.1941 0.1870 0.1822 0.1769 0.1688 0.1694 0.1612 0.1576 0.1565 0.1471 0.1496 0.1449 0.1411 0.1421 0.1361 0.1349 0.1330 0.1310 0.1250 0.1259 0.1231 0.1207 0.1201 0.1170 0.1125 0.1138 0.1126 0.1118 0.1079 0.1076 0.1087 0.1053 0.1021 0.1008 0.1005 0.0976 0.0977 0.0978 0.0976 0.0951 0.0922 0.0921 0.0945 0.0912 0.0912 0.0882 0.0861 0.0859 0.0858 0.0830 0.0843 0.0844 0.0864 0.0818 0.0817 0.0817 0.0792 0.0781 0.0781 0.0787 0.0766 0.0761 0.0764 0.0735 0.0740 0.0745 0.0723 0.0714 0.0717 0.0719 0.0705 0.0696 0.0690 0.0677 0.0700 0.0680 0.0656 0.0666 0.0649 0.0652 0.0649 0.0644 0.0647 0.0626 0.0619 0.0631 0.0609 0.0612]
