train_acc,valid_acc,test_acc,train_loss,valid_loss,train_aug_loss
0.9879018664360046,0.9696969985961914,0.9463048577308655,[2.0930 2.3496 0.9518 0.8688 0.3579 0.5963 0.4000 0.2843 0.3797 0.1912 0.5104 0.2468 0.1613 0.2342 0.3062 0.3447 0.1337 0.2510 0.2327 0.3763 0.2189 0.2110 0.1968 0.1439 0.2861 0.2261 0.1345 0.1938 0.1129 0.1313 0.1523 0.0749 0.1307 0.1193 0.0697 0.1551 0.2742 0.1411 0.1715 0.2094 0.1949 0.1695 0.1071 0.1179 0.1303 0.1155 0.1132 0.1141 0.0549 0.2133 0.0984 0.1414 0.0774 0.0867 0.1333 0.1112 0.0778 0.0902 0.1792 0.0609 0.1188 0.0662 0.0363 0.0617 0.0633 0.0661 0.0785 0.0498 0.1611 0.0764 0.1184 0.0769 0.1194 0.0592 0.1404 0.1543 0.0827 0.0463 0.0553 0.1259 0.0293 0.0460 0.2411 0.0480 0.0573 0.0596 0.0641 0.0336 0.0696 0.0890 0.0395 0.0590 0.0681 0.0592 0.0623 0.0592 0.0436 0.1083 0.0786 0.1637],[2.0598 2.2828 1.1645 1.1240 0.4673 0.7655 0.5112 0.3760 0.4940 0.2382 0.5679 0.3158 0.2027 0.3259 0.3905 0.4567 0.1944 0.3273 0.3090 0.5247 0.3051 0.2786 0.2808 0.2161 0.4099 0.3395 0.1998 0.2968 0.1801 0.2115 0.2569 0.1348 0.2189 0.1988 0.1243 0.2533 0.4157 0.2489 0.2941 0.3085 0.3164 0.2927 0.1967 0.2088 0.2448 0.1868 0.2095 0.2196 0.1303 0.3604 0.1988 0.2460 0.1602 0.1843 0.2505 0.2110 0.1747 0.1841 0.3154 0.1464 0.2406 0.1490 0.1064 0.1478 0.1633 0.1567 0.1986 0.1387 0.3098 0.1969 0.2421 0.2074 0.2485 0.1571 0.2964 0.3175 0.2122 0.1465 0.1637 0.2863 0.1107 0.1530 0.4286 0.1578 0.1752 0.1933 0.2015 0.1219 0.2152 0.2386 0.1498 0.1779 0.2059 0.1911 0.1833 0.1887 0.1536 0.2908 0.2193 0.3173],[2.0719 1.8135 1.2259 0.5586 0.4116 0.3511 0.3199 0.2921 0.2742 0.2557 0.2436 0.2346 0.2226 0.2150 0.2062 0.1990 0.1930 0.1866 0.1800 0.1768 0.1708 0.1680 0.1623 0.1578 0.1555 0.1507 0.1495 0.1467 0.1425 0.1402 0.1382 0.1360 0.1337 0.1306 0.1291 0.1247 0.1245 0.1228 0.1188 0.1180 0.1154 0.1156 0.1151 0.1109 0.1110 0.1090 0.1072 0.1059 0.1030 0.1035 0.1014 0.1034 0.1001 0.0988 0.0984 0.0956 0.0965 0.0952 0.0925 0.0931 0.0911 0.0885 0.0880 0.0858 0.0874 0.0854 0.0862 0.0847 0.0832 0.0819 0.0782 0.0811 0.0779 0.0795 0.0777 0.0770 0.0770 0.0773 0.0772 0.0742 0.0729 0.0719 0.0726 0.0720 0.0692 0.0717 0.0692 0.0694 0.0687 0.0697 0.0681 0.0658 0.0649 0.0673 0.0664 0.0635 0.0627 0.0625 0.0616 0.0612]
