train_acc,valid_acc,test_acc,train_loss,valid_loss,train_aug_loss
0.9823572635650635,0.9656808972358704,0.9448614120483398,[4.9710 0.6556 0.2793 0.2958 0.1430 0.1688 0.1125 0.1097 0.1160 0.1075 0.0859 0.0774 0.0705 0.0757 0.0860 0.0726 0.0840 0.0562 0.0585 0.0502 0.0601 0.0388 0.0448 0.0496 0.0414 0.0393 0.0463 0.0437 0.0308 0.0299 0.0268 0.0306 0.0250 0.0303 0.0279 0.0316 0.0230 0.0273 0.0217 0.0175 0.0204 0.0184 0.0189 0.0173 0.0193 0.0374 0.0180 0.0467 0.0152 0.0135 0.0116 0.0155 0.0108 0.0099 0.0107 0.0207 0.0102 0.0102 0.0097 0.0081 0.0106 0.0080 0.0102 0.0087 0.0065 0.0070 0.0074 0.0079 0.0072 0.0240 0.0099 0.0053 0.0095 0.0061 0.0076 0.0069 0.0067 0.0052 0.0050 0.0042 0.0096 0.0043 0.0058 0.0036 0.0059 0.0030 0.0047 0.0044 0.0037 0.0037 0.0071 0.0044 0.0026 0.0020 0.0027 0.0031 0.0022 0.0055 0.0028 0.0017],[4.5792 0.7112 0.3308 0.3530 0.1678 0.1913 0.1546 0.1437 0.1626 0.1785 0.1324 0.1331 0.1301 0.1327 0.1566 0.1577 0.1408 0.1181 0.1190 0.1263 0.1373 0.1255 0.1232 0.1339 0.1264 0.1395 0.1370 0.1441 0.1254 0.1264 0.1220 0.1361 0.1292 0.1214 0.1445 0.1354 0.1277 0.1404 0.1366 0.1389 0.1401 0.1285 0.1357 0.1322 0.1438 0.1802 0.1453 0.2252 0.1370 0.1493 0.1499 0.1615 0.1409 0.1408 0.1352 0.1848 0.1551 0.1539 0.1562 0.1570 0.1625 0.1576 0.1505 0.1507 0.1510 0.1493 0.1618 0.1657 0.1660 0.2177 0.1598 0.1652 0.1800 0.1595 0.1646 0.1801 0.1627 0.1561 0.1630 0.1595 0.1774 0.1792 0.1983 0.1917 0.1873 0.1717 0.1929 0.1821 0.1880 0.1640 0.1931 0.1502 0.2106 0.1856 0.1779 0.1832 0.1697 0.2072 0.1450 0.1879],[1.9787 1.1069 0.3849 0.2830 0.2395 0.2147 0.1919 0.1760 0.1652 0.1545 0.1443 0.1363 0.1290 0.1256 0.1197 0.1139 0.1079 0.1035 0.1008 0.0957 0.0932 0.0896 0.0885 0.0821 0.0831 0.0791 0.0788 0.0736 0.0729 0.0707 0.0694 0.0659 0.0651 0.0630 0.0607 0.0617 0.0582 0.0583 0.0550 0.0541 0.0542 0.0531 0.0507 0.0493 0.0493 0.0475 0.0473 0.0459 0.0466 0.0432 0.0422 0.0418 0.0419 0.0422 0.0400 0.0392 0.0382 0.0381 0.0379 0.0368 0.0377 0.0352 0.0340 0.0332 0.0346 0.0345 0.0322 0.0326 0.0324 0.0301 0.0319 0.0287 0.0307 0.0292 0.0302 0.0291 0.0274 0.0282 0.0263 0.0277 0.0257 0.0274 0.0262 0.0253 0.0256 0.0257 0.0247 0.0248 0.0251 0.0240 0.0243 0.0241 0.0219 0.0225 0.0230 0.0212 0.0221 0.0203 0.0229 0.0201]
