train_acc,valid_acc,test_acc,train_loss,valid_loss,train_aug_loss
0.992345929145813,0.9682365655899048,0.9465935230255127,[2.0804 1.7153 0.8382 0.4338 0.4459 0.3099 0.2623 0.3192 0.1033 0.1434 0.1629 0.1536 0.1992 0.0881 0.1569 0.1679 0.0740 0.1530 0.0712 0.1321 0.0944 0.0633 0.1314 0.0759 0.0454 0.1180 0.0511 0.0584 0.0431 0.0944 0.1111 0.1137 0.0419 0.0538 0.1273 0.0653 0.0362 0.0607 0.0565 0.0243 0.0661 0.0764 0.0402 0.0328 0.0537 0.0238 0.0355 0.0662 0.0188 0.0630 0.0225 0.0348 0.0487 0.0272 0.0253 0.0153 0.0412 0.0697 0.1397 0.0413 0.0448 0.0297 0.0254 0.0394 0.0179 0.0187 0.0559 0.0110 0.0224 0.0141 0.0271 0.0113 0.0482 0.0362 0.0108 0.0487 0.0256 0.0104 0.0287 0.0123 0.0151 0.0451 0.0136 0.0198 0.0069 0.0430 0.0095 0.0101 0.0094 0.0078 0.0121 0.0048 0.0069 0.0196 0.0101 0.0608 0.0138 0.0426 0.0170 0.0257],[2.0895 2.0426 0.9831 0.5663 0.5514 0.4078 0.3295 0.3999 0.1650 0.2457 0.2272 0.2362 0.2832 0.1596 0.2364 0.2678 0.1648 0.2717 0.1579 0.2466 0.1915 0.1673 0.2426 0.1679 0.1385 0.2317 0.1362 0.1669 0.1313 0.2340 0.2488 0.2688 0.1542 0.1592 0.2469 0.1761 0.1431 0.1780 0.1779 0.1180 0.1992 0.2373 0.1502 0.1577 0.1947 0.1343 0.1808 0.2254 0.1351 0.2209 0.1419 0.1998 0.2116 0.1783 0.1735 0.1210 0.2165 0.2706 0.3285 0.2030 0.2258 0.1862 0.1825 0.2119 0.1372 0.1802 0.2410 0.1433 0.1875 0.1351 0.2031 0.1194 0.2566 0.2362 0.1626 0.3036 0.1973 0.1608 0.2374 0.1678 0.1748 0.2690 0.1862 0.2325 0.1554 0.2593 0.1598 0.1923 0.1808 0.1718 0.1886 0.1587 0.1502 0.2517 0.1988 0.3158 0.2046 0.2783 0.2098 0.2557],[1.9164 1.1059 0.4261 0.2707 0.2255 0.1986 0.1820 0.1685 0.1552 0.1452 0.1385 0.1314 0.1240 0.1208 0.1118 0.1099 0.1033 0.1013 0.0975 0.0923 0.0903 0.0866 0.0847 0.0826 0.0796 0.0776 0.0760 0.0739 0.0707 0.0699 0.0683 0.0661 0.0643 0.0640 0.0593 0.0614 0.0577 0.0588 0.0560 0.0540 0.0552 0.0530 0.0515 0.0506 0.0491 0.0478 0.0489 0.0464 0.0457 0.0447 0.0447 0.0419 0.0430 0.0426 0.0411 0.0394 0.0390 0.0401 0.0375 0.0369 0.0377 0.0355 0.0354 0.0370 0.0373 0.0332 0.0334 0.0349 0.0320 0.0341 0.0311 0.0306 0.0306 0.0307 0.0312 0.0286 0.0293 0.0282 0.0284 0.0284 0.0285 0.0263 0.0261 0.0264 0.0255 0.0252 0.0260 0.0247 0.0256 0.0260 0.0253 0.0238 0.0249 0.0244 0.0217 0.0239 0.0223 0.0224 0.0238 0.0220]
