train_acc,valid_acc,test_acc,train_loss,valid_loss,train_aug_loss
0.9908284544944763,0.9737130403518677,0.9489030241966248,[2.0804 1.8912 0.7344 0.3940 0.2786 0.3028 0.2911 0.2399 0.2103 0.1104 0.1191 0.1321 0.1260 0.1190 0.0952 0.1284 0.0974 0.1328 0.0844 0.1278 0.0856 0.0601 0.0816 0.1391 0.0943 0.1304 0.0703 0.1479 0.0701 0.0592 0.0875 0.0387 0.0280 0.0799 0.0398 0.0968 0.0773 0.1004 0.0820 0.0489 0.0687 0.0489 0.0374 0.0543 0.0527 0.0660 0.0411 0.0288 0.0287 0.0401 0.0348 0.0217 0.0621 0.0317 0.0452 0.0215 0.0476 0.0139 0.0555 0.0198 0.0348 0.0140 0.0844 0.0889 0.0103 0.0110 0.0496 0.0338 0.0096 0.0163 0.0096 0.0109 0.0116 0.0068 0.0073 0.0099 0.0072 0.0374 0.0346 0.0091 0.0120 0.0261 0.0200 0.0213 0.0069 0.0061 0.0069 0.0153 0.0071 0.0125 0.0230 0.0102 0.0066 0.0045 0.0111 0.0036 0.0183 0.0247 0.0059 0.0116],[2.0857 2.0161 0.8580 0.4462 0.3744 0.3373 0.3312 0.2826 0.2588 0.1578 0.1515 0.1898 0.1947 0.1834 0.1665 0.2110 0.1783 0.2177 0.1600 0.1973 0.1714 0.1354 0.1607 0.2444 0.2048 0.2295 0.1619 0.2490 0.1624 0.1629 0.2000 0.1283 0.1057 0.1967 0.1272 0.1938 0.2113 0.2475 0.2192 0.1802 0.1764 0.1713 0.1537 0.1851 0.1822 0.1889 0.1712 0.1482 0.1376 0.1751 0.1731 0.1278 0.2154 0.1666 0.1771 0.1227 0.1965 0.1347 0.1981 0.1439 0.1914 0.1420 0.2868 0.2782 0.1195 0.1499 0.2115 0.1972 0.1399 0.1611 0.1346 0.1578 0.1484 0.1372 0.1408 0.1405 0.1260 0.2516 0.2155 0.1690 0.1650 0.1935 0.1936 0.2198 0.1567 0.1582 0.1571 0.1795 0.1490 0.1809 0.1693 0.1662 0.1575 0.1505 0.1677 0.1545 0.1707 0.2293 0.1716 0.2134],[1.9501 1.3727 0.5338 0.3021 0.2448 0.2103 0.1901 0.1759 0.1565 0.1495 0.1408 0.1317 0.1235 0.1188 0.1132 0.1092 0.1023 0.0984 0.0972 0.0930 0.0887 0.0865 0.0840 0.0814 0.0779 0.0764 0.0738 0.0733 0.0709 0.0694 0.0658 0.0646 0.0625 0.0630 0.0602 0.0587 0.0572 0.0570 0.0533 0.0542 0.0522 0.0520 0.0492 0.0490 0.0472 0.0474 0.0468 0.0443 0.0451 0.0438 0.0434 0.0427 0.0407 0.0407 0.0392 0.0385 0.0413 0.0370 0.0352 0.0366 0.0358 0.0359 0.0339 0.0347 0.0324 0.0320 0.0325 0.0320 0.0309 0.0300 0.0300 0.0277 0.0310 0.0302 0.0279 0.0282 0.0296 0.0271 0.0263 0.0265 0.0266 0.0255 0.0267 0.0249 0.0262 0.0242 0.0236 0.0246 0.0238 0.0235 0.0244 0.0234 0.0224 0.0224 0.0226 0.0212 0.0220 0.0207 0.0218 0.0190]
