train_acc,valid_acc,test_acc,train_loss,valid_loss,train_aug_loss
0.9866512417793274,0.9686017036437988,0.9520785212516785,[2.1159 2.7376 2.5818 1.2954 0.7451 0.4098 0.6878 0.3726 0.9989 0.3663 0.2245 0.9077 0.3690 0.1993 0.3432 0.2279 0.3038 0.1355 0.2675 0.2783 0.3393 0.2095 0.2567 0.1775 0.1770 0.2137 0.4449 0.1303 0.2782 0.1412 0.1146 0.1889 0.0646 0.1631 0.1825 0.0905 0.0614 0.1462 0.0849 0.1056 0.0871 0.1110 0.1253 0.2082 0.1311 0.0607 0.1028 0.0739 0.0563 0.3287 0.2512 0.0482 0.1658 0.0821 0.2511 0.0382 0.0840 0.0801 0.0877 0.1695 0.0731 0.0797 0.1334 0.0659 0.1391 0.0587 0.1219 0.0551 0.0380 0.0872 0.1140 0.0986 0.1172 0.0726 0.0910 0.0782 0.2037 0.1264 0.0737 0.2110 0.1297 0.0553 0.0893 0.0488 0.1692 0.1125 0.1014 0.0448 0.0541 0.0416 0.0633 0.0507 0.0721 0.0454 0.0435 0.0824 0.0274 0.0402 0.0614 0.0481],[2.1066 2.7156 2.5603 1.3481 0.7756 0.4747 0.6591 0.4170 0.9635 0.3869 0.2855 0.8412 0.3780 0.2298 0.3760 0.2689 0.3344 0.1700 0.2966 0.3222 0.3766 0.2629 0.3366 0.2261 0.2407 0.2739 0.4445 0.2027 0.3144 0.1998 0.1647 0.2537 0.1149 0.2341 0.2497 0.1446 0.1097 0.2094 0.1458 0.1719 0.1540 0.1806 0.1945 0.2637 0.2099 0.1210 0.1827 0.1358 0.1218 0.4216 0.3199 0.1047 0.2628 0.1773 0.3694 0.0975 0.1895 0.1590 0.1650 0.2767 0.1551 0.1677 0.2064 0.1658 0.2386 0.1550 0.2244 0.1340 0.1223 0.1878 0.2275 0.1971 0.2351 0.1759 0.2104 0.2108 0.3390 0.2363 0.1500 0.3282 0.2479 0.1619 0.2064 0.1442 0.3188 0.2057 0.2058 0.1651 0.1635 0.1497 0.1596 0.1678 0.1728 0.1534 0.1416 0.2017 0.1032 0.1452 0.1687 0.1653],[2.0858 1.8163 1.3556 0.6409 0.4023 0.3385 0.3043 0.2804 0.2613 0.2486 0.2367 0.2271 0.2170 0.2087 0.2006 0.1933 0.1873 0.1841 0.1797 0.1717 0.1675 0.1641 0.1618 0.1572 0.1502 0.1490 0.1496 0.1458 0.1411 0.1394 0.1352 0.1325 0.1304 0.1312 0.1274 0.1242 0.1228 0.1233 0.1203 0.1171 0.1142 0.1134 0.1122 0.1095 0.1114 0.1068 0.1063 0.1060 0.1053 0.1038 0.0996 0.0979 0.0991 0.1000 0.0967 0.0961 0.0951 0.0923 0.0919 0.0918 0.0906 0.0884 0.0904 0.0871 0.0849 0.0835 0.0836 0.0843 0.0833 0.0821 0.0819 0.0798 0.0775 0.0803 0.0770 0.0773 0.0774 0.0766 0.0744 0.0750 0.0762 0.0728 0.0715 0.0712 0.0717 0.0713 0.0704 0.0692 0.0696 0.0670 0.0696 0.0686 0.0676 0.0671 0.0657 0.0635 0.0668 0.0644 0.0638 0.0624]
