train_acc,valid_acc,test_acc,train_loss,valid_loss,train_aug_loss
0.9908201098442078,0.974443256855011,0.9503464102745056,[2.0880 2.1505 0.4094 0.9018 0.3037 0.3244 0.3786 0.2236 0.2437 0.1744 0.1967 0.2780 0.0808 0.1899 0.1485 0.1454 0.1331 0.0717 0.2806 0.1456 0.0939 0.2043 0.0784 0.1103 0.0510 0.0632 0.0488 0.1492 0.0415 0.0811 0.0523 0.0923 0.0289 0.0569 0.0314 0.0711 0.0519 0.0445 0.0287 0.1054 0.0592 0.0508 0.1266 0.0239 0.0958 0.0767 0.0315 0.0545 0.0596 0.0288 0.1988 0.0392 0.0253 0.0392 0.0188 0.0312 0.0324 0.0123 0.0163 0.0443 0.1129 0.0283 0.0159 0.0120 0.0253 0.0120 0.0252 0.0220 0.0477 0.0136 0.0108 0.0252 0.0355 0.0213 0.0671 0.0074 0.0633 0.0195 0.0190 0.0171 0.0154 0.0079 0.0242 0.0366 0.0158 0.0118 0.0085 0.0138 0.0181 0.0076 0.0084 0.0399 0.0470 0.0036 0.0703 0.0052 0.0042 0.0102 0.0110 0.0062],[2.0970 2.4055 0.5335 1.1489 0.4055 0.4427 0.5025 0.2990 0.3378 0.2471 0.2597 0.3695 0.1463 0.2787 0.2553 0.2524 0.2427 0.1508 0.4209 0.2267 0.1982 0.3149 0.1823 0.2187 0.1358 0.1570 0.1374 0.2967 0.1194 0.2018 0.1550 0.2275 0.1133 0.1493 0.1396 0.2173 0.1795 0.1763 0.1358 0.2568 0.2149 0.2055 0.3045 0.1416 0.2614 0.2415 0.1641 0.2088 0.2233 0.1653 0.4288 0.1865 0.1780 0.2030 0.1693 0.1913 0.2056 0.1483 0.1628 0.2189 0.3332 0.1876 0.1361 0.1498 0.2169 0.1623 0.2010 0.2098 0.2251 0.1706 0.1642 0.2406 0.2083 0.1975 0.3148 0.1712 0.2979 0.1673 0.2170 0.1889 0.2003 0.1761 0.2220 0.2553 0.1678 0.1886 0.1804 0.2208 0.2112 0.1807 0.1873 0.2946 0.3171 0.1689 0.3560 0.1862 0.1709 0.2022 0.1914 0.2049],[1.9467 1.3385 0.6065 0.3141 0.2507 0.2122 0.1919 0.1747 0.1624 0.1508 0.1446 0.1357 0.1267 0.1212 0.1183 0.1114 0.1069 0.1026 0.0985 0.0955 0.0929 0.0889 0.0854 0.0849 0.0812 0.0787 0.0764 0.0731 0.0702 0.0692 0.0668 0.0657 0.0644 0.0644 0.0602 0.0597 0.0595 0.0558 0.0564 0.0542 0.0540 0.0529 0.0503 0.0491 0.0486 0.0483 0.0481 0.0468 0.0461 0.0443 0.0435 0.0431 0.0414 0.0403 0.0409 0.0405 0.0375 0.0382 0.0370 0.0381 0.0369 0.0355 0.0357 0.0343 0.0331 0.0343 0.0333 0.0321 0.0335 0.0321 0.0296 0.0300 0.0308 0.0289 0.0292 0.0292 0.0279 0.0285 0.0287 0.0288 0.0260 0.0267 0.0254 0.0262 0.0268 0.0260 0.0240 0.0257 0.0236 0.0242 0.0238 0.0243 0.0226 0.0234 0.0222 0.0219 0.0211 0.0222 0.0218 0.0210]
