train_acc,valid_acc,test_acc,train_loss,valid_loss,train_aug_loss
0.9940634965896606,0.9689667820930481,0.9497690796852112,[2.0803 1.9057 1.6332 0.2292 0.2230 0.1844 0.1248 0.1169 0.2029 0.1135 0.0887 0.1469 0.1478 0.2078 0.1903 0.0876 0.0907 0.3419 0.0787 0.0631 0.0536 0.0879 0.1216 0.1070 0.0555 0.0532 0.0383 0.0488 0.0353 0.1108 0.0797 0.1464 0.0389 0.0328 0.0402 0.0389 0.1690 0.0451 0.0963 0.0684 0.0398 0.0225 0.0281 0.0193 0.0410 0.0518 0.0172 0.0197 0.0180 0.0286 0.0193 0.0163 0.0182 0.0241 0.0194 0.0249 0.0207 0.0153 0.0157 0.0144 0.0311 0.0171 0.0146 0.0146 0.0129 0.0211 0.0095 0.0112 0.0271 0.0113 0.0128 0.0098 0.0109 0.1372 0.1461 0.0089 0.0116 0.0569 0.0121 0.0241 0.0211 0.0099 0.0108 0.0072 0.0097 0.0209 0.0094 0.0550 0.0089 0.0069 0.0100 0.0163 0.0176 0.0066 0.0167 0.0088 0.0049 0.0196 0.0038 0.0056],[2.0829 1.7558 1.2474 0.2633 0.2636 0.2105 0.1583 0.1875 0.2355 0.1894 0.1482 0.1985 0.2128 0.2245 0.2743 0.1294 0.1414 0.4201 0.1488 0.1425 0.1146 0.1563 0.2100 0.1786 0.1260 0.1336 0.1117 0.1287 0.1088 0.2042 0.1701 0.2589 0.1200 0.1291 0.1242 0.1437 0.3111 0.1249 0.2368 0.1773 0.1233 0.1171 0.1254 0.1074 0.1290 0.1741 0.1156 0.1291 0.1233 0.1459 0.1226 0.1389 0.1317 0.1397 0.1293 0.1428 0.1375 0.1326 0.1364 0.1207 0.1780 0.1461 0.1340 0.1380 0.1134 0.1572 0.1206 0.1369 0.1895 0.1385 0.1295 0.1467 0.1607 0.3352 0.3701 0.1407 0.1429 0.2552 0.1569 0.2097 0.1844 0.1427 0.1403 0.1669 0.1593 0.2186 0.1554 0.3060 0.1670 0.1523 0.1733 0.1897 0.1781 0.1625 0.1986 0.1791 0.1616 0.2096 0.1479 0.1565],[1.9735 1.5448 1.1700 0.4142 0.2598 0.2121 0.1880 0.1689 0.1574 0.1484 0.1379 0.1334 0.1219 0.1193 0.1121 0.1104 0.1032 0.1004 0.0967 0.0956 0.0894 0.0867 0.0834 0.0819 0.0792 0.0780 0.0728 0.0708 0.0702 0.0672 0.0678 0.0641 0.0639 0.0619 0.0601 0.0580 0.0561 0.0553 0.0550 0.0539 0.0523 0.0513 0.0503 0.0497 0.0474 0.0445 0.0453 0.0447 0.0437 0.0444 0.0437 0.0421 0.0390 0.0393 0.0393 0.0385 0.0379 0.0379 0.0369 0.0362 0.0358 0.0348 0.0346 0.0346 0.0335 0.0337 0.0326 0.0311 0.0317 0.0305 0.0304 0.0324 0.0305 0.0309 0.0283 0.0277 0.0272 0.0277 0.0271 0.0268 0.0263 0.0260 0.0268 0.0258 0.0251 0.0243 0.0255 0.0238 0.0228 0.0250 0.0234 0.0226 0.0228 0.0219 0.0229 0.0222 0.0217 0.0214 0.0228 0.0208]
