train_acc,valid_acc,test_acc,train_loss,valid_loss,train_aug_loss
0.9837496876716614,0.957648754119873,0.9468821883201599,[2.1683 2.2919 1.3316 1.1168 0.3638 0.4687 0.2853 0.2548 0.1413 0.1313 0.1618 0.1507 0.1957 0.1083 0.1571 0.2043 0.1278 0.1367 0.0886 0.1174 0.1734 0.0904 0.1310 0.0798 0.1935 0.1051 0.0882 0.0750 0.0728 0.0983 0.0905 0.0496 0.1285 0.0788 0.0691 0.0574 0.0502 0.0521 0.1176 0.0447 0.0644 0.0951 0.0402 0.0508 0.0595 0.0603 0.0461 0.0637 0.0583 0.0894 0.0469 0.0667 0.0490 0.0378 0.0728 0.0423 0.0339 0.0347 0.0444 0.0330 0.0688 0.0532 0.0431 0.1067 0.0587 0.0596 0.0248 0.0345 0.0319 0.0546 0.0352 0.0306 0.0224 0.0223 0.0229 0.0283 0.0261 0.0221 0.0291 0.0247 0.0641 0.0401 0.0480 0.0344 0.0423 0.0272 0.0354 0.0468 0.0601 0.0272 0.0173 0.0481 0.0395 0.0472 0.0440 0.0207 0.0254 0.0191 0.0203 0.0221],[2.2217 2.2523 1.6472 1.1890 0.4057 0.5711 0.3800 0.3368 0.2181 0.2036 0.1949 0.1894 0.2730 0.1900 0.2347 0.2932 0.1917 0.2190 0.1633 0.2071 0.2380 0.1697 0.2161 0.1656 0.2832 0.1841 0.1723 0.1564 0.1613 0.1922 0.1933 0.1424 0.2310 0.1818 0.1682 0.1442 0.1353 0.1451 0.2325 0.1374 0.1672 0.2107 0.1384 0.1535 0.1576 0.1795 0.1510 0.1754 0.1743 0.2375 0.1585 0.1701 0.1610 0.1553 0.2005 0.1482 0.1564 0.1592 0.1564 0.1630 0.1993 0.1981 0.1798 0.2569 0.1889 0.2058 0.1464 0.1558 0.1642 0.1742 0.1579 0.1564 0.1369 0.1400 0.1469 0.1588 0.1483 0.1375 0.1665 0.1486 0.1885 0.1916 0.1971 0.1764 0.2036 0.1581 0.1800 0.2007 0.2164 0.1736 0.1537 0.2042 0.1994 0.2103 0.2164 0.1617 0.1764 0.1596 0.1719 0.1778],[1.9935 1.2687 0.5397 0.3803 0.3210 0.2941 0.2647 0.2447 0.2328 0.2213 0.2134 0.2025 0.1958 0.1880 0.1819 0.1760 0.1701 0.1692 0.1612 0.1568 0.1513 0.1505 0.1449 0.1464 0.1411 0.1383 0.1334 0.1297 0.1265 0.1263 0.1249 0.1237 0.1213 0.1191 0.1192 0.1128 0.1141 0.1118 0.1103 0.1074 0.1070 0.1053 0.1034 0.1002 0.1008 0.1010 0.0981 0.0955 0.0956 0.0953 0.0945 0.0935 0.0908 0.0892 0.0901 0.0879 0.0885 0.0867 0.0852 0.0852 0.0855 0.0840 0.0813 0.0797 0.0826 0.0808 0.0805 0.0783 0.0766 0.0735 0.0771 0.0727 0.0743 0.0713 0.0737 0.0725 0.0731 0.0716 0.0696 0.0681 0.0711 0.0686 0.0666 0.0662 0.0656 0.0682 0.0651 0.0649 0.0650 0.0634 0.0626 0.0625 0.0613 0.0632 0.0637 0.0609 0.0602 0.0589 0.0590 0.0581]
