train_acc,valid_acc,test_acc,train_loss,valid_loss,train_aug_loss
0.9914954900741577,0.9682365655899048,0.9393764138221741,[2.0872 2.4866 0.3973 0.2214 0.3456 0.1974 0.2387 0.1566 0.4528 0.0921 0.2475 0.1569 0.1075 0.1528 0.1036 0.0739 0.0907 0.0707 0.1047 0.0856 0.1188 0.0756 0.0634 0.3481 0.0479 0.0533 0.0728 0.0693 0.0441 0.0481 0.1217 0.0619 0.0367 0.0261 0.0291 0.0398 0.0654 0.0351 0.0290 0.0276 0.0991 0.0477 0.0316 0.0282 0.0353 0.0341 0.0268 0.0271 0.0214 0.0260 0.0193 0.0290 0.0188 0.0151 0.0252 0.0171 0.0143 0.0118 0.0107 0.0197 0.0117 0.0164 0.1305 0.0212 0.0635 0.0163 0.0097 0.0225 0.0172 0.0079 0.0304 0.0133 0.0120 0.0075 0.0189 0.0207 0.0130 0.0122 0.0084 0.0138 0.0082 0.0131 0.0209 0.0059 0.0093 0.0111 0.0338 0.0059 0.0116 0.0049 0.0095 0.0074 0.0316 0.0059 0.0060 0.0059 0.0055 0.0086 0.0059 0.0045],[2.0841 2.5392 0.4339 0.2743 0.3798 0.2584 0.3370 0.2178 0.4796 0.1486 0.2932 0.2132 0.2063 0.2236 0.1886 0.1659 0.1640 0.1712 0.2166 0.1528 0.1850 0.1779 0.1718 0.3953 0.1311 0.1651 0.1921 0.1587 0.1424 0.1374 0.2211 0.2058 0.1449 0.1187 0.1505 0.1639 0.2372 0.1639 0.1416 0.1404 0.2262 0.2088 0.1524 0.1462 0.1765 0.1810 0.1375 0.1866 0.1502 0.1761 0.1612 0.1986 0.1605 0.1469 0.1789 0.1486 0.1670 0.1479 0.1292 0.1984 0.1502 0.1724 0.3001 0.1571 0.2822 0.1769 0.1332 0.2191 0.1930 0.1482 0.2386 0.1940 0.1624 0.1541 0.1816 0.1910 0.2083 0.1847 0.1502 0.1866 0.1732 0.2068 0.1637 0.1497 0.1958 0.1511 0.2408 0.1661 0.1974 0.1678 0.2211 0.1919 0.2391 0.1679 0.2118 0.1935 0.2261 0.1891 0.1872 0.1878],[1.9726 1.3087 0.4520 0.2861 0.2357 0.2060 0.1838 0.1712 0.1586 0.1463 0.1379 0.1308 0.1240 0.1208 0.1130 0.1083 0.1045 0.1023 0.0960 0.0929 0.0905 0.0870 0.0843 0.0831 0.0772 0.0774 0.0752 0.0715 0.0719 0.0691 0.0656 0.0646 0.0653 0.0611 0.0586 0.0593 0.0577 0.0569 0.0551 0.0536 0.0522 0.0512 0.0507 0.0490 0.0475 0.0489 0.0472 0.0458 0.0455 0.0438 0.0426 0.0430 0.0405 0.0416 0.0385 0.0404 0.0368 0.0371 0.0372 0.0348 0.0371 0.0353 0.0362 0.0327 0.0335 0.0343 0.0337 0.0314 0.0317 0.0312 0.0306 0.0300 0.0303 0.0297 0.0298 0.0293 0.0268 0.0281 0.0267 0.0282 0.0274 0.0261 0.0263 0.0261 0.0254 0.0267 0.0246 0.0257 0.0245 0.0237 0.0225 0.0225 0.0220 0.0217 0.0220 0.0217 0.0205 0.0223 0.0215 0.0211]
