train_acc,valid_acc,test_acc,train_loss,valid_loss,train_aug_loss
0.989244282245636,0.9718875288963318,0.9442840814590454,[2.0996 2.7453 0.8782 0.3395 0.2736 0.2435 0.2091 0.1635 0.2000 0.2042 0.1657 0.1503 0.2530 0.1325 0.1425 0.1156 0.1203 0.1550 0.3252 0.1189 0.0838 0.0804 0.1014 0.1109 0.1231 0.0776 0.0788 0.0730 0.0808 0.1001 0.0702 0.0737 0.0600 0.0681 0.0778 0.0811 0.0751 0.0576 0.0587 0.0536 0.0520 0.0576 0.0720 0.0485 0.1040 0.0436 0.0590 0.0765 0.0795 0.0669 0.0602 0.0480 0.0608 0.0471 0.0600 0.0421 0.0502 0.0385 0.0470 0.0341 0.0364 0.0354 0.0419 0.0375 0.0349 0.0351 0.0472 0.0393 0.0344 0.0347 0.0315 0.0331 0.0413 0.0490 0.0308 0.0415 0.0296 0.0323 0.0226 0.0267 0.0335 0.0271 0.0473 0.0282 0.0280 0.0269 0.0312 0.0206 0.0218 0.0267 0.0286 0.0235 0.0191 0.0272 0.0309 0.0258 0.0420 0.0253 0.0220 0.0216],[2.0959 2.7455 1.0257 0.3689 0.3453 0.3087 0.2419 0.1966 0.2569 0.2653 0.2143 0.2187 0.3297 0.1998 0.1900 0.1564 0.1653 0.2089 0.4002 0.1792 0.1384 0.1412 0.1608 0.1686 0.1876 0.1336 0.1319 0.1401 0.1527 0.1618 0.1350 0.1362 0.1281 0.1431 0.1562 0.1568 0.1516 0.1241 0.1269 0.1321 0.1242 0.1266 0.1618 0.1280 0.2029 0.1145 0.1342 0.1615 0.1737 0.1529 0.1560 0.1280 0.1309 0.1288 0.1478 0.1272 0.1370 0.1193 0.1375 0.1217 0.1208 0.1153 0.1375 0.1225 0.1181 0.1103 0.1363 0.1283 0.1225 0.1284 0.1251 0.1180 0.1500 0.1587 0.1258 0.1546 0.1172 0.1364 0.1106 0.1174 0.1401 0.1236 0.1588 0.1335 0.1328 0.1384 0.1336 0.1185 0.1214 0.1305 0.1271 0.1349 0.1193 0.1309 0.1455 0.1213 0.1605 0.1397 0.1151 0.1244],[2.0578 1.7898 1.0888 0.5108 0.3833 0.3293 0.2987 0.2742 0.2564 0.2439 0.2330 0.2230 0.2120 0.2043 0.1993 0.1910 0.1825 0.1787 0.1746 0.1720 0.1652 0.1613 0.1568 0.1520 0.1499 0.1472 0.1420 0.1399 0.1389 0.1364 0.1313 0.1293 0.1277 0.1257 0.1223 0.1214 0.1211 0.1196 0.1176 0.1162 0.1120 0.1118 0.1103 0.1074 0.1069 0.1077 0.1038 0.1033 0.1011 0.1025 0.0989 0.0969 0.0982 0.0969 0.0928 0.0940 0.0925 0.0922 0.0901 0.0899 0.0886 0.0861 0.0873 0.0838 0.0848 0.0835 0.0836 0.0828 0.0811 0.0812 0.0781 0.0802 0.0768 0.0786 0.0760 0.0771 0.0762 0.0746 0.0752 0.0726 0.0725 0.0727 0.0695 0.0706 0.0699 0.0707 0.0693 0.0695 0.0693 0.0677 0.0685 0.0642 0.0662 0.0648 0.0635 0.0658 0.0619 0.0616 0.0626 0.0628]
