train_acc,valid_acc,test_acc,train_loss,valid_loss,train_aug_loss
0.9878685474395752,0.9642205238342285,0.9451501369476318,[2.0918 1.9411 0.9238 0.4381 0.3829 0.5124 0.4387 0.4037 0.3409 0.4053 0.4169 0.2160 0.2955 0.2648 0.3727 0.3590 0.3213 0.2568 0.2090 0.1878 0.2810 0.1358 0.2634 0.1782 0.1493 0.2753 0.2065 0.1834 0.2936 0.2506 0.1386 0.1747 0.1238 0.2038 0.1038 0.1778 0.2244 0.0934 0.2347 0.1065 0.1895 0.0979 0.1518 0.1633 0.1450 0.0811 0.1325 0.1958 0.0978 0.1035 0.1558 0.1182 0.1562 0.1296 0.1413 0.1335 0.1293 0.0842 0.1620 0.1295 0.1008 0.1220 0.1374 0.2122 0.0810 0.1600 0.0657 0.2293 0.1257 0.1529 0.1683 0.1635 0.1510 0.1644 0.0598 0.0853 0.1766 0.0932 0.0518 0.0600 0.1231 0.1015 0.1285 0.1239 0.0643 0.0578 0.0788 0.1029 0.0718 0.0705 0.1095 0.0601 0.0329 0.1208 0.1020 0.0344 0.0690 0.0732 0.0367 0.0393],[2.0803 1.8956 0.8763 0.5198 0.4586 0.6066 0.5316 0.4822 0.4151 0.4669 0.5102 0.2733 0.3532 0.3368 0.4343 0.4037 0.3856 0.3391 0.2491 0.2521 0.3473 0.1904 0.3383 0.2398 0.2309 0.3373 0.2641 0.2669 0.3764 0.3221 0.2091 0.2563 0.1905 0.2694 0.1923 0.2746 0.2994 0.1795 0.3202 0.1829 0.2655 0.1830 0.2539 0.2564 0.2498 0.1697 0.2273 0.2895 0.1890 0.1938 0.2401 0.2293 0.2578 0.2238 0.2460 0.2357 0.2321 0.1823 0.2770 0.2436 0.2051 0.2248 0.2472 0.3107 0.1911 0.2621 0.1659 0.3191 0.2192 0.2594 0.2723 0.2947 0.2617 0.2755 0.1668 0.2016 0.2976 0.2159 0.1602 0.1702 0.2496 0.2373 0.2553 0.2324 0.1867 0.1664 0.1967 0.2349 0.1971 0.2034 0.2340 0.1755 0.1555 0.2736 0.2222 0.1494 0.2021 0.1973 0.1533 0.1645],[2.0766 1.8162 1.3490 0.6095 0.4220 0.3637 0.3251 0.2968 0.2752 0.2616 0.2465 0.2351 0.2252 0.2126 0.2063 0.1998 0.1941 0.1849 0.1833 0.1785 0.1707 0.1671 0.1627 0.1584 0.1559 0.1543 0.1493 0.1462 0.1436 0.1387 0.1364 0.1386 0.1335 0.1302 0.1297 0.1268 0.1267 0.1197 0.1218 0.1190 0.1171 0.1152 0.1127 0.1113 0.1085 0.1104 0.1081 0.1050 0.1058 0.1038 0.0994 0.0998 0.1010 0.0996 0.0959 0.0944 0.0953 0.0939 0.0927 0.0912 0.0911 0.0885 0.0906 0.0860 0.0869 0.0842 0.0850 0.0814 0.0813 0.0819 0.0799 0.0785 0.0794 0.0790 0.0795 0.0765 0.0759 0.0745 0.0766 0.0761 0.0739 0.0734 0.0721 0.0693 0.0694 0.0680 0.0700 0.0688 0.0672 0.0685 0.0686 0.0642 0.0661 0.0639 0.0632 0.0660 0.0622 0.0633 0.0621 0.0617]
