train_acc,valid_acc,test_acc,train_loss,valid_loss,train_aug_loss
0.9861759543418884,0.9605695605278015,0.9457274675369263,[2.0849 1.9742 1.0037 0.4674 0.3117 0.3133 0.3320 0.3769 0.2164 0.2445 0.1667 0.2369 0.1532 0.1584 0.1771 0.1686 0.1676 0.1390 0.2067 0.1209 0.1185 0.2018 0.1393 0.1817 0.1778 0.2218 0.1217 0.1576 0.1460 0.1755 0.0955 0.0730 0.0841 0.0899 0.1423 0.0912 0.1584 0.2547 0.0831 0.1054 0.0952 0.2057 0.0843 0.1265 0.0953 0.1912 0.0759 0.0634 0.1005 0.0932 0.0705 0.0796 0.0989 0.1272 0.0619 0.0643 0.0416 0.0493 0.0895 0.0910 0.0702 0.0875 0.0665 0.0714 0.0866 0.0617 0.0404 0.0418 0.0838 0.0419 0.0682 0.0381 0.0532 0.0541 0.0485 0.0909 0.0735 0.0698 0.0393 0.0607 0.0513 0.0801 0.0314 0.0724 0.0462 0.0463 0.0479 0.0339 0.0597 0.0315 0.0725 0.0359 0.0535 0.0529 0.0282 0.0414 0.0436 0.0457 0.0268 0.0378],[2.0954 1.9603 1.2184 0.6453 0.4320 0.4511 0.4804 0.5346 0.3086 0.3539 0.2410 0.3456 0.2249 0.2372 0.2549 0.2716 0.2511 0.2160 0.3143 0.2043 0.1859 0.2787 0.2223 0.2650 0.2974 0.3295 0.2161 0.2715 0.2699 0.3134 0.2037 0.1609 0.1759 0.1940 0.2679 0.2008 0.2536 0.3688 0.1931 0.2275 0.2163 0.3474 0.2058 0.2745 0.2162 0.3315 0.1875 0.1849 0.2202 0.2087 0.1859 0.1954 0.2289 0.3040 0.1808 0.1905 0.1541 0.1696 0.2394 0.2260 0.2159 0.2297 0.1876 0.2091 0.2462 0.1948 0.1666 0.1661 0.2470 0.1768 0.2214 0.1566 0.1920 0.2125 0.2029 0.2742 0.2324 0.2443 0.1766 0.2172 0.2026 0.2670 0.1588 0.2345 0.1945 0.2008 0.2117 0.1794 0.2237 0.1896 0.2262 0.1819 0.2300 0.2274 0.1623 0.2078 0.2121 0.2007 0.1616 0.1919],[2.0555 1.8025 1.3291 0.5905 0.4313 0.3777 0.3431 0.3130 0.2843 0.2635 0.2536 0.2353 0.2256 0.2111 0.2085 0.2003 0.1918 0.1853 0.1803 0.1771 0.1717 0.1644 0.1619 0.1577 0.1524 0.1545 0.1468 0.1436 0.1419 0.1400 0.1374 0.1351 0.1307 0.1295 0.1276 0.1259 0.1237 0.1232 0.1203 0.1185 0.1141 0.1143 0.1111 0.1120 0.1097 0.1088 0.1063 0.1041 0.1042 0.1015 0.1020 0.0996 0.0997 0.0963 0.0964 0.0945 0.0932 0.0934 0.0918 0.0908 0.0909 0.0900 0.0889 0.0873 0.0854 0.0866 0.0838 0.0822 0.0815 0.0817 0.0806 0.0799 0.0794 0.0783 0.0762 0.0778 0.0763 0.0765 0.0757 0.0743 0.0733 0.0734 0.0723 0.0706 0.0697 0.0722 0.0691 0.0698 0.0684 0.0675 0.0694 0.0669 0.0669 0.0645 0.0653 0.0652 0.0648 0.0651 0.0641 0.0619]
