train_acc,valid_acc,test_acc,train_loss,valid_loss,train_aug_loss
0.9899446368217468,0.9671412706375122,0.9416859149932861,[3.5419 1.3019 0.3472 0.3237 0.3987 0.1856 0.1913 0.1183 0.1078 0.1153 0.1161 0.1117 0.0931 0.0672 0.0916 0.0704 0.0593 0.0618 0.0562 0.0582 0.0808 0.0471 0.0902 0.0407 0.0369 0.0828 0.0390 0.0548 0.0339 0.0317 0.0295 0.0322 0.0255 0.0345 0.0259 0.0291 0.0212 0.0206 0.0237 0.0203 0.0184 0.0161 0.0229 0.0174 0.0209 0.0221 0.0145 0.0246 0.0159 0.0144 0.0170 0.0140 0.0127 0.0202 0.0125 0.0166 0.0112 0.0145 0.0112 0.0081 0.0077 0.0167 0.0074 0.0083 0.0088 0.0074 0.0066 0.0078 0.0255 0.0086 0.0081 0.0052 0.0067 0.0042 0.0059 0.0049 0.0053 0.0079 0.0059 0.0065 0.0079 0.0045 0.0048 0.0045 0.0083 0.0040 0.0030 0.0068 0.0033 0.0032 0.0032 0.0037 0.0042 0.0040 0.0042 0.0031 0.0039 0.0021 0.0021 0.0034],[3.2579 1.3145 0.3959 0.3503 0.4629 0.2294 0.2461 0.1718 0.1625 0.1866 0.1954 0.1667 0.1513 0.1172 0.1536 0.1403 0.1304 0.1346 0.1292 0.1344 0.1707 0.1089 0.1922 0.1106 0.1249 0.1873 0.1184 0.1533 0.1147 0.1049 0.1137 0.1248 0.1090 0.1333 0.1140 0.1279 0.1135 0.1117 0.1213 0.1178 0.1109 0.1172 0.1255 0.1135 0.1135 0.1452 0.1173 0.1624 0.1374 0.1273 0.1338 0.1367 0.1418 0.1571 0.1322 0.1415 0.1372 0.1466 0.1218 0.1214 0.1275 0.1520 0.1226 0.1278 0.1425 0.1345 0.1348 0.1507 0.1757 0.1480 0.1277 0.1363 0.1329 0.1261 0.1409 0.1325 0.1372 0.1437 0.1301 0.1647 0.1708 0.1586 0.1523 0.1449 0.1490 0.1566 0.1328 0.1652 0.1500 0.1445 0.1478 0.1545 0.1435 0.1447 0.1694 0.1866 0.1581 0.1762 0.1751 0.1870],[1.9660 1.1155 0.4042 0.2950 0.2523 0.2237 0.2011 0.1833 0.1688 0.1588 0.1485 0.1410 0.1314 0.1255 0.1204 0.1178 0.1105 0.1055 0.1029 0.0978 0.0971 0.0915 0.0881 0.0868 0.0825 0.0829 0.0786 0.0752 0.0751 0.0711 0.0695 0.0672 0.0667 0.0650 0.0630 0.0608 0.0589 0.0573 0.0584 0.0563 0.0545 0.0532 0.0520 0.0517 0.0503 0.0470 0.0500 0.0460 0.0467 0.0444 0.0461 0.0429 0.0422 0.0429 0.0400 0.0408 0.0394 0.0398 0.0387 0.0362 0.0365 0.0379 0.0356 0.0340 0.0347 0.0360 0.0315 0.0327 0.0338 0.0314 0.0339 0.0297 0.0316 0.0284 0.0301 0.0281 0.0287 0.0290 0.0293 0.0265 0.0261 0.0266 0.0260 0.0263 0.0262 0.0252 0.0258 0.0244 0.0242 0.0238 0.0226 0.0227 0.0240 0.0230 0.0236 0.0219 0.0232 0.0210 0.0213 0.0223]
