train_acc,valid_acc,test_acc,train_loss,valid_loss,train_aug_loss
0.9932047128677368,0.9700620770454407,0.9523671865463257,[2.0804 2.0612 0.8552 0.7212 0.3885 0.2375 0.3619 0.2963 0.2735 0.2611 0.2792 0.2456 0.2411 0.2257 0.2209 0.1134 0.1099 0.2035 0.1043 0.1184 0.0975 0.1397 0.0844 0.1346 0.2017 0.1625 0.1142 0.1405 0.1029 0.1646 0.1851 0.1175 0.1523 0.1678 0.0854 0.0580 0.0689 0.0660 0.0704 0.0581 0.0695 0.0655 0.1366 0.0783 0.0752 0.1130 0.1075 0.0483 0.0788 0.0924 0.2029 0.0697 0.0856 0.0580 0.1270 0.0469 0.0732 0.0859 0.0869 0.0316 0.0970 0.0529 0.0842 0.1706 0.0597 0.0576 0.0298 0.0958 0.0879 0.0745 0.0809 0.0914 0.0260 0.0864 0.0542 0.0756 0.0208 0.0255 0.0321 0.0710 0.0247 0.0463 0.0399 0.0440 0.0903 0.0230 0.0227 0.0275 0.0578 0.0581 0.0638 0.1456 0.0628 0.0640 0.0191 0.0882 0.0185 0.0564 0.0421 0.1186],[2.0818 2.2313 0.9720 0.8628 0.4775 0.2832 0.4067 0.3607 0.3314 0.3351 0.3641 0.3123 0.3149 0.3083 0.2980 0.1538 0.1677 0.2704 0.1627 0.1801 0.1541 0.2155 0.1478 0.1991 0.2792 0.2283 0.1841 0.2209 0.1707 0.2438 0.2702 0.1990 0.2460 0.2445 0.1565 0.1060 0.1326 0.1262 0.1417 0.1225 0.1547 0.1405 0.2429 0.1688 0.1650 0.2112 0.2126 0.1238 0.1836 0.2036 0.3291 0.1538 0.1961 0.1707 0.2537 0.1357 0.1714 0.1866 0.2004 0.1129 0.2222 0.1686 0.2089 0.2956 0.1505 0.1593 0.1251 0.2215 0.2182 0.2007 0.1988 0.2051 0.1111 0.2105 0.1723 0.1945 0.1052 0.1255 0.1384 0.2020 0.1170 0.1511 0.1429 0.1505 0.2300 0.1273 0.1150 0.1376 0.1808 0.1848 0.1879 0.3084 0.2103 0.1888 0.1284 0.2269 0.1228 0.1884 0.1635 0.3037],[2.0118 1.5869 0.7298 0.3989 0.3301 0.2925 0.2647 0.2465 0.2324 0.2193 0.2113 0.2018 0.1954 0.1877 0.1826 0.1771 0.1683 0.1668 0.1605 0.1572 0.1546 0.1495 0.1456 0.1439 0.1404 0.1399 0.1341 0.1337 0.1293 0.1274 0.1267 0.1227 0.1235 0.1211 0.1194 0.1188 0.1145 0.1119 0.1122 0.1097 0.1072 0.1067 0.1049 0.1051 0.1020 0.1037 0.1007 0.0992 0.0952 0.0957 0.0968 0.0940 0.0923 0.0925 0.0921 0.0889 0.0903 0.0893 0.0863 0.0862 0.0861 0.0853 0.0831 0.0816 0.0836 0.0799 0.0823 0.0774 0.0784 0.0775 0.0792 0.0764 0.0779 0.0742 0.0731 0.0739 0.0730 0.0717 0.0710 0.0728 0.0693 0.0694 0.0698 0.0707 0.0680 0.0681 0.0676 0.0666 0.0673 0.0630 0.0672 0.0652 0.0622 0.0642 0.0650 0.0633 0.0624 0.0609 0.0614 0.0613]
