train_acc,valid_acc,test_acc,train_loss,valid_loss,train_aug_loss
0.9894943833351135,0.9700620770454407,0.9561200737953186,[2.1980 1.2247 0.6717 0.4162 0.3541 0.4501 0.3539 0.2212 0.2103 0.2316 0.1865 0.2394 0.4645 0.3425 0.1682 0.2383 0.1495 0.1792 0.1982 0.0798 0.2988 0.1161 0.2390 0.0776 0.1415 0.0990 0.0797 0.0702 0.1093 0.0885 0.1801 0.0875 0.0639 0.1310 0.1871 0.1602 0.1184 0.1160 0.1582 0.0993 0.1131 0.1155 0.0697 0.1210 0.0546 0.1297 0.1584 0.0478 0.1275 0.1091 0.1964 0.0670 0.1817 0.0854 0.0670 0.0576 0.0470 0.0555 0.0365 0.0596 0.0527 0.0394 0.0299 0.0306 0.0299 0.0451 0.0473 0.1039 0.0989 0.0822 0.0320 0.1545 0.1009 0.0576 0.0498 0.0623 0.0661 0.0810 0.0360 0.0567 0.0807 0.0708 0.0678 0.0338 0.0385 0.0874 0.0333 0.0248 0.0487 0.0500 0.0317 0.0308 0.0432 0.0395 0.0580 0.0364 0.0725 0.0950 0.0210 0.0267],[2.1751 1.3705 0.7740 0.5450 0.4345 0.4973 0.4219 0.2858 0.2679 0.2696 0.2582 0.3157 0.5637 0.4549 0.2331 0.3297 0.2329 0.2273 0.2871 0.1195 0.3895 0.1784 0.3638 0.1365 0.2554 0.1807 0.1420 0.1313 0.1875 0.1616 0.2717 0.1696 0.1334 0.2406 0.2901 0.2705 0.2442 0.2271 0.2659 0.1924 0.2202 0.2167 0.1279 0.2109 0.1390 0.2364 0.2880 0.1198 0.2397 0.2230 0.3633 0.1627 0.3111 0.1793 0.1544 0.1492 0.1267 0.1406 0.1147 0.1395 0.1611 0.1280 0.1041 0.1093 0.1143 0.1384 0.1312 0.2441 0.2260 0.2070 0.1277 0.3125 0.2145 0.1514 0.1562 0.1720 0.1894 0.2037 0.1414 0.1775 0.2122 0.2001 0.2058 0.1226 0.1346 0.2201 0.1284 0.1142 0.1534 0.1546 0.1348 0.1372 0.1565 0.1595 0.2000 0.1436 0.1886 0.2173 0.1177 0.1350],[1.9462 1.1856 0.4405 0.3405 0.2976 0.2714 0.2548 0.2380 0.2237 0.2128 0.2096 0.1980 0.1920 0.1865 0.1803 0.1755 0.1722 0.1657 0.1631 0.1617 0.1582 0.1522 0.1485 0.1483 0.1439 0.1414 0.1421 0.1371 0.1369 0.1352 0.1320 0.1309 0.1259 0.1260 0.1231 0.1213 0.1217 0.1184 0.1180 0.1161 0.1153 0.1161 0.1131 0.1123 0.1106 0.1094 0.1084 0.1070 0.1052 0.1054 0.1040 0.1035 0.1004 0.1049 0.1017 0.0993 0.0980 0.0987 0.0983 0.0959 0.0972 0.0941 0.0949 0.0925 0.0918 0.0917 0.0900 0.0898 0.0886 0.0895 0.0881 0.0889 0.0879 0.0908 0.0843 0.0844 0.0860 0.0845 0.0830 0.0807 0.0828 0.0834 0.0799 0.0855 0.0791 0.0795 0.0786 0.0782 0.0793 0.0782 0.0779 0.0759 0.0782 0.0751 0.0761 0.0785 0.0733 0.0757 0.0766 0.0721]
