train_acc,valid_acc,test_acc,train_loss,valid_loss,train_aug_loss
0.9899696707725525,0.9737130403518677,0.9483256340026855,[5.3362 0.6483 0.2716 0.2315 0.2301 0.1415 0.1587 0.1086 0.1170 0.0971 0.1083 0.0757 0.0747 0.0860 0.0808 0.0683 0.0555 0.0680 0.0583 0.0605 0.0493 0.0461 0.0460 0.0390 0.0446 0.0500 0.0308 0.0329 0.0538 0.0295 0.0310 0.0372 0.0352 0.0272 0.0303 0.0226 0.0268 0.0204 0.0212 0.0229 0.0175 0.0246 0.0167 0.0183 0.0222 0.0151 0.0148 0.0186 0.0146 0.0144 0.0128 0.0123 0.0396 0.0140 0.0109 0.0126 0.0128 0.0119 0.0096 0.0119 0.0074 0.0096 0.0087 0.0074 0.0100 0.0095 0.0096 0.0073 0.0075 0.0064 0.0102 0.0059 0.0047 0.0081 0.0062 0.0128 0.0065 0.0050 0.0047 0.0046 0.0064 0.0057 0.0057 0.0061 0.0034 0.0045 0.0057 0.0055 0.0035 0.0037 0.0040 0.0031 0.0028 0.0031 0.0052 0.0115 0.0031 0.0116 0.0027 0.0041],[4.8394 0.7119 0.3061 0.2639 0.2803 0.1740 0.1966 0.1492 0.1550 0.1374 0.1625 0.1254 0.1371 0.1461 0.1353 0.1317 0.1173 0.1411 0.1321 0.1323 0.1099 0.1184 0.1128 0.1093 0.1202 0.1412 0.0972 0.1072 0.1582 0.1197 0.1200 0.1456 0.1261 0.1115 0.1055 0.1133 0.1191 0.1032 0.1056 0.1249 0.1035 0.1293 0.1158 0.1158 0.1075 0.1078 0.1101 0.1388 0.1318 0.1333 0.1223 0.1419 0.2148 0.1281 0.1273 0.1200 0.1272 0.1112 0.1182 0.1485 0.1325 0.1299 0.1314 0.1259 0.1403 0.1636 0.1276 0.1281 0.1206 0.1454 0.1628 0.1429 0.1368 0.1617 0.1318 0.1859 0.1442 0.1554 0.1593 0.1389 0.1500 0.1645 0.1558 0.1612 0.1784 0.1426 0.1482 0.1523 0.1459 0.1497 0.1463 0.1695 0.1470 0.1454 0.1616 0.2232 0.1611 0.2288 0.1509 0.1922],[1.9557 1.0543 0.3929 0.2906 0.2457 0.2185 0.1982 0.1838 0.1704 0.1599 0.1498 0.1429 0.1341 0.1281 0.1228 0.1144 0.1140 0.1075 0.1019 0.0984 0.0969 0.0912 0.0889 0.0874 0.0844 0.0804 0.0805 0.0774 0.0738 0.0718 0.0722 0.0699 0.0670 0.0655 0.0652 0.0622 0.0609 0.0571 0.0584 0.0574 0.0563 0.0551 0.0512 0.0515 0.0515 0.0483 0.0471 0.0473 0.0455 0.0449 0.0443 0.0428 0.0433 0.0436 0.0420 0.0411 0.0400 0.0399 0.0381 0.0358 0.0355 0.0366 0.0357 0.0360 0.0344 0.0347 0.0343 0.0336 0.0313 0.0316 0.0317 0.0309 0.0303 0.0310 0.0292 0.0289 0.0300 0.0288 0.0277 0.0273 0.0270 0.0270 0.0261 0.0270 0.0247 0.0259 0.0260 0.0250 0.0243 0.0250 0.0250 0.0225 0.0238 0.0242 0.0242 0.0215 0.0231 0.0227 0.0206 0.0209]
