train_acc,valid_acc,test_acc,train_loss,valid_loss,train_aug_loss
0.993796706199646,0.9693318605422974,0.9457274675369263,[2.5140 4.1104 1.3277 0.2941 0.2141 0.1812 0.1673 0.1410 0.1221 0.1057 0.1207 0.0879 0.1125 0.0692 0.0713 0.0686 0.0632 0.1023 0.0531 0.0639 0.0587 0.0550 0.0457 0.0619 0.0409 0.0408 0.0432 0.0494 0.0482 0.0298 0.0357 0.0410 0.0262 0.0386 0.0256 0.0282 0.0234 0.0207 0.0227 0.0226 0.0179 0.0256 0.0198 0.0172 0.0183 0.0217 0.0139 0.0153 0.0183 0.0138 0.0196 0.0218 0.0125 0.0166 0.0102 0.0197 0.0115 0.0151 0.0109 0.0098 0.0141 0.0082 0.0092 0.0083 0.0226 0.0080 0.0088 0.0094 0.0086 0.0091 0.0094 0.0088 0.0076 0.0196 0.0070 0.0067 0.0064 0.0056 0.0076 0.0069 0.0057 0.0090 0.0059 0.0054 0.0052 0.0074 0.0049 0.0068 0.0039 0.0044 0.0037 0.0032 0.0033 0.0027 0.0094 0.0035 0.0101 0.0033 0.0077 0.0057],[2.3430 3.6286 1.2337 0.3252 0.2401 0.2203 0.2051 0.1926 0.1629 0.1594 0.1869 0.1579 0.1934 0.1326 0.1338 0.1353 0.1396 0.1648 0.1209 0.1368 0.1293 0.1360 0.1211 0.1589 0.1291 0.1331 0.1317 0.1327 0.1363 0.1132 0.1369 0.1535 0.1207 0.1474 0.1213 0.1365 0.1186 0.1096 0.1339 0.1308 0.1232 0.1556 0.1355 0.1503 0.1318 0.1340 0.1329 0.1433 0.1491 0.1378 0.1439 0.1585 0.1264 0.1592 0.1398 0.1717 0.1654 0.1456 0.1442 0.1680 0.1686 0.1598 0.1486 0.1594 0.1845 0.1453 0.1581 0.1672 0.1490 0.1694 0.1823 0.1814 0.1804 0.1955 0.1715 0.1890 0.1831 0.1854 0.1627 0.1829 0.1700 0.1774 0.1649 0.2017 0.1798 0.1842 0.1710 0.1747 0.1837 0.1769 0.1854 0.1570 0.1679 0.1812 0.2020 0.1772 0.2138 0.2071 0.2233 0.1931],[1.9807 1.6043 0.7709 0.3346 0.2639 0.2316 0.2072 0.1891 0.1744 0.1648 0.1520 0.1445 0.1347 0.1303 0.1256 0.1198 0.1102 0.1075 0.1046 0.0995 0.0965 0.0937 0.0892 0.0866 0.0824 0.0828 0.0785 0.0781 0.0740 0.0718 0.0706 0.0683 0.0670 0.0648 0.0651 0.0614 0.0598 0.0609 0.0581 0.0553 0.0527 0.0539 0.0514 0.0499 0.0494 0.0497 0.0491 0.0488 0.0469 0.0456 0.0423 0.0444 0.0430 0.0414 0.0422 0.0414 0.0405 0.0399 0.0395 0.0366 0.0377 0.0362 0.0356 0.0347 0.0354 0.0351 0.0348 0.0331 0.0326 0.0336 0.0321 0.0312 0.0295 0.0313 0.0294 0.0315 0.0288 0.0279 0.0289 0.0277 0.0270 0.0282 0.0265 0.0266 0.0267 0.0256 0.0268 0.0250 0.0242 0.0249 0.0246 0.0238 0.0230 0.0249 0.0248 0.0227 0.0233 0.0220 0.0222 0.0229]
