train_acc,valid_acc,test_acc,train_loss,valid_loss,train_aug_loss
0.9923959374427795,0.9718875288963318,0.9520785212516785,[2.0819 2.3705 0.8209 0.6715 0.7420 0.3452 0.3069 0.2246 0.2127 0.1954 0.1812 0.1954 0.1796 0.2399 0.2034 0.1770 0.1870 0.1920 0.1196 0.1937 0.1801 0.1334 0.1284 0.1550 0.2184 0.0968 0.1235 0.0892 0.1174 0.0939 0.0863 0.0731 0.0998 0.1023 0.0820 0.0905 0.0623 0.0546 0.0778 0.0806 0.0885 0.0747 0.0583 0.0730 0.0728 0.0670 0.0569 0.0665 0.0723 0.0480 0.0505 0.0587 0.0550 0.0558 0.0527 0.0487 0.0491 0.0416 0.0640 0.0409 0.0424 0.0604 0.0463 0.0395 0.0702 0.0453 0.0637 0.0417 0.0487 0.0718 0.0486 0.0397 0.0418 0.0323 0.0402 0.0369 0.0568 0.0353 0.0392 0.0582 0.0244 0.0282 0.0354 0.0319 0.0456 0.0233 0.0278 0.0243 0.0307 0.0320 0.0283 0.0212 0.0335 0.0191 0.0471 0.0275 0.0353 0.0372 0.0391 0.0475],[2.0744 2.5854 1.0855 0.8539 0.9560 0.4375 0.3725 0.2960 0.2699 0.2631 0.2273 0.2659 0.2593 0.2987 0.2626 0.2521 0.2507 0.2551 0.1859 0.2833 0.2567 0.1928 0.2093 0.2475 0.2928 0.1594 0.1874 0.1364 0.1791 0.1641 0.1528 0.1255 0.1606 0.1746 0.1462 0.1576 0.1262 0.1122 0.1458 0.1514 0.1591 0.1486 0.1263 0.1423 0.1451 0.1415 0.1184 0.1416 0.1573 0.1143 0.1188 0.1245 0.1286 0.1234 0.1283 0.1231 0.1185 0.1041 0.1497 0.1048 0.1081 0.1461 0.1187 0.1135 0.1725 0.1331 0.1652 0.1140 0.1302 0.1756 0.1315 0.1156 0.1198 0.1126 0.1339 0.1325 0.1637 0.1186 0.1288 0.1649 0.1003 0.1109 0.1217 0.1250 0.1518 0.1088 0.1091 0.1101 0.1147 0.1288 0.1187 0.1080 0.1337 0.1094 0.1662 0.1223 0.1299 0.1453 0.1515 0.1669],[2.0769 1.7850 0.9929 0.4977 0.3912 0.3404 0.3113 0.2850 0.2646 0.2502 0.2397 0.2272 0.2165 0.2149 0.2019 0.1964 0.1917 0.1861 0.1781 0.1755 0.1716 0.1652 0.1608 0.1600 0.1552 0.1533 0.1487 0.1472 0.1442 0.1395 0.1385 0.1353 0.1336 0.1316 0.1294 0.1261 0.1253 0.1221 0.1207 0.1164 0.1160 0.1144 0.1122 0.1120 0.1106 0.1100 0.1094 0.1078 0.1045 0.1028 0.1014 0.0990 0.0973 0.0989 0.0966 0.0954 0.0953 0.0935 0.0930 0.0939 0.0922 0.0893 0.0882 0.0874 0.0875 0.0854 0.0852 0.0847 0.0831 0.0823 0.0808 0.0806 0.0825 0.0795 0.0796 0.0755 0.0772 0.0762 0.0730 0.0750 0.0724 0.0723 0.0731 0.0718 0.0709 0.0728 0.0715 0.0696 0.0686 0.0663 0.0683 0.0698 0.0672 0.0652 0.0658 0.0664 0.0648 0.0649 0.0624 0.0620]
