train_acc,valid_acc,test_acc,train_loss,valid_loss,train_aug_loss
0.9925794005393982,0.974443256855011,0.9390877485275269,[9.4008 3.2462 0.2924 0.2166 0.1573 0.1529 0.1494 0.1370 0.1130 0.1216 0.0921 0.0974 0.0759 0.0659 0.0789 0.0841 0.0755 0.0543 0.0482 0.0494 0.0474 0.0840 0.0462 0.0417 0.0450 0.0422 0.0331 0.0345 0.0324 0.0409 0.0320 0.0280 0.0667 0.0262 0.0316 0.0258 0.0263 0.0274 0.0216 0.0196 0.0205 0.0218 0.0166 0.0257 0.0180 0.0215 0.0158 0.0243 0.0154 0.0225 0.0150 0.0159 0.0157 0.0098 0.0388 0.0111 0.0129 0.0114 0.0113 0.0129 0.0162 0.0086 0.0087 0.0113 0.0078 0.0102 0.0077 0.0065 0.0067 0.0059 0.0065 0.0060 0.0122 0.0058 0.0125 0.0045 0.0045 0.0081 0.0046 0.0087 0.0069 0.0054 0.0044 0.0099 0.0070 0.0052 0.0055 0.0044 0.0041 0.0032 0.0046 0.0040 0.0035 0.0029 0.0033 0.0042 0.0028 0.0065 0.0030 0.0022],[8.6367 2.7822 0.3530 0.2411 0.1936 0.1828 0.1791 0.1861 0.1722 0.1919 0.1402 0.1380 0.1256 0.1139 0.1417 0.1480 0.1556 0.1542 0.1230 0.1152 0.1274 0.2094 0.1102 0.1300 0.1178 0.1215 0.1243 0.1259 0.1264 0.1617 0.1261 0.1220 0.1847 0.1191 0.1345 0.1181 0.1239 0.1281 0.1058 0.1105 0.1288 0.1334 0.1368 0.1386 0.1270 0.1295 0.1388 0.1293 0.1481 0.1530 0.1391 0.1535 0.1365 0.1362 0.2139 0.1479 0.1726 0.1576 0.1671 0.1815 0.1651 0.1462 0.1486 0.1495 0.1536 0.1551 0.1523 0.1429 0.1668 0.1587 0.1606 0.1588 0.2189 0.1576 0.1838 0.1410 0.1612 0.1587 0.1852 0.1663 0.1491 0.1667 0.1657 0.2136 0.1964 0.1558 0.1554 0.1870 0.2205 0.1714 0.2099 0.2057 0.1970 0.1599 0.1737 0.1939 0.1571 0.2111 0.2169 0.1821],[1.9604 1.2959 0.4256 0.2878 0.2472 0.2176 0.1969 0.1819 0.1691 0.1562 0.1484 0.1420 0.1320 0.1275 0.1215 0.1154 0.1101 0.1053 0.1014 0.0993 0.0949 0.0926 0.0900 0.0862 0.0855 0.0802 0.0778 0.0743 0.0731 0.0714 0.0684 0.0679 0.0649 0.0655 0.0610 0.0623 0.0596 0.0597 0.0565 0.0552 0.0522 0.0546 0.0506 0.0522 0.0510 0.0485 0.0468 0.0463 0.0459 0.0464 0.0435 0.0418 0.0423 0.0400 0.0413 0.0403 0.0393 0.0368 0.0380 0.0383 0.0364 0.0358 0.0330 0.0361 0.0330 0.0335 0.0327 0.0323 0.0320 0.0316 0.0324 0.0303 0.0293 0.0288 0.0291 0.0294 0.0287 0.0270 0.0267 0.0276 0.0280 0.0265 0.0274 0.0250 0.0263 0.0264 0.0245 0.0252 0.0231 0.0234 0.0238 0.0255 0.0222 0.0237 0.0208 0.0232 0.0239 0.0215 0.0206 0.0215]
