train_acc,valid_acc,test_acc,train_loss,valid_loss,train_aug_loss
0.9888440370559692,0.9700620770454407,0.9477482438087463,[3.8571 2.0793 0.3812 0.2325 0.2428 0.1810 0.1983 0.1328 0.1635 0.1409 0.1704 0.1010 0.1204 0.0954 0.0954 0.1001 0.0947 0.0810 0.0730 0.0733 0.0733 0.0956 0.0942 0.1143 0.0633 0.0634 0.0847 0.0501 0.0753 0.0665 0.0589 0.0865 0.0633 0.0477 0.0592 0.1439 0.0793 0.0621 0.0468 0.0431 0.0362 0.0350 0.0410 0.0377 0.0371 0.0349 0.0413 0.0483 0.0407 0.0336 0.0460 0.0545 0.0334 0.0368 0.0412 0.0658 0.0387 0.0515 0.0355 0.0388 0.0252 0.0286 0.0259 0.0487 0.0263 0.0516 0.0257 0.0360 0.0294 0.0346 0.0329 0.0238 0.0248 0.0193 0.0244 0.0255 0.0424 0.0204 0.0179 0.0206 0.0243 0.0305 0.0300 0.0252 0.0268 0.0208 0.0166 0.0225 0.0274 0.0249 0.0242 0.0243 0.0187 0.0207 0.0182 0.0237 0.0423 0.0157 0.0282 0.0171],[3.6021 1.9306 0.4284 0.2648 0.2883 0.2129 0.2567 0.1698 0.2151 0.1860 0.2159 0.1343 0.1761 0.1487 0.1515 0.1633 0.1665 0.1524 0.1331 0.1398 0.1368 0.1725 0.1814 0.2092 0.1327 0.1262 0.1629 0.1124 0.1698 0.1407 0.1401 0.1938 0.1489 0.1167 0.1524 0.2694 0.1827 0.1825 0.1418 0.1374 0.1126 0.1161 0.1370 0.1094 0.1266 0.1274 0.1507 0.1477 0.1473 0.1217 0.1543 0.1744 0.1353 0.1414 0.1671 0.2294 0.1494 0.1782 0.1566 0.1465 0.1215 0.1381 0.1283 0.1783 0.1312 0.1811 0.1405 0.1648 0.1541 0.1726 0.1576 0.1379 0.1395 0.1208 0.1451 0.1586 0.1926 0.1296 0.1339 0.1336 0.1519 0.1831 0.1557 0.1531 0.1566 0.1567 0.1418 0.1489 0.1701 0.1673 0.1700 0.1581 0.1650 0.1535 0.1449 0.1680 0.2117 0.1640 0.1937 0.1586],[1.9974 1.4050 0.5712 0.4098 0.3421 0.3049 0.2822 0.2621 0.2510 0.2378 0.2247 0.2162 0.2078 0.2004 0.1926 0.1902 0.1831 0.1760 0.1703 0.1686 0.1618 0.1565 0.1548 0.1518 0.1477 0.1469 0.1403 0.1399 0.1380 0.1358 0.1310 0.1292 0.1268 0.1257 0.1222 0.1215 0.1200 0.1176 0.1157 0.1164 0.1118 0.1111 0.1114 0.1080 0.1066 0.1052 0.1044 0.1029 0.0995 0.1010 0.1002 0.0960 0.0972 0.0938 0.0946 0.0935 0.0920 0.0904 0.0912 0.0892 0.0886 0.0886 0.0861 0.0875 0.0851 0.0857 0.0818 0.0831 0.0828 0.0824 0.0791 0.0811 0.0797 0.0772 0.0806 0.0766 0.0752 0.0764 0.0759 0.0732 0.0732 0.0718 0.0710 0.0696 0.0708 0.0705 0.0707 0.0686 0.0672 0.0686 0.0674 0.0695 0.0667 0.0672 0.0671 0.0652 0.0640 0.0619 0.0630 0.0622]
