train_acc,valid_acc,test_acc,train_loss,valid_loss,train_aug_loss
0.9871681332588196,0.9638554453849792,0.9523671865463257,[2.0828 1.7186 0.5370 0.3448 0.2565 0.2763 0.1577 0.2492 0.1452 0.1582 0.1183 0.1714 0.0914 0.1685 0.0705 0.1867 0.0959 0.0944 0.1015 0.1156 0.0768 0.0839 0.0891 0.0715 0.0996 0.0936 0.0488 0.0378 0.1294 0.0350 0.0941 0.0972 0.0393 0.0333 0.0570 0.0480 0.0506 0.1027 0.0358 0.0774 0.0518 0.0479 0.0343 0.0397 0.0499 0.0291 0.0369 0.0734 0.0312 0.0294 0.0264 0.0970 0.0369 0.0578 0.0208 0.0582 0.0331 0.0241 0.0521 0.0163 0.0249 0.0402 0.0201 0.0254 0.0499 0.0155 0.0119 0.0200 0.0308 0.0156 0.0163 0.0084 0.0136 0.0329 0.0156 0.0146 0.0261 0.0138 0.0338 0.0124 0.0070 0.0144 0.0336 0.0092 0.0138 0.0399 0.0179 0.0155 0.0048 0.0203 0.0083 0.0117 0.0150 0.0178 0.0141 0.0097 0.0059 0.0071 0.0104 0.0129],[2.0884 1.8669 0.6103 0.3677 0.3038 0.3403 0.1988 0.2996 0.2225 0.2167 0.1848 0.2308 0.1395 0.2579 0.1230 0.2843 0.1811 0.1646 0.1856 0.2047 0.1572 0.1803 0.1978 0.1713 0.1988 0.1909 0.1314 0.1135 0.2675 0.1140 0.1973 0.1809 0.1435 0.1181 0.1567 0.1525 0.1621 0.2185 0.1346 0.2187 0.2028 0.1693 0.1425 0.1796 0.1978 0.1387 0.1505 0.2053 0.1560 0.1606 0.1352 0.2342 0.1677 0.2014 0.1411 0.2262 0.1605 0.1449 0.2328 0.1414 0.1554 0.1717 0.1452 0.1448 0.2106 0.1472 0.1295 0.1706 0.1965 0.1531 0.1559 0.1311 0.1428 0.1905 0.1844 0.1539 0.2117 0.1691 0.2035 0.1529 0.1345 0.1714 0.2147 0.1634 0.1651 0.2070 0.1838 0.1690 0.1376 0.1975 0.1755 0.1801 0.1824 0.1992 0.1943 0.1788 0.1519 0.1746 0.1646 0.2094],[1.9893 1.2854 0.4565 0.2829 0.2337 0.2049 0.1863 0.1704 0.1593 0.1485 0.1419 0.1322 0.1258 0.1196 0.1173 0.1104 0.1082 0.1032 0.0981 0.0954 0.0925 0.0889 0.0866 0.0855 0.0823 0.0803 0.0770 0.0758 0.0734 0.0724 0.0707 0.0684 0.0644 0.0651 0.0634 0.0598 0.0577 0.0602 0.0563 0.0550 0.0549 0.0550 0.0513 0.0495 0.0500 0.0491 0.0470 0.0477 0.0458 0.0449 0.0444 0.0422 0.0433 0.0439 0.0409 0.0393 0.0402 0.0396 0.0385 0.0382 0.0377 0.0367 0.0352 0.0373 0.0350 0.0328 0.0336 0.0343 0.0324 0.0324 0.0311 0.0320 0.0318 0.0301 0.0319 0.0295 0.0289 0.0288 0.0290 0.0287 0.0293 0.0272 0.0277 0.0270 0.0269 0.0254 0.0252 0.0259 0.0259 0.0244 0.0246 0.0235 0.0242 0.0248 0.0236 0.0228 0.0229 0.0238 0.0216 0.0219]
