train_acc,valid_acc,test_acc,train_loss,valid_loss,train_aug_loss
0.9837329983711243,0.9583789706230164,0.9486142992973328,[2.1465 2.0563 0.7711 0.3959 0.2562 0.3473 0.3841 0.3172 0.3997 0.2516 0.1732 0.2037 0.1914 0.1844 0.3913 0.3778 0.3122 0.1812 0.1899 0.1722 0.2771 0.2034 0.1748 0.1038 0.2382 0.1085 0.1242 0.1494 0.1200 0.1288 0.0679 0.1739 0.1967 0.1406 0.1315 0.1727 0.2106 0.0925 0.0992 0.0668 0.0997 0.1071 0.0855 0.0614 0.0487 0.1007 0.0974 0.1093 0.0899 0.0896 0.0650 0.1990 0.1339 0.1354 0.1513 0.0857 0.0439 0.0629 0.0554 0.0885 0.0655 0.1220 0.1282 0.1430 0.0711 0.1000 0.0862 0.1730 0.0840 0.0394 0.0541 0.0528 0.0494 0.0756 0.1182 0.0386 0.0801 0.0524 0.0733 0.0721 0.0428 0.0575 0.0606 0.0356 0.1342 0.1235 0.0473 0.1048 0.0361 0.0445 0.0473 0.0686 0.0496 0.0599 0.0503 0.0340 0.0517 0.0318 0.0282 0.0551],[2.1191 2.0465 0.9520 0.4739 0.3124 0.4127 0.4548 0.3951 0.4861 0.3475 0.2345 0.2776 0.2575 0.2535 0.4611 0.4433 0.3854 0.2454 0.2761 0.2467 0.3499 0.2909 0.2655 0.1792 0.3306 0.1962 0.2135 0.2396 0.2145 0.2007 0.1490 0.2650 0.2881 0.2236 0.2283 0.2758 0.3086 0.1841 0.2094 0.1593 0.2023 0.2174 0.1836 0.1563 0.1329 0.2040 0.1918 0.2313 0.1929 0.1976 0.1820 0.3255 0.2428 0.2590 0.2770 0.2187 0.1580 0.1820 0.1781 0.2091 0.1898 0.2595 0.2733 0.2629 0.1981 0.2380 0.2076 0.2958 0.2243 0.1568 0.1838 0.1694 0.1844 0.2173 0.2607 0.1534 0.2192 0.1630 0.2117 0.2153 0.1662 0.1949 0.1988 0.1649 0.2950 0.2757 0.1983 0.2536 0.1613 0.1871 0.2014 0.2288 0.1933 0.2097 0.2104 0.1762 0.2084 0.1789 0.1628 0.2157],[2.0662 1.7606 1.0976 0.5230 0.4036 0.3457 0.3123 0.2872 0.2627 0.2504 0.2365 0.2289 0.2189 0.2075 0.2062 0.1947 0.1870 0.1796 0.1768 0.1691 0.1665 0.1611 0.1570 0.1536 0.1502 0.1472 0.1457 0.1414 0.1377 0.1364 0.1335 0.1308 0.1301 0.1263 0.1245 0.1242 0.1225 0.1200 0.1177 0.1146 0.1128 0.1129 0.1100 0.1087 0.1048 0.1061 0.1043 0.1026 0.1009 0.0988 0.0984 0.0979 0.0971 0.0958 0.0947 0.0916 0.0917 0.0902 0.0876 0.0904 0.0891 0.0879 0.0864 0.0860 0.0856 0.0843 0.0839 0.0804 0.0826 0.0814 0.0785 0.0808 0.0784 0.0761 0.0764 0.0742 0.0747 0.0750 0.0736 0.0728 0.0729 0.0738 0.0711 0.0689 0.0691 0.0681 0.0680 0.0679 0.0687 0.0654 0.0647 0.0651 0.0645 0.0634 0.0626 0.0627 0.0632 0.0616 0.0617 0.0625]
