train_acc,valid_acc,test_acc,train_loss,valid_loss,train_aug_loss
0.9870430827140808,0.9653158187866211,0.9517898559570312,[2.5773 4.3085 0.5108 0.3996 0.2169 0.2335 0.2764 0.3024 0.4458 0.2552 0.1624 0.1860 0.3300 0.1396 0.1765 0.1416 0.1123 0.1819 0.1407 0.2939 0.2669 0.1375 0.3750 0.4282 0.1691 0.1305 0.2858 0.1076 0.2849 0.1539 0.2153 0.2384 0.1535 0.4619 0.2516 0.0557 0.0745 0.0890 0.0826 0.0533 0.0626 0.0688 0.0617 0.0546 0.1289 0.0423 0.1408 0.0378 0.0971 0.0939 0.1195 0.0862 0.0447 0.0597 0.0924 0.2951 0.0435 0.1140 0.0538 0.0588 0.0524 0.0675 0.0354 0.0836 0.0371 0.0477 0.0519 0.0695 0.0493 0.1175 0.0772 0.0543 0.0499 0.0449 0.0461 0.0482 0.0320 0.0471 0.0510 0.1298 0.0834 0.0768 0.0569 0.0291 0.0444 0.0295 0.0227 0.0485 0.0512 0.0303 0.0592 0.2104 0.0298 0.0369 0.0296 0.0427 0.0370 0.0803 0.0376 0.0228],[2.5116 4.0106 0.5293 0.3520 0.2274 0.2537 0.2973 0.3414 0.4422 0.2760 0.1943 0.2083 0.3130 0.1617 0.1901 0.1965 0.1313 0.2229 0.1927 0.3462 0.3106 0.1677 0.4081 0.4241 0.2473 0.1859 0.3318 0.1499 0.3087 0.1914 0.2640 0.2601 0.2089 0.4654 0.2879 0.1231 0.1380 0.1481 0.1426 0.1145 0.1473 0.1376 0.1478 0.1240 0.2116 0.1181 0.2242 0.1134 0.1679 0.1869 0.2225 0.1802 0.1192 0.1573 0.1934 0.3515 0.1265 0.2049 0.1581 0.1472 0.1596 0.1543 0.1242 0.1786 0.1286 0.1475 0.1553 0.1856 0.1611 0.2481 0.1714 0.1663 0.1652 0.1517 0.1616 0.1626 0.1421 0.1700 0.1707 0.2576 0.2044 0.2056 0.1840 0.1508 0.1654 0.1425 0.1394 0.1829 0.1974 0.1585 0.1932 0.3838 0.1739 0.1671 0.1637 0.1855 0.1616 0.2823 0.1738 0.1646],[2.0200 1.7156 0.7257 0.3824 0.3134 0.2768 0.2564 0.2413 0.2251 0.2131 0.2054 0.1955 0.1860 0.1828 0.1755 0.1708 0.1656 0.1643 0.1557 0.1548 0.1496 0.1455 0.1421 0.1402 0.1387 0.1343 0.1329 0.1296 0.1287 0.1254 0.1239 0.1208 0.1201 0.1183 0.1162 0.1163 0.1119 0.1105 0.1066 0.1071 0.1070 0.1059 0.1027 0.1035 0.0993 0.1000 0.0985 0.0956 0.0964 0.0962 0.0937 0.0931 0.0900 0.0916 0.0883 0.0872 0.0878 0.0870 0.0857 0.0843 0.0847 0.0824 0.0809 0.0818 0.0806 0.0783 0.0804 0.0783 0.0778 0.0752 0.0769 0.0762 0.0732 0.0741 0.0729 0.0726 0.0704 0.0713 0.0705 0.0691 0.0676 0.0692 0.0678 0.0675 0.0661 0.0675 0.0648 0.0650 0.0640 0.0635 0.0634 0.0628 0.0603 0.0603 0.0615 0.0586 0.0598 0.0584 0.0585 0.0575]
