train_acc,valid_acc,test_acc,train_loss,valid_loss,train_aug_loss
0.9840248227119446,0.9718875288963318,0.9419745802879333,[2.0751 1.1089 0.4947 0.5323 0.2436 0.1768 0.1912 0.1728 0.1147 0.1274 0.1738 0.1462 0.1018 0.0766 0.1023 0.0785 0.1102 0.0621 0.0596 0.0860 0.0486 0.0636 0.0407 0.0789 0.0494 0.0649 0.0938 0.0490 0.0406 0.2208 0.0541 0.0363 0.0396 0.1286 0.0258 0.0288 0.0253 0.0287 0.0254 0.0440 0.0293 0.0428 0.1064 0.0608 0.0188 0.0293 0.0207 0.0326 0.0330 0.0396 0.0143 0.0644 0.0157 0.0185 0.0133 0.0149 0.0134 0.0154 0.0209 0.0135 0.0140 0.0152 0.0117 0.0105 0.0112 0.0128 0.0105 0.0124 0.0168 0.0114 0.0347 0.0122 0.0196 0.0104 0.0071 0.0151 0.0078 0.0089 0.0098 0.0146 0.0084 0.0069 0.0140 0.0086 0.0062 0.0110 0.0072 0.0113 0.0053 0.0114 0.0093 0.0038 0.0045 0.0080 0.0119 0.0044 0.0083 0.0078 0.0040 0.0062],[2.0690 1.1589 0.5075 0.5328 0.2893 0.2482 0.2336 0.2526 0.1749 0.1866 0.2177 0.1800 0.1796 0.1512 0.1568 0.1403 0.1681 0.1227 0.1126 0.1468 0.0961 0.1279 0.1035 0.1467 0.1225 0.1394 0.1888 0.1394 0.1011 0.3169 0.1401 0.1137 0.1300 0.2194 0.1045 0.1268 0.1100 0.1293 0.1180 0.1485 0.1336 0.1426 0.2646 0.1923 0.1120 0.1105 0.1047 0.1770 0.1326 0.1682 0.1061 0.1616 0.1124 0.1155 0.1127 0.1064 0.1107 0.1053 0.1287 0.1398 0.1328 0.1251 0.1294 0.1393 0.1152 0.1352 0.1155 0.1387 0.1376 0.1668 0.2200 0.1206 0.1691 0.1574 0.1426 0.1653 0.1304 0.1416 0.1710 0.1436 0.1621 0.1280 0.1426 0.1343 0.1455 0.1949 0.1626 0.1764 0.1552 0.1644 0.1416 0.1260 0.1428 0.1671 0.1728 0.1687 0.1842 0.1452 0.1580 0.1689],[1.9807 1.3948 0.4959 0.2830 0.2306 0.1989 0.1775 0.1646 0.1529 0.1446 0.1354 0.1318 0.1213 0.1182 0.1113 0.1076 0.1023 0.0999 0.0970 0.0921 0.0899 0.0882 0.0846 0.0814 0.0797 0.0771 0.0754 0.0735 0.0706 0.0694 0.0650 0.0642 0.0632 0.0625 0.0619 0.0590 0.0595 0.0565 0.0545 0.0535 0.0540 0.0522 0.0516 0.0491 0.0492 0.0474 0.0474 0.0452 0.0470 0.0433 0.0438 0.0432 0.0417 0.0421 0.0406 0.0387 0.0388 0.0376 0.0390 0.0366 0.0364 0.0365 0.0362 0.0341 0.0340 0.0342 0.0334 0.0331 0.0306 0.0322 0.0302 0.0306 0.0293 0.0289 0.0310 0.0296 0.0277 0.0290 0.0276 0.0266 0.0272 0.0267 0.0260 0.0268 0.0256 0.0229 0.0250 0.0239 0.0254 0.0239 0.0252 0.0240 0.0226 0.0223 0.0220 0.0228 0.0212 0.0215 0.0226 0.0221]
