train_acc,valid_acc,test_acc,train_loss,valid_loss,train_aug_loss
0.9899613261222839,0.9740781188011169,0.949191689491272,[2.0891 2.6477 0.9343 1.0983 0.5168 0.2244 0.3519 0.2390 0.1611 0.1490 0.1903 0.1784 0.1305 0.1535 0.1185 0.1153 0.1180 0.0996 0.1034 0.0935 0.1021 0.1281 0.0989 0.1463 0.1341 0.0928 0.0901 0.1031 0.0807 0.0678 0.1070 0.0810 0.0597 0.1299 0.0611 0.0588 0.0585 0.1057 0.0638 0.0591 0.0660 0.0658 0.0527 0.0703 0.0458 0.0722 0.0522 0.0721 0.0712 0.0514 0.0494 0.0631 0.0555 0.0823 0.0478 0.0457 0.0770 0.0553 0.0457 0.0495 0.0473 0.0414 0.0786 0.0325 0.0395 0.0603 0.0341 0.0354 0.0739 0.0547 0.0362 0.0411 0.0541 0.0486 0.0367 0.0580 0.0239 0.0398 0.0378 0.0281 0.0336 0.0411 0.0319 0.0327 0.0439 0.0274 0.0263 0.0423 0.0515 0.0214 0.0231 0.0397 0.0226 0.0563 0.0202 0.0370 0.0252 0.0185 0.0367 0.0226],[2.0839 2.5514 0.8972 1.1409 0.6138 0.2402 0.4154 0.2822 0.1742 0.1737 0.2303 0.2156 0.1565 0.1893 0.1527 0.1383 0.1614 0.1294 0.1308 0.1240 0.1287 0.1617 0.1318 0.1868 0.1743 0.1317 0.1224 0.1450 0.1226 0.1015 0.1558 0.1241 0.0987 0.1853 0.1022 0.0951 0.1006 0.1575 0.0978 0.1028 0.1151 0.1089 0.0949 0.1210 0.0900 0.1242 0.0943 0.1257 0.1191 0.0960 0.0974 0.1206 0.1017 0.1612 0.0998 0.1023 0.1447 0.1116 0.1009 0.1066 0.1054 0.1050 0.1448 0.0837 0.0955 0.1237 0.0896 0.0837 0.1455 0.1322 0.1084 0.1070 0.1249 0.1247 0.1165 0.1434 0.0984 0.1184 0.1045 0.0983 0.1020 0.1085 0.1052 0.0956 0.1322 0.1001 0.0919 0.1235 0.1411 0.0916 0.0868 0.1173 0.0925 0.1665 0.0947 0.1346 0.1025 0.1039 0.1276 0.0981],[2.0612 1.7844 1.3352 0.6461 0.4292 0.3591 0.3199 0.2893 0.2717 0.2576 0.2425 0.2300 0.2242 0.2143 0.2026 0.1997 0.1888 0.1856 0.1794 0.1742 0.1694 0.1661 0.1625 0.1590 0.1543 0.1528 0.1478 0.1454 0.1421 0.1411 0.1355 0.1363 0.1337 0.1271 0.1299 0.1263 0.1207 0.1232 0.1190 0.1160 0.1190 0.1171 0.1132 0.1124 0.1103 0.1096 0.1102 0.1065 0.1047 0.1046 0.1040 0.1009 0.0997 0.0977 0.0973 0.0973 0.0965 0.0949 0.0940 0.0913 0.0926 0.0906 0.0894 0.0877 0.0896 0.0879 0.0847 0.0845 0.0853 0.0834 0.0833 0.0841 0.0793 0.0803 0.0790 0.0778 0.0768 0.0776 0.0767 0.0763 0.0760 0.0732 0.0725 0.0721 0.0717 0.0717 0.0715 0.0713 0.0709 0.0689 0.0697 0.0685 0.0662 0.0669 0.0681 0.0643 0.0649 0.0652 0.0656 0.0638]
