train_acc,valid_acc,test_acc,train_loss,valid_loss,train_aug_loss
0.9911869764328003,0.9711573719978333,0.9546766877174377,[2.2541 1.1919 0.6006 0.6220 0.3170 0.3588 0.3448 0.4053 0.2020 0.4381 0.6882 0.1925 0.2124 0.1737 0.1526 0.1298 0.1696 0.1714 0.2764 0.1030 0.1408 0.1711 0.1526 0.1068 0.2101 0.1565 0.1816 0.1425 0.2265 0.2350 0.2408 0.1287 0.0953 0.1486 0.1330 0.0910 0.2479 0.2968 0.1270 0.2400 0.1404 0.0968 0.0713 0.1031 0.0887 0.1841 0.1103 0.1332 0.0947 0.1705 0.1290 0.2121 0.0951 0.0901 0.0798 0.1620 0.0539 0.0424 0.0726 0.0489 0.1235 0.0832 0.0526 0.0582 0.1130 0.0419 0.1201 0.0461 0.1084 0.0600 0.1349 0.0621 0.0503 0.0741 0.0932 0.0310 0.0612 0.0464 0.0856 0.0671 0.0941 0.1032 0.0250 0.0345 0.0718 0.0346 0.0719 0.0627 0.0333 0.0416 0.0864 0.0531 0.0323 0.0309 0.0305 0.0374 0.0345 0.0511 0.0263 0.0657],[2.2400 1.1294 0.7644 0.7480 0.3845 0.3814 0.3638 0.4778 0.2501 0.5239 0.6992 0.2558 0.2659 0.2275 0.1927 0.1684 0.2285 0.2200 0.3141 0.1586 0.1966 0.2188 0.1929 0.1729 0.2694 0.2284 0.2611 0.2276 0.2955 0.2678 0.2835 0.1918 0.1578 0.2167 0.2053 0.1603 0.3093 0.3739 0.2070 0.3021 0.2223 0.1703 0.1470 0.1840 0.1693 0.2741 0.1894 0.2209 0.1845 0.2716 0.2185 0.2905 0.1893 0.1782 0.1545 0.2798 0.1500 0.1270 0.1737 0.1348 0.2248 0.1779 0.1393 0.1394 0.2213 0.1335 0.2150 0.1411 0.2234 0.1567 0.2545 0.1784 0.1504 0.1985 0.2136 0.1293 0.1747 0.1512 0.2169 0.1833 0.2189 0.2248 0.1129 0.1413 0.1875 0.1337 0.1944 0.1762 0.1266 0.1415 0.2140 0.1683 0.1357 0.1328 0.1364 0.1441 0.1453 0.1675 0.1333 0.2194],[2.0498 1.6464 0.8775 0.4691 0.3783 0.3330 0.2965 0.2758 0.2587 0.2444 0.2316 0.2225 0.2129 0.2049 0.2001 0.1945 0.1874 0.1785 0.1775 0.1694 0.1664 0.1625 0.1586 0.1557 0.1520 0.1484 0.1438 0.1405 0.1383 0.1376 0.1331 0.1337 0.1295 0.1266 0.1265 0.1228 0.1196 0.1203 0.1185 0.1168 0.1152 0.1133 0.1125 0.1098 0.1078 0.1074 0.1041 0.1050 0.1032 0.0984 0.1000 0.0985 0.0982 0.0957 0.0961 0.0944 0.0923 0.0919 0.0908 0.0906 0.0879 0.0871 0.0884 0.0848 0.0860 0.0860 0.0819 0.0820 0.0835 0.0823 0.0786 0.0784 0.0793 0.0780 0.0775 0.0759 0.0764 0.0745 0.0740 0.0738 0.0711 0.0705 0.0707 0.0707 0.0675 0.0711 0.0682 0.0685 0.0681 0.0679 0.0668 0.0660 0.0637 0.0664 0.0663 0.0640 0.0637 0.0636 0.0613 0.0640]
