train_acc,valid_acc,test_acc,train_loss,valid_loss,train_aug_loss
0.9804145693778992,0.9642205238342285,0.9460161924362183,[2.1293 1.0171 0.5068 0.3338 0.4327 0.2285 0.2673 0.2866 0.4407 0.1150 0.2603 0.1763 0.1817 0.2306 0.1816 0.1350 0.1608 0.1845 0.1182 0.1659 0.0972 0.1085 0.1473 0.0905 0.0707 0.0943 0.1098 0.1453 0.0973 0.1362 0.1115 0.0583 0.0999 0.2298 0.0700 0.0883 0.1705 0.2544 0.1460 0.0688 0.0774 0.1410 0.0863 0.1515 0.1408 0.1522 0.1593 0.0915 0.0459 0.0491 0.0528 0.0383 0.0477 0.0384 0.1397 0.0580 0.1548 0.0796 0.0332 0.0565 0.0663 0.0302 0.0598 0.0560 0.0343 0.0714 0.0328 0.0462 0.0443 0.0471 0.0833 0.0306 0.0598 0.0568 0.0573 0.0403 0.0630 0.0800 0.0297 0.0633 0.0760 0.0722 0.0234 0.0317 0.0421 0.0757 0.0215 0.0947 0.0618 0.0252 0.0407 0.0693 0.0258 0.0401 0.0276 0.0888 0.0291 0.0381 0.0238 0.0294],[2.1329 1.2043 0.5917 0.3815 0.5071 0.2831 0.3097 0.3519 0.4413 0.1581 0.3297 0.2214 0.2201 0.2893 0.2340 0.1905 0.2310 0.2585 0.1803 0.2310 0.1607 0.1667 0.2112 0.1531 0.1427 0.1715 0.1826 0.2254 0.1837 0.2272 0.1919 0.1221 0.1902 0.3244 0.1572 0.1632 0.2518 0.3574 0.2463 0.1526 0.1743 0.2654 0.1715 0.2547 0.2440 0.2618 0.2597 0.2070 0.1268 0.1361 0.1515 0.1255 0.1271 0.1244 0.2546 0.1494 0.2587 0.2093 0.1330 0.1563 0.1648 0.1330 0.1586 0.1578 0.1437 0.1725 0.1288 0.1627 0.1559 0.1542 0.2054 0.1357 0.1780 0.2047 0.1741 0.1638 0.1934 0.2214 0.1392 0.1970 0.2095 0.2106 0.1227 0.1418 0.1564 0.1997 0.1226 0.2308 0.1962 0.1481 0.1666 0.2054 0.1485 0.1613 0.1533 0.2403 0.1516 0.1633 0.1419 0.1638],[1.8896 1.0837 0.4441 0.3437 0.2982 0.2721 0.2513 0.2352 0.2258 0.2136 0.2026 0.1977 0.1936 0.1847 0.1792 0.1755 0.1698 0.1678 0.1590 0.1599 0.1527 0.1490 0.1500 0.1454 0.1429 0.1417 0.1385 0.1373 0.1351 0.1317 0.1281 0.1284 0.1259 0.1260 0.1213 0.1222 0.1210 0.1186 0.1150 0.1161 0.1148 0.1149 0.1136 0.1110 0.1111 0.1053 0.1082 0.1061 0.1053 0.1041 0.1025 0.0999 0.1008 0.1015 0.1000 0.0979 0.0976 0.0956 0.0961 0.0964 0.0934 0.0945 0.0934 0.0905 0.0914 0.0909 0.0919 0.0888 0.0884 0.0878 0.0865 0.0870 0.0870 0.0866 0.0853 0.0843 0.0839 0.0843 0.0819 0.0823 0.0825 0.0805 0.0797 0.0783 0.0794 0.0796 0.0791 0.0789 0.0753 0.0790 0.0761 0.0765 0.0751 0.0769 0.0755 0.0732 0.0737 0.0743 0.0757 0.0727]
