train_acc,valid_acc,test_acc,train_loss,valid_loss,train_aug_loss
0.9861092567443848,0.9696969985961914,0.9460161924362183,[2.0781 1.9682 0.3454 0.4279 0.2574 0.1851 0.1656 0.3136 0.1257 0.1059 0.1796 0.1335 0.0776 0.1163 0.1001 0.0893 0.1476 0.0594 0.0832 0.0488 0.1483 0.0616 0.0419 0.1575 0.1155 0.1084 0.0566 0.0666 0.0392 0.0514 0.1499 0.0497 0.0362 0.1200 0.0900 0.0339 0.0327 0.0257 0.0422 0.0617 0.0387 0.0807 0.0380 0.0211 0.0367 0.0216 0.0246 0.0491 0.0184 0.0295 0.0464 0.0291 0.0796 0.0130 0.0239 0.0131 0.0263 0.0249 0.0115 0.0249 0.0309 0.0110 0.0302 0.0349 0.0153 0.0200 0.0146 0.0195 0.0171 0.0124 0.0146 0.0120 0.0140 0.0077 0.0217 0.0231 0.0090 0.0263 0.0129 0.0126 0.0112 0.0069 0.0195 0.0192 0.0228 0.0081 0.0146 0.0256 0.0182 0.0053 0.0496 0.0085 0.0127 0.0049 0.0170 0.0064 0.0183 0.0105 0.0050 0.0035],[2.0785 2.1791 0.4353 0.5217 0.3549 0.2416 0.2514 0.4002 0.1906 0.1691 0.2885 0.2127 0.1290 0.2123 0.1821 0.1491 0.2431 0.1074 0.1519 0.1097 0.2655 0.1452 0.1041 0.2744 0.2372 0.2509 0.1455 0.1620 0.1277 0.1386 0.2763 0.1499 0.1302 0.2536 0.2255 0.1410 0.1247 0.1054 0.1654 0.2021 0.1614 0.2479 0.1619 0.1237 0.1795 0.1151 0.1220 0.1991 0.1128 0.1451 0.1965 0.1472 0.2334 0.1057 0.1525 0.1042 0.1763 0.1690 0.1092 0.1590 0.1934 0.1182 0.1627 0.1992 0.1387 0.1839 0.1369 0.1573 0.1562 0.1347 0.1548 0.1508 0.1772 0.1525 0.2007 0.1885 0.1327 0.1989 0.1714 0.1638 0.1639 0.1349 0.1982 0.1928 0.2423 0.1583 0.1868 0.2406 0.2216 0.1516 0.2679 0.1611 0.2001 0.1502 0.2169 0.1818 0.2263 0.2208 0.1690 0.1656],[1.9627 1.4666 0.5605 0.2941 0.2401 0.2061 0.1818 0.1661 0.1533 0.1459 0.1336 0.1260 0.1222 0.1162 0.1113 0.1049 0.1035 0.0973 0.0940 0.0906 0.0891 0.0865 0.0830 0.0815 0.0792 0.0761 0.0725 0.0705 0.0697 0.0687 0.0648 0.0626 0.0635 0.0600 0.0598 0.0581 0.0565 0.0556 0.0534 0.0532 0.0514 0.0502 0.0499 0.0493 0.0493 0.0473 0.0471 0.0462 0.0460 0.0435 0.0429 0.0414 0.0410 0.0407 0.0387 0.0384 0.0377 0.0383 0.0366 0.0371 0.0358 0.0342 0.0344 0.0336 0.0349 0.0323 0.0326 0.0327 0.0291 0.0312 0.0302 0.0300 0.0300 0.0292 0.0294 0.0296 0.0257 0.0282 0.0285 0.0250 0.0276 0.0260 0.0248 0.0254 0.0238 0.0263 0.0239 0.0249 0.0246 0.0233 0.0242 0.0232 0.0220 0.0222 0.0234 0.0213 0.0216 0.0211 0.0218 0.0211]
