train_acc,valid_acc,test_acc,train_loss,valid_loss,train_aug_loss
0.9892192482948303,0.9696969985961914,0.9515011310577393,[2.0798 2.2134 0.5858 0.2830 0.3835 0.1690 0.1521 0.2470 0.1237 0.2248 0.1553 0.1490 0.1526 0.1471 0.1948 0.0774 0.2604 0.0875 0.0993 0.1079 0.1323 0.1419 0.0889 0.0618 0.1055 0.0626 0.0652 0.0693 0.0586 0.0536 0.1597 0.0929 0.0941 0.1426 0.1498 0.0482 0.0730 0.1232 0.0585 0.0511 0.1960 0.0970 0.0690 0.1043 0.0653 0.1716 0.0509 0.0821 0.0410 0.0394 0.0333 0.0441 0.0665 0.0439 0.0355 0.0584 0.0561 0.0373 0.0516 0.2566 0.0532 0.0979 0.0357 0.0785 0.0753 0.1701 0.0477 0.0396 0.0353 0.0282 0.0486 0.0532 0.0467 0.0329 0.0569 0.0650 0.0540 0.0585 0.0213 0.0606 0.0216 0.0299 0.0264 0.0352 0.0252 0.0577 0.0496 0.0262 0.0336 0.0330 0.0363 0.0293 0.0352 0.0223 0.0632 0.0176 0.0238 0.0980 0.0230 0.0404],[2.0865 2.3831 0.6722 0.3238 0.3865 0.2194 0.1867 0.3146 0.1660 0.2749 0.2111 0.1898 0.1801 0.2124 0.2276 0.1448 0.3196 0.1528 0.1615 0.1711 0.2273 0.2096 0.1615 0.1191 0.1689 0.1238 0.1388 0.1313 0.1260 0.1272 0.2219 0.1649 0.1917 0.2463 0.2083 0.1249 0.1673 0.1845 0.1398 0.1324 0.3227 0.1958 0.1508 0.1871 0.1384 0.2593 0.1175 0.1736 0.1218 0.1442 0.1061 0.1194 0.1784 0.1312 0.1181 0.1577 0.1430 0.1191 0.1695 0.3254 0.1443 0.2139 0.1400 0.2154 0.2065 0.2744 0.1676 0.1411 0.1300 0.1329 0.1510 0.1734 0.1622 0.1354 0.1848 0.1873 0.1914 0.1636 0.1221 0.1929 0.1399 0.1246 0.1279 0.1476 0.1260 0.1837 0.1806 0.1517 0.1586 0.1647 0.1453 0.1500 0.1540 0.1352 0.1915 0.1138 0.1442 0.2498 0.1334 0.1839],[2.0726 1.5398 0.6830 0.3910 0.3209 0.2891 0.2645 0.2470 0.2312 0.2210 0.2131 0.2027 0.1966 0.1923 0.1853 0.1783 0.1746 0.1665 0.1642 0.1617 0.1562 0.1575 0.1525 0.1521 0.1449 0.1447 0.1402 0.1380 0.1352 0.1312 0.1314 0.1324 0.1266 0.1270 0.1231 0.1220 0.1195 0.1214 0.1173 0.1174 0.1122 0.1135 0.1127 0.1120 0.1101 0.1083 0.1057 0.1078 0.1007 0.1040 0.1032 0.1032 0.0990 0.0997 0.0981 0.0966 0.0951 0.0960 0.0948 0.0985 0.0953 0.0925 0.0915 0.0897 0.0890 0.0882 0.0858 0.0880 0.0871 0.0847 0.0850 0.0858 0.0844 0.0826 0.0814 0.0840 0.0804 0.0802 0.0797 0.0810 0.0780 0.0795 0.0785 0.0768 0.0774 0.0773 0.0776 0.0762 0.0756 0.0754 0.0740 0.0736 0.0739 0.0714 0.0719 0.0729 0.0699 0.0721 0.0726 0.0716]
