train_acc,valid_acc,test_acc,train_loss,valid_loss,train_aug_loss
0.9914537668228149,0.9682365655899048,0.9555427432060242,[2.0832 1.3553 0.4133 0.4342 0.2916 0.2732 0.2101 0.1578 0.2401 0.1185 0.2161 0.2642 0.1918 0.1741 0.1504 0.1157 0.2127 0.2489 0.1724 0.0938 0.1842 0.2110 0.1824 0.1069 0.0879 0.0774 0.1750 0.1263 0.1157 0.1363 0.0728 0.0935 0.1800 0.0744 0.0800 0.2167 0.0900 0.1292 0.0880 0.1031 0.0496 0.0970 0.1655 0.0969 0.0602 0.0805 0.0515 0.0584 0.0485 0.0431 0.0554 0.0470 0.1356 0.0574 0.0735 0.0640 0.0991 0.0391 0.0476 0.0887 0.0481 0.0392 0.0416 0.0636 0.0519 0.0775 0.0606 0.0438 0.0793 0.0532 0.0353 0.0322 0.0645 0.1284 0.0385 0.0528 0.0260 0.0666 0.0853 0.0292 0.1028 0.0419 0.0426 0.0470 0.0753 0.0729 0.0624 0.0706 0.0308 0.0253 0.0654 0.0382 0.0281 0.0637 0.0564 0.0533 0.0266 0.0357 0.0284 0.0475],[2.1041 1.5070 0.5289 0.4963 0.3499 0.3496 0.2406 0.2092 0.3136 0.1574 0.2898 0.3498 0.2473 0.2491 0.2277 0.1890 0.3186 0.3255 0.2630 0.1569 0.2799 0.3047 0.2746 0.1835 0.1589 0.1522 0.2674 0.2106 0.1880 0.2263 0.1513 0.1681 0.2894 0.1722 0.1557 0.3557 0.1844 0.2302 0.1821 0.2056 0.1319 0.2112 0.2804 0.2034 0.1453 0.1908 0.1355 0.1546 0.1312 0.1234 0.1614 0.1223 0.2483 0.1535 0.1903 0.1590 0.1643 0.1350 0.1390 0.2116 0.1612 0.1156 0.1327 0.1674 0.1487 0.1982 0.1596 0.1504 0.2097 0.1624 0.1294 0.1280 0.1979 0.2703 0.1362 0.1614 0.1199 0.2041 0.2446 0.1208 0.2586 0.1537 0.1645 0.1567 0.2101 0.2292 0.1862 0.2171 0.1176 0.1059 0.1885 0.1355 0.1297 0.1842 0.1823 0.1809 0.1336 0.1578 0.1445 0.1652],[1.8570 0.9261 0.4327 0.3448 0.2965 0.2727 0.2538 0.2385 0.2232 0.2163 0.2073 0.2012 0.1924 0.1840 0.1840 0.1789 0.1728 0.1679 0.1655 0.1612 0.1590 0.1570 0.1496 0.1500 0.1473 0.1455 0.1411 0.1401 0.1350 0.1366 0.1323 0.1346 0.1283 0.1275 0.1262 0.1264 0.1231 0.1201 0.1199 0.1189 0.1172 0.1149 0.1141 0.1119 0.1099 0.1115 0.1112 0.1095 0.1045 0.1056 0.1033 0.1073 0.1015 0.1052 0.1009 0.0989 0.0995 0.0966 0.0993 0.0972 0.0960 0.0937 0.0957 0.0934 0.0943 0.0905 0.0897 0.0918 0.0903 0.0887 0.0873 0.0882 0.0875 0.0872 0.0872 0.0862 0.0869 0.0851 0.0843 0.0824 0.0827 0.0815 0.0817 0.0833 0.0822 0.0790 0.0799 0.0805 0.0833 0.0803 0.0767 0.0749 0.0750 0.0777 0.0733 0.0769 0.0761 0.0762 0.0763 0.0744]
