train_acc,valid_acc,test_acc,train_loss,valid_loss,train_aug_loss
0.9920957684516907,0.977729082107544,0.954965353012085,[2.0472 1.6432 0.5260 0.3070 0.2193 0.1989 0.1612 0.1857 0.1527 0.1628 0.1322 0.1161 0.1119 0.1289 0.1121 0.1117 0.0992 0.1038 0.1011 0.0836 0.0996 0.1086 0.1031 0.1230 0.1368 0.0833 0.1118 0.0835 0.0772 0.0639 0.0962 0.0595 0.0929 0.0959 0.0602 0.0661 0.0985 0.1239 0.1705 0.1003 0.0809 0.0862 0.0492 0.0663 0.0560 0.0758 0.0810 0.0951 0.0583 0.0543 0.0555 0.0566 0.0607 0.0576 0.0557 0.0750 0.0395 0.0724 0.0756 0.0904 0.0358 0.0493 0.0323 0.0393 0.0341 0.0435 0.0419 0.0301 0.0647 0.0428 0.0307 0.0314 0.0306 0.0243 0.0352 0.0298 0.0798 0.0393 0.0388 0.0537 0.0274 0.0287 0.0221 0.0341 0.0215 0.0299 0.0220 0.0285 0.0357 0.0270 0.0269 0.0322 0.0186 0.0291 0.0277 0.0222 0.0406 0.0307 0.0247 0.0198],[2.0402 1.6109 0.6410 0.3329 0.2584 0.2312 0.1880 0.2188 0.1926 0.1807 0.1548 0.1379 0.1379 0.1565 0.1387 0.1319 0.1294 0.1251 0.1475 0.1101 0.1394 0.1464 0.1321 0.1662 0.1895 0.1173 0.1521 0.1277 0.1054 0.0942 0.1418 0.1036 0.1467 0.1467 0.0976 0.1036 0.1614 0.1836 0.2344 0.1753 0.1266 0.1318 0.1054 0.1294 0.1098 0.1407 0.1307 0.1627 0.1174 0.1191 0.1246 0.1237 0.1243 0.1256 0.1186 0.1573 0.0967 0.1443 0.1720 0.1616 0.0944 0.1183 0.0936 0.1068 0.0864 0.1112 0.1109 0.0889 0.1616 0.1096 0.0923 0.0975 0.1032 0.0836 0.1129 0.1097 0.1830 0.1265 0.1263 0.1470 0.1015 0.1080 0.0978 0.1135 0.0927 0.1064 0.0898 0.1125 0.1212 0.1191 0.1112 0.1207 0.0902 0.1275 0.1228 0.1044 0.1397 0.1234 0.1145 0.0978],[2.0656 1.7380 1.1514 0.5277 0.3917 0.3381 0.3015 0.2803 0.2632 0.2472 0.2355 0.2278 0.2161 0.2092 0.1999 0.1966 0.1891 0.1847 0.1779 0.1755 0.1689 0.1673 0.1603 0.1572 0.1550 0.1537 0.1470 0.1422 0.1401 0.1383 0.1373 0.1338 0.1336 0.1298 0.1269 0.1241 0.1251 0.1227 0.1191 0.1208 0.1169 0.1141 0.1144 0.1152 0.1109 0.1050 0.1065 0.1065 0.1052 0.1011 0.1020 0.1022 0.1008 0.0986 0.0955 0.0952 0.0937 0.0917 0.0910 0.0902 0.0905 0.0886 0.0901 0.0888 0.0869 0.0851 0.0851 0.0833 0.0831 0.0825 0.0812 0.0803 0.0799 0.0794 0.0791 0.0770 0.0773 0.0766 0.0757 0.0746 0.0743 0.0723 0.0708 0.0735 0.0699 0.0700 0.0692 0.0694 0.0694 0.0663 0.0652 0.0673 0.0674 0.0666 0.0660 0.0633 0.0614 0.0626 0.0614 0.0638]
