train_acc,valid_acc,test_acc,train_loss,valid_loss,train_aug_loss
0.9883437752723694,0.9726177453994751,0.9370669722557068,[2.1030 2.5502 1.6028 0.5590 0.5089 0.2897 0.3862 0.2794 0.6898 0.2880 0.2194 0.2540 0.1688 0.1121 0.1878 0.1047 0.0840 0.1861 0.1334 0.0679 0.0575 0.1211 0.0964 0.0955 0.0662 0.1093 0.0501 0.0350 0.1712 0.1155 0.0618 0.0574 0.0504 0.0459 0.0424 0.0431 0.0400 0.0349 0.0499 0.1592 0.0275 0.0338 0.0848 0.0346 0.0220 0.0288 0.0197 0.1115 0.0197 0.1318 0.0342 0.0442 0.0739 0.0569 0.0347 0.0822 0.0292 0.0209 0.0153 0.0217 0.0328 0.0495 0.0298 0.0311 0.2974 0.0884 0.0280 0.0462 0.0214 0.1797 0.0412 0.0240 0.0124 0.0163 0.1305 0.0139 0.0358 0.0217 0.0152 0.0120 0.0089 0.0106 0.0102 0.0181 0.0154 0.0144 0.0113 0.0081 0.0128 0.0124 0.0067 0.0076 0.0191 0.0056 0.0099 0.0200 0.0228 0.0102 0.0172 0.0067],[2.0960 2.5992 1.6268 0.6377 0.5143 0.3062 0.4052 0.3444 0.7367 0.3231 0.2770 0.3012 0.2183 0.1715 0.2445 0.1641 0.1331 0.2366 0.1944 0.1305 0.1208 0.2130 0.1629 0.1802 0.1509 0.1943 0.1228 0.0981 0.2744 0.2021 0.1487 0.1280 0.1319 0.1441 0.1253 0.1314 0.1406 0.1436 0.1555 0.2826 0.1014 0.1398 0.2184 0.1272 0.1164 0.1157 0.1074 0.2709 0.1053 0.2948 0.1664 0.1695 0.2036 0.1830 0.1747 0.2385 0.1551 0.1502 0.1100 0.1214 0.1571 0.1831 0.1593 0.1729 0.5286 0.2340 0.1645 0.1966 0.1541 0.3241 0.1776 0.1523 0.1445 0.1496 0.3410 0.1478 0.2033 0.1700 0.1812 0.1629 0.1170 0.1338 0.1574 0.1659 0.1831 0.1545 0.1698 0.1687 0.1789 0.1677 0.1353 0.1548 0.1858 0.1235 0.1815 0.1912 0.2101 0.1589 0.1886 0.1878],[1.9763 1.5222 1.0152 0.3639 0.2689 0.2243 0.2022 0.1786 0.1686 0.1551 0.1475 0.1354 0.1311 0.1239 0.1171 0.1150 0.1102 0.1062 0.1028 0.0963 0.0947 0.0927 0.0907 0.0860 0.0831 0.0818 0.0796 0.0761 0.0758 0.0736 0.0719 0.0674 0.0697 0.0658 0.0640 0.0633 0.0619 0.0610 0.0595 0.0589 0.0569 0.0548 0.0537 0.0528 0.0509 0.0503 0.0494 0.0486 0.0492 0.0470 0.0451 0.0436 0.0432 0.0444 0.0421 0.0420 0.0408 0.0404 0.0413 0.0379 0.0390 0.0373 0.0385 0.0361 0.0356 0.0360 0.0346 0.0343 0.0342 0.0331 0.0340 0.0326 0.0330 0.0318 0.0307 0.0305 0.0305 0.0297 0.0295 0.0288 0.0300 0.0289 0.0281 0.0260 0.0293 0.0269 0.0252 0.0258 0.0260 0.0260 0.0234 0.0244 0.0251 0.0260 0.0236 0.0224 0.0221 0.0238 0.0220 0.0234]
