train_acc,valid_acc,test_acc,train_loss,valid_loss,train_aug_loss
0.9891525506973267,0.9656808972358704,0.9486142992973328,[2.0876 2.2410 1.0752 1.1275 0.6675 0.5272 0.4766 0.4921 0.2809 0.5025 0.3669 0.2701 0.2292 0.2358 0.2101 0.2518 0.1703 0.1438 0.1854 0.1454 0.2129 0.1467 0.2497 0.2005 0.1676 0.1296 0.1156 0.1380 0.1465 0.2236 0.1433 0.1000 0.1265 0.1333 0.1352 0.1047 0.1611 0.1626 0.1065 0.1187 0.1150 0.1044 0.1122 0.1074 0.1433 0.1053 0.0848 0.1000 0.0975 0.1082 0.0836 0.0976 0.1216 0.0901 0.1167 0.0678 0.0885 0.0855 0.0788 0.0619 0.0637 0.0646 0.0858 0.0820 0.1220 0.0437 0.0845 0.0807 0.0932 0.0835 0.0629 0.0663 0.0563 0.0800 0.0745 0.0849 0.0319 0.0519 0.0448 0.0777 0.0623 0.0590 0.0812 0.0540 0.0495 0.0521 0.0736 0.0534 0.0507 0.0307 0.0757 0.0525 0.0415 0.0369 0.0391 0.0374 0.0313 0.0325 0.0464 0.0670],[2.0886 2.2801 1.2867 1.5271 0.8920 0.7290 0.6084 0.6216 0.3618 0.6432 0.4950 0.3424 0.3041 0.3168 0.2781 0.3646 0.2441 0.2232 0.2645 0.2181 0.3187 0.2419 0.3523 0.2961 0.2750 0.2232 0.2040 0.2141 0.2221 0.3119 0.2447 0.1730 0.2116 0.2245 0.2339 0.1921 0.2598 0.2700 0.2038 0.2128 0.2093 0.2027 0.1946 0.2212 0.2495 0.2056 0.1733 0.1948 0.1818 0.2130 0.1752 0.1934 0.2408 0.1837 0.2352 0.1573 0.1946 0.1976 0.1766 0.1615 0.1576 0.1544 0.1803 0.1942 0.2213 0.1267 0.1986 0.1983 0.2166 0.2032 0.1666 0.1833 0.1502 0.1907 0.1835 0.1992 0.1216 0.1616 0.1450 0.2073 0.1767 0.1774 0.2189 0.1694 0.1551 0.1662 0.1995 0.1753 0.1654 0.1385 0.2025 0.1736 0.1475 0.1491 0.1536 0.1546 0.1345 0.1488 0.1738 0.1966],[2.0804 1.8219 1.3385 0.6540 0.4211 0.3551 0.3184 0.2938 0.2722 0.2578 0.2435 0.2369 0.2250 0.2144 0.2082 0.2011 0.1931 0.1908 0.1839 0.1808 0.1768 0.1715 0.1674 0.1628 0.1610 0.1584 0.1547 0.1549 0.1466 0.1469 0.1445 0.1412 0.1376 0.1371 0.1327 0.1311 0.1293 0.1278 0.1254 0.1237 0.1198 0.1210 0.1194 0.1184 0.1133 0.1162 0.1119 0.1104 0.1110 0.1054 0.1056 0.1044 0.1056 0.1035 0.1010 0.1001 0.0987 0.0978 0.0969 0.0962 0.0940 0.0940 0.0920 0.0925 0.0907 0.0907 0.0909 0.0859 0.0877 0.0854 0.0837 0.0845 0.0859 0.0834 0.0811 0.0816 0.0786 0.0814 0.0791 0.0791 0.0771 0.0777 0.0765 0.0769 0.0762 0.0725 0.0737 0.0728 0.0710 0.0728 0.0702 0.0710 0.0673 0.0688 0.0698 0.0680 0.0666 0.0667 0.0658 0.0669]
