train_acc,valid_acc,test_acc,train_loss,valid_loss,train_aug_loss
0.9822238683700562,0.9638554453849792,0.9489030241966248,[2.6345 0.6339 0.3313 0.2600 0.2687 0.1857 0.1471 0.2142 0.1904 0.1419 0.1309 0.1104 0.1117 0.1020 0.0888 0.0793 0.0934 0.1033 0.0796 0.0979 0.1174 0.0677 0.0729 0.0684 0.0675 0.0655 0.0801 0.0653 0.0667 0.1467 0.0608 0.0529 0.0714 0.0523 0.0851 0.0570 0.0594 0.0504 0.0439 0.0815 0.0616 0.0411 0.0528 0.0512 0.0501 0.0619 0.0425 0.0350 0.0477 0.0331 0.0453 0.0480 0.0356 0.0358 0.0477 0.0322 0.0311 0.0304 0.0552 0.0331 0.0372 0.0280 0.0253 0.0469 0.0377 0.0356 0.0247 0.0304 0.0250 0.0246 0.0241 0.0413 0.0740 0.0234 0.0236 0.0425 0.0189 0.0335 0.0229 0.0197 0.0309 0.0319 0.0186 0.0172 0.0238 0.0170 0.0343 0.0313 0.0201 0.0356 0.0155 0.0307 0.0142 0.0176 0.0163 0.0233 0.0226 0.0204 0.0147 0.0247],[2.4613 0.6425 0.3600 0.2892 0.3130 0.2194 0.1918 0.2847 0.2676 0.1763 0.1990 0.1472 0.1644 0.1547 0.1479 0.1370 0.1675 0.1797 0.1455 0.1871 0.2097 0.1337 0.1464 0.1291 0.1485 0.1320 0.1727 0.1497 0.1501 0.2474 0.1262 0.1214 0.1698 0.1372 0.1941 0.1339 0.1637 0.1282 0.1340 0.1960 0.1652 0.1289 0.1657 0.1609 0.1606 0.1970 0.1482 0.1254 0.1677 0.1241 0.1635 0.1521 0.1254 0.1478 0.1755 0.1397 0.1314 0.1232 0.2144 0.1537 0.1604 0.1254 0.1234 0.2007 0.1776 0.1618 0.1375 0.1431 0.1384 0.1389 0.1429 0.1934 0.2830 0.1463 0.1434 0.2046 0.1370 0.1846 0.1451 0.1393 0.1709 0.1744 0.1293 0.1422 0.1493 0.1347 0.1944 0.1933 0.1547 0.2102 0.1430 0.1939 0.1311 0.1477 0.1477 0.1825 0.1797 0.1692 0.1363 0.1997],[2.0025 1.2310 0.5305 0.3991 0.3411 0.3039 0.2814 0.2632 0.2459 0.2338 0.2253 0.2121 0.2053 0.1972 0.1884 0.1867 0.1809 0.1722 0.1713 0.1669 0.1606 0.1591 0.1528 0.1522 0.1463 0.1450 0.1412 0.1397 0.1373 0.1328 0.1320 0.1301 0.1265 0.1251 0.1217 0.1208 0.1208 0.1185 0.1153 0.1152 0.1119 0.1117 0.1085 0.1101 0.1047 0.1035 0.1044 0.1046 0.1016 0.0992 0.0988 0.0974 0.0966 0.0962 0.0961 0.0956 0.0922 0.0912 0.0901 0.0891 0.0875 0.0888 0.0864 0.0864 0.0853 0.0867 0.0815 0.0827 0.0841 0.0811 0.0808 0.0791 0.0798 0.0775 0.0750 0.0766 0.0771 0.0756 0.0759 0.0744 0.0745 0.0738 0.0723 0.0708 0.0714 0.0714 0.0695 0.0682 0.0687 0.0678 0.0665 0.0690 0.0677 0.0673 0.0659 0.0658 0.0647 0.0645 0.0633 0.0649]
