train_acc,valid_acc,test_acc,train_loss,valid_loss,train_aug_loss
0.9904365539550781,0.9707922339439392,0.9526559114456177,[3.3327 1.8684 0.4616 0.2656 0.2130 0.2100 0.2197 0.1566 0.1293 0.1334 0.1070 0.0968 0.1212 0.1891 0.0863 0.0926 0.1058 0.0796 0.1001 0.1019 0.1256 0.2260 0.0845 0.0936 0.0766 0.0749 0.0585 0.0790 0.0668 0.0527 0.0646 0.0574 0.0566 0.0516 0.0662 0.0499 0.0581 0.0520 0.0639 0.0509 0.0467 0.1144 0.0471 0.0418 0.0367 0.0527 0.0352 0.0406 0.0465 0.0430 0.0850 0.0326 0.0371 0.0368 0.0369 0.0421 0.0283 0.0540 0.0270 0.0405 0.0257 0.0389 0.0599 0.0278 0.0417 0.0278 0.0248 0.0260 0.0258 0.0303 0.0228 0.0213 0.0334 0.0293 0.0335 0.0217 0.0186 0.0346 0.0214 0.0402 0.0288 0.0208 0.0349 0.0181 0.0208 0.0212 0.0233 0.0164 0.0210 0.0302 0.0181 0.0248 0.0312 0.0170 0.0145 0.0128 0.0207 0.0296 0.0145 0.0163],[3.1251 1.7417 0.4544 0.2795 0.2251 0.2385 0.2478 0.1914 0.1644 0.1631 0.1484 0.1381 0.1662 0.2336 0.1338 0.1390 0.1680 0.1203 0.1429 0.1513 0.1694 0.2947 0.1363 0.1439 0.1338 0.1267 0.1098 0.1414 0.1195 0.1089 0.1249 0.1183 0.1117 0.1149 0.1286 0.1220 0.1228 0.1217 0.1372 0.1243 0.1067 0.1939 0.1172 0.1115 0.0999 0.1235 0.1040 0.1099 0.1169 0.1148 0.1648 0.0947 0.1031 0.1204 0.1121 0.1208 0.0998 0.1509 0.0974 0.1334 0.0954 0.1239 0.1569 0.0943 0.1202 0.1042 0.1006 0.1009 0.1062 0.1219 0.0984 0.1002 0.1290 0.1258 0.1245 0.1071 0.0955 0.1201 0.1006 0.1344 0.1201 0.1049 0.1417 0.1002 0.1072 0.1007 0.1214 0.1054 0.1109 0.1356 0.1091 0.1325 0.1329 0.1048 0.1097 0.1051 0.1182 0.1433 0.1154 0.1183],[1.9984 1.3397 0.5478 0.3877 0.3334 0.2957 0.2753 0.2571 0.2439 0.2307 0.2245 0.2125 0.2038 0.1955 0.1908 0.1862 0.1774 0.1759 0.1699 0.1653 0.1597 0.1598 0.1535 0.1484 0.1461 0.1453 0.1425 0.1377 0.1361 0.1339 0.1327 0.1294 0.1265 0.1247 0.1208 0.1218 0.1205 0.1185 0.1150 0.1134 0.1112 0.1123 0.1115 0.1084 0.1062 0.1042 0.1031 0.1018 0.1007 0.0994 0.1001 0.0983 0.0991 0.0968 0.0938 0.0925 0.0905 0.0901 0.0901 0.0897 0.0872 0.0845 0.0861 0.0844 0.0850 0.0831 0.0825 0.0800 0.0808 0.0825 0.0796 0.0797 0.0792 0.0772 0.0770 0.0764 0.0759 0.0732 0.0757 0.0739 0.0722 0.0720 0.0730 0.0706 0.0681 0.0710 0.0696 0.0686 0.0707 0.0669 0.0674 0.0674 0.0661 0.0654 0.0644 0.0644 0.0644 0.0640 0.0619 0.0614]
