train_acc,valid_acc,test_acc,train_loss,valid_loss,train_aug_loss
0.993121325969696,0.9722526669502258,0.9471709132194519,[2.0942 2.4862 1.6714 0.4528 0.3893 0.6328 0.3513 0.2174 0.1585 0.1993 0.1770 0.2121 0.1804 0.1744 0.1276 0.2766 0.2736 0.1442 0.3405 0.7519 0.4201 0.1580 0.1249 0.2157 0.2355 0.2091 0.1555 0.1016 0.1938 0.0956 0.1794 0.2136 0.0949 0.1241 0.1198 0.1457 0.1714 0.1011 0.1262 0.1260 0.0830 0.0625 0.1258 0.0654 0.1661 0.0859 0.0805 0.1202 0.0684 0.1176 0.1250 0.0570 0.0687 0.0778 0.0570 0.0594 0.0495 0.0544 0.0635 0.0536 0.0678 0.0656 0.0920 0.0414 0.0574 0.0845 0.0332 0.1059 0.0631 0.0623 0.0701 0.0973 0.0573 0.0366 0.0558 0.1133 0.0956 0.0612 0.0339 0.0736 0.0390 0.0878 0.0435 0.0327 0.0878 0.0574 0.0487 0.1003 0.0607 0.0394 0.0428 0.0655 0.0501 0.0353 0.0210 0.0896 0.0301 0.0199 0.0715 0.0246],[2.0958 2.2661 1.4962 0.4812 0.4223 0.6184 0.4290 0.2446 0.2049 0.2578 0.2238 0.2446 0.2033 0.2248 0.1846 0.3298 0.3726 0.1997 0.3432 0.6193 0.4178 0.2329 0.1718 0.2850 0.2958 0.2592 0.2159 0.1773 0.2585 0.1566 0.2619 0.2773 0.1801 0.1851 0.2108 0.2096 0.2441 0.1691 0.1985 0.1947 0.1506 0.1205 0.2076 0.1344 0.2769 0.1600 0.1565 0.1902 0.1519 0.1884 0.2173 0.1375 0.1432 0.1608 0.1257 0.1399 0.1293 0.1391 0.1516 0.1310 0.1576 0.1446 0.1803 0.1109 0.1453 0.1988 0.1138 0.2246 0.1643 0.1634 0.1663 0.2015 0.1652 0.1274 0.1524 0.2347 0.1899 0.1675 0.1150 0.1864 0.1357 0.1980 0.1324 0.1292 0.2034 0.1552 0.1560 0.2145 0.1544 0.1400 0.1476 0.1880 0.1635 0.1291 0.1048 0.2109 0.1392 0.1070 0.2059 0.1266],[2.0774 1.7994 1.5205 0.6363 0.3974 0.3341 0.3029 0.2745 0.2578 0.2460 0.2307 0.2205 0.2112 0.2097 0.2004 0.1882 0.1878 0.1824 0.1734 0.1744 0.1688 0.1651 0.1607 0.1574 0.1527 0.1508 0.1471 0.1429 0.1413 0.1398 0.1348 0.1325 0.1296 0.1287 0.1265 0.1234 0.1237 0.1229 0.1190 0.1172 0.1150 0.1137 0.1116 0.1092 0.1113 0.1081 0.1079 0.1035 0.1044 0.1026 0.1005 0.1018 0.0981 0.0957 0.0960 0.0943 0.0946 0.0917 0.0912 0.0915 0.0916 0.0884 0.0873 0.0881 0.0860 0.0854 0.0830 0.0821 0.0826 0.0834 0.0803 0.0799 0.0782 0.0784 0.0774 0.0778 0.0742 0.0749 0.0744 0.0733 0.0750 0.0741 0.0730 0.0719 0.0718 0.0727 0.0681 0.0679 0.0705 0.0650 0.0673 0.0678 0.0673 0.0652 0.0660 0.0654 0.0639 0.0644 0.0637 0.0633]
