train_acc,valid_acc,test_acc,train_loss,valid_loss,train_aug_loss
0.9828075170516968,0.9667761921882629,0.9483256340026855,[2.1186 3.6102 1.5486 0.8716 0.3137 0.4500 0.4389 0.5017 0.3288 0.3674 0.4608 0.2449 0.3325 0.2599 0.1384 0.2821 0.1164 0.2074 0.2295 0.1575 0.2985 0.2714 0.1162 0.2253 0.0927 0.1729 0.0914 0.1112 0.1467 0.4806 0.0637 0.2039 0.3898 0.1429 0.0528 0.1305 0.0718 0.2479 0.0455 0.1042 0.2894 0.0853 0.0633 0.0666 0.0791 0.0613 0.0642 0.2725 0.1233 0.1220 0.0476 0.0721 0.0667 0.0460 0.0515 0.0586 0.0697 0.0956 0.0626 0.0412 0.0583 0.0334 0.1034 0.1049 0.0384 0.0791 0.0595 0.0963 0.1325 0.0476 0.0878 0.0372 0.0491 0.0442 0.0457 0.0575 0.0360 0.0380 0.0514 0.0293 0.0848 0.0259 0.0352 0.0299 0.0535 0.0415 0.0290 0.0275 0.0465 0.0442 0.0283 0.0768 0.0197 0.0271 0.0267 0.0312 0.0342 0.0279 0.0362 0.0196],[2.1143 3.4704 1.8753 1.0257 0.3626 0.4966 0.4869 0.5090 0.3769 0.4134 0.4864 0.2900 0.3774 0.2811 0.1870 0.3293 0.1603 0.2528 0.2852 0.2179 0.3731 0.3377 0.1811 0.2998 0.1534 0.2343 0.1504 0.1644 0.2360 0.5541 0.1246 0.2866 0.4341 0.2067 0.1096 0.1892 0.1528 0.3463 0.1162 0.1708 0.3889 0.1647 0.1514 0.1484 0.1656 0.1378 0.1563 0.3896 0.2188 0.2303 0.1272 0.1583 0.1529 0.1304 0.1477 0.1417 0.1744 0.2218 0.1646 0.1413 0.1599 0.1129 0.2269 0.2213 0.1344 0.1822 0.1865 0.2166 0.2568 0.1600 0.2167 0.1367 0.1613 0.1448 0.1585 0.1839 0.1574 0.1626 0.1695 0.1465 0.2000 0.1293 0.1459 0.1595 0.1727 0.1710 0.1353 0.1383 0.1710 0.1584 0.1299 0.2213 0.1221 0.1332 0.1279 0.1480 0.1490 0.1548 0.1692 0.1450],[2.0125 1.6462 0.9268 0.4356 0.3434 0.3033 0.2757 0.2536 0.2383 0.2288 0.2146 0.2057 0.1993 0.1925 0.1856 0.1789 0.1707 0.1721 0.1667 0.1633 0.1550 0.1550 0.1505 0.1455 0.1441 0.1431 0.1432 0.1346 0.1325 0.1309 0.1296 0.1282 0.1263 0.1224 0.1206 0.1214 0.1180 0.1155 0.1164 0.1125 0.1135 0.1094 0.1072 0.1085 0.1045 0.1048 0.1023 0.1022 0.1004 0.0973 0.0993 0.0980 0.0954 0.0971 0.0931 0.0946 0.0909 0.0910 0.0903 0.0871 0.0881 0.0872 0.0846 0.0861 0.0849 0.0837 0.0838 0.0817 0.0824 0.0795 0.0803 0.0798 0.0804 0.0777 0.0778 0.0768 0.0775 0.0745 0.0745 0.0725 0.0757 0.0725 0.0720 0.0720 0.0711 0.0721 0.0698 0.0693 0.0688 0.0691 0.0679 0.0667 0.0680 0.0665 0.0666 0.0672 0.0651 0.0629 0.0641 0.0612]
