train_acc,valid_acc,test_acc,train_loss,valid_loss,train_aug_loss
0.9864761233329773,0.9682365655899048,0.9540992975234985,[4.1245 0.7266 0.3489 0.3513 0.2230 0.1541 0.1966 0.1680 0.1460 0.1580 0.1419 0.1445 0.1500 0.1454 0.0872 0.0950 0.0785 0.0767 0.0797 0.0944 0.1321 0.0988 0.0788 0.1038 0.0678 0.0632 0.1123 0.0629 0.0629 0.0908 0.0667 0.0702 0.0497 0.0784 0.0477 0.0489 0.0604 0.0628 0.0549 0.0861 0.0404 0.0388 0.0466 0.0872 0.0415 0.0877 0.0387 0.0397 0.0687 0.0425 0.0476 0.0491 0.0450 0.0351 0.0365 0.0291 0.0654 0.0305 0.0458 0.0352 0.0342 0.0337 0.0332 0.0320 0.0326 0.0377 0.0262 0.0393 0.0299 0.0240 0.0345 0.0231 0.0267 0.0228 0.0256 0.0386 0.0258 0.0426 0.0186 0.0241 0.0195 0.0187 0.0508 0.0170 0.0405 0.0225 0.0501 0.0332 0.0288 0.0239 0.0305 0.0193 0.0189 0.0196 0.0256 0.0250 0.0172 0.0251 0.0310 0.0209],[3.8779 0.7988 0.3922 0.3842 0.2415 0.1747 0.2413 0.2047 0.1883 0.1889 0.1840 0.1998 0.1961 0.1773 0.1281 0.1316 0.1187 0.1218 0.1322 0.1652 0.2090 0.1852 0.1368 0.1917 0.1320 0.1187 0.2104 0.1307 0.1171 0.1664 0.1537 0.1445 0.1089 0.1712 0.1028 0.1141 0.1368 0.1393 0.1444 0.1803 0.1000 0.1097 0.1344 0.1876 0.1156 0.1890 0.1079 0.1130 0.1780 0.1239 0.1307 0.1485 0.1265 0.1119 0.1207 0.1030 0.1795 0.1159 0.1437 0.1374 0.1222 0.1229 0.1233 0.1304 0.1291 0.1367 0.1184 0.1514 0.1182 0.1062 0.1442 0.1065 0.1210 0.1148 0.1387 0.1617 0.1213 0.1614 0.1120 0.1357 0.1102 0.1184 0.2015 0.1056 0.1889 0.1394 0.1778 0.1551 0.1533 0.1373 0.1724 0.1230 0.1347 0.1295 0.1508 0.1477 0.1257 0.1519 0.1460 0.1496],[2.0025 1.2089 0.5060 0.3840 0.3302 0.3026 0.2762 0.2579 0.2449 0.2295 0.2213 0.2145 0.2029 0.2003 0.1909 0.1853 0.1781 0.1778 0.1712 0.1674 0.1599 0.1557 0.1531 0.1493 0.1458 0.1444 0.1428 0.1369 0.1365 0.1359 0.1310 0.1301 0.1269 0.1264 0.1251 0.1240 0.1200 0.1159 0.1184 0.1160 0.1122 0.1106 0.1085 0.1102 0.1073 0.1049 0.1040 0.1038 0.1011 0.0999 0.1003 0.0962 0.0985 0.0952 0.0952 0.0927 0.0925 0.0918 0.0899 0.0904 0.0888 0.0896 0.0852 0.0842 0.0855 0.0847 0.0849 0.0825 0.0840 0.0814 0.0804 0.0808 0.0804 0.0793 0.0769 0.0788 0.0764 0.0778 0.0741 0.0743 0.0751 0.0737 0.0716 0.0715 0.0704 0.0716 0.0713 0.0695 0.0676 0.0676 0.0683 0.0674 0.0666 0.0663 0.0655 0.0665 0.0657 0.0651 0.0629 0.0633]
