train_acc,valid_acc,test_acc,train_loss,valid_loss,train_aug_loss
0.993996798992157,0.9726177453994751,0.9526559114456177,[2.0802 1.1167 0.3131 0.4046 0.3084 0.2619 0.2291 0.2532 0.1838 0.1736 0.1672 0.3437 0.2718 0.2056 0.2640 0.2027 0.2105 0.1939 0.1198 0.2109 0.1269 0.0720 0.1295 0.1036 0.2771 0.1479 0.1401 0.1299 0.1023 0.2049 0.2354 0.1982 0.0793 0.1099 0.0648 0.0688 0.0841 0.1239 0.0561 0.1549 0.1130 0.0639 0.0616 0.0551 0.0894 0.0848 0.1202 0.0381 0.1355 0.1909 0.1255 0.1507 0.0912 0.1433 0.0446 0.0808 0.0702 0.0944 0.0926 0.0562 0.1221 0.0421 0.0657 0.0686 0.0672 0.0958 0.0301 0.0591 0.0473 0.0415 0.1138 0.0655 0.0401 0.1095 0.0281 0.0375 0.0444 0.0318 0.0616 0.0220 0.0322 0.0389 0.0271 0.0690 0.0175 0.0782 0.0668 0.0620 0.0396 0.0254 0.0190 0.0668 0.1237 0.0199 0.0618 0.0165 0.0389 0.0733 0.0487 0.0241],[2.0808 1.1951 0.3558 0.4932 0.3548 0.3343 0.2924 0.3111 0.2326 0.2233 0.2292 0.4393 0.3422 0.2794 0.3397 0.2629 0.2874 0.2671 0.1962 0.3002 0.1830 0.1189 0.1948 0.1665 0.3649 0.2221 0.2250 0.1979 0.1722 0.3045 0.3441 0.2833 0.1567 0.1837 0.1399 0.1406 0.1684 0.2294 0.1266 0.2692 0.2177 0.1480 0.1529 0.1274 0.1936 0.1888 0.2352 0.1159 0.2487 0.3167 0.2339 0.2826 0.2037 0.2577 0.1252 0.1888 0.1761 0.2252 0.2194 0.1667 0.2630 0.1377 0.1921 0.1835 0.1838 0.2306 0.1176 0.1746 0.1476 0.1416 0.2717 0.1914 0.1352 0.2605 0.1371 0.1413 0.1553 0.1378 0.1999 0.1153 0.1495 0.1363 0.1174 0.2162 0.1159 0.2101 0.2238 0.2225 0.1579 0.1442 0.1194 0.2227 0.3023 0.1087 0.2179 0.1267 0.1756 0.2399 0.2075 0.1567],[1.9895 1.5807 0.6121 0.3778 0.3146 0.2796 0.2581 0.2412 0.2288 0.2167 0.2073 0.1979 0.1894 0.1870 0.1795 0.1730 0.1666 0.1640 0.1614 0.1561 0.1515 0.1452 0.1460 0.1435 0.1393 0.1358 0.1322 0.1310 0.1284 0.1244 0.1237 0.1200 0.1192 0.1159 0.1163 0.1154 0.1097 0.1096 0.1090 0.1065 0.1055 0.1016 0.1029 0.1044 0.1022 0.0968 0.0943 0.0976 0.0950 0.0956 0.0941 0.0926 0.0899 0.0895 0.0892 0.0874 0.0870 0.0848 0.0822 0.0865 0.0830 0.0813 0.0814 0.0809 0.0797 0.0802 0.0773 0.0781 0.0754 0.0759 0.0747 0.0752 0.0739 0.0724 0.0743 0.0711 0.0695 0.0695 0.0706 0.0690 0.0694 0.0681 0.0661 0.0689 0.0667 0.0678 0.0650 0.0652 0.0656 0.0647 0.0633 0.0628 0.0622 0.0625 0.0627 0.0596 0.0603 0.0601 0.0585 0.0582]
