train_acc,valid_acc,test_acc,train_loss,valid_loss,train_aug_loss
0.98960280418396,0.9707922339439392,0.9477482438087463,[2.9292 0.9000 0.7526 0.2894 0.2159 0.1913 0.2264 0.1855 0.2052 0.1566 0.1831 0.1250 0.1464 0.1242 0.1064 0.1171 0.0911 0.0979 0.0824 0.0723 0.0921 0.0637 0.0903 0.0838 0.0609 0.0847 0.0698 0.0547 0.0801 0.0773 0.0693 0.0601 0.1115 0.0577 0.0524 0.0612 0.0479 0.0479 0.0405 0.0452 0.0498 0.0916 0.0492 0.0438 0.0540 0.0905 0.0410 0.0462 0.0390 0.0368 0.0336 0.0306 0.0634 0.0558 0.0359 0.0401 0.0310 0.0294 0.0382 0.0370 0.0280 0.0231 0.0294 0.0308 0.0541 0.0332 0.0288 0.0266 0.0345 0.0418 0.0368 0.0311 0.0207 0.0262 0.0358 0.0243 0.0231 0.0337 0.0175 0.0251 0.0197 0.0235 0.0320 0.0206 0.0224 0.0418 0.0375 0.0226 0.0194 0.0141 0.0178 0.0255 0.0201 0.0139 0.0199 0.0210 0.0206 0.0130 0.0181 0.0163],[2.8088 0.8952 0.7968 0.3160 0.2538 0.2148 0.2454 0.2342 0.2397 0.2021 0.2369 0.1770 0.1910 0.1922 0.1570 0.1775 0.1445 0.1661 0.1419 0.1335 0.1626 0.1270 0.1764 0.1474 0.1216 0.1784 0.1431 0.1205 0.1647 0.1636 0.1595 0.1533 0.2054 0.1403 0.1387 0.1439 0.1326 0.1396 0.1283 0.1346 0.1457 0.2001 0.1433 0.1358 0.1637 0.2040 0.1319 0.1406 0.1328 0.1289 0.1306 0.1185 0.1796 0.1770 0.1311 0.1464 0.1322 0.1210 0.1412 0.1524 0.1317 0.1261 0.1363 0.1394 0.1756 0.1398 0.1333 0.1327 0.1573 0.1785 0.1676 0.1548 0.1267 0.1377 0.1641 0.1415 0.1427 0.1697 0.1346 0.1444 0.1434 0.1489 0.1620 0.1408 0.1595 0.2004 0.1747 0.1501 0.1541 0.1275 0.1493 0.1564 0.1544 0.1463 0.1591 0.1516 0.1489 0.1419 0.1604 0.1440],[1.9907 1.2665 0.5230 0.3947 0.3372 0.3075 0.2824 0.2654 0.2446 0.2386 0.2259 0.2161 0.2048 0.2016 0.1916 0.1878 0.1819 0.1750 0.1721 0.1651 0.1635 0.1584 0.1555 0.1511 0.1476 0.1449 0.1431 0.1386 0.1374 0.1341 0.1318 0.1333 0.1286 0.1266 0.1233 0.1234 0.1219 0.1163 0.1174 0.1148 0.1101 0.1104 0.1090 0.1101 0.1077 0.1055 0.1039 0.1027 0.1032 0.1004 0.0996 0.0974 0.0975 0.0956 0.0937 0.0923 0.0904 0.0928 0.0888 0.0911 0.0881 0.0877 0.0873 0.0854 0.0838 0.0857 0.0818 0.0839 0.0827 0.0821 0.0804 0.0800 0.0791 0.0770 0.0777 0.0769 0.0753 0.0767 0.0764 0.0731 0.0711 0.0750 0.0726 0.0730 0.0700 0.0712 0.0724 0.0693 0.0678 0.0679 0.0681 0.0693 0.0659 0.0661 0.0655 0.0658 0.0649 0.0646 0.0641 0.0667]
