train_acc,valid_acc,test_acc,train_loss,valid_loss,train_aug_loss
0.9919207096099854,0.9729828238487244,0.951212465763092,[2.1418 1.5475 0.7543 0.2873 0.2966 0.2902 0.3455 0.2236 0.1960 0.1823 0.1204 0.1843 0.1722 0.2530 0.1433 0.1236 0.1193 0.0836 0.0838 0.0959 0.0741 0.0709 0.0848 0.0978 0.1048 0.0815 0.2857 0.0650 0.0889 0.0684 0.0925 0.0562 0.0499 0.0716 0.0703 0.0878 0.0906 0.0532 0.0459 0.0488 0.0938 0.1508 0.0467 0.0671 0.0512 0.0422 0.0749 0.0532 0.0589 0.0394 0.0420 0.0328 0.0475 0.0528 0.0363 0.0358 0.0472 0.0310 0.1783 0.0292 0.0600 0.0296 0.0501 0.0611 0.0580 0.0236 0.0339 0.1512 0.0351 0.0536 0.0232 0.1187 0.0311 0.0321 0.0332 0.0526 0.0291 0.0256 0.1202 0.0385 0.0221 0.0322 0.0253 0.0254 0.0211 0.0296 0.0270 0.0526 0.0419 0.0260 0.0398 0.0177 0.0219 0.0319 0.0186 0.0341 0.0467 0.0292 0.0192 0.0376],[2.1100 1.5579 0.9956 0.3140 0.3441 0.3397 0.4023 0.3047 0.2240 0.2304 0.1630 0.2435 0.2295 0.3432 0.2033 0.1731 0.1662 0.1287 0.1240 0.1476 0.1127 0.1120 0.1313 0.1500 0.1735 0.1381 0.4137 0.1220 0.1600 0.1205 0.1557 0.1136 0.0979 0.1392 0.1325 0.1642 0.1839 0.1104 0.0976 0.1121 0.1861 0.2377 0.1136 0.1405 0.1252 0.1140 0.1592 0.1186 0.1457 0.1109 0.1191 0.0996 0.1329 0.1261 0.1078 0.1159 0.1322 0.1082 0.2916 0.0984 0.1539 0.1114 0.1442 0.1589 0.1511 0.0954 0.1255 0.2710 0.1193 0.1614 0.1028 0.2522 0.1189 0.1324 0.1224 0.1705 0.1332 0.1296 0.2716 0.1427 0.1121 0.1355 0.1150 0.1222 0.1192 0.1321 0.1351 0.1841 0.1555 0.1243 0.1546 0.1168 0.1152 0.1524 0.1200 0.1488 0.1701 0.1359 0.1214 0.1595],[2.0356 1.6004 0.7004 0.4115 0.3360 0.2918 0.2641 0.2466 0.2288 0.2174 0.2071 0.1986 0.1906 0.1842 0.1762 0.1730 0.1700 0.1630 0.1578 0.1547 0.1500 0.1494 0.1473 0.1413 0.1390 0.1350 0.1345 0.1300 0.1279 0.1264 0.1247 0.1201 0.1215 0.1163 0.1159 0.1120 0.1123 0.1106 0.1098 0.1071 0.1081 0.1052 0.1034 0.1036 0.1003 0.0985 0.0964 0.0966 0.0947 0.0946 0.0936 0.0914 0.0921 0.0890 0.0899 0.0883 0.0856 0.0840 0.0831 0.0841 0.0832 0.0826 0.0796 0.0823 0.0796 0.0793 0.0785 0.0784 0.0778 0.0763 0.0760 0.0731 0.0729 0.0740 0.0731 0.0711 0.0719 0.0699 0.0690 0.0686 0.0679 0.0678 0.0685 0.0676 0.0658 0.0672 0.0646 0.0639 0.0635 0.0644 0.0612 0.0631 0.0632 0.0624 0.0595 0.0611 0.0600 0.0602 0.0590 0.0583]
