train_acc,valid_acc,test_acc,train_loss,valid_loss,train_aug_loss
0.9864928126335144,0.9612997174263,0.9416859149932861,[2.0929 1.6860 0.9554 0.4510 0.5239 0.3702 0.2978 0.8084 0.3531 0.1844 0.1810 0.1482 0.3067 0.1728 0.3754 0.1286 0.1999 0.1719 0.1293 0.1357 0.1271 0.0997 0.1000 0.1229 0.2261 0.2550 0.0784 0.0894 0.0855 0.1995 0.1568 0.2166 0.1835 0.0911 0.0846 0.0703 0.0523 0.1324 0.2259 0.0789 0.1154 0.2563 0.0849 0.0728 0.0639 0.1141 0.0960 0.0397 0.0797 0.0834 0.0398 0.0867 0.0459 0.0951 0.1376 0.0328 0.0662 0.1021 0.0481 0.0432 0.0947 0.0892 0.0402 0.0348 0.1217 0.1101 0.2042 0.1284 0.0482 0.0711 0.0444 0.0586 0.1109 0.0339 0.0234 0.0425 0.0650 0.0931 0.0671 0.1278 0.0329 0.0711 0.0306 0.0297 0.0463 0.0261 0.0178 0.1754 0.1210 0.0571 0.0303 0.0279 0.0705 0.0325 0.0216 0.0466 0.0457 0.0771 0.0495 0.0459],[2.0897 1.8938 1.0875 0.5583 0.6462 0.4353 0.3738 0.8391 0.4479 0.2766 0.2542 0.2246 0.3814 0.2456 0.4344 0.1860 0.2657 0.2592 0.1946 0.2134 0.2247 0.2056 0.1923 0.2054 0.3459 0.3721 0.1662 0.1874 0.1717 0.3070 0.2639 0.3255 0.2865 0.2022 0.1928 0.1760 0.1334 0.2307 0.3333 0.1991 0.2473 0.3909 0.2055 0.1872 0.1807 0.2353 0.2150 0.1441 0.2106 0.2104 0.1327 0.2449 0.1604 0.2322 0.2886 0.1441 0.2082 0.2392 0.1790 0.1744 0.2464 0.2214 0.1628 0.1468 0.2672 0.2898 0.3724 0.2677 0.1862 0.2424 0.1718 0.1876 0.2606 0.1754 0.1487 0.2050 0.2360 0.2795 0.2249 0.2929 0.1562 0.2316 0.1783 0.1651 0.1983 0.1507 0.1413 0.3910 0.2896 0.2220 0.1753 0.1696 0.2590 0.1801 0.1650 0.2182 0.2048 0.2423 0.2183 0.2249],[2.0310 1.4604 0.6440 0.3961 0.3279 0.2978 0.2666 0.2523 0.2371 0.2216 0.2135 0.2032 0.1978 0.1892 0.1893 0.1784 0.1750 0.1670 0.1637 0.1570 0.1554 0.1520 0.1495 0.1450 0.1439 0.1393 0.1376 0.1348 0.1306 0.1308 0.1256 0.1255 0.1227 0.1192 0.1172 0.1191 0.1148 0.1124 0.1104 0.1101 0.1075 0.1062 0.1050 0.1056 0.1039 0.1014 0.0995 0.0984 0.0950 0.0982 0.0949 0.0920 0.0936 0.0914 0.0910 0.0902 0.0898 0.0874 0.0868 0.0875 0.0848 0.0840 0.0834 0.0840 0.0819 0.0802 0.0820 0.0783 0.0781 0.0797 0.0766 0.0762 0.0764 0.0746 0.0746 0.0735 0.0713 0.0718 0.0709 0.0706 0.0704 0.0686 0.0697 0.0680 0.0695 0.0670 0.0656 0.0653 0.0659 0.0672 0.0667 0.0659 0.0643 0.0639 0.0636 0.0608 0.0628 0.0604 0.0598 0.0603]
