train_acc,valid_acc,test_acc,train_loss,valid_loss,train_aug_loss
0.9895944595336914,0.9587440490722656,0.9503464102745056,[2.0855 2.2445 2.2950 1.5537 0.7553 1.0333 0.5237 0.5390 0.2680 0.2722 0.3852 0.3162 0.4007 0.2187 0.2144 0.1600 0.3862 0.2229 0.2071 0.1319 0.1348 0.1491 0.1327 0.1723 0.2267 0.3005 0.1342 0.1541 0.1448 0.1908 0.2813 0.1453 0.0947 0.1537 0.1040 0.1049 0.0861 0.1290 0.1915 0.1732 0.0803 0.0796 0.1475 0.1317 0.1299 0.0851 0.1090 0.2184 0.0899 0.0817 0.1302 0.0898 0.0797 0.0826 0.0574 0.0736 0.0954 0.0744 0.0898 0.1127 0.1455 0.0637 0.0875 0.1322 0.0968 0.0873 0.0561 0.0625 0.0499 0.0640 0.0567 0.0844 0.1287 0.0493 0.1178 0.0554 0.1057 0.1241 0.0630 0.0672 0.0989 0.0752 0.0307 0.0605 0.0972 0.0490 0.1038 0.0609 0.0571 0.0592 0.0497 0.0278 0.0505 0.0304 0.0796 0.0515 0.1401 0.0361 0.0540 0.0517],[2.0742 2.2916 2.4442 1.7765 0.9232 1.2487 0.6598 0.6897 0.3373 0.3426 0.5056 0.4465 0.5295 0.3104 0.3010 0.2334 0.4960 0.3233 0.3086 0.2040 0.2254 0.2322 0.2081 0.2678 0.3275 0.3965 0.2238 0.2592 0.2408 0.3087 0.3896 0.2537 0.1876 0.2557 0.2002 0.2094 0.1775 0.2154 0.3134 0.3107 0.1767 0.1766 0.2589 0.2443 0.2502 0.1993 0.2209 0.3702 0.2132 0.2067 0.2650 0.2079 0.2008 0.2041 0.1566 0.1816 0.2273 0.1981 0.2213 0.2510 0.3001 0.1909 0.2108 0.2846 0.2359 0.2164 0.1733 0.1862 0.1672 0.1811 0.1786 0.2244 0.2890 0.1752 0.2723 0.1823 0.2705 0.3064 0.2104 0.2095 0.2532 0.2162 0.1444 0.2033 0.2486 0.1934 0.2849 0.2156 0.2038 0.2205 0.1923 0.1484 0.2021 0.1541 0.2518 0.2061 0.3491 0.1660 0.2155 0.2230],[2.0698 1.8339 1.5909 1.0447 0.5237 0.3993 0.3458 0.3121 0.2882 0.2688 0.2551 0.2443 0.2307 0.2240 0.2150 0.2061 0.2021 0.1927 0.1877 0.1805 0.1747 0.1730 0.1684 0.1646 0.1611 0.1581 0.1551 0.1495 0.1483 0.1429 0.1420 0.1396 0.1371 0.1366 0.1318 0.1282 0.1291 0.1237 0.1231 0.1229 0.1210 0.1189 0.1158 0.1160 0.1139 0.1121 0.1120 0.1102 0.1090 0.1053 0.1055 0.1044 0.1039 0.1012 0.1004 0.1019 0.0999 0.0972 0.0963 0.0945 0.0959 0.0953 0.0925 0.0897 0.0903 0.0869 0.0878 0.0873 0.0851 0.0857 0.0846 0.0832 0.0838 0.0826 0.0806 0.0815 0.0797 0.0774 0.0788 0.0758 0.0773 0.0775 0.0757 0.0754 0.0737 0.0736 0.0742 0.0735 0.0711 0.0714 0.0689 0.0671 0.0678 0.0701 0.0679 0.0674 0.0650 0.0651 0.0683 0.0653]
