train_acc,valid_acc,test_acc,train_loss,valid_loss,train_aug_loss
0.9930295944213867,0.9707922339439392,0.954965353012085,[2.1056 2.8515 7.1006 2.9840 2.3732 0.1927 0.3623 0.2718 0.1714 0.1684 0.2372 0.1620 0.2945 0.1330 0.1177 0.2373 0.1250 0.0796 0.0987 0.1674 0.1335 0.1333 0.0871 0.0787 0.0847 0.0650 0.0733 0.0605 0.0933 0.0592 0.0554 0.0581 0.0647 0.0513 0.0527 0.0948 0.0479 0.0963 0.0719 0.0654 0.0433 0.0670 0.1064 0.0620 0.0468 0.0579 0.0547 0.0485 0.0410 0.0363 0.0432 0.0385 0.0495 0.0379 0.0399 0.0490 0.0368 0.1038 0.0333 0.0550 0.0338 0.0272 0.0343 0.0458 0.0263 0.0262 0.0439 0.0287 0.0389 0.0289 0.0358 0.0355 0.0208 0.0279 0.0386 0.0353 0.0328 0.0353 0.0536 0.0439 0.0423 0.0414 0.0253 0.0225 0.0246 0.0321 0.0416 0.0460 0.0175 0.0496 0.0247 0.0235 0.0221 0.0238 0.0173 0.0175 0.0212 0.0208 0.0202 0.0229],[2.0264 2.2897 5.1441 2.4113 1.8041 0.2147 0.3477 0.2503 0.1786 0.2173 0.2089 0.1753 0.2762 0.1393 0.1369 0.2326 0.1865 0.1141 0.1474 0.1914 0.1539 0.1579 0.1198 0.1190 0.1366 0.1087 0.1251 0.0994 0.1742 0.1026 0.1021 0.1129 0.1135 0.1051 0.1098 0.1391 0.1123 0.1856 0.1506 0.1363 0.0996 0.1459 0.2010 0.1503 0.1100 0.1400 0.1302 0.1337 0.1195 0.1041 0.1253 0.1034 0.1141 0.1093 0.1092 0.1253 0.1104 0.2396 0.1080 0.1247 0.1214 0.1072 0.1247 0.1389 0.1043 0.1043 0.1451 0.1124 0.1365 0.1101 0.1245 0.1212 0.0964 0.1149 0.1518 0.1216 0.1376 0.1278 0.1727 0.1629 0.1556 0.1633 0.1001 0.1209 0.1307 0.1392 0.1603 0.1612 0.1069 0.1430 0.1354 0.1268 0.1330 0.1370 0.1154 0.1084 0.1169 0.1264 0.1463 0.1413],[1.9921 1.6176 1.1252 0.5629 0.3618 0.3052 0.2740 0.2540 0.2377 0.2243 0.2105 0.2030 0.1942 0.1885 0.1831 0.1749 0.1722 0.1631 0.1629 0.1566 0.1519 0.1500 0.1471 0.1429 0.1393 0.1406 0.1351 0.1322 0.1309 0.1285 0.1276 0.1210 0.1198 0.1190 0.1187 0.1163 0.1143 0.1107 0.1123 0.1090 0.1088 0.1067 0.1058 0.1044 0.1009 0.1027 0.0998 0.0994 0.0969 0.0953 0.0931 0.0930 0.0917 0.0918 0.0910 0.0886 0.0886 0.0873 0.0884 0.0871 0.0866 0.0830 0.0831 0.0830 0.0812 0.0792 0.0802 0.0783 0.0801 0.0790 0.0759 0.0759 0.0756 0.0726 0.0749 0.0738 0.0737 0.0723 0.0696 0.0705 0.0703 0.0683 0.0685 0.0684 0.0688 0.0676 0.0655 0.0646 0.0670 0.0667 0.0655 0.0636 0.0642 0.0632 0.0625 0.0613 0.0629 0.0633 0.0613 0.0600]
