train_acc,valid_acc,test_acc,train_loss,valid_loss,train_aug_loss
0.9889441132545471,0.9675064086914062,0.9474595785140991,[2.1417 2.3818 1.2526 0.5848 0.5719 0.2274 0.2958 0.3012 0.2182 0.2417 0.1430 0.1859 0.1295 0.1391 0.1713 0.1226 0.1546 0.0891 0.1201 0.0887 0.0852 0.1243 0.1211 0.0809 0.0705 0.0706 0.0635 0.1549 0.1268 0.0697 0.1024 0.0541 0.1794 0.0712 0.0584 0.0443 0.0585 0.0917 0.0983 0.0504 0.0522 0.0582 0.0534 0.0546 0.0976 0.0771 0.0926 0.0392 0.0465 0.0365 0.0336 0.0811 0.0343 0.0743 0.0500 0.0510 0.0585 0.0705 0.0530 0.0493 0.0451 0.0710 0.0308 0.0728 0.0472 0.0272 0.0417 0.0426 0.0851 0.0257 0.0252 0.0283 0.0400 0.0498 0.0279 0.0419 0.0319 0.0302 0.0243 0.0471 0.0337 0.0231 0.0652 0.0202 0.0179 0.0270 0.0250 0.0342 0.0509 0.0250 0.0178 0.0187 0.0299 0.0215 0.0499 0.0375 0.0218 0.0170 0.0144 0.0167],[2.1312 2.9193 1.3811 0.7220 0.7363 0.2897 0.3625 0.3581 0.2586 0.3309 0.2167 0.2782 0.1951 0.2068 0.2492 0.1936 0.2113 0.1526 0.2064 0.1383 0.1403 0.2099 0.1819 0.1517 0.1258 0.1196 0.1239 0.2523 0.2074 0.1404 0.1964 0.1260 0.2744 0.1498 0.1226 0.1036 0.1428 0.1952 0.1905 0.1277 0.1353 0.1369 0.1419 0.1476 0.2076 0.1818 0.2185 0.1163 0.1306 0.1186 0.1002 0.1928 0.1178 0.1932 0.1554 0.1402 0.1702 0.1867 0.1733 0.1590 0.1627 0.2043 0.1282 0.2114 0.1769 0.1155 0.1499 0.1589 0.2283 0.1245 0.1262 0.1247 0.1490 0.1749 0.1383 0.1631 0.1501 0.1344 0.1317 0.1848 0.1506 0.1250 0.2057 0.1315 0.1241 0.1409 0.1471 0.1619 0.2053 0.1398 0.1299 0.1388 0.1554 0.1402 0.2179 0.1808 0.1562 0.1240 0.1379 0.1261],[2.0079 1.6144 0.7028 0.4167 0.3399 0.2986 0.2783 0.2539 0.2392 0.2274 0.2192 0.2069 0.1997 0.1885 0.1858 0.1792 0.1730 0.1695 0.1624 0.1591 0.1539 0.1527 0.1476 0.1443 0.1414 0.1366 0.1350 0.1329 0.1291 0.1283 0.1254 0.1228 0.1235 0.1206 0.1181 0.1151 0.1136 0.1132 0.1112 0.1085 0.1058 0.1035 0.1063 0.1046 0.1036 0.1007 0.0977 0.1005 0.0968 0.0962 0.0954 0.0953 0.0927 0.0906 0.0908 0.0895 0.0894 0.0869 0.0862 0.0841 0.0831 0.0831 0.0836 0.0805 0.0797 0.0805 0.0779 0.0794 0.0775 0.0770 0.0751 0.0767 0.0753 0.0743 0.0736 0.0721 0.0722 0.0715 0.0728 0.0701 0.0696 0.0688 0.0659 0.0693 0.0678 0.0667 0.0652 0.0661 0.0655 0.0666 0.0635 0.0635 0.0624 0.0632 0.0620 0.0603 0.0607 0.0598 0.0594 0.0615]
