train_acc,valid_acc,test_acc,train_loss,valid_loss,train_aug_loss
0.9827741384506226,0.9682365655899048,0.9532332420349121,[2.0801 1.9293 0.8043 0.6579 0.5686 0.5902 0.3406 0.2518 0.2539 0.1935 0.1452 0.2730 0.1891 0.2061 0.1321 0.1791 0.1617 0.1338 0.1318 0.2082 0.1513 0.1307 0.1865 0.0733 0.1147 0.0755 0.1850 0.1153 0.1150 0.0899 0.0910 0.0526 0.1013 0.0562 0.0512 0.0766 0.1497 0.0676 0.1179 0.1121 0.0983 0.1407 0.3024 0.1405 0.0707 0.0885 0.0633 0.0525 0.0712 0.0892 0.1159 0.1547 0.2379 0.0627 0.0497 0.0465 0.0721 0.0851 0.0604 0.0647 0.0858 0.1025 0.1379 0.0331 0.0297 0.0633 0.0603 0.0561 0.0898 0.1768 0.1015 0.0396 0.0530 0.0334 0.0935 0.1159 0.0211 0.0846 0.0490 0.0267 0.0531 0.0328 0.0345 0.0838 0.0430 0.0698 0.0663 0.0312 0.0187 0.0470 0.0324 0.0354 0.0875 0.0364 0.0428 0.0832 0.0585 0.0231 0.0227 0.0551],[2.0832 2.0848 0.9272 0.8047 0.6209 0.6098 0.4062 0.3004 0.3185 0.2817 0.2091 0.3319 0.2774 0.2877 0.2300 0.2615 0.2418 0.2218 0.2179 0.3095 0.2444 0.2288 0.2779 0.1449 0.2030 0.1631 0.2863 0.2065 0.2150 0.1804 0.1718 0.1235 0.2347 0.1395 0.1347 0.1743 0.2619 0.1589 0.2403 0.2094 0.2042 0.2803 0.3733 0.2824 0.1718 0.2046 0.1797 0.1557 0.1742 0.2242 0.2534 0.2918 0.3637 0.1877 0.1652 0.1608 0.1919 0.2074 0.1814 0.1782 0.2111 0.2454 0.2937 0.1508 0.1402 0.2084 0.1850 0.1811 0.2427 0.3262 0.2585 0.1658 0.1731 0.1503 0.2644 0.2795 0.1372 0.2488 0.1922 0.1512 0.1970 0.1690 0.1691 0.2272 0.1969 0.2247 0.2202 0.1594 0.1375 0.2179 0.1599 0.1701 0.2934 0.1786 0.2042 0.2603 0.2207 0.1616 0.1490 0.2157],[2.0074 1.6689 0.7829 0.4117 0.3403 0.2975 0.2716 0.2510 0.2393 0.2231 0.2131 0.2027 0.1948 0.1901 0.1839 0.1758 0.1688 0.1680 0.1617 0.1579 0.1540 0.1493 0.1470 0.1445 0.1400 0.1363 0.1368 0.1318 0.1293 0.1261 0.1229 0.1233 0.1199 0.1184 0.1166 0.1135 0.1120 0.1125 0.1091 0.1087 0.1079 0.1050 0.1046 0.1044 0.1005 0.1003 0.1022 0.0971 0.0958 0.0940 0.0932 0.0927 0.0905 0.0893 0.0902 0.0890 0.0886 0.0864 0.0860 0.0847 0.0846 0.0830 0.0827 0.0804 0.0820 0.0787 0.0787 0.0773 0.0790 0.0793 0.0771 0.0764 0.0744 0.0758 0.0732 0.0718 0.0725 0.0708 0.0716 0.0715 0.0708 0.0692 0.0683 0.0686 0.0682 0.0679 0.0682 0.0642 0.0665 0.0635 0.0653 0.0638 0.0632 0.0635 0.0629 0.0627 0.0616 0.0630 0.0584 0.0615]
