train_acc,valid_acc,test_acc,train_loss,valid_loss,train_aug_loss
0.9929795861244202,0.9696969985961914,0.9445727467536926,[3.2990 1.3731 0.7725 0.5615 0.3535 0.3310 0.2836 0.2799 0.3378 0.3377 0.2619 0.3779 0.3099 0.3453 0.1656 0.2190 0.2405 0.0959 0.2304 0.1338 0.1831 0.1399 0.1246 0.1941 0.3213 0.2229 0.1829 0.1527 0.2239 0.1097 0.1263 0.1009 0.1571 0.0901 0.1711 0.1182 0.0597 0.1187 0.0650 0.0689 0.0631 0.1404 0.0959 0.0618 0.0529 0.1297 0.0536 0.0584 0.0510 0.0709 0.0589 0.1045 0.0634 0.1317 0.1186 0.0465 0.0554 0.1820 0.0502 0.0488 0.0526 0.0698 0.0372 0.0417 0.0617 0.0373 0.1469 0.1002 0.0455 0.0398 0.0415 0.0298 0.0665 0.0551 0.0438 0.1321 0.0338 0.0408 0.0422 0.0477 0.0213 0.0627 0.0539 0.0245 0.0219 0.0271 0.0215 0.0379 0.0273 0.0268 0.0866 0.0393 0.0349 0.0350 0.0732 0.0324 0.0717 0.0759 0.0249 0.0545],[3.3654 1.5336 0.9255 0.6479 0.4410 0.4116 0.3146 0.3236 0.4339 0.3998 0.3225 0.4291 0.3914 0.3893 0.2290 0.2888 0.3176 0.1538 0.2938 0.2084 0.2645 0.2081 0.1953 0.3006 0.4148 0.3182 0.2753 0.2410 0.3289 0.1933 0.2033 0.1845 0.2516 0.1740 0.2665 0.2206 0.1301 0.2091 0.1472 0.1660 0.1485 0.2560 0.1951 0.1407 0.1389 0.2340 0.1232 0.1472 0.1355 0.1823 0.1427 0.2265 0.1655 0.2621 0.2461 0.1451 0.1695 0.3275 0.1573 0.1521 0.1645 0.1708 0.1311 0.1521 0.1753 0.1227 0.2860 0.2336 0.1461 0.1419 0.1450 0.1308 0.2011 0.1869 0.1600 0.2985 0.1536 0.1605 0.1627 0.1617 0.1202 0.1989 0.2065 0.1277 0.1250 0.1366 0.1299 0.1715 0.1226 0.1453 0.2574 0.1688 0.1700 0.1519 0.2082 0.1532 0.2207 0.2692 0.1354 0.2096],[1.9833 1.2382 0.4909 0.3504 0.3075 0.2762 0.2563 0.2375 0.2228 0.2168 0.2066 0.1965 0.1909 0.1833 0.1799 0.1719 0.1704 0.1651 0.1589 0.1569 0.1517 0.1485 0.1455 0.1426 0.1401 0.1346 0.1312 0.1287 0.1282 0.1266 0.1245 0.1198 0.1203 0.1178 0.1171 0.1145 0.1126 0.1106 0.1085 0.1059 0.1056 0.1048 0.1016 0.1025 0.0994 0.0995 0.0983 0.0956 0.0958 0.0916 0.0933 0.0913 0.0903 0.0910 0.0877 0.0874 0.0859 0.0837 0.0854 0.0824 0.0822 0.0820 0.0818 0.0810 0.0783 0.0808 0.0781 0.0775 0.0742 0.0747 0.0750 0.0734 0.0723 0.0734 0.0718 0.0718 0.0689 0.0682 0.0682 0.0694 0.0668 0.0672 0.0666 0.0647 0.0636 0.0632 0.0658 0.0608 0.0630 0.0619 0.0618 0.0608 0.0609 0.0617 0.0584 0.0596 0.0578 0.0576 0.0579 0.0584]
