train_acc,valid_acc,test_acc,train_loss,valid_loss,train_aug_loss
0.9862676858901978,0.9682365655899048,0.943418025970459,[3.6256 2.0151 0.5050 0.3841 0.2513 0.2011 0.1721 0.1516 0.1880 0.1266 0.1181 0.1258 0.1408 0.1329 0.1249 0.0861 0.1100 0.1484 0.1065 0.0895 0.1086 0.0733 0.0757 0.0824 0.0952 0.0753 0.0649 0.0770 0.0782 0.0558 0.0553 0.0730 0.1277 0.0550 0.0659 0.0427 0.0559 0.0655 0.0461 0.0408 0.0884 0.0405 0.0522 0.0382 0.0434 0.0564 0.1062 0.0570 0.0427 0.0304 0.0465 0.0445 0.0411 0.0281 0.0379 0.0325 0.0428 0.0598 0.0410 0.0330 0.0325 0.0300 0.0342 0.0282 0.0267 0.0764 0.0250 0.0223 0.0356 0.0228 0.0256 0.0287 0.0225 0.0292 0.0298 0.0209 0.0275 0.0226 0.0233 0.0438 0.0203 0.0306 0.0227 0.0184 0.0178 0.0325 0.0222 0.0244 0.0338 0.0208 0.0385 0.0226 0.0244 0.0152 0.0194 0.0150 0.0325 0.0139 0.0153 0.0142],[3.3716 2.2564 0.6104 0.4803 0.2887 0.2295 0.2099 0.1734 0.2389 0.1691 0.1693 0.1850 0.1898 0.1933 0.1605 0.1328 0.1676 0.2188 0.1684 0.1575 0.1761 0.1295 0.1394 0.1463 0.1710 0.1521 0.1364 0.1531 0.1357 0.1242 0.1201 0.1556 0.2217 0.1197 0.1436 0.1119 0.1395 0.1563 0.1169 0.1114 0.2098 0.1175 0.1393 0.1198 0.1285 0.1655 0.2312 0.1718 0.1397 0.1187 0.1486 0.1497 0.1405 0.1123 0.1323 0.1297 0.1467 0.1863 0.1453 0.1323 0.1376 0.1339 0.1430 0.1324 0.1431 0.2415 0.1298 0.1298 0.1621 0.1192 0.1310 0.1386 0.1152 0.1497 0.1463 0.1207 0.1486 0.1295 0.1354 0.1790 0.1344 0.1560 0.1513 0.1216 0.1206 0.1656 0.1443 0.1517 0.1682 0.1422 0.1807 0.1581 0.1660 0.1387 0.1440 0.1314 0.1933 0.1504 0.1254 0.1351],[2.0198 1.5929 0.6468 0.4242 0.3590 0.3149 0.2866 0.2643 0.2507 0.2363 0.2238 0.2177 0.2052 0.1996 0.1913 0.1844 0.1810 0.1748 0.1665 0.1673 0.1635 0.1600 0.1541 0.1524 0.1494 0.1472 0.1445 0.1395 0.1397 0.1349 0.1345 0.1302 0.1316 0.1251 0.1234 0.1223 0.1214 0.1169 0.1164 0.1146 0.1124 0.1099 0.1107 0.1087 0.1090 0.1042 0.1064 0.1019 0.1022 0.1006 0.1005 0.0983 0.0971 0.0960 0.0943 0.0951 0.0933 0.0930 0.0892 0.0906 0.0908 0.0873 0.0898 0.0848 0.0868 0.0863 0.0842 0.0826 0.0851 0.0827 0.0801 0.0803 0.0807 0.0793 0.0789 0.0764 0.0770 0.0774 0.0757 0.0759 0.0734 0.0729 0.0714 0.0731 0.0713 0.0721 0.0704 0.0694 0.0709 0.0681 0.0679 0.0680 0.0666 0.0666 0.0668 0.0630 0.0648 0.0638 0.0657 0.0641]
