train_acc,valid_acc,test_acc,train_loss,valid_loss,train_aug_loss
0.9907450675964355,0.9707922339439392,0.9515011310577393,[2.0718 1.7260 0.3975 0.3267 0.3173 0.2528 0.4052 0.1872 0.1306 0.1789 0.1348 0.0954 0.0783 0.0966 0.1318 0.0874 0.1066 0.0788 0.1177 0.1281 0.0552 0.0808 0.0663 0.0593 0.0621 0.0422 0.0734 0.0887 0.0403 0.0925 0.0371 0.0638 0.0764 0.0286 0.0448 0.0534 0.0526 0.0288 0.0616 0.0277 0.0352 0.0274 0.0239 0.0246 0.0229 0.0286 0.0199 0.0263 0.0224 0.0183 0.0595 0.0397 0.0225 0.0360 0.0426 0.0234 0.0217 0.0142 0.0129 0.0318 0.0123 0.0427 0.0702 0.0282 0.0174 0.0401 0.0108 0.0075 0.0101 0.0094 0.0163 0.0087 0.0080 0.0098 0.0079 0.0483 0.0081 0.0098 0.0099 0.0087 0.0072 0.0126 0.0071 0.0074 0.0045 0.0070 0.0153 0.0297 0.0314 0.0049 0.0128 0.0078 0.0058 0.0100 0.0231 0.0071 0.0105 0.0064 0.0312 0.0052],[2.0628 1.6897 0.4074 0.3767 0.3477 0.3101 0.4821 0.2455 0.1960 0.2298 0.2096 0.1570 0.1430 0.1770 0.1935 0.1713 0.2096 0.1727 0.2150 0.2195 0.1481 0.1704 0.1640 0.1539 0.1721 0.1351 0.1708 0.2176 0.1364 0.2010 0.1438 0.1892 0.1988 0.1226 0.1554 0.1635 0.1640 0.1361 0.1885 0.1382 0.1677 0.1554 0.1345 0.1588 0.1561 0.1617 0.1492 0.1689 0.1537 0.1658 0.2646 0.1855 0.1710 0.1980 0.1960 0.1940 0.1685 0.1672 0.1551 0.2089 0.1455 0.2175 0.2269 0.2024 0.1833 0.2295 0.1617 0.1449 0.1802 0.1514 0.1993 0.1520 0.1598 0.1691 0.1587 0.2368 0.1805 0.1817 0.1726 0.1392 0.1427 0.2286 0.1613 0.1679 0.1686 0.1651 0.1826 0.2646 0.2621 0.1615 0.1961 0.1725 0.1685 0.1860 0.2402 0.1764 0.2063 0.1796 0.2618 0.1872],[1.9726 1.4254 0.5263 0.2985 0.2412 0.2085 0.1878 0.1736 0.1608 0.1486 0.1419 0.1340 0.1244 0.1207 0.1145 0.1087 0.1064 0.1014 0.0988 0.0925 0.0909 0.0881 0.0841 0.0816 0.0810 0.0787 0.0755 0.0723 0.0712 0.0694 0.0673 0.0669 0.0641 0.0626 0.0617 0.0591 0.0588 0.0566 0.0561 0.0533 0.0532 0.0504 0.0507 0.0505 0.0483 0.0477 0.0483 0.0465 0.0451 0.0426 0.0422 0.0414 0.0412 0.0413 0.0397 0.0410 0.0375 0.0376 0.0373 0.0355 0.0356 0.0356 0.0354 0.0351 0.0328 0.0321 0.0318 0.0334 0.0325 0.0309 0.0312 0.0296 0.0299 0.0308 0.0279 0.0291 0.0300 0.0277 0.0272 0.0287 0.0275 0.0274 0.0269 0.0249 0.0260 0.0253 0.0250 0.0247 0.0239 0.0233 0.0247 0.0235 0.0222 0.0232 0.0235 0.0236 0.0226 0.0216 0.0216 0.0214]
