train_acc,valid_acc,test_acc,train_loss,valid_loss,train_aug_loss
0.9902448058128357,0.9686017036437988,0.9509238004684448,[3.0346 0.7576 0.4127 0.2392 0.2233 0.1941 0.2654 0.1543 0.1424 0.1917 0.1157 0.0975 0.1162 0.0918 0.1060 0.1158 0.0816 0.1596 0.0800 0.1011 0.0977 0.0776 0.0701 0.0853 0.0757 0.0625 0.1461 0.0715 0.0530 0.0921 0.0555 0.0551 0.0489 0.0654 0.0558 0.0601 0.0946 0.0510 0.0450 0.0442 0.0609 0.0520 0.0689 0.0438 0.0727 0.0580 0.0424 0.0379 0.0393 0.0454 0.0863 0.0328 0.0587 0.0294 0.0339 0.0306 0.0347 0.0338 0.0323 0.0314 0.0377 0.0254 0.0453 0.0233 0.0314 0.0275 0.0255 0.0220 0.0376 0.0213 0.0312 0.0294 0.0232 0.0222 0.0284 0.0193 0.0224 0.0185 0.0241 0.0171 0.0217 0.0241 0.0558 0.0206 0.0204 0.0279 0.0255 0.0188 0.0141 0.0393 0.0163 0.0244 0.0159 0.0379 0.0372 0.0148 0.0251 0.0178 0.0141 0.0175],[2.8473 0.7186 0.4438 0.2694 0.2553 0.2192 0.3037 0.1878 0.1825 0.2379 0.1608 0.1331 0.1576 0.1344 0.1517 0.1793 0.1380 0.2471 0.1472 0.1889 0.1734 0.1491 0.1287 0.1542 0.1483 0.1268 0.2330 0.1425 0.1153 0.1748 0.1221 0.1338 0.1091 0.1500 0.1308 0.1294 0.2029 0.1247 0.1231 0.1256 0.1647 0.1412 0.1860 0.1258 0.1588 0.1462 0.1304 0.1308 0.1299 0.1345 0.1977 0.1107 0.1741 0.1058 0.1283 0.1092 0.1254 0.1313 0.1329 0.1237 0.1400 0.1115 0.1555 0.1090 0.1270 0.1267 0.1142 0.1121 0.1616 0.1132 0.1499 0.1470 0.1358 0.1199 0.1387 0.1249 0.1396 0.1114 0.1379 0.1134 0.1458 0.1478 0.2141 0.1226 0.1265 0.1586 0.1517 0.1272 0.1189 0.1911 0.1356 0.1484 0.1235 0.1771 0.1775 0.1093 0.1614 0.1507 0.1211 0.1432],[1.9947 1.2920 0.5196 0.3826 0.3378 0.3009 0.2773 0.2573 0.2469 0.2345 0.2244 0.2177 0.2082 0.1994 0.1930 0.1879 0.1817 0.1735 0.1730 0.1644 0.1636 0.1604 0.1547 0.1528 0.1497 0.1451 0.1427 0.1386 0.1378 0.1335 0.1335 0.1327 0.1266 0.1230 0.1240 0.1242 0.1208 0.1208 0.1183 0.1161 0.1139 0.1109 0.1089 0.1105 0.1075 0.1047 0.1033 0.1035 0.1027 0.1014 0.0993 0.0973 0.0960 0.0960 0.0970 0.0943 0.0929 0.0920 0.0895 0.0884 0.0887 0.0899 0.0867 0.0850 0.0857 0.0836 0.0807 0.0825 0.0834 0.0815 0.0813 0.0784 0.0778 0.0802 0.0775 0.0754 0.0785 0.0742 0.0748 0.0739 0.0750 0.0740 0.0723 0.0716 0.0728 0.0696 0.0699 0.0677 0.0687 0.0691 0.0686 0.0674 0.0680 0.0677 0.0653 0.0662 0.0640 0.0662 0.0652 0.0639]
