train_acc,valid_acc,test_acc,train_loss,valid_loss,train_aug_loss
0.988152027130127,0.9726177453994751,0.9465935230255127,[2.1521 1.0254 0.4313 0.2618 0.2295 0.2116 0.1554 0.1778 0.1301 0.1332 0.1267 0.1306 0.1328 0.1037 0.1096 0.0965 0.0936 0.0835 0.0876 0.1103 0.1015 0.0936 0.0679 0.0760 0.0770 0.0652 0.0629 0.0588 0.1152 0.0709 0.0581 0.0527 0.0608 0.0514 0.0557 0.0461 0.1129 0.0505 0.0472 0.0419 0.0804 0.0574 0.0468 0.0410 0.0368 0.0620 0.0364 0.0336 0.0450 0.0474 0.0471 0.0426 0.0673 0.0321 0.0325 0.0391 0.0529 0.0285 0.0284 0.0323 0.0275 0.0250 0.0391 0.0253 0.0261 0.0528 0.0241 0.0371 0.0293 0.0294 0.0228 0.0280 0.0334 0.0246 0.0213 0.0364 0.0282 0.0185 0.0350 0.0288 0.0194 0.0183 0.0215 0.0364 0.0175 0.0228 0.0781 0.0273 0.0192 0.0203 0.0181 0.0137 0.0164 0.0189 0.0229 0.0167 0.0376 0.0172 0.0174 0.0266],[2.1057 1.0196 0.4441 0.2839 0.2337 0.2083 0.1482 0.1846 0.1504 0.1577 0.1465 0.1532 0.1789 0.1243 0.1298 0.1159 0.1081 0.1095 0.1199 0.1690 0.1546 0.1228 0.1033 0.1232 0.1122 0.1077 0.1117 0.1018 0.1840 0.1278 0.1071 0.0990 0.1202 0.1031 0.1230 0.0923 0.2055 0.1085 0.1063 0.0902 0.1584 0.1353 0.1149 0.0983 0.0881 0.1455 0.0983 0.1002 0.1229 0.1300 0.1337 0.1228 0.1740 0.0981 0.0951 0.1227 0.1504 0.1038 0.0959 0.1036 0.1007 0.1005 0.1152 0.1039 0.1011 0.1543 0.1015 0.1399 0.1042 0.1073 0.0942 0.1058 0.1290 0.1048 0.0999 0.1404 0.1196 0.0919 0.1419 0.1286 0.0929 0.0924 0.1083 0.1507 0.0967 0.1112 0.2086 0.1417 0.1026 0.1161 0.0981 0.0955 0.0953 0.1128 0.1224 0.0950 0.1545 0.1067 0.1091 0.1266],[1.9970 1.2171 0.5081 0.3735 0.3234 0.2901 0.2700 0.2527 0.2391 0.2301 0.2165 0.2087 0.2027 0.1935 0.1881 0.1825 0.1766 0.1708 0.1711 0.1657 0.1582 0.1541 0.1528 0.1495 0.1458 0.1465 0.1406 0.1384 0.1351 0.1327 0.1307 0.1303 0.1285 0.1263 0.1217 0.1217 0.1193 0.1179 0.1177 0.1137 0.1118 0.1108 0.1101 0.1074 0.1052 0.1070 0.1043 0.1009 0.0997 0.1009 0.0973 0.0977 0.0961 0.0940 0.0964 0.0937 0.0944 0.0911 0.0904 0.0877 0.0876 0.0891 0.0851 0.0856 0.0862 0.0840 0.0822 0.0807 0.0838 0.0808 0.0807 0.0801 0.0792 0.0776 0.0755 0.0770 0.0771 0.0767 0.0720 0.0750 0.0749 0.0730 0.0728 0.0717 0.0711 0.0697 0.0705 0.0697 0.0681 0.0695 0.0654 0.0654 0.0681 0.0679 0.0644 0.0644 0.0652 0.0638 0.0631 0.0635]
