train_acc,valid_acc,test_acc,train_loss,valid_loss,train_aug_loss
0.9920123815536499,0.974443256855011,0.9448614120483398,[2.2251 2.2438 0.6598 0.4648 0.2007 0.1596 0.2371 0.1399 0.1109 0.0898 0.1277 0.0840 0.0981 0.0861 0.0719 0.0940 0.0772 0.0905 0.0732 0.0670 0.1190 0.0478 0.0597 0.0520 0.0632 0.1011 0.0450 0.0591 0.0339 0.0430 0.0654 0.1056 0.0475 0.0318 0.0350 0.0315 0.0889 0.0285 0.0256 0.0263 0.0580 0.0341 0.0227 0.0614 0.0413 0.0535 0.0201 0.0213 0.0155 0.0216 0.0189 0.0163 0.0185 0.0166 0.0259 0.0116 0.0138 0.0142 0.0231 0.0271 0.0102 0.1184 0.0193 0.0104 0.0181 0.0151 0.0108 0.0189 0.0182 0.0304 0.0103 0.0115 0.0118 0.0142 0.0141 0.0140 0.0228 0.0071 0.0106 0.0096 0.0060 0.0085 0.0068 0.0071 0.0158 0.0084 0.0281 0.0086 0.0053 0.0097 0.0084 0.0043 0.1932 0.0064 0.0102 0.0059 0.0203 0.0043 0.0071 0.0057],[2.1596 2.3666 0.6935 0.4718 0.2015 0.1629 0.2502 0.1955 0.1223 0.1297 0.1886 0.1141 0.1319 0.1284 0.1102 0.1311 0.1326 0.1450 0.1327 0.1275 0.1740 0.1028 0.1103 0.1243 0.1445 0.2329 0.1163 0.1351 0.0953 0.1127 0.1384 0.1767 0.1326 0.1085 0.1000 0.1093 0.1865 0.1215 0.1041 0.0946 0.1690 0.1294 0.0883 0.1944 0.1331 0.1707 0.1140 0.1024 0.1043 0.1095 0.1105 0.1098 0.1095 0.0910 0.1207 0.1104 0.1076 0.1018 0.1477 0.1697 0.1018 0.2357 0.1334 0.1151 0.1213 0.1432 0.1052 0.1399 0.1261 0.1608 0.1206 0.1201 0.1024 0.1404 0.1441 0.1347 0.1527 0.1013 0.1333 0.1261 0.1063 0.1118 0.0992 0.1306 0.1640 0.1130 0.1648 0.1330 0.1167 0.1223 0.1355 0.1152 0.4332 0.1446 0.1267 0.1239 0.1688 0.1090 0.1233 0.1281],[2.0008 1.4376 0.5468 0.2915 0.2352 0.2037 0.1841 0.1684 0.1569 0.1479 0.1373 0.1349 0.1254 0.1192 0.1139 0.1110 0.1068 0.1017 0.0982 0.0940 0.0920 0.0878 0.0864 0.0811 0.0800 0.0769 0.0759 0.0741 0.0709 0.0701 0.0677 0.0645 0.0633 0.0618 0.0617 0.0578 0.0574 0.0550 0.0542 0.0533 0.0527 0.0522 0.0515 0.0491 0.0464 0.0482 0.0469 0.0459 0.0435 0.0441 0.0425 0.0413 0.0430 0.0392 0.0394 0.0387 0.0382 0.0380 0.0377 0.0345 0.0370 0.0348 0.0368 0.0336 0.0336 0.0336 0.0318 0.0309 0.0308 0.0316 0.0288 0.0316 0.0306 0.0293 0.0274 0.0281 0.0269 0.0293 0.0263 0.0272 0.0271 0.0271 0.0266 0.0250 0.0233 0.0240 0.0244 0.0243 0.0219 0.0241 0.0235 0.0221 0.0231 0.0207 0.0221 0.0227 0.0221 0.0203 0.0208 0.0213]
