train_acc,valid_acc,test_acc,train_loss,valid_loss,train_aug_loss
0.9883270859718323,0.9729828238487244,0.9448614120483398,[5.6115 2.6256 0.3745 0.2616 0.2278 0.1783 0.1467 0.2393 0.1281 0.1420 0.1148 0.1059 0.1170 0.1069 0.1029 0.1287 0.0898 0.1495 0.0754 0.0903 0.0788 0.0998 0.0740 0.1001 0.1077 0.1026 0.0607 0.0594 0.0606 0.0731 0.0863 0.0609 0.0555 0.0507 0.0599 0.0458 0.0580 0.0611 0.0488 0.0657 0.0468 0.0429 0.0358 0.0509 0.0495 0.0434 0.0498 0.0354 0.0349 0.0478 0.0386 0.0375 0.0712 0.0372 0.0351 0.0326 0.0300 0.0312 0.0378 0.0259 0.0281 0.0287 0.0447 0.0268 0.0281 0.0376 0.0440 0.0341 0.0309 0.0349 0.0316 0.0272 0.0243 0.0198 0.0285 0.0231 0.0346 0.0181 0.0301 0.0277 0.0485 0.0247 0.0196 0.0393 0.0338 0.0160 0.0393 0.0142 0.0167 0.0318 0.0543 0.0353 0.0181 0.0192 0.0262 0.0162 0.0413 0.0129 0.0200 0.0155],[5.2317 2.3228 0.4029 0.2984 0.2676 0.2183 0.1718 0.2953 0.1544 0.1831 0.1457 0.1401 0.1620 0.1503 0.1434 0.1955 0.1350 0.2333 0.1220 0.1427 0.1209 0.1686 0.1289 0.1677 0.1755 0.1882 0.1227 0.1136 0.1217 0.1492 0.1636 0.1202 0.1285 0.1086 0.1303 0.1133 0.1375 0.1406 0.1224 0.1428 0.1219 0.1140 0.0957 0.1274 0.1401 0.1242 0.1386 0.1046 0.1183 0.1407 0.1342 0.1194 0.1914 0.1266 0.1244 0.1199 0.1034 0.1175 0.1358 0.1098 0.1139 0.1157 0.1511 0.1103 0.1203 0.1232 0.1538 0.1362 0.1260 0.1308 0.1335 0.1330 0.1090 0.1022 0.1325 0.1237 0.1408 0.1086 0.1331 0.1349 0.1787 0.1354 0.1174 0.1774 0.1542 0.1057 0.1762 0.0967 0.1056 0.1462 0.2093 0.1678 0.1215 0.1351 0.1459 0.1135 0.1764 0.1149 0.1452 0.1065],[1.9793 1.5311 0.6038 0.4023 0.3369 0.3026 0.2780 0.2594 0.2432 0.2330 0.2217 0.2144 0.2028 0.1971 0.1915 0.1831 0.1783 0.1741 0.1695 0.1652 0.1617 0.1586 0.1539 0.1526 0.1464 0.1419 0.1415 0.1416 0.1391 0.1340 0.1322 0.1289 0.1267 0.1264 0.1226 0.1232 0.1224 0.1186 0.1158 0.1143 0.1117 0.1114 0.1087 0.1074 0.1053 0.1055 0.1057 0.1021 0.1010 0.1009 0.1000 0.0970 0.0973 0.0940 0.0958 0.0928 0.0917 0.0918 0.0907 0.0888 0.0882 0.0902 0.0857 0.0857 0.0857 0.0841 0.0823 0.0834 0.0828 0.0809 0.0823 0.0775 0.0793 0.0775 0.0777 0.0779 0.0748 0.0753 0.0759 0.0740 0.0734 0.0722 0.0715 0.0703 0.0729 0.0723 0.0689 0.0697 0.0697 0.0702 0.0672 0.0670 0.0673 0.0655 0.0656 0.0655 0.0661 0.0652 0.0635 0.0642]
