train_acc,valid_acc,test_acc,train_loss,valid_loss,train_aug_loss
0.9839581251144409,0.9561883807182312,0.9408198595046997,[3.3667 3.2635 1.8127 0.9292 0.7650 1.1514 0.7111 0.6972 0.9703 0.2979 0.4529 0.4585 0.7349 0.3786 0.4316 0.2884 0.4331 0.7085 0.6847 0.1704 0.3736 0.2636 0.3505 0.3630 0.2170 0.1725 0.3321 0.0905 0.1957 0.1865 0.1390 0.1856 0.3010 0.1221 0.1484 0.1942 0.2809 0.0996 0.2479 0.2112 0.1745 0.4356 0.1949 0.0912 0.3401 0.2429 0.0907 0.3269 0.2652 0.1321 0.2121 0.2269 0.1238 0.1058 0.0476 0.0947 0.2185 0.0688 0.2757 0.0868 0.0837 0.0608 0.0634 0.1151 0.1084 0.1230 0.0998 0.0651 0.0988 0.0559 0.1338 0.1243 0.0849 0.0952 0.0963 0.0882 0.0856 0.0532 0.1075 0.1600 0.0838 0.1715 0.0870 0.0667 0.0879 0.0919 0.0499 0.2569 0.1698 0.1389 0.0692 0.2450 0.1396 0.0497 0.0907 0.1317 0.0835 0.0566 0.0729 0.1109],[3.3995 3.1107 1.8630 1.0535 0.8047 1.1093 0.7113 0.7185 0.9180 0.3362 0.5248 0.4804 0.6613 0.4175 0.4552 0.3586 0.4491 0.7372 0.6632 0.2204 0.4264 0.3525 0.3633 0.4018 0.3110 0.2329 0.3550 0.1599 0.2604 0.2699 0.2049 0.2730 0.3461 0.1925 0.2320 0.2859 0.3480 0.1640 0.2993 0.3011 0.2713 0.4464 0.2738 0.1541 0.4029 0.3327 0.1861 0.4014 0.3263 0.2266 0.3079 0.3358 0.2384 0.1979 0.1344 0.1976 0.3311 0.1635 0.3481 0.1783 0.1732 0.1416 0.1581 0.2177 0.2212 0.2534 0.1911 0.1639 0.1983 0.1544 0.2391 0.2294 0.1822 0.2077 0.2062 0.2300 0.2051 0.1484 0.2262 0.2872 0.2057 0.2943 0.1975 0.1789 0.2212 0.2094 0.1688 0.3468 0.3237 0.2619 0.2127 0.3719 0.2634 0.1638 0.2416 0.2785 0.2095 0.1896 0.2090 0.2579],[2.0537 1.7029 1.0722 0.5123 0.3946 0.3471 0.3152 0.2895 0.2694 0.2585 0.2436 0.2321 0.2216 0.2136 0.2059 0.1990 0.1909 0.1893 0.1849 0.1757 0.1721 0.1665 0.1636 0.1585 0.1568 0.1536 0.1494 0.1445 0.1463 0.1413 0.1384 0.1390 0.1330 0.1319 0.1300 0.1268 0.1250 0.1233 0.1219 0.1199 0.1162 0.1183 0.1149 0.1136 0.1115 0.1095 0.1091 0.1071 0.1069 0.1056 0.1046 0.1023 0.0982 0.1006 0.1003 0.0969 0.0967 0.0950 0.0934 0.0940 0.0917 0.0915 0.0891 0.0872 0.0887 0.0894 0.0865 0.0853 0.0870 0.0827 0.0848 0.0821 0.0800 0.0802 0.0802 0.0791 0.0779 0.0786 0.0772 0.0763 0.0736 0.0764 0.0733 0.0737 0.0733 0.0694 0.0736 0.0690 0.0707 0.0702 0.0680 0.0680 0.0674 0.0673 0.0670 0.0647 0.0667 0.0655 0.0657 0.0633]
