train_acc,valid_acc,test_acc,train_loss,valid_loss,train_aug_loss
0.9896944761276245,0.9693318605422974,0.9515011310577393,[2.2353 2.8489 0.4678 0.3751 0.2519 0.2075 0.1725 0.1685 0.1673 0.1567 0.1276 0.2202 0.2109 0.1224 0.0975 0.1006 0.0895 0.0976 0.0799 0.0821 0.0878 0.0728 0.1075 0.0748 0.1179 0.0730 0.0838 0.0804 0.0590 0.0741 0.0749 0.0648 0.0650 0.0686 0.0515 0.0538 0.0439 0.0447 0.0677 0.0647 0.0397 0.0820 0.0695 0.0453 0.0401 0.0430 0.0465 0.0623 0.0320 0.0667 0.0678 0.0290 0.0491 0.0374 0.0284 0.0291 0.0341 0.0320 0.0288 0.0456 0.0355 0.0346 0.0313 0.0339 0.0223 0.0448 0.0498 0.0218 0.0333 0.0221 0.0267 0.0193 0.0352 0.0216 0.0501 0.0302 0.0240 0.0237 0.0298 0.0185 0.0381 0.0175 0.0209 0.0152 0.0193 0.0258 0.0464 0.0283 0.0273 0.0194 0.0185 0.0243 0.0215 0.0170 0.0255 0.0158 0.0149 0.0202 0.0276 0.0198],[2.1840 2.8314 0.5103 0.3505 0.2846 0.2399 0.2150 0.2030 0.2169 0.1927 0.1757 0.2867 0.2631 0.1861 0.1498 0.1591 0.1501 0.1709 0.1461 0.1512 0.1738 0.1430 0.1961 0.1494 0.2016 0.1504 0.1643 0.1787 0.1268 0.1595 0.1741 0.1491 0.1574 0.1437 0.1352 0.1402 0.1298 0.1261 0.1635 0.1696 0.1226 0.1875 0.1784 0.1540 0.1397 0.1425 0.1524 0.1800 0.1206 0.1762 0.1714 0.1327 0.1775 0.1397 0.1334 0.1262 0.1483 0.1553 0.1436 0.1695 0.1574 0.1484 0.1531 0.1452 0.1241 0.1873 0.1757 0.1376 0.1584 0.1315 0.1451 0.1342 0.1649 0.1404 0.1969 0.1819 0.1489 0.1490 0.1685 0.1565 0.1956 0.1517 0.1568 0.1403 0.1564 0.1578 0.1796 0.1679 0.1547 0.1587 0.1577 0.1750 0.1530 0.1545 0.1620 0.1535 0.1517 0.1564 0.1973 0.1579],[2.0205 1.5917 0.7265 0.4208 0.3395 0.3037 0.2796 0.2620 0.2460 0.2344 0.2242 0.2182 0.2070 0.1979 0.1955 0.1849 0.1815 0.1764 0.1713 0.1665 0.1617 0.1584 0.1527 0.1502 0.1462 0.1466 0.1434 0.1403 0.1364 0.1342 0.1339 0.1285 0.1254 0.1258 0.1252 0.1209 0.1183 0.1187 0.1167 0.1146 0.1104 0.1099 0.1096 0.1106 0.1056 0.1046 0.1025 0.1033 0.1008 0.1019 0.1017 0.0970 0.0947 0.0966 0.0947 0.0927 0.0931 0.0914 0.0913 0.0905 0.0871 0.0872 0.0874 0.0847 0.0845 0.0829 0.0831 0.0823 0.0832 0.0791 0.0807 0.0794 0.0799 0.0778 0.0764 0.0754 0.0767 0.0752 0.0740 0.0736 0.0726 0.0718 0.0714 0.0717 0.0702 0.0718 0.0690 0.0681 0.0689 0.0703 0.0666 0.0662 0.0672 0.0652 0.0670 0.0640 0.0630 0.0658 0.0641 0.0626]
