train_acc,valid_acc,test_acc,train_loss,valid_loss,train_aug_loss
0.9905115962028503,0.9653158187866211,0.9425519704818726,[2.2454 2.0693 0.6660 0.2224 0.2193 0.1736 0.1680 0.1449 0.1297 0.1438 0.1333 0.1131 0.0951 0.1271 0.0995 0.0969 0.0857 0.0814 0.1411 0.0698 0.0999 0.0687 0.0723 0.0755 0.0633 0.0651 0.0673 0.0639 0.0573 0.0681 0.0742 0.0558 0.0705 0.0723 0.0637 0.0539 0.0587 0.0863 0.0763 0.0943 0.0442 0.0576 0.0390 0.0465 0.0403 0.0414 0.0486 0.0384 0.0329 0.0292 0.0424 0.0357 0.0468 0.0395 0.0300 0.0648 0.0418 0.0526 0.0281 0.0271 0.0274 0.0236 0.0272 0.0474 0.0293 0.0347 0.0290 0.0453 0.0243 0.0443 0.0285 0.0260 0.0219 0.0411 0.0252 0.0211 0.0430 0.0223 0.0231 0.0296 0.0261 0.0249 0.0266 0.0212 0.0160 0.0284 0.0277 0.0173 0.0142 0.0276 0.0158 0.0156 0.0214 0.0540 0.0340 0.0131 0.0193 0.0189 0.0163 0.0238],[2.1311 2.0419 0.7129 0.2476 0.2467 0.2115 0.2086 0.1959 0.1809 0.1751 0.1817 0.1632 0.1463 0.1929 0.1536 0.1573 0.1374 0.1384 0.1909 0.1260 0.1512 0.1336 0.1331 0.1419 0.1261 0.1364 0.1338 0.1420 0.1258 0.1517 0.1543 0.1230 0.1572 0.1487 0.1460 0.1279 0.1388 0.1730 0.1726 0.1943 0.1250 0.1417 0.1210 0.1371 0.1222 0.1263 0.1335 0.1211 0.1134 0.1228 0.1292 0.1188 0.1566 0.1349 0.1159 0.1774 0.1508 0.1653 0.1123 0.1291 0.1215 0.1231 0.1311 0.1564 0.1351 0.1508 0.1317 0.1559 0.1227 0.1605 0.1443 0.1436 0.1247 0.1665 0.1398 0.1267 0.1665 0.1447 0.1377 0.1572 0.1374 0.1355 0.1366 0.1301 0.1323 0.1561 0.1485 0.1403 0.1224 0.1539 0.1329 0.1234 0.1537 0.2247 0.1717 0.1352 0.1432 0.1459 0.1349 0.1658],[2.0127 1.3893 0.5507 0.3918 0.3356 0.3024 0.2787 0.2622 0.2435 0.2353 0.2231 0.2117 0.2061 0.1968 0.1884 0.1910 0.1783 0.1759 0.1674 0.1675 0.1608 0.1564 0.1535 0.1526 0.1474 0.1455 0.1414 0.1382 0.1366 0.1337 0.1299 0.1333 0.1288 0.1273 0.1227 0.1229 0.1198 0.1182 0.1175 0.1156 0.1166 0.1100 0.1121 0.1078 0.1091 0.1052 0.1033 0.1041 0.1029 0.1005 0.1000 0.0962 0.0971 0.0970 0.0957 0.0930 0.0907 0.0924 0.0901 0.0898 0.0891 0.0887 0.0872 0.0877 0.0837 0.0857 0.0863 0.0823 0.0833 0.0814 0.0799 0.0785 0.0793 0.0775 0.0768 0.0787 0.0759 0.0749 0.0763 0.0730 0.0733 0.0741 0.0740 0.0712 0.0684 0.0709 0.0713 0.0697 0.0684 0.0696 0.0691 0.0663 0.0677 0.0672 0.0651 0.0660 0.0642 0.0668 0.0637 0.0634]
