train_acc,valid_acc,test_acc,train_loss,valid_loss,train_aug_loss
0.9919540286064148,0.9700620770454407,0.9405311942100525,[2.3540 0.5047 0.3162 0.2564 0.2028 0.1939 0.1825 0.1559 0.2127 0.1242 0.1549 0.1259 0.1438 0.1561 0.0926 0.0850 0.1285 0.0759 0.2524 0.1337 0.0922 0.0793 0.1125 0.0846 0.0797 0.0674 0.0804 0.0670 0.0588 0.0603 0.0517 0.0549 0.0900 0.0454 0.0501 0.0622 0.0630 0.0516 0.0548 0.0966 0.0615 0.0475 0.0562 0.0669 0.0504 0.0617 0.0460 0.0447 0.0570 0.0500 0.0385 0.0895 0.0348 0.0343 0.0461 0.0273 0.0449 0.0422 0.0313 0.0310 0.0301 0.0289 0.0311 0.0262 0.0381 0.0650 0.0417 0.0880 0.0361 0.0237 0.0364 0.0274 0.0468 0.0317 0.0266 0.0497 0.0259 0.0352 0.0228 0.0209 0.0192 0.0179 0.0195 0.0433 0.0278 0.0158 0.0248 0.0211 0.0220 0.0150 0.0211 0.0197 0.0169 0.0198 0.0298 0.0170 0.0210 0.0269 0.0163 0.0249],[2.2660 0.5266 0.3486 0.2761 0.2409 0.2296 0.2090 0.2133 0.2873 0.1827 0.1957 0.2061 0.2147 0.2333 0.1477 0.1512 0.2126 0.1366 0.3274 0.2229 0.1771 0.1504 0.2102 0.1776 0.1596 0.1488 0.1619 0.1475 0.1484 0.1578 0.1331 0.1473 0.1751 0.1292 0.1400 0.1663 0.1747 0.1547 0.1461 0.2109 0.1771 0.1461 0.1627 0.1976 0.1663 0.1827 0.1538 0.1517 0.1786 0.1611 0.1526 0.2324 0.1519 0.1352 0.1565 0.1224 0.1689 0.1568 0.1251 0.1315 0.1484 0.1386 0.1439 0.1368 0.1675 0.1993 0.1745 0.2366 0.1537 0.1219 0.1756 0.1540 0.1866 0.1575 0.1517 0.2056 0.1549 0.1669 0.1421 0.1471 0.1338 0.1353 0.1257 0.1851 0.1596 0.1304 0.1593 0.1463 0.1512 0.1440 0.1446 0.1529 0.1327 0.1502 0.1796 0.1523 0.1541 0.1737 0.1430 0.1608],[2.0126 1.2436 0.5152 0.3977 0.3374 0.3047 0.2800 0.2601 0.2429 0.2351 0.2280 0.2113 0.2075 0.1971 0.1915 0.1847 0.1789 0.1745 0.1713 0.1648 0.1625 0.1564 0.1547 0.1540 0.1466 0.1460 0.1398 0.1401 0.1364 0.1366 0.1335 0.1315 0.1279 0.1274 0.1239 0.1224 0.1177 0.1194 0.1164 0.1163 0.1129 0.1122 0.1103 0.1093 0.1079 0.1066 0.1063 0.1013 0.1037 0.1018 0.0996 0.0998 0.0974 0.0968 0.0959 0.0950 0.0935 0.0937 0.0936 0.0914 0.0891 0.0888 0.0873 0.0867 0.0879 0.0837 0.0827 0.0832 0.0849 0.0808 0.0819 0.0822 0.0804 0.0784 0.0784 0.0760 0.0778 0.0788 0.0740 0.0752 0.0753 0.0754 0.0739 0.0735 0.0716 0.0725 0.0719 0.0706 0.0702 0.0690 0.0681 0.0685 0.0650 0.0685 0.0668 0.0649 0.0670 0.0655 0.0657 0.0661]
