train_acc,valid_acc,test_acc,train_loss,valid_loss,train_aug_loss
0.9888273477554321,0.9718875288963318,0.9428406357765198,[2.1968 0.7940 0.2692 0.2176 0.2195 0.1361 0.1294 0.1298 0.1182 0.1199 0.1568 0.0984 0.0948 0.0895 0.0768 0.0934 0.0539 0.0578 0.0861 0.0593 0.0458 0.0476 0.0482 0.0417 0.0352 0.0329 0.0468 0.0317 0.0333 0.0289 0.0730 0.0301 0.0217 0.0405 0.0339 0.0225 0.0256 0.0224 0.0215 0.0294 0.0545 0.0195 0.0176 0.0206 0.0197 0.0192 0.0138 0.0150 0.0167 0.0144 0.0130 0.0106 0.0130 0.0138 0.0102 0.0112 0.0087 0.0098 0.0143 0.0088 0.0092 0.0112 0.0086 0.0145 0.0068 0.0112 0.0096 0.0086 0.0070 0.0072 0.0080 0.0063 0.0135 0.0064 0.0072 0.0060 0.0049 0.0055 0.0061 0.0057 0.0051 0.0054 0.0042 0.0051 0.0047 0.0055 0.0039 0.0039 0.0043 0.0067 0.0039 0.0033 0.0058 0.0038 0.0042 0.0049 0.0040 0.0033 0.0022 0.0027],[2.1674 0.8190 0.3208 0.2807 0.2827 0.1732 0.1694 0.1800 0.1663 0.1627 0.2295 0.1556 0.1838 0.1443 0.1643 0.1801 0.1400 0.1491 0.1710 0.1507 0.1414 0.1467 0.1347 0.1299 0.1143 0.1188 0.1584 0.1257 0.1378 0.1319 0.2011 0.1339 0.1217 0.1533 0.1653 0.1468 0.1592 0.1394 0.1556 0.1929 0.2562 0.1415 0.1543 0.1462 0.1636 0.1763 0.1588 0.1501 0.1504 0.1595 0.1680 0.1709 0.1555 0.1760 0.1583 0.1584 0.1583 0.1647 0.1963 0.1717 0.1672 0.1764 0.1842 0.2153 0.1907 0.1984 0.1763 0.2058 0.1768 0.2043 0.2159 0.1966 0.2376 0.1923 0.1902 0.1650 0.2067 0.1904 0.1837 0.1916 0.1946 0.1947 0.1746 0.2011 0.2019 0.2048 0.1868 0.2093 0.1809 0.2245 0.2042 0.2053 0.2098 0.2023 0.2110 0.2143 0.2167 0.1984 0.2206 0.2184],[1.9785 0.9806 0.3802 0.2820 0.2423 0.2147 0.1936 0.1778 0.1642 0.1559 0.1461 0.1383 0.1319 0.1233 0.1171 0.1121 0.1079 0.1039 0.0983 0.0962 0.0952 0.0911 0.0859 0.0832 0.0812 0.0781 0.0760 0.0755 0.0743 0.0703 0.0696 0.0672 0.0652 0.0624 0.0602 0.0599 0.0596 0.0558 0.0557 0.0547 0.0535 0.0525 0.0525 0.0507 0.0490 0.0489 0.0464 0.0454 0.0444 0.0432 0.0430 0.0418 0.0412 0.0409 0.0389 0.0396 0.0396 0.0398 0.0358 0.0377 0.0358 0.0363 0.0349 0.0341 0.0339 0.0351 0.0317 0.0324 0.0308 0.0324 0.0299 0.0299 0.0294 0.0295 0.0294 0.0283 0.0281 0.0289 0.0276 0.0260 0.0269 0.0267 0.0267 0.0255 0.0271 0.0242 0.0239 0.0244 0.0236 0.0241 0.0230 0.0231 0.0236 0.0240 0.0220 0.0230 0.0215 0.0215 0.0217 0.0218]
