train_acc,valid_acc,test_acc,train_loss,valid_loss,train_aug_loss
0.9865344762802124,0.9762687087059021,0.9483256340026855,[2.0799 1.3040 1.0478 1.5712 0.9068 0.6115 0.3875 0.3039 0.3229 0.2612 0.2367 0.2687 0.1930 0.2352 0.2551 0.1002 0.1587 0.2387 0.1189 0.1467 0.1239 0.1551 0.1871 0.1201 0.0898 0.1009 0.1756 0.1629 0.1614 0.0823 0.0801 0.1477 0.0747 0.1389 0.1466 0.1670 0.1257 0.0913 0.0589 0.0957 0.0410 0.1155 0.0847 0.0502 0.0870 0.1306 0.0866 0.0817 0.1271 0.0898 0.0866 0.0831 0.0713 0.0978 0.0625 0.0421 0.0774 0.1304 0.0619 0.0802 0.0721 0.0534 0.0693 0.0275 0.0994 0.0570 0.0728 0.0372 0.0244 0.0539 0.0916 0.0412 0.0826 0.0268 0.0575 0.0369 0.0547 0.0371 0.0231 0.0319 0.0381 0.0421 0.0537 0.0323 0.0261 0.0992 0.0864 0.1006 0.0316 0.0966 0.0240 0.1043 0.0805 0.0388 0.0202 0.0229 0.0275 0.0461 0.0143 0.0310],[2.0828 1.3926 1.0040 1.7067 1.0585 0.6670 0.4704 0.3712 0.4209 0.3320 0.3105 0.3629 0.2582 0.3370 0.3454 0.1428 0.2423 0.3265 0.1891 0.2385 0.2010 0.2461 0.2929 0.2013 0.1616 0.1829 0.2768 0.2669 0.2624 0.1665 0.1620 0.2529 0.1624 0.2569 0.2407 0.2658 0.2452 0.2002 0.1402 0.2013 0.1036 0.2250 0.1744 0.1398 0.2080 0.2446 0.2009 0.1918 0.2734 0.2085 0.1909 0.2039 0.1815 0.2059 0.1805 0.1176 0.1929 0.2622 0.1541 0.1931 0.2013 0.1711 0.1794 0.1117 0.2362 0.1685 0.1659 0.1522 0.1100 0.1891 0.2316 0.1436 0.2335 0.1322 0.1853 0.1397 0.1959 0.1529 0.1146 0.1411 0.1641 0.1618 0.1931 0.1360 0.1443 0.2635 0.2377 0.2545 0.1529 0.2659 0.1318 0.2763 0.2262 0.1694 0.1606 0.1510 0.1572 0.1975 0.1082 0.1665],[2.0001 1.6268 1.0715 0.4723 0.3475 0.2971 0.2750 0.2525 0.2364 0.2263 0.2160 0.2037 0.1939 0.1885 0.1812 0.1768 0.1702 0.1631 0.1614 0.1573 0.1544 0.1492 0.1469 0.1413 0.1394 0.1381 0.1354 0.1339 0.1298 0.1248 0.1273 0.1257 0.1197 0.1206 0.1168 0.1157 0.1139 0.1113 0.1096 0.1085 0.1077 0.1072 0.1034 0.1020 0.1005 0.1021 0.0972 0.0987 0.0961 0.0939 0.0949 0.0929 0.0921 0.0910 0.0899 0.0883 0.0876 0.0880 0.0864 0.0849 0.0841 0.0834 0.0825 0.0830 0.0815 0.0796 0.0824 0.0780 0.0778 0.0776 0.0751 0.0765 0.0747 0.0758 0.0736 0.0737 0.0722 0.0716 0.0720 0.0719 0.0694 0.0712 0.0684 0.0676 0.0675 0.0681 0.0668 0.0660 0.0662 0.0647 0.0678 0.0633 0.0643 0.0625 0.0632 0.0611 0.0626 0.0602 0.0621 0.0611]
