train_acc,valid_acc,test_acc,train_loss,valid_loss,train_aug_loss
0.9850253462791443,0.9678714871406555,0.9483256340026855,[2.0805 1.8456 1.3804 0.4340 0.2577 0.2300 0.1758 0.2306 0.3427 0.1582 0.1295 0.1331 0.1496 0.1211 0.1247 0.1047 0.1323 0.1704 0.1374 0.1185 0.1352 0.1171 0.1239 0.0771 0.0801 0.1534 0.0693 0.0879 0.0614 0.1193 0.0754 0.0816 0.0568 0.0656 0.0800 0.0648 0.0750 0.0660 0.0664 0.0553 0.0668 0.0511 0.1150 0.0515 0.0839 0.0640 0.0819 0.0755 0.0795 0.0503 0.0487 0.0395 0.0673 0.0487 0.0418 0.0401 0.0449 0.0377 0.0334 0.0382 0.0468 0.0646 0.0381 0.0353 0.0359 0.0324 0.0338 0.0337 0.0316 0.0308 0.0459 0.0325 0.0397 0.0353 0.0288 0.0368 0.0362 0.0291 0.0362 0.0357 0.0409 0.0257 0.0622 0.0227 0.0235 0.0242 0.0226 0.0259 0.0242 0.0368 0.0197 0.0198 0.0390 0.0198 0.0378 0.0226 0.0312 0.0516 0.0201 0.0259],[2.0756 1.8380 1.4444 0.5457 0.3038 0.2570 0.1959 0.2800 0.4020 0.1733 0.1543 0.1789 0.1955 0.1494 0.1520 0.1413 0.1938 0.2268 0.1916 0.1662 0.1985 0.1657 0.1801 0.1237 0.1231 0.2306 0.1201 0.1346 0.1087 0.1800 0.1194 0.1450 0.1131 0.1307 0.1305 0.1259 0.1392 0.1240 0.1271 0.1261 0.1441 0.1173 0.2159 0.1110 0.1682 0.1522 0.1681 0.1613 0.1651 0.1150 0.1050 0.1069 0.1563 0.1280 0.1066 0.1147 0.1170 0.1258 0.1122 0.1084 0.1241 0.1781 0.1176 0.1168 0.1114 0.1103 0.1076 0.1139 0.1053 0.1115 0.1444 0.1104 0.1416 0.1310 0.1072 0.1334 0.1246 0.1269 0.1331 0.1390 0.1556 0.1226 0.1752 0.1094 0.1290 0.1190 0.1104 0.1207 0.1224 0.1393 0.1118 0.1260 0.1527 0.1183 0.1296 0.1283 0.1391 0.1695 0.1097 0.1283],[2.0660 1.8119 1.4675 0.6775 0.4135 0.3487 0.3096 0.2887 0.2655 0.2511 0.2414 0.2284 0.2193 0.2073 0.2009 0.1953 0.1928 0.1840 0.1816 0.1736 0.1665 0.1631 0.1626 0.1580 0.1560 0.1503 0.1473 0.1434 0.1415 0.1408 0.1367 0.1318 0.1293 0.1284 0.1287 0.1245 0.1254 0.1191 0.1200 0.1172 0.1138 0.1149 0.1118 0.1101 0.1088 0.1059 0.1063 0.1052 0.1047 0.1040 0.1021 0.0987 0.0999 0.0970 0.0949 0.0957 0.0949 0.0931 0.0906 0.0895 0.0890 0.0901 0.0893 0.0875 0.0852 0.0853 0.0846 0.0830 0.0836 0.0825 0.0812 0.0801 0.0782 0.0780 0.0777 0.0763 0.0764 0.0749 0.0745 0.0729 0.0735 0.0722 0.0733 0.0722 0.0719 0.0700 0.0697 0.0689 0.0688 0.0684 0.0697 0.0667 0.0665 0.0662 0.0638 0.0657 0.0647 0.0636 0.0628 0.0636]
