train_acc,valid_acc,test_acc,train_loss,valid_loss,train_aug_loss
0.9870430827140808,0.9686017036437988,0.9425519704818726,[2.0875 1.0188 0.6878 0.6180 0.2900 0.2995 0.2642 0.2374 0.1784 0.1242 0.1368 0.1969 0.1427 0.1653 0.2613 0.1961 0.2058 0.1489 0.1366 0.1891 0.1114 0.1733 0.1880 0.1718 0.1263 0.0808 0.0614 0.1062 0.0871 0.0558 0.1902 0.0750 0.0775 0.1127 0.0644 0.1499 0.0948 0.0640 0.1344 0.0822 0.1418 0.0792 0.0863 0.1251 0.0634 0.1763 0.0407 0.1063 0.0959 0.0754 0.0799 0.1183 0.0423 0.0498 0.0667 0.0458 0.0356 0.1662 0.0532 0.1292 0.0699 0.0335 0.0650 0.0629 0.0668 0.0330 0.0470 0.0322 0.0686 0.0836 0.1768 0.0441 0.0964 0.0343 0.0396 0.0358 0.0766 0.1321 0.0443 0.0688 0.0309 0.0262 0.1332 0.0569 0.0501 0.0457 0.1410 0.0370 0.0406 0.0562 0.0931 0.0230 0.1372 0.0652 0.0534 0.0640 0.0913 0.0380 0.0614 0.0403],[2.1074 1.3362 0.8331 0.7840 0.3931 0.3945 0.3446 0.3381 0.2684 0.1853 0.2037 0.2947 0.2296 0.2517 0.4196 0.2989 0.2975 0.2471 0.2167 0.2901 0.1964 0.2644 0.2881 0.2639 0.2249 0.1580 0.1212 0.1832 0.1705 0.1208 0.3387 0.1653 0.1607 0.1991 0.1467 0.2687 0.2119 0.1409 0.2653 0.1858 0.2541 0.1784 0.2002 0.2513 0.1560 0.3215 0.1055 0.2408 0.2082 0.1919 0.1812 0.2356 0.1301 0.1451 0.1843 0.1380 0.1142 0.3392 0.1476 0.2855 0.1829 0.1167 0.1780 0.1756 0.1993 0.1306 0.1618 0.1245 0.1973 0.2138 0.3709 0.1445 0.2474 0.1383 0.1462 0.1378 0.2240 0.2996 0.1705 0.2097 0.1273 0.1190 0.3003 0.1801 0.1695 0.1676 0.3121 0.1527 0.1621 0.1886 0.2713 0.1364 0.3138 0.2018 0.1903 0.2179 0.2560 0.1581 0.1896 0.1620],[1.9184 0.9803 0.4469 0.3428 0.3011 0.2736 0.2568 0.2424 0.2306 0.2185 0.2109 0.2023 0.1985 0.1885 0.1859 0.1820 0.1770 0.1687 0.1671 0.1640 0.1591 0.1566 0.1559 0.1532 0.1477 0.1462 0.1443 0.1415 0.1366 0.1353 0.1353 0.1331 0.1333 0.1271 0.1277 0.1251 0.1228 0.1228 0.1210 0.1209 0.1193 0.1167 0.1146 0.1117 0.1134 0.1113 0.1100 0.1073 0.1089 0.1062 0.1080 0.1036 0.1014 0.1031 0.1010 0.1016 0.1000 0.0994 0.0979 0.0980 0.0965 0.0968 0.0949 0.0938 0.0934 0.0930 0.0935 0.0896 0.0919 0.0896 0.0897 0.0893 0.0879 0.0876 0.0862 0.0880 0.0858 0.0858 0.0849 0.0859 0.0868 0.0855 0.0825 0.0833 0.0824 0.0813 0.0785 0.0812 0.0812 0.0788 0.0770 0.0812 0.0772 0.0769 0.0799 0.0757 0.0762 0.0766 0.0742 0.0774]
