train_acc,valid_acc,test_acc,train_loss,valid_loss,train_aug_loss
0.9896111488342285,0.9759036302566528,0.9497690796852112,[2.0951 1.7714 0.5306 0.4147 0.2838 0.2287 0.2629 0.2377 0.2081 0.1684 0.1498 0.1552 0.2210 0.1285 0.1291 0.1166 0.1298 0.1366 0.1236 0.1091 0.0943 0.0877 0.1091 0.1399 0.0870 0.0768 0.0664 0.0815 0.0970 0.0776 0.0944 0.0721 0.1040 0.0740 0.0754 0.1595 0.0608 0.0605 0.1181 0.0871 0.0645 0.0488 0.0528 0.0899 0.0631 0.0633 0.0550 0.0459 0.0646 0.0624 0.0575 0.0454 0.0426 0.0667 0.0667 0.0413 0.0339 0.0461 0.0350 0.0487 0.0426 0.0468 0.0417 0.0338 0.0415 0.0694 0.0333 0.0355 0.0298 0.0496 0.0552 0.0349 0.0343 0.0254 0.0298 0.0539 0.0254 0.0272 0.0504 0.0319 0.0410 0.0318 0.0246 0.0403 0.0206 0.0271 0.0285 0.0212 0.0304 0.0368 0.0406 0.0177 0.0659 0.0301 0.0382 0.0252 0.0242 0.0455 0.0322 0.0235],[2.0817 1.8508 0.5817 0.4297 0.3128 0.2671 0.3248 0.2936 0.2555 0.2083 0.1726 0.1923 0.2596 0.1567 0.1757 0.1645 0.1666 0.1974 0.1838 0.1674 0.1349 0.1391 0.1628 0.1759 0.1308 0.1245 0.1042 0.1311 0.1563 0.1320 0.1705 0.1311 0.1861 0.1269 0.1480 0.2439 0.1144 0.1232 0.2211 0.1742 0.1106 0.0939 0.1025 0.1377 0.1248 0.1356 0.1117 0.0978 0.1687 0.1471 0.1455 0.1181 0.1020 0.1645 0.1557 0.1079 0.0875 0.1165 0.1081 0.1092 0.1208 0.1367 0.1318 0.1052 0.1160 0.1730 0.1011 0.1138 0.1032 0.1521 0.1577 0.1077 0.1146 0.0910 0.1009 0.1643 0.0949 0.1157 0.1734 0.1256 0.1510 0.1240 0.0997 0.1586 0.0975 0.1011 0.1105 0.1001 0.1173 0.1469 0.1582 0.1034 0.1988 0.1281 0.1403 0.1241 0.1122 0.1694 0.1152 0.1225],[2.0727 1.7224 1.0320 0.5061 0.3912 0.3400 0.3051 0.2856 0.2632 0.2521 0.2363 0.2262 0.2194 0.2088 0.2026 0.1925 0.1888 0.1821 0.1767 0.1746 0.1711 0.1651 0.1585 0.1552 0.1522 0.1498 0.1469 0.1452 0.1397 0.1383 0.1347 0.1319 0.1308 0.1284 0.1268 0.1239 0.1202 0.1217 0.1187 0.1201 0.1149 0.1140 0.1113 0.1111 0.1090 0.1067 0.1044 0.1045 0.1046 0.1006 0.0988 0.0976 0.0988 0.0948 0.0956 0.0941 0.0925 0.0926 0.0892 0.0896 0.0907 0.0886 0.0856 0.0871 0.0842 0.0840 0.0845 0.0823 0.0783 0.0805 0.0809 0.0803 0.0790 0.0771 0.0756 0.0749 0.0756 0.0737 0.0747 0.0749 0.0736 0.0716 0.0717 0.0713 0.0707 0.0679 0.0704 0.0661 0.0683 0.0679 0.0662 0.0650 0.0663 0.0643 0.0639 0.0615 0.0626 0.0622 0.0634 0.0620]
