train_acc,valid_acc,test_acc,train_loss,valid_loss,train_aug_loss
0.9823405742645264,0.9704271554946899,0.9480369687080383,[2.0864 1.2473 0.4391 0.2833 0.3078 0.1919 0.2138 0.1315 0.2266 0.2201 0.1434 0.4125 0.1360 0.1578 0.0953 0.3137 0.1348 0.0874 0.2340 0.0862 0.1377 0.1945 0.1095 0.1746 0.0632 0.1868 0.0546 0.1006 0.0846 0.1736 0.0812 0.1453 0.0573 0.1172 0.0679 0.0898 0.0961 0.0733 0.0640 0.1234 0.0775 0.0731 0.0547 0.0783 0.0423 0.0582 0.0680 0.1211 0.0630 0.1334 0.0490 0.0839 0.1485 0.1017 0.0932 0.0353 0.1859 0.1675 0.1793 0.0643 0.0413 0.1339 0.1119 0.0885 0.0531 0.1263 0.1223 0.0578 0.0381 0.0359 0.0830 0.1042 0.0298 0.0565 0.0618 0.0304 0.0622 0.0274 0.0658 0.0699 0.0281 0.1037 0.0483 0.0562 0.0310 0.0334 0.0216 0.1628 0.0204 0.0310 0.0334 0.0391 0.0446 0.0244 0.0391 0.0874 0.0403 0.0391 0.0560 0.0485],[2.1085 1.4724 0.4973 0.3392 0.3660 0.2479 0.2650 0.1627 0.2715 0.2822 0.1859 0.4805 0.1776 0.2012 0.1302 0.3441 0.1778 0.1326 0.3210 0.1397 0.2016 0.2645 0.1583 0.2569 0.1078 0.2443 0.0957 0.1697 0.1471 0.2850 0.1427 0.2338 0.1143 0.2048 0.1304 0.1784 0.1888 0.1424 0.1301 0.2036 0.1503 0.1588 0.1274 0.1825 0.1081 0.1272 0.1453 0.2166 0.1459 0.2361 0.1127 0.1651 0.2405 0.2052 0.1951 0.0965 0.2952 0.2725 0.2834 0.1643 0.1253 0.2498 0.2042 0.1895 0.1569 0.2093 0.2401 0.1457 0.1204 0.1194 0.1949 0.2263 0.1158 0.1535 0.1720 0.1127 0.1729 0.1147 0.1924 0.1739 0.1112 0.1927 0.1544 0.1708 0.1201 0.1322 0.1058 0.3255 0.1067 0.1184 0.1435 0.1432 0.1696 0.1196 0.1362 0.2191 0.1604 0.1426 0.1759 0.1823],[1.8848 0.8841 0.4062 0.3263 0.2896 0.2649 0.2491 0.2339 0.2233 0.2142 0.2069 0.2010 0.1920 0.1876 0.1847 0.1767 0.1720 0.1686 0.1663 0.1599 0.1593 0.1544 0.1522 0.1486 0.1495 0.1441 0.1415 0.1401 0.1366 0.1346 0.1347 0.1318 0.1301 0.1275 0.1230 0.1267 0.1261 0.1241 0.1211 0.1167 0.1160 0.1162 0.1139 0.1119 0.1142 0.1086 0.1096 0.1089 0.1089 0.1071 0.1059 0.1027 0.1030 0.1016 0.0992 0.1040 0.0997 0.0983 0.0969 0.0984 0.0951 0.0952 0.0933 0.0947 0.0929 0.0901 0.0912 0.0904 0.0897 0.0888 0.0893 0.0875 0.0877 0.0852 0.0848 0.0861 0.0848 0.0849 0.0828 0.0818 0.0836 0.0831 0.0809 0.0801 0.0802 0.0781 0.0806 0.0775 0.0794 0.0790 0.0755 0.0784 0.0753 0.0743 0.0749 0.0753 0.0744 0.0737 0.0721 0.0750]
