train_acc,valid_acc,test_acc,train_loss,valid_loss,train_aug_loss
0.9899446368217468,0.9748083353042603,0.9503464102745056,[2.0888 2.2473 1.4184 0.8596 0.3593 0.2509 0.2391 0.1942 0.2600 0.1735 0.2134 0.2201 0.1602 0.1374 0.1826 0.1296 0.1821 0.1861 0.1258 0.0959 0.1241 0.1865 0.1336 0.1417 0.1083 0.0880 0.1019 0.0852 0.1033 0.1388 0.0743 0.0606 0.1242 0.0786 0.0723 0.0937 0.0894 0.0675 0.0532 0.0626 0.0744 0.0823 0.0552 0.0770 0.0595 0.0519 0.0518 0.0660 0.0596 0.0694 0.0940 0.0493 0.0597 0.0780 0.0581 0.0611 0.0532 0.0440 0.0546 0.0557 0.0535 0.0687 0.0591 0.0303 0.0416 0.0360 0.0400 0.0414 0.1080 0.0475 0.0281 0.0767 0.0437 0.0586 0.0383 0.0542 0.0283 0.0575 0.0305 0.0278 0.0382 0.0350 0.0341 0.0331 0.0292 0.0341 0.0411 0.0285 0.0229 0.0264 0.0426 0.0231 0.0343 0.0206 0.0284 0.0238 0.0254 0.0202 0.0339 0.0521],[2.0683 2.1817 1.2829 0.8060 0.3919 0.2635 0.2634 0.2191 0.2937 0.2083 0.2652 0.2482 0.1939 0.1785 0.2097 0.1784 0.2182 0.2702 0.1616 0.1418 0.1765 0.2149 0.1719 0.1895 0.1497 0.1251 0.1389 0.1286 0.1560 0.1736 0.1115 0.1063 0.1729 0.1256 0.1271 0.1375 0.1557 0.1155 0.0988 0.1173 0.1372 0.1455 0.1100 0.1511 0.1231 0.1081 0.1045 0.1339 0.1161 0.1470 0.1554 0.1085 0.1204 0.1549 0.1228 0.1426 0.1212 0.1152 0.1272 0.1410 0.1301 0.1543 0.1317 0.0849 0.1148 0.1062 0.1160 0.1227 0.2200 0.1183 0.1037 0.1688 0.1300 0.1540 0.1208 0.1516 0.1024 0.1552 0.1068 0.0956 0.1214 0.1202 0.1251 0.1146 0.1187 0.1295 0.1346 0.1191 0.0934 0.1168 0.1410 0.0953 0.1333 0.1034 0.1160 0.1113 0.1108 0.1040 0.1291 0.1600],[2.0960 1.7873 1.2937 0.6324 0.4293 0.3589 0.3181 0.2912 0.2712 0.2529 0.2391 0.2299 0.2159 0.2117 0.2050 0.1962 0.1908 0.1852 0.1794 0.1719 0.1676 0.1623 0.1625 0.1578 0.1530 0.1511 0.1475 0.1451 0.1432 0.1407 0.1393 0.1324 0.1328 0.1307 0.1279 0.1266 0.1255 0.1190 0.1182 0.1190 0.1158 0.1143 0.1135 0.1129 0.1117 0.1098 0.1079 0.1050 0.1042 0.1024 0.1015 0.1012 0.0997 0.0986 0.0955 0.0954 0.0927 0.0934 0.0923 0.0917 0.0922 0.0879 0.0896 0.0877 0.0872 0.0876 0.0848 0.0837 0.0838 0.0826 0.0834 0.0808 0.0802 0.0776 0.0797 0.0777 0.0766 0.0764 0.0797 0.0757 0.0726 0.0734 0.0718 0.0747 0.0699 0.0712 0.0722 0.0715 0.0686 0.0679 0.0679 0.0699 0.0685 0.0663 0.0656 0.0670 0.0657 0.0655 0.0646 0.0641]
