train_acc,valid_acc,test_acc,train_loss,valid_loss,train_aug_loss
0.9937049746513367,0.9718875288963318,0.9463048577308655,[2.0783 1.4998 1.0058 0.2708 0.4856 0.1647 0.1437 0.2411 0.3209 0.2552 0.1483 0.1115 0.2286 0.2054 0.1388 0.1516 0.0837 0.1679 0.1133 0.1052 0.2303 0.0915 0.2643 0.1958 0.1179 0.0569 0.1228 0.0796 0.1453 0.1215 0.0608 0.0687 0.1082 0.1309 0.1129 0.0721 0.0859 0.0918 0.0983 0.0668 0.0605 0.0433 0.1675 0.0563 0.0455 0.0509 0.1911 0.0520 0.0645 0.0392 0.0639 0.1875 0.0729 0.0675 0.0749 0.0643 0.1048 0.0831 0.1365 0.1583 0.1050 0.0682 0.1417 0.0764 0.0319 0.0999 0.0954 0.0295 0.0300 0.0330 0.0300 0.0420 0.1271 0.0325 0.1545 0.0767 0.0307 0.0397 0.0916 0.1280 0.0472 0.0824 0.0456 0.0203 0.0745 0.0556 0.0308 0.0294 0.0256 0.0196 0.1402 0.0596 0.0627 0.0704 0.0446 0.0622 0.0197 0.1466 0.0782 0.0838],[2.0798 1.5572 0.9733 0.3117 0.5208 0.1868 0.1913 0.2568 0.3790 0.3053 0.1938 0.1685 0.2935 0.2460 0.1643 0.2083 0.1297 0.2171 0.1712 0.1783 0.3348 0.1411 0.3452 0.2637 0.1917 0.1112 0.2166 0.1528 0.2580 0.2187 0.1273 0.1367 0.2051 0.2342 0.2058 0.1541 0.1655 0.1731 0.1875 0.1600 0.1462 0.1133 0.2631 0.1387 0.1142 0.1225 0.3386 0.1373 0.1619 0.1104 0.1618 0.3063 0.1849 0.1649 0.1795 0.1642 0.2082 0.2064 0.2561 0.2953 0.2177 0.1917 0.2828 0.2070 0.1141 0.2282 0.2040 0.1202 0.1200 0.1282 0.1165 0.1497 0.2693 0.1429 0.2954 0.2116 0.1265 0.1453 0.2282 0.2762 0.1630 0.2179 0.1558 0.1024 0.1953 0.1770 0.1525 0.1423 0.1294 0.1164 0.2933 0.1914 0.1818 0.2240 0.1653 0.2110 0.1234 0.3064 0.2320 0.2319],[2.0776 1.5296 0.5299 0.3472 0.2931 0.2694 0.2479 0.2287 0.2159 0.2093 0.2016 0.1909 0.1883 0.1822 0.1767 0.1687 0.1655 0.1620 0.1598 0.1566 0.1516 0.1490 0.1465 0.1438 0.1404 0.1411 0.1368 0.1328 0.1321 0.1290 0.1269 0.1237 0.1247 0.1231 0.1211 0.1188 0.1168 0.1184 0.1159 0.1134 0.1114 0.1111 0.1085 0.1062 0.1080 0.1045 0.1051 0.1021 0.1009 0.1026 0.1022 0.0985 0.0990 0.0967 0.0960 0.0965 0.0933 0.0950 0.0927 0.0921 0.0906 0.0917 0.0918 0.0888 0.0894 0.0876 0.0862 0.0864 0.0849 0.0845 0.0839 0.0845 0.0843 0.0826 0.0835 0.0822 0.0825 0.0791 0.0815 0.0809 0.0767 0.0774 0.0774 0.0762 0.0745 0.0767 0.0756 0.0784 0.0738 0.0793 0.0733 0.0734 0.0740 0.0717 0.0738 0.0722 0.0727 0.0700 0.0703 0.0709]
