train_acc,valid_acc,test_acc,train_loss,valid_loss,train_aug_loss
0.98892742395401,0.9620299339294434,0.949191689491272,[3.8593 1.1335 0.4298 0.3516 0.2552 0.2149 0.1626 0.1560 0.2442 0.1542 0.1127 0.1317 0.1242 0.1207 0.1010 0.0960 0.1016 0.1252 0.0890 0.0753 0.0961 0.0779 0.0749 0.0760 0.0771 0.0731 0.0671 0.0567 0.0564 0.0765 0.1005 0.0863 0.0783 0.0659 0.0467 0.0537 0.0641 0.0432 0.0509 0.0447 0.0408 0.0453 0.0457 0.0433 0.0431 0.0487 0.0351 0.0413 0.0412 0.0480 0.0341 0.0356 0.0401 0.0352 0.0544 0.0349 0.0311 0.0283 0.0330 0.0630 0.0308 0.0356 0.0247 0.0431 0.0389 0.0239 0.0425 0.0304 0.0292 0.0226 0.0237 0.0270 0.0302 0.0344 0.0306 0.0246 0.0260 0.0301 0.0174 0.0338 0.0237 0.0207 0.0357 0.0335 0.0232 0.0168 0.0172 0.0174 0.0145 0.0179 0.0144 0.0155 0.0271 0.0196 0.0170 0.0162 0.0133 0.0156 0.0202 0.0145],[3.5690 1.2361 0.5309 0.4401 0.3136 0.2577 0.2230 0.2183 0.3081 0.2253 0.1791 0.1853 0.1987 0.1936 0.1687 0.1570 0.1758 0.1977 0.1540 0.1337 0.1759 0.1402 0.1462 0.1504 0.1626 0.1412 0.1434 0.1240 0.1205 0.1551 0.1845 0.1820 0.1759 0.1516 0.1298 0.1358 0.1709 0.1340 0.1339 0.1268 0.1258 0.1340 0.1328 0.1306 0.1420 0.1421 0.1255 0.1374 0.1465 0.1448 0.1187 0.1275 0.1425 0.1368 0.1787 0.1528 0.1312 0.1320 0.1380 0.1871 0.1417 0.1460 0.1261 0.1689 0.1510 0.1395 0.1708 0.1385 0.1427 0.1325 0.1213 0.1457 0.1523 0.1602 0.1623 0.1438 0.1461 0.1640 0.1387 0.1722 0.1530 0.1509 0.1764 0.1728 0.1583 0.1315 0.1445 0.1326 0.1331 0.1416 0.1402 0.1501 0.1683 0.1499 0.1456 0.1528 0.1400 0.1565 0.1636 0.1476],[2.0006 1.3041 0.5277 0.3941 0.3354 0.3041 0.2781 0.2613 0.2487 0.2380 0.2226 0.2118 0.2037 0.1967 0.1896 0.1856 0.1799 0.1723 0.1697 0.1644 0.1598 0.1566 0.1537 0.1506 0.1460 0.1456 0.1413 0.1394 0.1348 0.1348 0.1306 0.1274 0.1276 0.1264 0.1222 0.1206 0.1201 0.1184 0.1175 0.1133 0.1135 0.1100 0.1101 0.1076 0.1066 0.1045 0.1045 0.1019 0.0996 0.0999 0.0984 0.0961 0.0949 0.0967 0.0967 0.0916 0.0926 0.0915 0.0911 0.0914 0.0886 0.0888 0.0900 0.0858 0.0853 0.0826 0.0829 0.0819 0.0823 0.0815 0.0808 0.0787 0.0779 0.0799 0.0783 0.0762 0.0773 0.0758 0.0735 0.0752 0.0726 0.0721 0.0716 0.0715 0.0689 0.0699 0.0693 0.0676 0.0700 0.0677 0.0684 0.0669 0.0658 0.0660 0.0666 0.0644 0.0638 0.0649 0.0653 0.0615]
