train_acc,valid_acc,test_acc,train_loss,valid_loss,train_aug_loss
0.9934131503105164,0.9671412706375122,0.9477482438087463,[2.2002 3.3414 1.0166 1.0201 0.6147 0.4350 0.6052 0.2686 0.3874 0.4770 0.3165 0.3930 0.3000 0.3825 0.2393 0.1658 0.1922 0.1560 0.2336 0.3540 0.2038 0.1857 0.1160 0.0793 0.1190 0.0741 0.0690 0.2397 0.1307 0.1183 0.1868 0.0992 0.1686 0.1178 0.2070 0.0959 0.0606 0.1209 0.0600 0.2818 0.0888 0.1698 0.1542 0.0696 0.1945 0.0718 0.0658 0.2313 0.1125 0.1324 0.0379 0.1019 0.0378 0.0893 0.0831 0.0487 0.1137 0.0571 0.0939 0.0403 0.0722 0.0455 0.0375 0.0853 0.0444 0.0909 0.0733 0.1134 0.1731 0.1045 0.0879 0.0428 0.0595 0.0381 0.0871 0.0267 0.0524 0.1213 0.2308 0.0565 0.0353 0.0421 0.0778 0.1420 0.0190 0.0720 0.0798 0.0361 0.0265 0.0290 0.0331 0.0462 0.0650 0.0274 0.0307 0.0431 0.0332 0.0703 0.0195 0.0497],[2.1824 3.3932 1.2432 1.1396 0.7821 0.5416 0.6636 0.3763 0.4932 0.5163 0.4117 0.4951 0.3895 0.4943 0.3347 0.2630 0.2873 0.2433 0.3623 0.4732 0.2811 0.2901 0.1944 0.1499 0.2102 0.1277 0.1446 0.3555 0.2459 0.2215 0.3150 0.1974 0.2924 0.2259 0.3507 0.1948 0.1526 0.2504 0.1519 0.4596 0.1961 0.3323 0.2655 0.1792 0.3581 0.1876 0.1807 0.3582 0.2406 0.2350 0.1202 0.2392 0.1224 0.2429 0.2233 0.1464 0.2512 0.1688 0.2294 0.1411 0.2168 0.1509 0.1403 0.2211 0.1573 0.2251 0.2310 0.2578 0.3808 0.2850 0.2554 0.1700 0.2028 0.1700 0.2548 0.1280 0.1862 0.3087 0.4547 0.1888 0.1763 0.1705 0.2266 0.3606 0.1191 0.2242 0.2369 0.1688 0.1545 0.1547 0.1641 0.2188 0.2467 0.1433 0.1602 0.2067 0.1816 0.2530 0.1204 0.2055],[2.0117 1.6033 0.7664 0.4059 0.3331 0.2952 0.2665 0.2511 0.2368 0.2250 0.2121 0.2047 0.1962 0.1923 0.1829 0.1762 0.1730 0.1664 0.1630 0.1598 0.1554 0.1514 0.1515 0.1474 0.1417 0.1386 0.1356 0.1359 0.1327 0.1291 0.1248 0.1258 0.1218 0.1216 0.1221 0.1161 0.1163 0.1158 0.1120 0.1078 0.1079 0.1087 0.1062 0.1053 0.1025 0.1013 0.0980 0.0993 0.0992 0.0982 0.0957 0.0937 0.0935 0.0902 0.0911 0.0890 0.0897 0.0885 0.0880 0.0853 0.0838 0.0833 0.0829 0.0828 0.0820 0.0791 0.0805 0.0812 0.0768 0.0764 0.0779 0.0767 0.0775 0.0740 0.0741 0.0737 0.0732 0.0723 0.0712 0.0704 0.0713 0.0690 0.0681 0.0669 0.0698 0.0665 0.0661 0.0664 0.0666 0.0647 0.0630 0.0637 0.0629 0.0646 0.0643 0.0618 0.0608 0.0611 0.0594 0.0605]
