train_acc,valid_acc,test_acc,train_loss,valid_loss,train_aug_loss
0.9854089021682739,0.9649507403373718,0.9442840814590454,[3.9977 2.0202 0.7062 0.2904 0.2136 0.1668 0.1793 0.1468 0.1855 0.1305 0.1072 0.1045 0.1251 0.1256 0.1142 0.1120 0.0929 0.0755 0.1129 0.1182 0.0693 0.0798 0.0873 0.0655 0.0757 0.0668 0.0576 0.0722 0.0660 0.0695 0.0771 0.0524 0.0604 0.0579 0.0544 0.0557 0.0475 0.0482 0.0427 0.0567 0.0604 0.0682 0.0447 0.0427 0.0610 0.0736 0.0326 0.0715 0.0351 0.0455 0.0429 0.0396 0.0300 0.0368 0.0370 0.0329 0.0359 0.0297 0.0411 0.0276 0.0343 0.0450 0.0304 0.0263 0.0262 0.0306 0.0249 0.0411 0.0239 0.0230 0.0391 0.0222 0.0245 0.0221 0.0388 0.0218 0.0240 0.0238 0.0345 0.0244 0.0221 0.0273 0.0264 0.0292 0.0152 0.0337 0.0208 0.0219 0.0169 0.0497 0.0181 0.0134 0.0426 0.0145 0.0151 0.0138 0.0157 0.0257 0.0329 0.0133],[3.8335 1.9635 0.7917 0.3309 0.2495 0.2053 0.2244 0.1856 0.2344 0.1833 0.1506 0.1495 0.1825 0.1878 0.1854 0.1851 0.1629 0.1346 0.1709 0.1855 0.1380 0.1538 0.1469 0.1441 0.1482 0.1419 0.1309 0.1524 0.1321 0.1470 0.1585 0.1401 0.1419 0.1618 0.1443 0.1389 0.1453 0.1435 0.1257 0.1593 0.1661 0.1822 0.1537 0.1432 0.1655 0.2052 0.1323 0.2057 0.1269 0.1525 0.1503 0.1511 0.1349 0.1516 0.1415 0.1448 0.1592 0.1401 0.1577 0.1334 0.1481 0.1816 0.1518 0.1348 0.1427 0.1494 0.1424 0.1725 0.1517 0.1406 0.1644 0.1406 0.1424 0.1365 0.1715 0.1493 0.1481 0.1494 0.1705 0.1579 0.1395 0.1635 0.1535 0.1565 0.1366 0.1865 0.1460 0.1594 0.1353 0.2304 0.1550 0.1466 0.2217 0.1588 0.1639 0.1389 0.1635 0.1798 0.2061 0.1439],[1.9923 1.4068 0.5589 0.3993 0.3387 0.3013 0.2812 0.2624 0.2476 0.2362 0.2263 0.2119 0.2049 0.1937 0.1898 0.1850 0.1795 0.1768 0.1705 0.1668 0.1608 0.1580 0.1537 0.1510 0.1481 0.1436 0.1429 0.1384 0.1362 0.1342 0.1316 0.1291 0.1279 0.1228 0.1213 0.1204 0.1188 0.1177 0.1166 0.1161 0.1121 0.1110 0.1105 0.1097 0.1054 0.1057 0.1049 0.1015 0.1000 0.1013 0.0978 0.0999 0.0978 0.0956 0.0934 0.0912 0.0923 0.0904 0.0916 0.0885 0.0882 0.0881 0.0860 0.0848 0.0838 0.0842 0.0818 0.0813 0.0814 0.0811 0.0795 0.0799 0.0804 0.0786 0.0766 0.0749 0.0746 0.0764 0.0738 0.0737 0.0740 0.0717 0.0756 0.0707 0.0700 0.0714 0.0700 0.0688 0.0703 0.0708 0.0676 0.0655 0.0661 0.0664 0.0639 0.0655 0.0639 0.0642 0.0663 0.0646]
