train_acc,valid_acc,test_acc,train_loss,valid_loss,train_aug_loss
0.9909868836402893,0.9649507403373718,0.9465935230255127,[3.6586 0.8379 0.4754 0.2891 0.3252 0.2058 0.2453 0.1840 0.1821 0.2423 0.1345 0.1223 0.1052 0.0953 0.1118 0.1034 0.1093 0.2110 0.1525 0.1094 0.0854 0.0732 0.0938 0.0886 0.0806 0.0722 0.0634 0.0683 0.0805 0.0858 0.0639 0.0511 0.0686 0.0461 0.0598 0.0468 0.0596 0.0463 0.0519 0.0732 0.0400 0.0975 0.0442 0.0663 0.0405 0.0541 0.0406 0.0440 0.0534 0.0400 0.0563 0.0622 0.0437 0.0385 0.0331 0.0380 0.0329 0.0481 0.0468 0.0324 0.0259 0.0327 0.0358 0.0370 0.0349 0.0331 0.0401 0.0296 0.0234 0.0560 0.0236 0.0294 0.0343 0.0229 0.0272 0.0284 0.0225 0.0259 0.0213 0.0185 0.0219 0.0224 0.0279 0.0236 0.0237 0.0376 0.0283 0.0262 0.0318 0.0286 0.0153 0.0175 0.0228 0.0246 0.0206 0.0152 0.0200 0.0239 0.0178 0.0187],[3.3791 0.9419 0.5677 0.3904 0.4055 0.2777 0.3494 0.2683 0.2576 0.3573 0.2238 0.2155 0.1771 0.1769 0.2073 0.1919 0.1954 0.3257 0.2546 0.2158 0.1689 0.1638 0.1855 0.1991 0.1809 0.1601 0.1498 0.1693 0.1730 0.1828 0.1647 0.1534 0.1806 0.1417 0.1590 0.1572 0.1729 0.1532 0.1610 0.1931 0.1452 0.2269 0.1550 0.1915 0.1446 0.1826 0.1583 0.1547 0.1732 0.1501 0.1823 0.1682 0.1641 0.1553 0.1439 0.1581 0.1640 0.1736 0.1694 0.1567 0.1306 0.1675 0.1632 0.1703 0.1595 0.1566 0.1883 0.1515 0.1443 0.2150 0.1476 0.1610 0.1770 0.1509 0.1535 0.1635 0.1624 0.1622 0.1370 0.1461 0.1645 0.1692 0.1761 0.1638 0.1815 0.2114 0.1696 0.1735 0.1994 0.1893 0.1569 0.1566 0.1735 0.1765 0.1589 0.1553 0.1917 0.1789 0.1502 0.1810],[1.9958 1.2856 0.5265 0.3855 0.3300 0.2984 0.2758 0.2524 0.2482 0.2336 0.2205 0.2125 0.2034 0.1950 0.1879 0.1836 0.1778 0.1760 0.1688 0.1678 0.1598 0.1555 0.1544 0.1497 0.1468 0.1432 0.1444 0.1368 0.1362 0.1355 0.1309 0.1294 0.1273 0.1241 0.1241 0.1238 0.1186 0.1194 0.1172 0.1145 0.1097 0.1113 0.1101 0.1082 0.1072 0.1041 0.1042 0.1024 0.1027 0.0998 0.1002 0.0992 0.0963 0.0948 0.0922 0.0962 0.0927 0.0940 0.0905 0.0921 0.0901 0.0876 0.0882 0.0860 0.0854 0.0865 0.0848 0.0836 0.0805 0.0798 0.0804 0.0810 0.0776 0.0775 0.0766 0.0781 0.0763 0.0771 0.0782 0.0735 0.0734 0.0713 0.0741 0.0740 0.0704 0.0708 0.0712 0.0700 0.0696 0.0690 0.0658 0.0680 0.0658 0.0672 0.0651 0.0636 0.0638 0.0654 0.0651 0.0634]
