train_acc,valid_acc,test_acc,train_loss,valid_loss,train_aug_loss
0.9868263006210327,0.9689667820930481,0.9468821883201599,[2.0837 1.7393 0.5062 0.5287 0.4583 0.2330 0.3124 0.2501 0.2251 0.2589 0.2150 0.2782 0.2479 0.0930 0.1270 0.1163 0.1273 0.1054 0.1323 0.0898 0.1408 0.0882 0.1041 0.1091 0.0974 0.1373 0.1017 0.1219 0.0638 0.1187 0.0830 0.1341 0.1949 0.0982 0.1132 0.0859 0.0592 0.0865 0.1588 0.0631 0.1162 0.0408 0.1108 0.1352 0.0692 0.1036 0.0795 0.1155 0.0380 0.0511 0.0375 0.1015 0.0899 0.0684 0.0706 0.0691 0.0758 0.1316 0.0577 0.1205 0.0544 0.1315 0.0293 0.0422 0.0545 0.0711 0.0421 0.0583 0.0524 0.0308 0.0359 0.0311 0.0342 0.0499 0.0456 0.0508 0.0389 0.1114 0.0229 0.0458 0.0330 0.0661 0.0408 0.0318 0.0622 0.2368 0.0267 0.0249 0.0510 0.0405 0.0230 0.0283 0.0677 0.0692 0.0184 0.0402 0.0188 0.0336 0.0608 0.0167],[2.0755 1.8874 0.6089 0.6284 0.5642 0.2896 0.3556 0.3068 0.2632 0.3239 0.2638 0.3277 0.3235 0.1310 0.1994 0.1586 0.1909 0.1613 0.1934 0.1533 0.2240 0.1395 0.1715 0.1673 0.1722 0.2278 0.1691 0.2113 0.1266 0.1817 0.1574 0.2240 0.2986 0.1724 0.1819 0.1631 0.1303 0.1680 0.2354 0.1469 0.2154 0.1014 0.2086 0.2429 0.1479 0.1928 0.1817 0.2274 0.1066 0.1353 0.1142 0.2032 0.1959 0.1697 0.1843 0.1712 0.1825 0.2495 0.1570 0.2317 0.1564 0.2527 0.1123 0.1381 0.1579 0.1905 0.1429 0.1594 0.1812 0.1275 0.1339 0.1306 0.1494 0.1631 0.1705 0.1688 0.1441 0.2400 0.1051 0.1580 0.1357 0.2021 0.1639 0.1372 0.2030 0.4229 0.1312 0.1326 0.1939 0.1487 0.1212 0.1517 0.2087 0.2184 0.1320 0.1853 0.1191 0.1627 0.2105 0.1168],[2.0146 1.4678 0.5796 0.3860 0.3315 0.2977 0.2721 0.2496 0.2383 0.2254 0.2166 0.2049 0.1973 0.1898 0.1832 0.1779 0.1706 0.1703 0.1610 0.1577 0.1535 0.1526 0.1470 0.1443 0.1419 0.1413 0.1362 0.1349 0.1282 0.1276 0.1248 0.1288 0.1222 0.1197 0.1183 0.1172 0.1155 0.1140 0.1083 0.1092 0.1094 0.1098 0.1035 0.1064 0.1021 0.1019 0.1015 0.0971 0.0988 0.0954 0.0960 0.0919 0.0902 0.0919 0.0893 0.0892 0.0889 0.0885 0.0851 0.0875 0.0830 0.0860 0.0820 0.0814 0.0821 0.0805 0.0788 0.0773 0.0769 0.0784 0.0777 0.0752 0.0730 0.0744 0.0750 0.0729 0.0711 0.0719 0.0703 0.0704 0.0698 0.0695 0.0692 0.0672 0.0681 0.0658 0.0651 0.0634 0.0645 0.0642 0.0643 0.0625 0.0653 0.0603 0.0635 0.0593 0.0604 0.0584 0.0603 0.0592]
