train_acc,valid_acc,test_acc,train_loss,valid_loss,train_aug_loss
0.993596613407135,0.9748083353042603,0.9471709132194519,[2.0946 1.8751 2.2912 0.7716 0.6577 0.5639 0.7247 0.3394 0.3886 0.2426 0.2899 0.2736 0.2662 0.2725 0.9252 0.2265 0.2901 0.1923 0.6716 0.2511 0.3096 0.2164 0.2426 0.2217 0.1177 0.1066 0.2821 0.1999 0.3498 0.1635 0.1570 0.0896 0.0825 0.1622 0.3294 0.1561 0.2167 0.0989 0.1812 0.1124 0.1265 0.1954 0.1535 0.2066 0.0649 0.1447 0.0953 0.0871 0.1316 0.2448 0.1282 0.0827 0.0940 0.0876 0.0870 0.0530 0.1903 0.0549 0.0657 0.1263 0.0676 0.1048 0.0801 0.1250 0.0812 0.0490 0.0950 0.0856 0.1695 0.0423 0.0453 0.0473 0.0414 0.0341 0.1301 0.1000 0.0571 0.0504 0.0456 0.1243 0.1183 0.0680 0.0550 0.0499 0.0698 0.0560 0.0424 0.0606 0.0486 0.1523 0.0782 0.0514 0.1558 0.0438 0.1540 0.0438 0.0286 0.0290 0.0208 0.0943],[2.0791 1.8788 2.1908 0.7984 0.7310 0.6293 0.8404 0.4205 0.4549 0.2876 0.3349 0.3308 0.3114 0.2959 0.8462 0.2694 0.3255 0.2363 0.6131 0.3024 0.3303 0.2512 0.2744 0.2573 0.1649 0.1572 0.2990 0.2606 0.3754 0.2201 0.1842 0.1414 0.1340 0.2258 0.4056 0.2215 0.2658 0.1564 0.2387 0.1739 0.1859 0.2220 0.2234 0.2620 0.1248 0.2171 0.1665 0.1646 0.2002 0.2986 0.2027 0.1567 0.1590 0.1548 0.1634 0.1202 0.2579 0.1364 0.1490 0.2148 0.1529 0.1915 0.1661 0.2116 0.1708 0.1334 0.1869 0.1612 0.2566 0.1274 0.1287 0.1215 0.1172 0.1149 0.2135 0.2095 0.1535 0.1430 0.1413 0.2310 0.2141 0.1651 0.1580 0.1431 0.1707 0.1547 0.1243 0.1683 0.1319 0.2621 0.1945 0.1694 0.2703 0.1383 0.2922 0.1432 0.1178 0.1300 0.1030 0.2188],[2.0719 1.7867 1.4902 0.8105 0.4531 0.3668 0.3248 0.2961 0.2771 0.2646 0.2439 0.2341 0.2250 0.2167 0.2056 0.2023 0.1926 0.1880 0.1786 0.1735 0.1747 0.1676 0.1636 0.1606 0.1573 0.1517 0.1494 0.1465 0.1429 0.1416 0.1368 0.1358 0.1323 0.1318 0.1275 0.1281 0.1252 0.1231 0.1222 0.1205 0.1163 0.1157 0.1137 0.1147 0.1096 0.1081 0.1052 0.1074 0.1052 0.1022 0.1022 0.0988 0.0995 0.0972 0.0948 0.0953 0.0955 0.0939 0.0936 0.0896 0.0905 0.0885 0.0915 0.0879 0.0849 0.0853 0.0844 0.0839 0.0827 0.0819 0.0791 0.0832 0.0790 0.0819 0.0768 0.0767 0.0774 0.0774 0.0750 0.0744 0.0746 0.0749 0.0716 0.0725 0.0717 0.0711 0.0699 0.0699 0.0685 0.0695 0.0671 0.0656 0.0670 0.0660 0.0655 0.0635 0.0650 0.0628 0.0628 0.0643]
