train_acc,valid_acc,test_acc,train_loss,valid_loss,train_aug_loss
0.9933631420135498,0.9751734137535095,0.9558314085006714,[2.1798 2.6420 2.0029 0.5263 0.4704 0.4206 0.3076 0.3539 0.3728 0.2018 0.1861 0.2188 0.1767 0.1375 0.1864 0.1277 0.1083 0.1177 0.1488 0.1057 0.1685 0.1537 0.0760 0.0915 0.1397 0.1174 0.2325 0.0969 0.0941 0.0921 0.0934 0.0889 0.0589 0.0740 0.0755 0.0525 0.1424 0.1295 0.0941 0.0612 0.1027 0.0764 0.0811 0.0885 0.0932 0.0671 0.0424 0.0550 0.0486 0.0704 0.1445 0.1157 0.0348 0.0427 0.0513 0.0935 0.0571 0.0441 0.0645 0.0388 0.0529 0.0374 0.1004 0.0621 0.0682 0.0959 0.0317 0.0704 0.0562 0.0254 0.0505 0.0494 0.2192 0.0896 0.0999 0.0457 0.0550 0.0237 0.0207 0.0293 0.0329 0.0470 0.0563 0.0758 0.0176 0.0435 0.0730 0.0191 0.0555 0.0301 0.0249 0.0397 0.0217 0.0218 0.0243 0.0277 0.0293 0.0442 0.0432 0.0375],[2.1437 2.8290 2.2666 0.6785 0.5999 0.4943 0.3480 0.4267 0.4531 0.2670 0.2195 0.2534 0.2097 0.1718 0.2459 0.1883 0.1614 0.1887 0.2092 0.1659 0.2300 0.2284 0.1360 0.1547 0.2097 0.1754 0.3276 0.1563 0.1386 0.1665 0.1522 0.1511 0.1134 0.1413 0.1479 0.1221 0.2318 0.2592 0.1637 0.1366 0.1953 0.1719 0.1764 0.1836 0.1918 0.1439 0.1114 0.1517 0.1425 0.1474 0.2549 0.2223 0.1187 0.1431 0.1487 0.2242 0.1655 0.1290 0.1960 0.1326 0.1592 0.1421 0.2479 0.1741 0.1626 0.2136 0.1240 0.1997 0.1651 0.1276 0.1664 0.1501 0.3753 0.2160 0.2302 0.1386 0.1542 0.1273 0.1046 0.1412 0.1513 0.1873 0.1797 0.2279 0.1219 0.1680 0.2009 0.1154 0.2085 0.1373 0.1313 0.1704 0.1331 0.1268 0.1247 0.1400 0.1495 0.1969 0.1827 0.1658],[2.0354 1.6414 0.9404 0.4227 0.3398 0.2961 0.2739 0.2498 0.2375 0.2259 0.2121 0.2025 0.1970 0.1934 0.1824 0.1784 0.1732 0.1683 0.1639 0.1614 0.1537 0.1533 0.1485 0.1444 0.1437 0.1393 0.1360 0.1358 0.1308 0.1302 0.1277 0.1243 0.1232 0.1227 0.1199 0.1171 0.1140 0.1157 0.1109 0.1115 0.1086 0.1077 0.1051 0.1029 0.1023 0.1025 0.1002 0.0989 0.1008 0.0963 0.0953 0.0943 0.0931 0.0941 0.0920 0.0894 0.0911 0.0897 0.0896 0.0844 0.0836 0.0825 0.0841 0.0834 0.0812 0.0819 0.0812 0.0799 0.0787 0.0771 0.0792 0.0760 0.0753 0.0751 0.0734 0.0721 0.0721 0.0722 0.0731 0.0702 0.0696 0.0692 0.0681 0.0693 0.0673 0.0651 0.0667 0.0667 0.0650 0.0643 0.0652 0.0635 0.0644 0.0624 0.0604 0.0617 0.0625 0.0599 0.0601 0.0609]
