train_acc,valid_acc,test_acc,train_loss,valid_loss,train_aug_loss
0.9931880235671997,0.9612997174263,0.9489030241966248,[2.0836 1.7923 0.6674 0.5345 0.5071 0.3579 0.4874 0.2773 0.2625 0.2001 0.1739 0.4678 0.1486 0.2124 0.1968 0.1416 0.1132 0.1529 0.1608 0.1673 0.1881 0.0977 0.1065 0.0866 0.0987 0.1156 0.0938 0.0837 0.0969 0.0794 0.1212 0.1898 0.1411 0.1140 0.1953 0.1772 0.0915 0.0606 0.0896 0.0758 0.1316 0.1194 0.0999 0.1928 0.1247 0.0667 0.0744 0.1004 0.0695 0.0684 0.0706 0.0409 0.0619 0.1116 0.1453 0.0766 0.1244 0.1210 0.0721 0.0525 0.1012 0.0457 0.0650 0.1138 0.1976 0.0730 0.0714 0.0819 0.1073 0.0788 0.1897 0.0909 0.0928 0.1465 0.0866 0.0818 0.0844 0.0744 0.0360 0.0639 0.0322 0.0595 0.0729 0.0804 0.0638 0.0415 0.0277 0.0392 0.0726 0.0493 0.0224 0.0846 0.0623 0.0180 0.0182 0.0971 0.0216 0.0269 0.0517 0.0504],[2.0812 2.0426 0.8867 0.7361 0.6488 0.5157 0.6665 0.3890 0.3874 0.3074 0.2674 0.6910 0.2250 0.3175 0.3068 0.2262 0.2098 0.2711 0.2803 0.2811 0.3005 0.1851 0.2045 0.1703 0.1898 0.2097 0.1959 0.1749 0.1859 0.1681 0.2207 0.3346 0.2512 0.2169 0.3144 0.3107 0.2019 0.1507 0.1945 0.1810 0.2482 0.2472 0.2372 0.3539 0.2680 0.1664 0.1955 0.2148 0.1732 0.1830 0.1918 0.1477 0.1711 0.2681 0.3018 0.1966 0.2853 0.2817 0.2052 0.1638 0.2437 0.1673 0.1868 0.2712 0.3893 0.2198 0.2073 0.2422 0.2607 0.2161 0.3810 0.2370 0.2492 0.3462 0.2432 0.2454 0.2492 0.2463 0.1739 0.2146 0.1632 0.2295 0.2461 0.2429 0.2239 0.1832 0.1464 0.1858 0.2536 0.2073 0.1341 0.2696 0.2347 0.1366 0.1483 0.2799 0.1534 0.1854 0.2237 0.2286],[2.0039 1.5499 0.6492 0.3924 0.3262 0.2923 0.2674 0.2463 0.2349 0.2214 0.2097 0.2009 0.1968 0.1890 0.1781 0.1775 0.1679 0.1656 0.1642 0.1580 0.1544 0.1499 0.1472 0.1446 0.1422 0.1385 0.1360 0.1357 0.1318 0.1273 0.1259 0.1230 0.1229 0.1212 0.1169 0.1165 0.1159 0.1137 0.1106 0.1090 0.1109 0.1073 0.1038 0.1054 0.1026 0.1032 0.1004 0.0978 0.0978 0.0983 0.0944 0.0940 0.0940 0.0944 0.0903 0.0899 0.0899 0.0883 0.0888 0.0860 0.0849 0.0850 0.0846 0.0811 0.0829 0.0809 0.0787 0.0800 0.0786 0.0790 0.0776 0.0772 0.0750 0.0751 0.0729 0.0747 0.0737 0.0742 0.0717 0.0709 0.0723 0.0720 0.0697 0.0695 0.0698 0.0689 0.0666 0.0672 0.0638 0.0677 0.0653 0.0636 0.0652 0.0622 0.0622 0.0650 0.0636 0.0602 0.0613 0.0590]
