train_acc,valid_acc,test_acc,train_loss,valid_loss,train_aug_loss
0.9893943667411804,0.9602044820785522,0.9500577449798584,[2.8795 3.4496 2.9236 3.1834 0.8337 2.0543 0.9173 0.6902 0.6865 0.3246 0.6232 0.5311 0.5925 0.6545 1.1941 0.5283 0.6552 0.5206 0.7815 0.4960 0.3663 0.1797 0.1729 0.1983 0.4171 0.2204 0.1690 0.2415 0.1415 0.2089 0.2014 0.1243 0.1596 0.1472 0.3294 0.3846 0.1765 0.1471 0.1470 0.1363 0.1252 0.1418 0.3143 0.1208 0.2382 0.1920 0.0826 0.1347 0.0758 0.1140 0.1491 0.1225 0.1803 0.0844 0.1388 0.0737 0.1463 0.0717 0.1180 0.1751 0.1728 0.1959 0.1896 0.1163 0.0734 0.1798 0.0785 0.1426 0.1056 0.0428 0.0938 0.1452 0.0639 0.0450 0.2599 0.0489 0.0777 0.1904 0.0893 0.0473 0.0692 0.0679 0.0688 0.0745 0.0795 0.0889 0.0547 0.0330 0.1115 0.0974 0.2984 0.0551 0.0515 0.0679 0.1128 0.1397 0.0323 0.0534 0.0436 0.0770],[2.8944 3.3015 2.6527 2.8740 0.8891 1.9107 0.8730 0.6569 0.6895 0.3818 0.6250 0.5662 0.5886 0.6559 0.9978 0.5472 0.5890 0.5932 0.6820 0.4796 0.4056 0.2426 0.2362 0.2805 0.4232 0.2692 0.2424 0.3009 0.2209 0.2761 0.2617 0.1988 0.2275 0.2102 0.3825 0.4493 0.2553 0.2301 0.2453 0.2254 0.2388 0.2235 0.3691 0.2144 0.2999 0.2798 0.1826 0.2299 0.1849 0.2193 0.2327 0.2181 0.2900 0.1805 0.2311 0.1688 0.2595 0.1762 0.2302 0.2650 0.2651 0.3265 0.2956 0.2423 0.1853 0.2870 0.1990 0.2817 0.2350 0.1601 0.2108 0.2905 0.1759 0.1548 0.3526 0.1558 0.2064 0.3371 0.2296 0.1690 0.1917 0.2047 0.1855 0.2054 0.2369 0.2311 0.1816 0.1448 0.2740 0.2255 0.4145 0.1898 0.1826 0.2176 0.2539 0.3051 0.1565 0.1893 0.1878 0.2073],[2.0499 1.7363 1.2338 0.6172 0.4355 0.3685 0.3292 0.3014 0.2868 0.2643 0.2536 0.2402 0.2296 0.2214 0.2107 0.2036 0.1955 0.1913 0.1853 0.1813 0.1749 0.1680 0.1670 0.1600 0.1587 0.1503 0.1509 0.1480 0.1433 0.1439 0.1396 0.1356 0.1338 0.1308 0.1280 0.1279 0.1219 0.1234 0.1194 0.1188 0.1169 0.1173 0.1150 0.1126 0.1094 0.1103 0.1093 0.1080 0.1054 0.1044 0.1012 0.1012 0.0982 0.0995 0.0975 0.0961 0.0947 0.0936 0.0930 0.0943 0.0910 0.0901 0.0905 0.0869 0.0878 0.0863 0.0879 0.0830 0.0866 0.0814 0.0832 0.0800 0.0803 0.0800 0.0795 0.0791 0.0786 0.0761 0.0781 0.0771 0.0763 0.0737 0.0727 0.0723 0.0749 0.0739 0.0704 0.0716 0.0706 0.0695 0.0710 0.0686 0.0689 0.0660 0.0675 0.0654 0.0656 0.0658 0.0639 0.0648]
