train_acc,valid_acc,test_acc,train_loss,valid_loss,train_aug_loss
0.9890024662017822,0.9678714871406555,0.9437066912651062,[2.1098 0.7178 0.3566 0.2483 0.2201 0.2369 0.1668 0.1737 0.1149 0.1653 0.1324 0.1113 0.1237 0.1222 0.1120 0.0946 0.0847 0.1203 0.0940 0.0758 0.0745 0.0739 0.0800 0.0701 0.0793 0.0795 0.0808 0.0803 0.0759 0.0792 0.0615 0.0549 0.0610 0.0468 0.0908 0.0522 0.0569 0.0474 0.0639 0.0581 0.0489 0.0520 0.0478 0.0407 0.0376 0.0425 0.0420 0.0649 0.0370 0.0313 0.0420 0.0337 0.0553 0.0422 0.0403 0.0381 0.0412 0.0793 0.0302 0.0346 0.0289 0.0456 0.0376 0.0337 0.0474 0.0258 0.0251 0.0319 0.0344 0.0383 0.0234 0.0303 0.0207 0.0236 0.0199 0.0323 0.0200 0.0364 0.0305 0.0250 0.0212 0.0324 0.0330 0.0172 0.0184 0.0312 0.0247 0.0229 0.0212 0.0308 0.0291 0.0405 0.0160 0.0147 0.0147 0.0141 0.0194 0.0240 0.0130 0.0530],[2.1108 0.8095 0.4140 0.3066 0.2749 0.2881 0.2089 0.2273 0.1483 0.2308 0.1847 0.1609 0.1857 0.1870 0.1705 0.1452 0.1423 0.1788 0.1576 0.1312 0.1396 0.1311 0.1427 0.1366 0.1531 0.1521 0.1566 0.1596 0.1513 0.1596 0.1247 0.1284 0.1363 0.1165 0.1940 0.1182 0.1368 0.1251 0.1482 0.1525 0.1373 0.1396 0.1323 0.1272 0.1160 0.1293 0.1287 0.1691 0.1303 0.1116 0.1330 0.1252 0.1686 0.1322 0.1320 0.1307 0.1425 0.2204 0.1235 0.1444 0.1281 0.1617 0.1452 0.1398 0.1626 0.1312 0.1196 0.1557 0.1564 0.1699 0.1260 0.1398 0.1300 0.1179 0.1270 0.1430 0.1178 0.1673 0.1520 0.1424 0.1368 0.1542 0.1805 0.1309 0.1342 0.1672 0.1615 0.1451 0.1457 0.1676 0.1773 0.2005 0.1413 0.1336 0.1348 0.1321 0.1437 0.1531 0.1356 0.2508],[2.0203 1.0588 0.4882 0.3845 0.3291 0.2989 0.2749 0.2533 0.2466 0.2336 0.2224 0.2108 0.2013 0.1992 0.1882 0.1834 0.1806 0.1734 0.1694 0.1655 0.1618 0.1584 0.1556 0.1503 0.1485 0.1439 0.1426 0.1376 0.1334 0.1331 0.1326 0.1295 0.1279 0.1249 0.1220 0.1224 0.1208 0.1197 0.1164 0.1166 0.1138 0.1106 0.1122 0.1093 0.1077 0.1070 0.1045 0.1051 0.1018 0.1030 0.0996 0.1015 0.0995 0.0971 0.0979 0.0952 0.0951 0.0951 0.0916 0.0914 0.0872 0.0895 0.0895 0.0894 0.0876 0.0844 0.0846 0.0838 0.0818 0.0815 0.0821 0.0810 0.0796 0.0808 0.0788 0.0784 0.0762 0.0767 0.0766 0.0757 0.0747 0.0751 0.0733 0.0724 0.0725 0.0737 0.0697 0.0689 0.0691 0.0712 0.0703 0.0690 0.0693 0.0655 0.0679 0.0675 0.0667 0.0673 0.0651 0.0661]
