train_acc,valid_acc,test_acc,train_loss,valid_loss,train_aug_loss
0.9898279309272766,0.9675064086914062,0.9503464102745056,[2.1174 1.8106 1.1051 0.7225 0.8263 0.3597 0.3209 0.3302 0.2625 0.4658 0.2012 0.2876 0.1788 0.2092 0.1614 0.1793 0.1526 0.1462 0.1235 0.1213 0.1184 0.0979 0.0935 0.1125 0.1948 0.1278 0.0647 0.2586 0.1382 0.1512 0.2725 0.1647 0.1060 0.0680 0.1545 0.0809 0.1074 0.0992 0.0967 0.0890 0.0973 0.1232 0.1159 0.0841 0.0589 0.0692 0.0761 0.0971 0.0950 0.0579 0.0737 0.0964 0.0615 0.0879 0.0404 0.1238 0.0635 0.1886 0.1061 0.0879 0.0646 0.0458 0.0589 0.1070 0.0289 0.0521 0.0427 0.1068 0.0576 0.0435 0.0598 0.0649 0.0372 0.0805 0.1451 0.0354 0.0458 0.0644 0.0460 0.0717 0.0456 0.0445 0.0618 0.0845 0.0863 0.0795 0.0466 0.0507 0.0281 0.0943 0.0582 0.0353 0.0303 0.0896 0.0418 0.0782 0.0589 0.0308 0.1038 0.0398],[2.1115 2.1937 1.4540 0.9977 1.1612 0.5127 0.4784 0.4934 0.3847 0.5859 0.3252 0.4274 0.2972 0.2965 0.2792 0.3182 0.2823 0.2321 0.2166 0.2260 0.2290 0.1906 0.1977 0.2301 0.3742 0.2520 0.1538 0.3920 0.2872 0.3122 0.4592 0.3272 0.2453 0.1791 0.3124 0.1874 0.2171 0.2203 0.2428 0.2136 0.2285 0.3108 0.2788 0.2075 0.1764 0.2015 0.2190 0.2451 0.2520 0.1842 0.2174 0.2534 0.1863 0.2321 0.1382 0.2979 0.2100 0.3253 0.2695 0.2552 0.2290 0.1869 0.2018 0.2723 0.1241 0.1870 0.1806 0.2802 0.2186 0.1740 0.1995 0.2189 0.1621 0.2712 0.3581 0.1719 0.1774 0.2257 0.2250 0.2523 0.1840 0.1878 0.2258 0.2746 0.2612 0.2470 0.1959 0.2365 0.1561 0.3210 0.2250 0.1764 0.1754 0.2843 0.2097 0.2621 0.2560 0.1776 0.3134 0.1961],[2.0084 1.5062 0.6047 0.3817 0.3205 0.2822 0.2611 0.2447 0.2334 0.2167 0.2108 0.2017 0.1933 0.1854 0.1775 0.1724 0.1670 0.1657 0.1588 0.1587 0.1508 0.1490 0.1453 0.1424 0.1402 0.1382 0.1319 0.1292 0.1297 0.1281 0.1230 0.1227 0.1201 0.1163 0.1165 0.1151 0.1158 0.1123 0.1096 0.1081 0.1075 0.1053 0.1039 0.1042 0.1028 0.0994 0.0992 0.0980 0.0963 0.0951 0.0931 0.0929 0.0942 0.0926 0.0891 0.0889 0.0869 0.0869 0.0854 0.0864 0.0841 0.0839 0.0826 0.0822 0.0800 0.0804 0.0787 0.0786 0.0759 0.0796 0.0750 0.0762 0.0749 0.0773 0.0736 0.0736 0.0730 0.0724 0.0698 0.0704 0.0712 0.0683 0.0690 0.0681 0.0707 0.0671 0.0658 0.0644 0.0657 0.0664 0.0649 0.0633 0.0656 0.0623 0.0616 0.0624 0.0624 0.0606 0.0617 0.0597]
