train_acc,valid_acc,test_acc,train_loss,valid_loss,train_aug_loss
0.987076461315155,0.9689667820930481,0.9483256340026855,[2.0823 1.5412 0.5462 0.3525 0.4298 0.3287 0.2998 0.2627 0.1913 0.1043 0.2150 0.1441 0.1222 0.0855 0.0828 0.1312 0.2420 0.0723 0.0708 0.0955 0.1096 0.0554 0.0998 0.0405 0.0628 0.0697 0.0572 0.0677 0.0494 0.0492 0.0780 0.0393 0.0368 0.0762 0.0314 0.0494 0.0430 0.0399 0.0350 0.1218 0.0273 0.0268 0.0222 0.0748 0.0231 0.0246 0.0323 0.0209 0.0214 0.0345 0.0521 0.0460 0.0249 0.0317 0.0498 0.0257 0.0173 0.0158 0.0188 0.0176 0.0121 0.0699 0.0117 0.0457 0.0214 0.0709 0.0197 0.0112 0.0205 0.0104 0.0142 0.0141 0.0267 0.0144 0.0316 0.0354 0.0080 0.0152 0.0255 0.0121 0.0246 0.0071 0.0091 0.0096 0.0058 0.0054 0.0623 0.0092 0.0154 0.0044 0.0066 0.0040 0.0048 0.0153 0.0062 0.0191 0.0101 0.0170 0.0096 0.0166],[2.0764 1.6324 0.6900 0.4638 0.5259 0.4349 0.4161 0.3187 0.2887 0.1615 0.3153 0.2220 0.2052 0.1523 0.1729 0.2394 0.3463 0.1613 0.1639 0.2003 0.2214 0.1562 0.2239 0.1230 0.1890 0.1892 0.1636 0.1839 0.1783 0.1665 0.2209 0.1497 0.1585 0.2284 0.1354 0.1900 0.1778 0.1691 0.1684 0.3056 0.1517 0.1450 0.1231 0.2189 0.1380 0.1407 0.1695 0.1430 0.1526 0.1976 0.2429 0.1963 0.1916 0.2045 0.2380 0.1778 0.1528 0.1639 0.1847 0.1377 0.1393 0.2825 0.1412 0.2360 0.1546 0.2897 0.1947 0.1410 0.1905 0.1694 0.1678 0.1911 0.1964 0.1900 0.2256 0.2384 0.1692 0.1740 0.2296 0.1817 0.2130 0.1432 0.1960 0.1890 0.1841 0.1503 0.3416 0.1359 0.2065 0.1421 0.1492 0.1632 0.1717 0.2133 0.1779 0.2509 0.2032 0.2166 0.2040 0.2416],[1.9518 1.2555 0.4419 0.2914 0.2406 0.2105 0.1855 0.1700 0.1585 0.1472 0.1366 0.1317 0.1248 0.1169 0.1135 0.1078 0.1022 0.1010 0.0971 0.0921 0.0889 0.0870 0.0835 0.0819 0.0768 0.0739 0.0741 0.0715 0.0708 0.0676 0.0688 0.0645 0.0621 0.0617 0.0602 0.0592 0.0567 0.0527 0.0552 0.0549 0.0491 0.0504 0.0502 0.0494 0.0473 0.0454 0.0454 0.0466 0.0453 0.0440 0.0417 0.0411 0.0417 0.0401 0.0405 0.0376 0.0398 0.0363 0.0372 0.0366 0.0355 0.0339 0.0348 0.0363 0.0338 0.0336 0.0321 0.0328 0.0309 0.0309 0.0307 0.0288 0.0314 0.0289 0.0291 0.0300 0.0277 0.0270 0.0270 0.0280 0.0273 0.0254 0.0248 0.0265 0.0258 0.0249 0.0231 0.0266 0.0249 0.0235 0.0223 0.0230 0.0239 0.0226 0.0229 0.0215 0.0226 0.0230 0.0209 0.0201]
