train_acc,valid_acc,test_acc,train_loss,valid_loss,train_aug_loss
0.9872515201568604,0.9696969985961914,0.9471709132194519,[2.2619 2.4062 1.5503 0.5609 0.7355 0.3217 0.2449 0.2373 0.3003 0.1555 0.1826 0.1545 0.2125 0.2410 0.1337 0.3946 0.1725 0.2250 0.1396 0.1114 0.1067 0.1136 0.0866 0.0763 0.0923 0.0781 0.1001 0.1565 0.0785 0.0743 0.0736 0.0884 0.0787 0.0785 0.0786 0.0811 0.0686 0.0673 0.0740 0.0620 0.0814 0.0569 0.0558 0.0904 0.0707 0.0681 0.0557 0.0592 0.0501 0.0638 0.0492 0.0494 0.0481 0.0412 0.0482 0.0534 0.0418 0.1193 0.0576 0.0442 0.0526 0.0655 0.0441 0.0900 0.1182 0.0346 0.0375 0.0371 0.0682 0.0487 0.0332 0.0352 0.0393 0.0346 0.0397 0.0389 0.0286 0.0279 0.0387 0.0283 0.0467 0.0306 0.0287 0.0275 0.0459 0.0271 0.0275 0.0309 0.0328 0.0325 0.0368 0.0217 0.0234 0.0357 0.0241 0.0371 0.0283 0.0412 0.0235 0.0490],[2.2826 2.6408 1.7208 0.6272 0.7862 0.3952 0.2768 0.2842 0.3759 0.2070 0.2506 0.2072 0.2680 0.3251 0.1981 0.5079 0.2559 0.2938 0.2033 0.1856 0.1692 0.1764 0.1418 0.1301 0.1507 0.1332 0.1663 0.2396 0.1543 0.1339 0.1308 0.1530 0.1471 0.1306 0.1470 0.1418 0.1441 0.1410 0.1466 0.1264 0.1613 0.1255 0.1156 0.1868 0.1533 0.1457 0.1305 0.1244 0.1148 0.1365 0.1242 0.1226 0.1214 0.1015 0.1270 0.1257 0.1064 0.2258 0.1468 0.1209 0.1271 0.1560 0.1227 0.2042 0.2262 0.1099 0.1124 0.1078 0.1613 0.1407 0.1130 0.1170 0.1234 0.1164 0.1315 0.1228 0.1078 0.1094 0.1387 0.1043 0.1442 0.1169 0.1132 0.1083 0.1559 0.1171 0.1059 0.1146 0.1199 0.1163 0.1404 0.1133 0.1111 0.1263 0.1115 0.1452 0.1086 0.1391 0.1204 0.1640],[2.0468 1.6939 1.0030 0.5082 0.3836 0.3302 0.2988 0.2788 0.2604 0.2464 0.2324 0.2246 0.2163 0.2104 0.1989 0.1931 0.1874 0.1846 0.1749 0.1716 0.1675 0.1637 0.1588 0.1549 0.1557 0.1489 0.1439 0.1412 0.1404 0.1388 0.1351 0.1324 0.1317 0.1283 0.1273 0.1252 0.1230 0.1189 0.1186 0.1180 0.1155 0.1140 0.1110 0.1112 0.1105 0.1100 0.1080 0.1041 0.1031 0.1038 0.1031 0.1013 0.1007 0.0974 0.0962 0.0951 0.0959 0.0927 0.0917 0.0928 0.0891 0.0910 0.0902 0.0875 0.0869 0.0843 0.0860 0.0851 0.0844 0.0827 0.0802 0.0816 0.0796 0.0791 0.0784 0.0796 0.0775 0.0775 0.0755 0.0754 0.0749 0.0757 0.0728 0.0744 0.0716 0.0700 0.0710 0.0690 0.0704 0.0722 0.0674 0.0675 0.0673 0.0687 0.0657 0.0654 0.0649 0.0645 0.0655 0.0630]
