train_acc,valid_acc,test_acc,train_loss,valid_loss,train_aug_loss
0.9880936741828918,0.9689667820930481,0.9422633051872253,[2.1190 1.7824 0.5356 0.4825 0.1610 0.3263 0.2401 0.3139 0.1089 0.1336 0.2120 0.0826 0.1282 0.1757 0.0870 0.0874 0.0868 0.0686 0.0878 0.1070 0.0614 0.0494 0.0763 0.0545 0.0768 0.0509 0.0723 0.0449 0.0508 0.0371 0.0362 0.0367 0.0475 0.0493 0.0440 0.0604 0.0395 0.0295 0.0338 0.0248 0.0272 0.0453 0.0307 0.0869 0.0752 0.0411 0.0556 0.0186 0.0223 0.0190 0.0168 0.0289 0.0341 0.0290 0.0288 0.0179 0.0337 0.0315 0.0181 0.0113 0.0141 0.0151 0.0193 0.0395 0.0131 0.0418 0.0133 0.0104 0.0148 0.0156 0.0204 0.0235 0.0148 0.0131 0.0180 0.0082 0.0147 0.0138 0.0090 0.0076 0.0090 0.0085 0.0079 0.0071 0.0105 0.0062 0.0055 0.0080 0.0078 0.0069 0.0166 0.0106 0.0076 0.0225 0.0088 0.0078 0.0061 0.0040 0.0101 0.0041],[2.1213 1.7834 0.5625 0.4986 0.1983 0.3457 0.2990 0.3370 0.1619 0.1772 0.2736 0.1415 0.2024 0.2123 0.1532 0.1545 0.1576 0.1456 0.1626 0.2088 0.1378 0.1218 0.1450 0.1316 0.1521 0.1360 0.1433 0.1401 0.1365 0.1202 0.1211 0.1254 0.1391 0.1536 0.1519 0.1511 0.1443 0.1341 0.1544 0.1299 0.1402 0.1735 0.1392 0.2614 0.1957 0.1492 0.2213 0.1370 0.1364 0.1321 0.1449 0.1713 0.1686 0.1689 0.1374 0.1628 0.1446 0.1480 0.1362 0.1410 0.1342 0.1449 0.1561 0.2395 0.1620 0.1971 0.1553 0.1461 0.1483 0.1554 0.1747 0.1458 0.1598 0.1534 0.1905 0.1630 0.1708 0.1669 0.1732 0.1532 0.1484 0.1700 0.1651 0.1659 0.1551 0.1449 0.1589 0.1563 0.1730 0.1777 0.1701 0.1817 0.1860 0.2200 0.1934 0.1822 0.1837 0.1741 0.1567 0.1598],[1.9708 1.2560 0.4673 0.2804 0.2322 0.2042 0.1827 0.1686 0.1580 0.1490 0.1394 0.1306 0.1243 0.1201 0.1149 0.1109 0.1060 0.0991 0.0991 0.0923 0.0930 0.0892 0.0858 0.0838 0.0814 0.0778 0.0753 0.0736 0.0713 0.0709 0.0693 0.0666 0.0644 0.0624 0.0627 0.0612 0.0594 0.0571 0.0561 0.0541 0.0532 0.0529 0.0532 0.0515 0.0490 0.0499 0.0497 0.0455 0.0451 0.0452 0.0427 0.0434 0.0439 0.0409 0.0418 0.0405 0.0402 0.0392 0.0394 0.0385 0.0367 0.0367 0.0374 0.0334 0.0366 0.0343 0.0329 0.0339 0.0326 0.0334 0.0316 0.0333 0.0308 0.0302 0.0287 0.0291 0.0295 0.0296 0.0286 0.0290 0.0284 0.0259 0.0263 0.0265 0.0272 0.0270 0.0244 0.0259 0.0262 0.0245 0.0260 0.0240 0.0244 0.0235 0.0239 0.0227 0.0215 0.0226 0.0216 0.0218]
