train_acc,valid_acc,test_acc,train_loss,valid_loss,train_aug_loss
0.9888440370559692,0.9693318605422974,0.9465935230255127,[3.7609 3.1123 0.8211 1.6184 0.3098 0.4395 0.3869 0.3797 0.6986 0.3878 0.2726 0.2973 0.3786 0.3903 0.2170 0.2698 0.3141 0.1276 0.2952 0.3564 0.3464 0.1838 0.2769 0.6749 0.3439 0.2115 0.1749 0.2679 0.1842 0.1005 0.3010 0.2749 0.2251 0.1495 0.1883 0.3137 0.0742 0.4258 0.0889 0.0653 0.0826 0.0926 0.0612 0.1423 0.1779 0.1020 0.0578 0.0783 0.0990 0.0559 0.0979 0.0900 0.0825 0.0470 0.0569 0.0407 0.0581 0.0699 0.0552 0.0587 0.0701 0.0795 0.0331 0.1896 0.0831 0.0497 0.0899 0.0350 0.0438 0.0396 0.0397 0.0303 0.0348 0.0568 0.0989 0.0447 0.0809 0.0732 0.0523 0.0357 0.0813 0.0653 0.0326 0.1218 0.0361 0.0243 0.0248 0.0540 0.0293 0.0354 0.1328 0.0453 0.0585 0.0270 0.0624 0.0571 0.0203 0.0514 0.0541 0.1320],[3.4183 2.8504 0.7706 1.5325 0.3581 0.4892 0.4430 0.4827 0.7917 0.4635 0.3008 0.3478 0.4039 0.4208 0.2928 0.2960 0.3818 0.1956 0.3771 0.3854 0.4260 0.2462 0.3342 0.6475 0.3989 0.2996 0.2583 0.3726 0.2859 0.1954 0.3980 0.3653 0.3293 0.2262 0.2888 0.3798 0.1477 0.4503 0.1915 0.1551 0.1976 0.1978 0.1519 0.2494 0.2826 0.2084 0.1578 0.1904 0.2112 0.1590 0.1912 0.2142 0.1922 0.1378 0.1654 0.1461 0.1653 0.1877 0.1710 0.1524 0.1835 0.1960 0.1138 0.3109 0.1995 0.1592 0.2355 0.1391 0.1449 0.1458 0.1618 0.1261 0.1366 0.1770 0.2533 0.1668 0.2184 0.2397 0.1997 0.1604 0.2493 0.1971 0.1487 0.2922 0.1672 0.1417 0.1436 0.2012 0.1634 0.1615 0.3118 0.1905 0.2163 0.1552 0.2306 0.2002 0.1324 0.2048 0.2111 0.3207],[1.9834 1.5854 0.7462 0.4088 0.3403 0.2969 0.2751 0.2563 0.2399 0.2275 0.2190 0.2106 0.2000 0.1942 0.1883 0.1788 0.1753 0.1707 0.1669 0.1631 0.1591 0.1567 0.1499 0.1469 0.1445 0.1426 0.1372 0.1367 0.1355 0.1305 0.1291 0.1275 0.1269 0.1242 0.1198 0.1182 0.1161 0.1145 0.1139 0.1119 0.1108 0.1081 0.1071 0.1077 0.1036 0.1033 0.1047 0.0998 0.0971 0.0978 0.0984 0.0973 0.0952 0.0949 0.0933 0.0914 0.0912 0.0879 0.0883 0.0891 0.0868 0.0854 0.0842 0.0847 0.0826 0.0830 0.0820 0.0806 0.0799 0.0810 0.0786 0.0777 0.0753 0.0756 0.0782 0.0746 0.0754 0.0727 0.0729 0.0715 0.0701 0.0723 0.0719 0.0688 0.0678 0.0703 0.0690 0.0679 0.0662 0.0656 0.0658 0.0641 0.0665 0.0646 0.0637 0.0638 0.0625 0.0627 0.0608 0.0604]
