train_acc,valid_acc,test_acc,train_loss,valid_loss,train_aug_loss
0.9874849915504456,0.9682365655899048,0.9445727467536926,[2.0811 1.8904 1.2592 0.8353 0.9320 0.5003 0.3317 0.2947 0.2566 0.2144 0.1566 0.1937 0.2373 0.3579 0.2034 0.1003 0.1356 0.1846 0.1465 0.1851 0.2173 0.1603 0.1486 0.1201 0.1513 0.1751 0.2209 0.1159 0.2405 0.0854 0.0820 0.0723 0.0745 0.1290 0.0674 0.0673 0.0829 0.1193 0.1070 0.1447 0.1075 0.0808 0.0640 0.0809 0.0945 0.1413 0.0760 0.0918 0.0373 0.0589 0.0730 0.0746 0.0871 0.0640 0.0732 0.1550 0.0568 0.1638 0.0730 0.0545 0.0995 0.0691 0.0456 0.0517 0.0682 0.0928 0.0299 0.0548 0.0809 0.1377 0.1249 0.0641 0.0423 0.0405 0.1146 0.1243 0.0415 0.0703 0.0548 0.0653 0.0233 0.0514 0.0251 0.0983 0.1079 0.0772 0.0536 0.0325 0.0802 0.0420 0.0333 0.0569 0.0397 0.0262 0.0829 0.0504 0.0448 0.0298 0.0461 0.0310],[2.0906 2.0559 1.4345 0.9661 1.0865 0.6455 0.4342 0.3808 0.3482 0.2727 0.2182 0.2804 0.2852 0.4324 0.2825 0.1563 0.2051 0.2625 0.2256 0.2955 0.2815 0.2436 0.2374 0.2116 0.2537 0.2555 0.3243 0.2149 0.3453 0.1524 0.1558 0.1526 0.1469 0.2299 0.1485 0.1441 0.1864 0.2095 0.1979 0.2484 0.1975 0.1803 0.1550 0.1788 0.2000 0.2793 0.1772 0.1979 0.1078 0.1423 0.1815 0.1767 0.1957 0.1762 0.1907 0.3033 0.1496 0.2884 0.1834 0.1496 0.2170 0.1926 0.1495 0.1537 0.1874 0.2262 0.1119 0.1780 0.2145 0.2745 0.2821 0.1965 0.1596 0.1477 0.2473 0.2797 0.1514 0.2152 0.1956 0.1949 0.1150 0.1824 0.1243 0.2446 0.2669 0.2320 0.1944 0.1451 0.2344 0.1750 0.1503 0.1958 0.1708 0.1396 0.2526 0.2057 0.1779 0.1590 0.1908 0.1623],[1.9727 1.3972 0.5685 0.3831 0.3254 0.2944 0.2736 0.2526 0.2397 0.2254 0.2147 0.2099 0.1983 0.1906 0.1853 0.1802 0.1723 0.1699 0.1651 0.1607 0.1550 0.1519 0.1497 0.1436 0.1436 0.1406 0.1360 0.1328 0.1330 0.1321 0.1297 0.1243 0.1215 0.1212 0.1200 0.1160 0.1149 0.1154 0.1146 0.1102 0.1076 0.1059 0.1044 0.1032 0.1038 0.1010 0.1029 0.0998 0.0979 0.0983 0.0965 0.0962 0.0935 0.0944 0.0899 0.0906 0.0891 0.0858 0.0874 0.0885 0.0846 0.0862 0.0838 0.0822 0.0835 0.0836 0.0815 0.0794 0.0802 0.0795 0.0776 0.0757 0.0758 0.0770 0.0768 0.0729 0.0760 0.0720 0.0728 0.0722 0.0694 0.0723 0.0703 0.0679 0.0680 0.0676 0.0676 0.0650 0.0672 0.0655 0.0678 0.0641 0.0639 0.0643 0.0640 0.0614 0.0621 0.0619 0.0616 0.0613]
