train_acc,valid_acc,test_acc,train_loss,valid_loss,train_aug_loss
0.987276554107666,0.9598393440246582,0.9428406357765198,[6.0290 1.0611 0.3382 0.3451 0.2229 0.2329 0.1543 0.1358 0.1291 0.1003 0.0906 0.1023 0.1098 0.0855 0.0648 0.0773 0.0924 0.0659 0.0541 0.0525 0.0522 0.0500 0.0403 0.0413 0.0381 0.0413 0.0413 0.0388 0.0320 0.0638 0.0288 0.0288 0.0282 0.0293 0.0294 0.0280 0.0287 0.0338 0.0206 0.0254 0.0245 0.0225 0.0284 0.0141 0.0151 0.0200 0.0347 0.0123 0.0141 0.0158 0.0122 0.0139 0.0181 0.0151 0.0142 0.0129 0.0095 0.0199 0.0079 0.0122 0.0101 0.0072 0.0093 0.0088 0.0090 0.0088 0.0096 0.0094 0.0068 0.0087 0.0058 0.0068 0.0041 0.0053 0.0064 0.0084 0.0057 0.0042 0.0069 0.0035 0.0066 0.0066 0.0046 0.0037 0.0052 0.0035 0.0035 0.0044 0.0048 0.0030 0.0028 0.0033 0.0036 0.0026 0.0053 0.0028 0.0047 0.0022 0.0033 0.0022],[5.6092 0.9980 0.4173 0.3887 0.2816 0.3192 0.2153 0.2006 0.1974 0.1702 0.1758 0.1678 0.1904 0.1658 0.1384 0.1651 0.1985 0.1556 0.1403 0.1448 0.1477 0.1493 0.1330 0.1406 0.1404 0.1552 0.1555 0.1695 0.1521 0.1956 0.1418 0.1375 0.1560 0.1531 0.1579 0.1636 0.1649 0.1870 0.1587 0.1838 0.1832 0.1648 0.1760 0.1464 0.1576 0.1692 0.2284 0.1675 0.1573 0.1681 0.1596 0.1781 0.1988 0.2005 0.1934 0.1512 0.1538 0.1988 0.1577 0.1891 0.1644 0.1697 0.1856 0.1906 0.1912 0.1836 0.2025 0.1984 0.2045 0.2030 0.1779 0.2044 0.1841 0.1848 0.1872 0.1930 0.1743 0.1863 0.2365 0.1917 0.1990 0.2133 0.2039 0.1997 0.2191 0.1981 0.2039 0.2113 0.2114 0.2285 0.2048 0.2159 0.2136 0.1994 0.2428 0.1960 0.2191 0.1980 0.2258 0.2071],[1.9565 1.2957 0.4262 0.3014 0.2493 0.2246 0.2031 0.1823 0.1673 0.1583 0.1493 0.1406 0.1329 0.1275 0.1190 0.1166 0.1091 0.1048 0.1023 0.0979 0.0950 0.0900 0.0879 0.0862 0.0833 0.0792 0.0787 0.0754 0.0731 0.0725 0.0685 0.0687 0.0673 0.0631 0.0616 0.0604 0.0578 0.0575 0.0571 0.0540 0.0529 0.0532 0.0516 0.0497 0.0477 0.0478 0.0464 0.0444 0.0460 0.0461 0.0431 0.0433 0.0433 0.0409 0.0404 0.0396 0.0383 0.0372 0.0374 0.0352 0.0351 0.0348 0.0347 0.0339 0.0338 0.0328 0.0333 0.0321 0.0313 0.0313 0.0294 0.0300 0.0301 0.0291 0.0286 0.0286 0.0291 0.0275 0.0263 0.0258 0.0256 0.0262 0.0270 0.0236 0.0263 0.0238 0.0247 0.0241 0.0233 0.0225 0.0229 0.0232 0.0223 0.0238 0.0213 0.0225 0.0223 0.0213 0.0197 0.0213]
