train_acc,valid_acc,test_acc,train_loss,valid_loss,train_aug_loss
0.9746714234352112,0.9559659361839294,0.9625639319419861,[2.7735 0.5640 0.3915 0.2974 0.3042 0.2304 0.2349 0.3234 0.2246 0.1852 0.1820 0.1879 0.2372 0.1760 0.1934 0.1616 0.1669 0.1401 0.1270 0.1659 0.4931 0.1223 0.1296 0.1549 0.1913 0.1281 0.1759 0.1197 0.1158 0.1185 0.2070 0.1401 0.1009 0.1195 0.1069 0.1242 0.0928 0.1206 0.0922 0.1003 0.0979 0.0935 0.0879 0.1111 0.1028 0.0864 0.0885 0.0831 0.0916 0.3866],[2.9424 0.5963 0.4368 0.3351 0.3574 0.2696 0.2632 0.3320 0.2622 0.2407 0.2158 0.2194 0.2809 0.2206 0.2535 0.2177 0.2222 0.1826 0.1779 0.2102 0.4756 0.1758 0.1957 0.2325 0.2320 0.1909 0.2090 0.1749 0.1738 0.1834 0.2537 0.1864 0.1593 0.1680 0.1824 0.1776 0.1537 0.2014 0.1550 0.1564 0.1635 0.1629 0.1583 0.1999 0.1822 0.1533 0.1547 0.1519 0.1587 0.3912],[1.7305 0.9105 0.6602 0.5512 0.4892 0.4495 0.4194 0.4044 0.3852 0.3687 0.3604 0.3465 0.3386 0.3313 0.3190 0.3088 0.3047 0.3017 0.2940 0.2891 0.2807 0.2813 0.2786 0.2712 0.2657 0.2707 0.2659 0.2545 0.2554 0.2508 0.2504 0.2458 0.2421 0.2438 0.2392 0.2382 0.2336 0.2358 0.2316 0.2299 0.2250 0.2240 0.2234 0.2213 0.2193 0.2163 0.2187 0.2193 0.2143 0.2120]
