train_acc,valid_acc,test_acc,train_loss,valid_loss,train_aug_loss
0.9776638746261597,0.9620535969734192,0.9623813033103943,[2.0074 0.7101 0.3528 0.2686 0.2370 0.2199 0.1696 0.1840 0.1852 0.1694 0.1375 0.1775 0.1556 0.1388 0.1335 0.1488 0.1648 0.1422 0.1435 0.1093 0.1262 0.1118 0.1241 0.1324 0.1071 0.1461 0.1038 0.1172 0.0993 0.1053 0.0998 0.1002 0.1251 0.1034 0.1304 0.0814 0.0956 0.1135 0.0967 0.0741 0.0860 0.1009 0.0928 0.0778 0.0984 0.0792 0.0948 0.0999 0.0725 0.0878],[2.0802 0.6383 0.3486 0.2881 0.2540 0.2340 0.1950 0.2096 0.1973 0.1961 0.1639 0.2017 0.1843 0.1658 0.1690 0.1835 0.1971 0.1750 0.1784 0.1475 0.1618 0.1458 0.1765 0.1661 0.1529 0.1840 0.1433 0.1612 0.1464 0.1551 0.1522 0.1554 0.1709 0.1564 0.1796 0.1394 0.1485 0.1664 0.1496 0.1285 0.1358 0.1490 0.1453 0.1338 0.1507 0.1262 0.1589 0.1627 0.1294 0.1388],[1.8051 1.0064 0.6198 0.4995 0.4511 0.4207 0.3883 0.3673 0.3528 0.3450 0.3264 0.3241 0.3115 0.2984 0.2927 0.2916 0.2843 0.2804 0.2735 0.2652 0.2619 0.2609 0.2575 0.2536 0.2473 0.2462 0.2419 0.2384 0.2366 0.2321 0.2257 0.2286 0.2239 0.2211 0.2194 0.2205 0.2177 0.2109 0.2142 0.2102 0.2092 0.2058 0.2074 0.2030 0.1994 0.2010 0.1970 0.1974 0.1937 0.1940]
