train_acc,valid_acc,test_acc,train_loss,valid_loss,train_aug_loss
0.9754341840744019,0.9634740352630615,0.9621986746788025,[2.5659 0.4438 0.3216 0.2418 0.2614 0.2617 0.1915 0.2278 0.1730 0.1392 0.1362 0.1315 0.3044 0.1442 0.1250 0.4317 0.2616 0.1560 0.2031 0.2181 0.1446 0.1407 0.1529 0.3323 0.1564 0.1137 0.0914 0.1004 0.1470 0.0917 0.2965 0.2341 0.0929 0.0790 0.1907 0.1384 0.1110 0.0917 0.0908 0.0709 0.0798 0.0828 0.2204 0.1401 0.2089 0.0927 0.3682 0.0716 0.0707 0.0769],[2.7639 0.4909 0.3242 0.2588 0.2858 0.2764 0.2058 0.2383 0.2096 0.1732 0.1762 0.1653 0.2972 0.1656 0.1595 0.4522 0.2798 0.1853 0.2283 0.2423 0.1903 0.1777 0.1866 0.3661 0.1873 0.1490 0.1365 0.1464 0.1852 0.1395 0.3285 0.2806 0.1409 0.1340 0.2391 0.1825 0.1538 0.1378 0.1401 0.1301 0.1253 0.1424 0.2794 0.1909 0.2679 0.1460 0.4000 0.1280 0.1254 0.1308],[1.6793 0.7897 0.5510 0.4580 0.4095 0.3784 0.3584 0.3344 0.3178 0.3095 0.3011 0.2908 0.2816 0.2762 0.2654 0.2614 0.2563 0.2503 0.2471 0.2406 0.2348 0.2359 0.2268 0.2275 0.2207 0.2190 0.2161 0.2149 0.2105 0.2065 0.2042 0.2023 0.2003 0.2006 0.1983 0.1942 0.1899 0.1908 0.1896 0.1892 0.1851 0.1809 0.1829 0.1834 0.1775 0.1781 0.1756 0.1741 0.1738 0.1733]
