train_acc,valid_acc,test_acc,train_loss,valid_loss,train_aug_loss
0.988039493560791,0.967494547367096,0.9385104179382324,[1.8233 0.6057 0.4591 0.3893 0.3254 0.2764 0.2859 0.2132 0.1941 0.2615 0.2259 0.1849 0.2111 0.1469 0.1823 0.1427 0.1537 0.1242 0.1596 0.1963 0.1253 0.1666 0.1591 0.1091 0.1760 0.1040 0.1336 0.0821 0.1249 0.1163 0.0964 0.0848 0.0775 0.1092 0.0802 0.1101 0.1174 0.0684 0.0747 0.1238 0.0780 0.0886 0.0912 0.0758 0.0679 0.0755 0.0702 0.1026 0.0892 0.0773 0.0840 0.0825 0.0842 0.1376 0.0630 0.0797 0.0812 0.1042 0.0957 0.0668 0.1009 0.0649 0.0541 0.0576 0.0656 0.0648 0.0769 0.0847 0.0611 0.0579 0.0757 0.0738 0.0686 0.0760 0.0541 0.0756 0.0823 0.1126 0.0644 0.0546 0.0672 0.0477 0.0684 0.0440 0.0711 0.0629 0.0575 0.0726 0.0380 0.0681 0.0597 0.0444 0.0472 0.0724 0.0852 0.0421 0.0489 0.0459 0.0449 0.0529],[1.6189 0.5806 0.4335 0.3702 0.3201 0.2733 0.2721 0.2202 0.2086 0.2629 0.2346 0.1994 0.2261 0.1757 0.1997 0.1686 0.1834 0.1543 0.1859 0.2229 0.1581 0.1921 0.1946 0.1465 0.2058 0.1452 0.1686 0.1258 0.1603 0.1539 0.1419 0.1284 0.1271 0.1529 0.1272 0.1500 0.1576 0.1200 0.1240 0.1710 0.1377 0.1444 0.1422 0.1284 0.1260 0.1282 0.1253 0.1525 0.1361 0.1273 0.1379 0.1394 0.1366 0.1871 0.1292 0.1307 0.1395 0.1604 0.1573 0.1237 0.1605 0.1269 0.1126 0.1206 0.1289 0.1324 0.1420 0.1507 0.1245 0.1216 0.1484 0.1440 0.1349 0.1385 0.1273 0.1427 0.1610 0.1924 0.1362 0.1247 0.1362 0.1224 0.1384 0.1161 0.1463 0.1362 0.1251 0.1472 0.1081 0.1414 0.1349 0.1180 0.1212 0.1510 0.1626 0.1081 0.1236 0.1185 0.1228 0.1316],[1.8528 1.1318 0.6441 0.5052 0.4335 0.3974 0.3668 0.3480 0.3301 0.3132 0.2976 0.2940 0.2832 0.2712 0.2685 0.2577 0.2580 0.2501 0.2406 0.2400 0.2336 0.2325 0.2281 0.2204 0.2226 0.2172 0.2154 0.2102 0.2057 0.2060 0.2039 0.1999 0.1996 0.1978 0.1910 0.1911 0.1918 0.1861 0.1830 0.1868 0.1841 0.1818 0.1799 0.1776 0.1763 0.1721 0.1708 0.1715 0.1721 0.1668 0.1687 0.1638 0.1625 0.1633 0.1613 0.1607 0.1616 0.1575 0.1568 0.1562 0.1533 0.1535 0.1545 0.1504 0.1510 0.1505 0.1545 0.1484 0.1467 0.1475 0.1449 0.1451 0.1470 0.1434 0.1464 0.1414 0.1417 0.1440 0.1412 0.1413 0.1396 0.1380 0.1382 0.1362 0.1374 0.1366 0.1358 0.1349 0.1338 0.1318 0.1314 0.1348 0.1320 0.1320 0.1315 0.1303 0.1297 0.1284 0.1271 0.1289]
