train_acc,valid_acc,test_acc,train_loss,valid_loss,train_aug_loss
0.9777714610099792,0.9606330990791321,0.9558071494102478,[2.1222 0.5859 0.3548 0.2495 0.2804 0.2298 0.2618 0.1997 0.1681 0.2398 0.2320 0.1503 0.1420 0.1358 0.2182 0.1559 0.2205 0.1879 0.1522 0.1227 0.2395 0.1574 0.2173 0.1365 0.1288 0.1350 0.1203 0.1137 0.1217 0.1069 0.1088 0.1378 0.1598 0.1070 0.1094 0.1051 0.1059 0.1018 0.1168 0.0965 0.1112 0.0834 0.1246 0.0960 0.1052 0.1146 0.0910 0.1054 0.0879 0.0798],[2.0582 0.5727 0.3553 0.2656 0.2849 0.2607 0.2707 0.2316 0.1992 0.2579 0.2622 0.1740 0.1704 0.1797 0.2522 0.1890 0.2561 0.2176 0.1878 0.1630 0.2752 0.1992 0.2570 0.1719 0.1669 0.1784 0.1620 0.1638 0.1659 0.1491 0.1539 0.1815 0.2054 0.1495 0.1500 0.1550 0.1630 0.1558 0.1716 0.1507 0.1587 0.1387 0.1757 0.1480 0.1561 0.1714 0.1400 0.1541 0.1447 0.1356],[1.8351 1.1140 0.6849 0.5456 0.4803 0.4389 0.4048 0.3819 0.3623 0.3500 0.3409 0.3257 0.3157 0.3102 0.2981 0.2958 0.2836 0.2832 0.2748 0.2727 0.2682 0.2651 0.2578 0.2520 0.2519 0.2469 0.2471 0.2408 0.2387 0.2356 0.2338 0.2317 0.2288 0.2247 0.2260 0.2231 0.2174 0.2188 0.2135 0.2145 0.2121 0.2103 0.2087 0.2080 0.2010 0.2049 0.2033 0.1982 0.1983 0.1973]
