train_acc,valid_acc,test_acc,train_loss,valid_loss,train_aug_loss
0.9771847128868103,0.960024356842041,0.9616508483886719,[1.6857 0.6735 0.3351 0.3472 0.2301 0.2009 0.2278 0.2123 0.1711 0.2090 0.2082 0.1860 0.1494 0.1718 0.1884 0.1437 0.1388 0.1337 0.1235 0.1211 0.1580 0.1217 0.1063 0.1348 0.1172 0.1041 0.1006 0.1395 0.1180 0.1121 0.1127 0.1023 0.1057 0.0819 0.0897 0.0903 0.0827 0.0964 0.0784 0.0898 0.1102 0.0965 0.0861 0.0837 0.0771 0.0903 0.0775 0.1226 0.0799 0.1172],[1.6337 0.6183 0.3425 0.3521 0.2555 0.2220 0.2419 0.2319 0.2098 0.2422 0.2374 0.2138 0.1833 0.2025 0.2199 0.1737 0.1839 0.1726 0.1683 0.1608 0.1984 0.1713 0.1552 0.1805 0.1656 0.1517 0.1440 0.1866 0.1697 0.1620 0.1643 0.1498 0.1579 0.1387 0.1417 0.1473 0.1425 0.1483 0.1351 0.1486 0.1672 0.1563 0.1419 0.1475 0.1349 0.1470 0.1351 0.1823 0.1418 0.1741],[1.7926 1.0984 0.6651 0.5263 0.4656 0.4268 0.3979 0.3718 0.3509 0.3477 0.3262 0.3184 0.3103 0.3050 0.2965 0.2927 0.2848 0.2791 0.2727 0.2674 0.2666 0.2594 0.2558 0.2533 0.2486 0.2441 0.2434 0.2373 0.2363 0.2352 0.2352 0.2327 0.2276 0.2226 0.2194 0.2198 0.2159 0.2148 0.2124 0.2143 0.2078 0.2042 0.2084 0.2029 0.2025 0.1982 0.2001 0.1995 0.1974 0.2006]
