train_acc,valid_acc,test_acc,train_loss,valid_loss,train_aug_loss
0.9770282506942749,0.9640827775001526,0.9611030220985413,[1.7783 0.8834 0.3444 0.2707 0.3208 0.2740 0.3244 0.2828 0.1958 0.2311 0.1906 0.2212 0.1484 0.1546 0.1799 0.2091 0.2234 0.1435 0.2199 0.1864 0.1605 0.1261 0.1646 0.1450 0.1756 0.1246 0.1333 0.1169 0.1218 0.1292 0.1145 0.1217 0.0905 0.0920 0.1078 0.1353 0.0910 0.0945 0.1023 0.0860 0.1022 0.0880 0.0867 0.1067 0.1139 0.0944 0.0803 0.0844 0.1133 0.1202],[1.7220 0.8363 0.3637 0.3003 0.3155 0.2886 0.3278 0.2965 0.2288 0.2472 0.2195 0.2487 0.1919 0.1825 0.2096 0.2377 0.2463 0.1847 0.2427 0.2182 0.1953 0.1666 0.2036 0.1751 0.2148 0.1685 0.1779 0.1583 0.1668 0.1746 0.1562 0.1572 0.1421 0.1385 0.1454 0.1815 0.1400 0.1423 0.1551 0.1346 0.1499 0.1356 0.1349 0.1621 0.1610 0.1486 0.1380 0.1332 0.1712 0.1761],[1.8724 1.2269 0.7268 0.5642 0.4809 0.4325 0.4094 0.3854 0.3673 0.3483 0.3341 0.3242 0.3182 0.3079 0.2995 0.2939 0.2877 0.2821 0.2735 0.2708 0.2619 0.2647 0.2581 0.2536 0.2496 0.2471 0.2428 0.2392 0.2345 0.2323 0.2311 0.2269 0.2250 0.2242 0.2202 0.2180 0.2191 0.2170 0.2112 0.2121 0.2050 0.2067 0.2069 0.2042 0.2022 0.1974 0.1997 0.1953 0.1973 0.1949]
