train_acc,valid_acc,test_acc,train_loss,valid_loss,train_aug_loss
0.9749061465263367,0.9557629823684692,0.957998514175415,[3.6187 1.1720 0.4742 0.3309 2.5018 0.2611 0.2539 0.2963 0.7006 0.2078 0.1843 0.2006 0.1984 0.1841 0.3301 0.2063 0.1931 0.5532 0.1437 0.1471 0.1591 0.1497 0.1618 0.7178 0.8006 0.1531 0.1363 0.1865 0.1662 0.2301 0.1474 0.1239 0.1105 0.2596 0.1028 0.1332 0.1214 0.1351 0.1672 0.1646 0.1295 0.1324 0.1734 0.1169 0.1208 0.1821 0.1529 0.0914 0.1072 0.1076],[3.4092 1.3282 0.5422 0.3804 2.0483 0.3232 0.2913 0.3346 0.6218 0.2409 0.2365 0.2466 0.2385 0.2515 0.3423 0.2822 0.2529 0.4810 0.1857 0.2004 0.2037 0.2128 0.2209 0.6183 0.6632 0.1943 0.1930 0.2203 0.2034 0.2537 0.2392 0.1956 0.1726 0.2723 0.1573 0.1877 0.1747 0.1913 0.2057 0.2154 0.1766 0.1912 0.2158 0.1885 0.1669 0.2279 0.2024 0.1511 0.1669 0.1912],[1.9696 1.4855 0.8571 0.6434 0.5460 0.4875 0.4503 0.4217 0.3999 0.3843 0.3673 0.3560 0.3486 0.3344 0.3298 0.3219 0.3124 0.3074 0.3010 0.2914 0.2879 0.2840 0.2761 0.2752 0.2704 0.2646 0.2617 0.2630 0.2553 0.2554 0.2511 0.2494 0.2475 0.2418 0.2396 0.2379 0.2360 0.2350 0.2317 0.2305 0.2257 0.2241 0.2268 0.2230 0.2252 0.2201 0.2191 0.2176 0.2172 0.2145]
