train_acc,valid_acc,test_acc,train_loss,valid_loss,train_aug_loss
0.9740161895751953,0.9590097665786743,0.9603725075721741,[2.2756 0.6765 0.5931 0.6827 0.3085 0.2734 0.3295 0.5381 0.2204 0.2042 0.2130 0.2038 0.1730 0.3298 0.1720 0.1805 0.1571 0.1560 0.1525 0.1483 0.1541 0.1397 0.1493 0.1607 0.1606 0.1301 0.1185 0.1343 0.1361 0.1178 0.1539 0.1126 0.1345 0.1111 0.0914 0.1165 0.1222 0.1116 0.0992 0.1119 0.1078 0.1059 0.1049 0.0977 0.0929 1.6994 0.1055 0.1655 0.0978 0.1175],[2.5793 0.6964 0.6620 0.6276 0.3523 0.3049 0.3532 0.4897 0.2707 0.2402 0.2685 0.2481 0.2049 0.3201 0.2226 0.2050 0.2054 0.1899 0.2064 0.1884 0.2113 0.1819 0.1949 0.1973 0.2118 0.1813 0.1586 0.1710 0.1775 0.1594 0.1831 0.1525 0.1773 0.1638 0.1390 0.1847 0.1616 0.1558 0.1432 0.1619 0.1501 0.1481 0.1462 0.1402 0.1369 1.4568 0.1513 0.2065 0.1452 0.1565],[1.8766 1.1059 0.7086 0.5759 0.5115 0.4574 0.4433 0.4114 0.3955 0.3810 0.3668 0.3561 0.3448 0.3376 0.3327 0.3235 0.3155 0.3071 0.3091 0.2971 0.2923 0.2882 0.2829 0.2791 0.2784 0.2713 0.2679 0.2659 0.2581 0.2549 0.2480 0.2492 0.2458 0.2422 0.2392 0.2374 0.2338 0.2332 0.2300 0.2329 0.2275 0.2229 0.2268 0.2245 0.2222 0.2161 0.2141 0.2189 0.2124 0.2103]
