train_acc,valid_acc,test_acc,train_loss,valid_loss,train_aug_loss
0.9784364700317383,0.9642857313156128,0.9611030220985413,[2.2030 1.0002 0.4562 0.3050 0.2056 0.2109 0.2049 0.8103 0.1644 0.1672 0.2006 0.3168 0.5786 0.2693 0.1597 0.1309 0.2040 0.2549 0.1675 0.2445 0.1509 0.1109 0.1237 0.0954 0.5582 0.2859 0.1250 0.1677 0.3808 0.2928 0.3175 0.1693 0.1273 0.1209 0.1043 0.0812 0.0904 0.2129 0.1554 0.5046 0.1021 0.0700 0.0929 0.1746 0.1490 0.4572 0.0773 0.1106 0.1238 0.1270],[2.2884 1.0715 0.4773 0.3447 0.2352 0.2505 0.2336 0.7503 0.2023 0.2112 0.2328 0.3201 0.5257 0.2889 0.2021 0.1807 0.2445 0.2788 0.2163 0.2764 0.1966 0.1589 0.1674 0.1616 0.5595 0.3185 0.1811 0.2177 0.4002 0.3273 0.3387 0.2234 0.1788 0.1763 0.1662 0.1395 0.1400 0.2619 0.2175 0.5085 0.1579 0.1363 0.1469 0.2349 0.2042 0.5079 0.1414 0.1685 0.1863 0.1961],[1.7906 0.9601 0.5872 0.4793 0.4331 0.3997 0.3671 0.3496 0.3317 0.3156 0.3071 0.3011 0.2879 0.2844 0.2752 0.2716 0.2635 0.2573 0.2525 0.2462 0.2440 0.2387 0.2359 0.2299 0.2259 0.2244 0.2221 0.2173 0.2148 0.2146 0.2104 0.2056 0.2027 0.2048 0.2003 0.1992 0.1984 0.1936 0.1923 0.1901 0.1881 0.1874 0.1855 0.1842 0.1840 0.1827 0.1803 0.1751 0.1744 0.1779]
