train_acc,valid_acc,test_acc,train_loss,valid_loss,train_aug_loss
0.9798153638839722,0.9584009647369385,0.9585464000701904,[2.2917 1.9072 0.3961 0.4104 0.2326 0.2872 0.2958 0.2162 0.2330 0.1999 0.1924 0.1373 0.2175 0.1598 0.1389 0.1525 0.2033 0.1558 0.1734 0.1797 0.1423 0.1190 0.1439 0.1615 0.1179 0.1205 0.1403 0.1511 0.1403 0.1058 0.1002 0.1417 0.1812 0.1364 0.0913 0.0938 0.0933 0.0828 0.1193 0.1292 0.0899 0.0866 0.0904 0.0870 0.0766 0.1040 0.1070 0.0880 0.1080 0.0841],[2.2647 1.9153 0.4150 0.4041 0.2696 0.3217 0.3046 0.2475 0.2681 0.2371 0.2239 0.1890 0.2570 0.2094 0.1824 0.1932 0.2446 0.2057 0.2148 0.2343 0.1804 0.1648 0.1888 0.2172 0.1639 0.1769 0.1914 0.1993 0.1934 0.1584 0.1668 0.2007 0.2472 0.2018 0.1450 0.1548 0.1492 0.1440 0.1768 0.1895 0.1578 0.1544 0.1513 0.1493 0.1413 0.1676 0.1701 0.1564 0.1724 0.1509],[1.8624 1.3203 0.7452 0.5580 0.4870 0.4416 0.4091 0.3883 0.3707 0.3563 0.3416 0.3337 0.3238 0.3129 0.3041 0.3045 0.2943 0.2864 0.2795 0.2789 0.2697 0.2663 0.2593 0.2579 0.2507 0.2526 0.2445 0.2420 0.2355 0.2370 0.2341 0.2300 0.2311 0.2265 0.2217 0.2220 0.2196 0.2190 0.2157 0.2152 0.2077 0.2112 0.2102 0.2023 0.2022 0.2040 0.1995 0.2013 0.1988 0.1993]
