train_acc,valid_acc,test_acc,train_loss,valid_loss,train_aug_loss
0.9789938926696777,0.9632710814476013,0.9625639319419861,[7.7140 0.3170 0.3930 0.2939 0.4373 0.5732 0.1974 4.3685 0.2658 0.2085 0.1663 0.1541 0.1518 0.2100 0.1144 0.3175 0.1770 0.1069 0.1562 0.2587 0.1532 0.1406 0.0869 0.1932 0.1533 0.1413 0.1522 0.2218 0.0959 0.1186 0.1873 0.1198 0.1309 0.1343 0.1611 0.1549 0.3057 0.1192 0.1173 0.0781 0.0857 0.1017 0.1774 0.1498 0.1507 0.0753 0.0704 0.0825 0.1596 0.1401],[8.8831 0.3710 0.4479 0.3292 0.4003 0.5011 0.2208 3.7383 0.2661 0.2264 0.1949 0.1936 0.1849 0.2229 0.1547 0.3194 0.2067 0.1455 0.1903 0.2836 0.1904 0.1881 0.1307 0.2347 0.2017 0.1735 0.1922 0.2439 0.1442 0.1619 0.2136 0.1616 0.1723 0.1909 0.2073 0.2062 0.3054 0.1726 0.1677 0.1288 0.1410 0.1518 0.2210 0.2082 0.1933 0.1268 0.1234 0.1368 0.2106 0.1946],[1.5861 0.6829 0.5047 0.4384 0.3934 0.3665 0.3436 0.3294 0.3148 0.3038 0.2951 0.2896 0.2728 0.2701 0.2652 0.2593 0.2534 0.2451 0.2439 0.2402 0.2372 0.2302 0.2279 0.2249 0.2194 0.2177 0.2102 0.2106 0.2111 0.2053 0.2017 0.2002 0.1978 0.1960 0.1954 0.1942 0.1899 0.1918 0.1884 0.1862 0.1866 0.1833 0.1827 0.1800 0.1797 0.1799 0.1781 0.1762 0.1726 0.1715]
