train_acc,valid_acc,test_acc,train_loss,valid_loss,train_aug_loss
0.9806075096130371,0.963676929473877,0.9618334770202637,[2.2368 0.5987 0.3537 0.2593 0.2382 0.2024 0.2168 0.2353 0.1763 0.1969 0.2824 0.1879 0.1640 0.2174 0.1364 0.2159 0.1677 0.1106 0.2325 0.1881 0.1086 0.1426 0.1682 0.1139 0.1154 0.1818 0.2784 0.2407 0.0958 0.1454 0.1124 0.1048 0.0781 0.0966 0.0866 0.2756 0.0868 0.1059 0.1699 0.1073 0.1017 0.1655 0.1255 0.0841 0.0674 0.0757 0.0911 0.1001 0.0960 0.0784],[2.1582 0.6181 0.3633 0.2829 0.2461 0.2382 0.2382 0.2605 0.2069 0.2122 0.2896 0.2041 0.1833 0.2330 0.1862 0.2392 0.2039 0.1498 0.2619 0.2226 0.1450 0.1851 0.2106 0.1503 0.1590 0.2144 0.3135 0.2475 0.1360 0.1845 0.1540 0.1570 0.1303 0.1438 0.1364 0.3239 0.1471 0.1592 0.2188 0.1624 0.1539 0.2176 0.1833 0.1345 0.1214 0.1220 0.1402 0.1511 0.1552 0.1384],[1.7596 0.9138 0.5949 0.4927 0.4309 0.3960 0.3706 0.3491 0.3333 0.3265 0.3147 0.2978 0.2913 0.2823 0.2753 0.2720 0.2596 0.2548 0.2492 0.2466 0.2396 0.2332 0.2347 0.2320 0.2213 0.2206 0.2205 0.2169 0.2117 0.2117 0.2088 0.2045 0.2042 0.2007 0.1981 0.1948 0.1934 0.1928 0.1877 0.1878 0.1861 0.1819 0.1800 0.1800 0.1796 0.1742 0.1757 0.1745 0.1737 0.1712]
