train_acc,valid_acc,test_acc,train_loss,valid_loss,train_aug_loss
0.9762458801269531,0.9616477489471436,0.9607377648353577,[2.5340 0.4896 0.3091 0.2742 0.3368 0.3245 0.2192 0.2681 0.1877 0.1551 0.1589 0.1399 0.2699 0.1691 0.1468 0.2231 0.2389 0.1275 0.1088 0.4187 0.1816 0.1521 0.2239 0.1536 0.0940 0.1803 0.0957 0.2052 0.1663 0.0974 0.2212 0.1292 0.1116 0.0991 0.1770 0.1354 0.1691 0.1506 0.0797 0.1004 0.1493 0.0776 0.1004 0.1484 0.1276 0.0690 0.1273 0.0957 0.0753 0.1575],[2.6580 0.5631 0.3588 0.3131 0.3622 0.3184 0.2527 0.2831 0.2057 0.1836 0.2008 0.1842 0.2817 0.1960 0.2034 0.2421 0.2612 0.1877 0.1494 0.4428 0.2182 0.1974 0.2458 0.1951 0.1470 0.2141 0.1442 0.2564 0.2082 0.1427 0.2567 0.1767 0.1546 0.1547 0.2200 0.1869 0.2071 0.2003 0.1367 0.1630 0.2093 0.1300 0.1615 0.2032 0.1750 0.1413 0.1871 0.1582 0.1441 0.2233],[1.7030 0.9248 0.6129 0.4895 0.4338 0.4011 0.3773 0.3490 0.3309 0.3206 0.3100 0.2952 0.2854 0.2806 0.2744 0.2662 0.2586 0.2546 0.2489 0.2445 0.2375 0.2332 0.2340 0.2290 0.2223 0.2201 0.2164 0.2189 0.2104 0.2087 0.2059 0.2095 0.2008 0.1995 0.2002 0.1981 0.1906 0.1897 0.1883 0.1898 0.1878 0.1808 0.1800 0.1774 0.1783 0.1785 0.1762 0.1736 0.1715 0.1754]
