train_acc,valid_acc,test_acc,train_loss,valid_loss,train_aug_loss
0.9770869016647339,0.958198070526123,0.9634770154953003,[2.6392 0.9874 0.4925 0.4628 0.3650 0.2868 0.6611 0.2351 0.3285 0.2960 0.2798 0.4224 0.1856 0.2003 0.3068 0.1670 0.1675 0.2543 0.2085 0.2381 0.1268 0.2087 0.2544 0.1550 0.1503 0.1359 0.1472 0.1746 0.1245 0.2126 0.2520 0.1840 0.1952 0.1739 0.2166 0.2386 0.2161 0.1581 0.2193 0.1191 0.2737 0.1597 0.1575 0.1833 0.1629 0.2278 0.2214 0.1634 0.0857 0.1357],[2.5738 0.9528 0.5877 0.4676 0.3812 0.3492 0.7143 0.2678 0.3259 0.3097 0.3027 0.4117 0.2292 0.2337 0.4542 0.2363 0.2122 0.2759 0.2454 0.2615 0.1769 0.2456 0.2955 0.2027 0.2033 0.1985 0.2481 0.2328 0.1826 0.2693 0.2798 0.2242 0.2490 0.2276 0.2579 0.2840 0.2646 0.2154 0.2596 0.1843 0.3042 0.2381 0.2057 0.2375 0.2492 0.2775 0.2768 0.2083 0.1509 0.1835],[1.9229 1.2499 0.7662 0.5991 0.5146 0.4707 0.4312 0.4127 0.3914 0.3733 0.3670 0.3507 0.3421 0.3346 0.3294 0.3147 0.3102 0.3004 0.2981 0.2928 0.2839 0.2774 0.2802 0.2738 0.2677 0.2652 0.2616 0.2640 0.2544 0.2487 0.2483 0.2467 0.2447 0.2388 0.2422 0.2394 0.2334 0.2340 0.2343 0.2301 0.2247 0.2275 0.2214 0.2213 0.2178 0.2161 0.2150 0.2138 0.2144 0.2100]
