train_acc,valid_acc,test_acc,train_loss,valid_loss,train_aug_loss
0.9741335511207581,0.9565746784210205,0.9558071494102478,[2.2645 0.7839 0.6641 0.4118 0.5265 0.3099 0.4154 0.2929 0.2608 0.2826 0.2347 0.4853 0.2836 0.3388 0.2712 0.5421 0.1806 0.2388 0.2037 0.2373 0.3602 0.2493 0.2190 0.1412 0.2163 0.2133 0.2034 0.2024 0.2662 0.1555 0.1346 0.0993 0.1327 0.1071 0.1506 0.1746 0.1269 0.0994 0.1166 0.1446 0.8871 0.0965 0.3591 0.0925 0.0903 0.2501 0.6085 0.1210 0.1669 0.2631],[2.3837 0.8146 0.6947 0.4697 0.4801 0.3217 0.3959 0.3121 0.2761 0.2902 0.2445 0.4288 0.3099 0.3342 0.2834 0.5145 0.2345 0.2398 0.2335 0.2741 0.3405 0.2674 0.2455 0.1889 0.2423 0.2560 0.2457 0.2325 0.3130 0.1966 0.1750 0.1438 0.1749 0.1502 0.1876 0.2105 0.1760 0.1477 0.1521 0.1955 0.7177 0.1546 0.3649 0.1430 0.1483 0.2839 0.5503 0.1647 0.2032 0.2681],[1.8030 0.9925 0.6899 0.5693 0.4974 0.4563 0.4249 0.4049 0.3851 0.3727 0.3542 0.3480 0.3332 0.3272 0.3205 0.3074 0.3047 0.2947 0.2903 0.2840 0.2784 0.2733 0.2734 0.2701 0.2646 0.2594 0.2558 0.2552 0.2503 0.2476 0.2460 0.2383 0.2386 0.2341 0.2339 0.2314 0.2350 0.2260 0.2250 0.2216 0.2211 0.2205 0.2154 0.2172 0.2142 0.2120 0.2139 0.2153 0.2140 0.2051]
