train_acc,valid_acc,test_acc,train_loss,valid_loss,train_aug_loss
0.9812920689582825,0.9614447951316833,0.9671292901039124,[2.3156 0.3699 0.2765 0.3973 0.4492 0.3033 0.1791 0.4058 4.1176 0.1497 0.2132 0.2687 0.4199 0.1381 0.2254 0.4072 0.2450 0.1371 0.1078 0.2071 0.6587 0.1792 0.4128 0.2441 0.2408 0.2509 0.1705 1.5971 2.8222 0.2775 0.2748 0.1479 0.2203 0.1282 0.2230 0.0929 0.1686 0.1098 0.1314 0.2349 0.2597 0.0649 0.1363 0.1667 0.1354 0.1520 0.1908 0.0785 0.1107 0.1554],[2.5064 0.3999 0.3314 0.4453 0.4497 0.3287 0.2152 0.4423 3.6981 0.1980 0.2517 0.3111 0.4428 0.1942 0.2687 0.4127 0.2890 0.2052 0.1777 0.2496 0.6229 0.2192 0.4780 0.2895 0.2954 0.3135 0.2241 1.3223 2.2943 0.3272 0.3242 0.2084 0.2773 0.1976 0.2910 0.1612 0.2314 0.1734 0.1954 0.3073 0.3044 0.1350 0.2032 0.2347 0.1979 0.2228 0.2511 0.1577 0.1800 0.2176],[1.5661 0.7222 0.5298 0.4603 0.4099 0.3845 0.3627 0.3421 0.3307 0.3249 0.3077 0.3013 0.2923 0.2818 0.2759 0.2672 0.2657 0.2567 0.2504 0.2520 0.2452 0.2380 0.2375 0.2320 0.2291 0.2267 0.2206 0.2212 0.2181 0.2092 0.2113 0.2061 0.2071 0.2004 0.2006 0.2004 0.1996 0.1936 0.1960 0.1941 0.1882 0.1885 0.1843 0.1860 0.1820 0.1827 0.1795 0.1800 0.1753 0.1702]
