train_acc,valid_acc,test_acc,train_loss,valid_loss,train_aug_loss
0.9875554442405701,0.9667640328407288,0.9379330277442932,[1.9445 1.0228 0.5548 0.3186 0.2573 0.2601 0.2251 0.2015 0.2169 0.1919 0.1516 0.2598 0.1437 0.2113 0.1402 0.2359 0.1107 0.1143 0.1074 0.1082 0.1283 0.1145 0.1579 0.1165 0.1010 0.1241 0.1212 0.1482 0.1530 0.0860 0.0864 0.1120 0.0842 0.0788 0.1060 0.0844 0.0710 0.1228 0.0981 0.0745 0.1298 0.1041 0.0708 0.0695 0.0675 0.0698 0.0855 0.0952 0.0847 0.0865 0.0925 0.0674 0.0540 0.1201 0.0576 0.0742 0.0778 0.1083 0.1127 0.0476 0.0885 0.0863 0.1233 0.0504 0.0771 0.0556 0.1489 0.0543 0.0741 0.1236 0.0804 0.0653 0.0534 0.0558 0.0677 0.0580 0.0615 0.0674 0.0673 0.0713 0.0996 0.0690 0.1013 0.0588 0.0576 0.0492 0.0411 0.0611 0.0618 0.0460 0.0649 0.0411 0.0408 0.0508 0.0477 0.0463 0.0696 0.0574 0.0433 0.0571],[1.8494 0.9609 0.5388 0.3329 0.2812 0.2679 0.2458 0.2245 0.2425 0.2136 0.1872 0.2783 0.1826 0.2490 0.1785 0.2682 0.1577 0.1647 0.1545 0.1547 0.1774 0.1604 0.2096 0.1647 0.1506 0.1757 0.1745 0.2031 0.2141 0.1434 0.1440 0.1734 0.1434 0.1389 0.1692 0.1410 0.1325 0.1906 0.1566 0.1392 0.1924 0.1691 0.1294 0.1366 0.1364 0.1362 0.1538 0.1682 0.1584 0.1614 0.1632 0.1391 0.1234 0.1929 0.1303 0.1496 0.1518 0.1895 0.1918 0.1261 0.1677 0.1746 0.1995 0.1258 0.1561 0.1362 0.2327 0.1282 0.1513 0.2072 0.1672 0.1430 0.1349 0.1419 0.1550 0.1418 0.1445 0.1538 0.1525 0.1588 0.1887 0.1546 0.2061 0.1480 0.1440 0.1357 0.1190 0.1497 0.1475 0.1311 0.1551 0.1281 0.1256 0.1422 0.1315 0.1372 0.1665 0.1436 0.1272 0.1551],[1.8832 1.2644 0.7196 0.5494 0.4675 0.4209 0.3823 0.3541 0.3418 0.3236 0.3098 0.2949 0.2872 0.2758 0.2673 0.2628 0.2553 0.2518 0.2438 0.2393 0.2326 0.2301 0.2260 0.2230 0.2180 0.2157 0.2118 0.2044 0.2074 0.2028 0.1976 0.1983 0.1933 0.1906 0.1878 0.1881 0.1862 0.1830 0.1804 0.1821 0.1775 0.1746 0.1765 0.1720 0.1731 0.1683 0.1698 0.1643 0.1674 0.1663 0.1650 0.1613 0.1631 0.1580 0.1592 0.1592 0.1551 0.1597 0.1506 0.1506 0.1534 0.1545 0.1536 0.1494 0.1491 0.1480 0.1495 0.1471 0.1471 0.1462 0.1450 0.1430 0.1441 0.1441 0.1391 0.1401 0.1373 0.1374 0.1378 0.1386 0.1353 0.1360 0.1382 0.1331 0.1337 0.1343 0.1302 0.1342 0.1338 0.1334 0.1287 0.1321 0.1277 0.1275 0.1272 0.1282 0.1275 0.1269 0.1267 0.1262]
