train_acc,valid_acc,test_acc,train_loss,valid_loss,train_aug_loss
0.9801087379455566,0.9586039185523987,0.9616508483886719,[2.9617 0.5094 0.3641 0.2247 0.2004 0.2752 0.2906 0.2500 0.3114 0.1840 0.3100 0.1855 0.1525 0.2418 0.1504 0.1878 0.2508 0.1805 0.3363 0.2109 0.3602 0.1695 0.1436 0.1056 0.1478 0.1927 0.1276 0.1576 0.1306 0.1007 0.1078 0.1583 0.1965 0.0911 0.1368 0.1023 0.0799 0.0987 0.1179 0.1226 0.1885 0.2029 0.1317 0.1402 0.1751 0.0870 0.1029 0.1156 0.0764 0.1206],[3.3596 0.4732 0.4312 0.2557 0.2376 0.2974 0.3131 0.2787 0.3332 0.2169 0.4865 0.2297 0.1953 0.2877 0.1971 0.2269 0.2869 0.2223 0.3535 0.2629 0.3807 0.2245 0.1904 0.1830 0.2033 0.2457 0.1839 0.2224 0.1856 0.1648 0.1714 0.2125 0.2660 0.1698 0.1959 0.1664 0.1566 0.1604 0.1822 0.1872 0.2340 0.2727 0.1911 0.2022 0.2390 0.1548 0.1646 0.1828 0.1440 0.1945],[1.4911 0.6642 0.5142 0.4422 0.4012 0.3723 0.3471 0.3320 0.3197 0.3104 0.2989 0.2895 0.2810 0.2732 0.2660 0.2609 0.2560 0.2505 0.2463 0.2427 0.2382 0.2348 0.2302 0.2242 0.2216 0.2221 0.2164 0.2120 0.2105 0.2097 0.2038 0.2055 0.2039 0.2006 0.1960 0.1982 0.1915 0.1887 0.1876 0.1903 0.1899 0.1861 0.1844 0.1808 0.1784 0.1776 0.1816 0.1751 0.1749 0.1784]
