train_acc,valid_acc,test_acc,train_loss,valid_loss,train_aug_loss
0.9752679467201233,0.9525162577629089,0.9576333165168762,[3.8742 0.4847 0.4256 0.3142 0.3173 0.2755 0.2382 0.2468 0.2153 0.2063 0.2008 0.3158 0.2357 0.1819 0.4008 0.1588 0.1464 0.1562 0.1307 0.1376 0.2344 0.1744 0.2216 0.1247 0.1152 0.1311 0.1125 0.1155 0.1106 0.1256 0.1378 0.1216 1.3179 0.1325 0.1394 0.1069 0.1905 0.0949 0.1085 2.5126 0.0952 0.0950 0.3018 0.0946 0.0895 0.1046 0.1337 0.4944 0.1004 0.1027],[3.6341 0.5393 0.5019 0.3753 0.3929 0.3220 0.2910 0.2916 0.2664 0.2723 0.2616 0.3476 0.2883 0.2447 0.4067 0.2254 0.2058 0.2120 0.1980 0.2001 0.2807 0.2513 0.2673 0.1912 0.1787 0.1957 0.1882 0.1907 0.1842 0.1809 0.2017 0.1897 1.1620 0.2011 0.1969 0.1841 0.2589 0.1636 0.1745 2.1010 0.1739 0.1646 0.3322 0.1787 0.1660 0.1765 0.1925 0.4976 0.1791 0.1868],[1.9039 1.1125 0.6762 0.5667 0.5147 0.4725 0.4433 0.4155 0.3985 0.3759 0.3618 0.3584 0.3419 0.3317 0.3257 0.3179 0.3048 0.3021 0.2961 0.2907 0.2894 0.2810 0.2779 0.2724 0.2696 0.2677 0.2628 0.2611 0.2528 0.2556 0.2559 0.2450 0.2509 0.2439 0.2426 0.2369 0.2377 0.2318 0.2313 0.2294 0.2284 0.2249 0.2260 0.2224 0.2189 0.2194 0.2188 0.2136 0.2142 0.2148]
