train_acc,valid_acc,test_acc,train_loss,valid_loss,train_aug_loss
0.9835804104804993,0.9610389471054077,0.9669466614723206,[8.8534 1.2941 0.3933 0.3834 0.4038 0.2277 0.1795 0.1523 0.2344 0.3534 0.1942 0.2277 0.1704 0.2298 0.1396 0.2896 0.1183 0.2260 0.1136 0.3054 0.1069 0.2420 0.0924 0.1118 0.3930 0.2572 0.0926 0.1614 0.2771 0.2977 0.1084 0.0957 0.1058 0.1898 0.1076 0.0755 0.0921 0.1169 0.0767 0.0711 0.2769 0.1276 0.1189 0.2398 0.0699 0.1233 0.0590 0.0855 0.0555 0.0819],[7.9312 1.1717 0.3995 0.3990 0.3819 0.2288 0.2000 0.1956 0.2571 0.3755 0.2047 0.2353 0.1984 0.2407 0.1738 0.3164 0.1682 0.2554 0.1565 0.3219 0.1634 0.2712 0.1412 0.1551 0.3911 0.2797 0.1377 0.2049 0.3119 0.3323 0.1526 0.1401 0.1559 0.2308 0.1545 0.1361 0.1466 0.1626 0.1417 0.1314 0.3244 0.1866 0.1781 0.3030 0.1313 0.1777 0.1239 0.1482 0.1195 0.1400],[1.7653 0.9888 0.6152 0.4795 0.4195 0.3845 0.3502 0.3362 0.3217 0.3093 0.2971 0.2923 0.2824 0.2765 0.2640 0.2585 0.2555 0.2454 0.2436 0.2395 0.2349 0.2319 0.2264 0.2256 0.2235 0.2177 0.2141 0.2124 0.2127 0.2083 0.2051 0.2035 0.2012 0.1962 0.1930 0.1935 0.1889 0.1872 0.1886 0.1825 0.1813 0.1813 0.1800 0.1798 0.1761 0.1748 0.1758 0.1733 0.1706 0.1707]
