train_acc,valid_acc,test_acc,train_loss,valid_loss,train_aug_loss
0.9803727865219116,0.9624594449996948,0.9583637714385986,[2.9825 0.5278 0.3115 0.4241 0.4006 0.4343 0.2020 0.2214 0.2586 0.2533 0.2813 0.3064 0.1814 0.1466 0.2508 0.2169 0.3495 0.1515 0.1016 0.1882 0.4187 0.1936 0.0964 0.1049 0.2418 0.1240 0.2006 0.3990 0.1351 0.1507 0.2034 0.0972 0.1085 0.1105 0.1792 0.0881 0.0772 0.1096 0.0964 0.0769 0.1084 0.1216 0.0833 0.2148 0.1014 0.2328 0.1537 0.0987 0.1893 0.0690],[3.5401 0.4968 0.3901 0.4261 0.3864 0.5859 0.2777 0.3002 0.2765 0.2824 0.3307 0.3044 0.2197 0.1872 0.2833 0.2409 0.5202 0.1966 0.1526 0.2200 0.3880 0.2365 0.1483 0.1533 0.2680 0.1876 0.2504 0.3954 0.1887 0.2208 0.2396 0.1613 0.1637 0.1616 0.2347 0.1419 0.1324 0.1698 0.1504 0.1275 0.1623 0.1916 0.1468 0.2838 0.1676 0.3013 0.2202 0.1616 0.2642 0.1254],[1.6252 0.7653 0.5438 0.4556 0.4130 0.3801 0.3578 0.3408 0.3267 0.3136 0.3037 0.2914 0.2842 0.2785 0.2761 0.2660 0.2639 0.2553 0.2486 0.2446 0.2392 0.2388 0.2316 0.2290 0.2259 0.2251 0.2186 0.2166 0.2152 0.2092 0.2061 0.2041 0.2056 0.2016 0.2001 0.1952 0.1929 0.1902 0.1865 0.1860 0.1867 0.1861 0.1853 0.1793 0.1795 0.1771 0.1762 0.1786 0.1736 0.1746]
