train_acc,valid_acc,test_acc,train_loss,valid_loss,train_aug_loss
0.9806661605834961,0.9644886255264282,0.9581811428070068,[1.9549 0.5952 0.3509 0.3209 0.2721 0.2196 0.1928 0.1810 0.2073 0.1452 0.1535 0.1643 0.1955 0.1749 0.1599 0.1280 0.1554 0.1379 0.1546 0.1163 0.1490 0.1090 0.1451 0.1114 0.1016 0.1110 0.1143 0.1202 0.1124 0.1121 0.1061 0.1042 0.1231 0.1062 0.0933 0.1202 0.0922 0.1325 0.1358 0.1057 0.0876 0.0825 0.1314 0.0784 0.1435 0.0991 0.0685 0.1048 0.1044 0.0884],[1.7509 0.5747 0.3786 0.3182 0.2911 0.2501 0.2190 0.2130 0.2351 0.1844 0.1991 0.1928 0.2400 0.2020 0.1931 0.1801 0.1973 0.1762 0.2027 0.1637 0.1873 0.1616 0.1890 0.1583 0.1533 0.1582 0.1608 0.1657 0.1716 0.1565 0.1625 0.1514 0.1688 0.1617 0.1481 0.1694 0.1458 0.1823 0.1848 0.1639 0.1470 0.1406 0.1825 0.1420 0.1992 0.1578 0.1292 0.1591 0.1602 0.1523],[1.8246 1.0668 0.6430 0.5225 0.4605 0.4175 0.3891 0.3780 0.3537 0.3374 0.3290 0.3200 0.3094 0.3038 0.2947 0.2894 0.2844 0.2770 0.2733 0.2691 0.2643 0.2555 0.2535 0.2545 0.2493 0.2431 0.2412 0.2407 0.2351 0.2342 0.2281 0.2266 0.2242 0.2195 0.2206 0.2210 0.2143 0.2133 0.2089 0.2109 0.2080 0.2018 0.2043 0.2024 0.2032 0.2030 0.1989 0.2003 0.1986 0.1934]
