train_acc,valid_acc,test_acc,train_loss,valid_loss,train_aug_loss
0.9783288836479187,0.9646915793418884,0.9653031229972839,[3.0936 0.6223 0.5017 0.2182 0.7293 0.1811 0.1910 0.2049 0.6868 0.3191 0.3357 0.1701 0.2737 0.1407 0.1407 0.2019 0.5410 0.3193 0.2625 0.1109 0.1582 0.7182 0.9363 0.1178 0.1660 0.2236 0.2143 0.1181 0.1815 0.1628 0.1836 0.1242 0.2565 0.1769 0.1029 0.1893 0.1068 0.1184 0.1196 0.2297 0.1144 0.1861 0.1139 0.1331 0.0724 0.0938 0.1841 0.1661 0.1010 0.1510],[3.4666 0.6150 0.4692 0.2477 0.5787 0.2143 0.2174 0.2428 0.5872 0.3646 0.3266 0.2123 0.3028 0.1822 0.1791 0.2775 0.4901 0.3153 0.2757 0.1600 0.1914 0.6934 0.7707 0.1685 0.2012 0.2637 0.2439 0.1948 0.2279 0.2053 0.2307 0.1731 0.3077 0.2192 0.1570 0.2439 0.1602 0.1625 0.1723 0.2620 0.1706 0.2392 0.1747 0.1779 0.1260 0.1515 0.2233 0.2203 0.1528 0.2099],[1.4522 0.6803 0.5219 0.4578 0.4132 0.3839 0.3616 0.3425 0.3294 0.3133 0.3104 0.3030 0.2894 0.2850 0.2759 0.2763 0.2627 0.2590 0.2563 0.2529 0.2477 0.2445 0.2351 0.2366 0.2328 0.2283 0.2266 0.2223 0.2173 0.2175 0.2177 0.2117 0.2090 0.2082 0.2033 0.2020 0.2010 0.1991 0.1980 0.1935 0.1935 0.1951 0.1888 0.1920 0.1857 0.1827 0.1839 0.1831 0.1838 0.1794]
