train_acc,valid_acc,test_acc,train_loss,valid_loss,train_aug_loss
0.9847479462623596,0.9660335779190063,0.9324480295181274,[1.8174 0.9776 0.3812 0.3665 0.2089 0.1899 0.2640 0.1676 0.1960 0.2089 0.1788 0.1897 0.1992 0.1714 0.1788 0.2022 0.1549 0.1854 0.1170 0.1394 0.1564 0.0925 0.1809 0.1679 0.1130 0.1168 0.1271 0.1163 0.0998 0.1579 0.0959 0.1183 0.1204 0.0907 0.1274 0.1112 0.1158 0.0656 0.0959 0.0857 0.0685 0.0723 0.1012 0.1696 0.0822 0.0860 0.0902 0.0650 0.1082 0.1509 0.0541 0.0966 0.0824 0.0884 0.0665 0.0796 0.0932 0.1179 0.1025 0.0800 0.0734 0.0750 0.0859 0.0724 0.0669 0.0931 0.0647 0.0884 0.0493 0.0864 0.0627 0.0630 0.0713 0.0558 0.0920 0.0833 0.0605 0.1226 0.0591 0.0674 0.0770 0.0692 0.0524 0.0517 0.0480 0.0688 0.0512 0.1034 0.0687 0.0650 0.0496 0.0852 0.0492 0.0459 0.0570 0.0490 0.0762 0.0526 0.0512 0.0637],[1.7951 0.9130 0.3763 0.3690 0.2261 0.2083 0.2729 0.1911 0.2179 0.2359 0.2083 0.2247 0.2381 0.2068 0.2198 0.2439 0.1918 0.2281 0.1583 0.1854 0.2024 0.1352 0.2278 0.2128 0.1593 0.1668 0.1748 0.1685 0.1449 0.2137 0.1434 0.1716 0.1719 0.1428 0.1889 0.1632 0.1756 0.1190 0.1497 0.1441 0.1232 0.1244 0.1637 0.2388 0.1411 0.1513 0.1491 0.1228 0.1801 0.2262 0.1113 0.1641 0.1465 0.1599 0.1229 0.1426 0.1600 0.1978 0.1742 0.1518 0.1434 0.1436 0.1583 0.1455 0.1374 0.1693 0.1297 0.1705 0.1117 0.1577 0.1347 0.1324 0.1481 0.1270 0.1743 0.1593 0.1310 0.2185 0.1319 0.1448 0.1555 0.1472 0.1264 0.1264 0.1217 0.1510 0.1229 0.1954 0.1462 0.1510 0.1235 0.1709 0.1193 0.1184 0.1370 0.1238 0.1633 0.1319 0.1286 0.1418],[1.8435 1.1247 0.6717 0.5152 0.4447 0.3987 0.3681 0.3465 0.3244 0.3117 0.3019 0.2906 0.2823 0.2730 0.2680 0.2576 0.2529 0.2492 0.2449 0.2346 0.2380 0.2302 0.2266 0.2221 0.2184 0.2164 0.2132 0.2095 0.2041 0.2026 0.2026 0.1965 0.1988 0.1930 0.1904 0.1899 0.1868 0.1858 0.1863 0.1851 0.1806 0.1820 0.1793 0.1753 0.1759 0.1725 0.1711 0.1715 0.1678 0.1668 0.1660 0.1648 0.1645 0.1601 0.1629 0.1625 0.1614 0.1579 0.1561 0.1547 0.1547 0.1557 0.1540 0.1506 0.1527 0.1509 0.1494 0.1477 0.1508 0.1496 0.1446 0.1462 0.1433 0.1414 0.1432 0.1440 0.1368 0.1392 0.1444 0.1385 0.1388 0.1361 0.1358 0.1358 0.1374 0.1336 0.1340 0.1336 0.1334 0.1336 0.1335 0.1319 0.1323 0.1332 0.1300 0.1283 0.1292 0.1269 0.1284 0.1308]
