train_acc,valid_acc,test_acc,train_loss,valid_loss,train_aug_loss
0.9693220853805542,0.9553571343421936,0.9594594836235046,[2.8190 0.8726 0.3642 0.3179 0.2471 0.4265 0.2147 0.2604 0.2644 0.2314 0.2749 0.2822 0.2507 0.2368 0.1876 0.3022 0.1441 0.2746 0.2614 0.1756 0.2162 0.1726 0.1751 0.1600 0.1545 0.1377 0.1704 0.2627 0.1610 0.1094 0.1535 0.1717 1.4074 0.2391 0.1362 0.1227 0.1596 0.2006 0.1397 0.1135 0.1367 0.1480 0.1655 0.1387 0.2255 0.1004 0.1771 0.1745 0.2245 0.2387],[3.3744 0.8713 0.3809 0.3455 0.2621 0.3906 0.2405 0.2882 0.2687 0.2456 0.3187 0.2825 0.3261 0.2473 0.2059 0.3121 0.1820 0.2734 0.2773 0.2153 0.2305 0.1987 0.2154 0.1969 0.1873 0.1629 0.2036 0.2667 0.1858 0.1571 0.1860 0.2067 1.1091 0.2570 0.1776 0.1614 0.1934 0.2293 0.1818 0.1580 0.1739 0.1813 0.1994 0.1796 0.2593 0.1510 0.2111 0.1979 0.2335 0.2653],[1.8600 1.0320 0.6703 0.5514 0.4947 0.4454 0.4174 0.3976 0.3830 0.3700 0.3514 0.3410 0.3295 0.3273 0.3182 0.3100 0.2983 0.2959 0.2915 0.2873 0.2783 0.2791 0.2779 0.2732 0.2673 0.2623 0.2585 0.2574 0.2547 0.2479 0.2437 0.2453 0.2447 0.2394 0.2347 0.2366 0.2338 0.2294 0.2286 0.2271 0.2284 0.2194 0.2244 0.2173 0.2177 0.2183 0.2137 0.2175 0.2134 0.2081]
