train_acc,valid_acc,test_acc,train_loss,valid_loss,train_aug_loss
0.9766566157341003,0.9630681872367859,0.9623813033103943,[1.7483 0.7921 0.3483 0.3050 0.2543 0.2988 0.2463 0.1722 0.2479 0.1974 0.1726 0.1766 0.1805 0.1582 0.1768 0.1375 0.1731 0.1310 0.1347 0.1137 0.1359 0.1122 0.1372 0.1289 0.1349 0.1034 0.1437 0.1267 0.1077 0.1213 0.1249 0.0903 0.1189 0.1269 0.1400 0.1198 0.1039 0.1050 0.0950 0.0839 0.1088 0.0941 0.0947 0.1144 0.0915 0.0940 0.0821 0.0987 0.0832 0.0834],[1.6690 0.7529 0.3570 0.2978 0.2611 0.3051 0.2543 0.1964 0.2669 0.2249 0.2142 0.2021 0.2092 0.1928 0.1983 0.1705 0.2060 0.1680 0.1680 0.1644 0.1865 0.1626 0.1720 0.1730 0.1791 0.1530 0.1828 0.1669 0.1556 0.1674 0.1778 0.1491 0.1602 0.1777 0.1829 0.1687 0.1457 0.1486 0.1491 0.1357 0.1632 0.1430 0.1575 0.1691 0.1478 0.1505 0.1361 0.1568 0.1404 0.1447],[1.8656 1.1595 0.6816 0.5333 0.4618 0.4321 0.3985 0.3743 0.3600 0.3386 0.3294 0.3190 0.3089 0.3036 0.2934 0.2920 0.2855 0.2781 0.2731 0.2725 0.2665 0.2611 0.2573 0.2487 0.2486 0.2462 0.2435 0.2401 0.2376 0.2326 0.2324 0.2303 0.2254 0.2210 0.2257 0.2208 0.2190 0.2174 0.2119 0.2151 0.2133 0.2067 0.2077 0.2047 0.2042 0.2009 0.2005 0.2026 0.1990 0.1963]
