train_acc,valid_acc,test_acc,train_loss,valid_loss,train_aug_loss
0.9758644700050354,0.9602272510528564,0.9547114968299866,[2.6459 0.8456 0.3772 0.4268 0.3674 0.3939 0.5910 0.2079 0.2051 0.2298 0.2323 0.1946 0.2653 0.2600 0.3188 0.3103 0.1239 0.1541 0.2315 0.1090 0.1239 0.1297 0.2378 0.2184 0.1499 0.1621 0.1154 0.1037 0.2350 0.2213 0.2102 0.1804 0.1678 0.3171 0.1096 0.3148 0.2646 0.1963 0.0994 0.1251 0.1504 0.4425 0.0817 0.2345 0.1711 0.2446 0.1007 0.1827 0.1148 0.1191],[2.9956 0.7974 0.3888 0.4123 0.3586 0.5393 0.4875 0.2218 0.2398 0.2455 0.2440 0.2114 0.2895 0.2568 0.3195 0.3241 0.1583 0.1914 0.2330 0.1427 0.1539 0.1850 0.2533 0.2208 0.1856 0.2218 0.1551 0.1389 0.2624 0.2585 0.2327 0.2080 0.2113 0.3194 0.1533 0.3343 0.2768 0.2323 0.1424 0.1717 0.1922 0.4322 0.1278 0.2680 0.2107 0.3096 0.1517 0.2158 0.1606 0.1653],[1.6691 0.7729 0.5452 0.4730 0.4247 0.3914 0.3709 0.3566 0.3380 0.3286 0.3103 0.3018 0.2949 0.2859 0.2806 0.2728 0.2659 0.2593 0.2556 0.2515 0.2478 0.2444 0.2405 0.2316 0.2274 0.2279 0.2243 0.2161 0.2156 0.2150 0.2094 0.2081 0.2092 0.2028 0.2027 0.1987 0.1992 0.1996 0.1918 0.1946 0.1919 0.1927 0.1857 0.1891 0.1868 0.1836 0.1821 0.1812 0.1780 0.1809]
