train_acc,valid_acc,test_acc,train_loss,valid_loss,train_aug_loss
0.9782311320304871,0.9646915793418884,0.960189938545227,[1.9198 1.1208 0.3903 0.2998 0.2718 0.2204 0.2087 0.3554 0.1960 0.2018 0.1714 0.1665 0.2078 0.1939 0.1834 0.1647 0.1247 0.1421 0.1109 0.1328 0.1574 0.1730 0.1320 0.1343 0.1115 0.1966 0.1418 0.1273 0.1051 0.1188 0.1053 0.1272 0.0889 0.1018 0.1002 0.1210 0.1029 0.1218 0.0912 0.0858 0.0814 0.0992 0.0936 0.0855 0.0918 0.0999 0.1054 0.1022 0.0829 0.1096],[1.9714 1.0624 0.3790 0.3192 0.2926 0.2469 0.2253 0.3424 0.2291 0.2295 0.1968 0.2138 0.2425 0.2196 0.2219 0.1958 0.1674 0.1803 0.1568 0.1728 0.1950 0.2217 0.1747 0.1736 0.1535 0.2300 0.1842 0.1781 0.1585 0.1697 0.1540 0.1769 0.1511 0.1636 0.1549 0.1700 0.1551 0.1773 0.1472 0.1485 0.1308 0.1582 0.1515 0.1407 0.1523 0.1503 0.1585 0.1584 0.1384 0.1654],[1.9189 1.4449 0.7861 0.5671 0.4733 0.4240 0.3959 0.3757 0.3570 0.3438 0.3300 0.3227 0.3096 0.3033 0.2904 0.2897 0.2811 0.2771 0.2715 0.2652 0.2639 0.2580 0.2578 0.2508 0.2476 0.2399 0.2428 0.2336 0.2334 0.2342 0.2269 0.2302 0.2282 0.2237 0.2213 0.2165 0.2167 0.2153 0.2125 0.2069 0.2067 0.2041 0.2070 0.2022 0.2028 0.1994 0.1967 0.1970 0.1953 0.1953]
