train_acc,valid_acc,test_acc,train_loss,valid_loss,train_aug_loss
0.9729306697845459,0.9533278942108154,0.959094226360321,[3.0584 0.6682 0.6403 0.3922 0.6213 0.3706 0.2675 0.2309 0.2534 0.3522 0.2274 0.2754 0.1904 0.3057 0.1983 0.2794 0.2263 0.2474 0.1630 0.1996 0.2107 0.2505 0.1735 0.1243 0.3416 0.2157 0.2223 0.1274 0.2681 0.4856 0.1917 0.1197 0.1037 0.2341 0.2288 0.0978 0.1115 0.0969 0.2286 0.1509 0.1988 0.1882 0.1464 0.1595 0.0990 0.2232 0.2058 0.1341 0.1916 0.1824],[3.1148 0.7263 0.6147 0.4290 0.8632 0.3913 0.3028 0.2677 0.2838 0.3542 0.2533 0.2918 0.2286 0.2938 0.2370 0.2897 0.2516 0.2793 0.2330 0.2415 0.2453 0.2829 0.2161 0.1774 0.3356 0.2503 0.2665 0.1854 0.2925 0.4292 0.2338 0.1714 0.1733 0.2811 0.2715 0.1551 0.1797 0.1562 0.2758 0.2065 0.2544 0.2441 0.1959 0.2098 0.1560 0.2632 0.2501 0.2327 0.2539 0.2324],[1.9070 1.2655 0.7855 0.6116 0.5288 0.4831 0.4536 0.4214 0.4035 0.3829 0.3708 0.3569 0.3510 0.3408 0.3261 0.3242 0.3174 0.3051 0.3025 0.3023 0.2924 0.2874 0.2835 0.2783 0.2747 0.2701 0.2703 0.2618 0.2633 0.2589 0.2554 0.2527 0.2472 0.2461 0.2436 0.2439 0.2438 0.2415 0.2348 0.2339 0.2351 0.2313 0.2272 0.2295 0.2243 0.2249 0.2257 0.2197 0.2230 0.2192]
