train_acc,valid_acc,test_acc,train_loss,valid_loss,train_aug_loss
0.9814974069595337,0.9640827775001526,0.960189938545227,[2.2786 0.3645 0.4241 0.2460 0.2705 0.3625 0.2341 0.2875 0.6490 0.3081 0.2713 0.2342 0.1778 0.2021 0.1468 0.2737 0.1175 0.3023 0.1770 0.1175 0.1358 0.1740 0.1109 0.2129 0.6780 0.2927 0.1444 0.2532 0.2168 0.3944 0.1853 0.1498 0.2977 0.1372 0.1436 0.1288 0.1594 0.2746 0.1298 0.0801 0.1959 0.0997 0.0982 0.0626 0.0987 0.1229 0.1181 0.0663 0.1554 0.1578],[2.5356 0.4225 0.4601 0.2747 0.3486 0.3587 0.3047 0.2862 0.5522 0.3247 0.2781 0.2569 0.2111 0.3212 0.2224 0.2982 0.1799 0.3221 0.2226 0.1738 0.1853 0.2191 0.1621 0.2540 0.6037 0.3114 0.1965 0.2980 0.2634 0.3788 0.2342 0.2040 0.3087 0.1999 0.1948 0.1812 0.2103 0.3255 0.1928 0.1501 0.2555 0.1645 0.1653 0.1297 0.1642 0.1835 0.1837 0.1360 0.2159 0.2249],[1.6429 0.8064 0.5547 0.4661 0.4126 0.3763 0.3536 0.3297 0.3166 0.3024 0.2949 0.2844 0.2775 0.2697 0.2601 0.2541 0.2513 0.2423 0.2405 0.2341 0.2294 0.2271 0.2220 0.2196 0.2149 0.2124 0.2104 0.2039 0.2057 0.2012 0.1997 0.1922 0.1931 0.1903 0.1915 0.1839 0.1865 0.1847 0.1838 0.1812 0.1821 0.1772 0.1757 0.1729 0.1765 0.1699 0.1707 0.1668 0.1665 0.1707]
