train_acc,valid_acc,test_acc,train_loss,valid_loss,train_aug_loss
0.9735859036445618,0.9543425440788269,0.9527027010917664,[1.9515 0.9871 0.3507 0.2570 0.2457 0.2335 0.2060 0.2063 0.1806 0.1930 0.1981 0.1632 0.2021 0.1368 0.1510 0.1342 0.1868 0.1581 0.1472 0.1384 0.1258 0.1677 0.1460 0.1552 0.1122 0.1765 0.1316 0.1260 0.1650 0.1939 0.1241 0.1286 0.0970 0.1178 0.1344 0.1256 0.1004 0.0974 0.1385 0.1371 0.1037 0.1002 0.1021 0.1220 0.1536 0.0887 0.1486 0.1007 0.0904 0.1123],[1.9494 0.8654 0.3526 0.2656 0.2519 0.2440 0.2323 0.2242 0.2017 0.2224 0.2242 0.1911 0.2229 0.1717 0.1779 0.1673 0.2194 0.2036 0.1833 0.1782 0.1643 0.2051 0.1824 0.1970 0.1509 0.2158 0.1719 0.1767 0.2100 0.2297 0.1684 0.1730 0.1500 0.1681 0.1894 0.1799 0.1497 0.1495 0.1880 0.1845 0.1590 0.1591 0.1583 0.1751 0.2150 0.1433 0.2063 0.1581 0.1554 0.1654],[1.8297 1.2251 0.7176 0.5582 0.4807 0.4372 0.4111 0.3863 0.3647 0.3566 0.3410 0.3275 0.3189 0.3095 0.3003 0.2970 0.2931 0.2819 0.2768 0.2740 0.2680 0.2676 0.2586 0.2558 0.2535 0.2535 0.2466 0.2423 0.2392 0.2380 0.2368 0.2337 0.2321 0.2307 0.2252 0.2194 0.2242 0.2198 0.2140 0.2132 0.2143 0.2128 0.2074 0.2088 0.2056 0.2026 0.2064 0.2008 0.1966 0.1993]
