train_acc,valid_acc,test_acc,train_loss,valid_loss,train_aug_loss
0.9748278856277466,0.9594155550003052,0.9559897780418396,[1.9195 0.9721 0.3322 0.2796 0.2680 0.2061 0.1899 0.1790 0.2337 0.1771 0.2260 0.1574 0.1751 0.2060 0.1593 0.1390 0.1722 0.1227 0.1380 0.1749 0.1444 0.1407 0.1250 0.1924 0.1410 0.1111 0.1456 0.1159 0.1118 0.1183 0.1736 0.0992 0.1417 0.1222 0.0918 0.0894 0.0951 0.1132 0.1123 0.0975 0.0904 0.1073 0.1036 0.0994 0.0825 0.1020 0.1016 0.1121 0.1044 0.0901],[1.9084 0.9842 0.3461 0.2903 0.2818 0.2182 0.2191 0.2010 0.2492 0.1935 0.2364 0.1860 0.2059 0.2309 0.1960 0.1751 0.1993 0.1624 0.1865 0.2085 0.1859 0.1825 0.1632 0.2073 0.1851 0.1597 0.1865 0.1661 0.1506 0.1656 0.2087 0.1454 0.1767 0.1764 0.1399 0.1494 0.1522 0.1616 0.1625 0.1436 0.1375 0.1621 0.1515 0.1556 0.1362 0.1483 0.1640 0.1675 0.1571 0.1454],[1.8556 1.1373 0.6975 0.5429 0.4745 0.4354 0.4054 0.3852 0.3714 0.3504 0.3401 0.3280 0.3164 0.3105 0.3016 0.3002 0.2906 0.2826 0.2795 0.2710 0.2698 0.2677 0.2592 0.2539 0.2528 0.2503 0.2482 0.2444 0.2412 0.2349 0.2356 0.2312 0.2256 0.2273 0.2263 0.2233 0.2202 0.2196 0.2191 0.2107 0.2132 0.2117 0.2051 0.2097 0.2030 0.2053 0.2043 0.1973 0.2000 0.1980]
