train_acc,valid_acc,test_acc,train_loss,valid_loss,train_aug_loss
0.9752288460731506,0.960024356842041,0.9627465009689331,[3.1162 0.4929 0.4654 0.3471 0.2656 0.3299 0.3138 0.2253 0.2223 0.2291 0.1653 0.1701 0.2245 0.3163 0.5718 0.1937 0.3438 0.4187 0.1332 0.1318 0.2761 0.1501 0.2312 0.2292 0.1649 0.1096 0.2016 0.3125 0.1489 0.1303 0.2184 0.2636 0.2089 0.1582 0.0848 0.1888 0.1723 0.1513 0.1737 0.1229 0.2372 0.0857 0.1641 0.0749 0.1282 0.1877 0.0813 0.2107 0.0870 0.1246],[3.6557 0.6271 0.4767 0.3395 0.2770 0.3517 0.3058 0.2809 0.2380 0.2302 0.1912 0.2034 0.2334 0.3285 0.4796 0.2107 0.3624 0.3730 0.1622 0.1929 0.2707 0.1764 0.2533 0.2502 0.1937 0.1400 0.2449 0.3339 0.1847 0.1654 0.2516 0.2947 0.2411 0.1954 0.1298 0.2178 0.2152 0.1915 0.2161 0.1605 0.2758 0.1291 0.2117 0.1316 0.1760 0.2335 0.1307 0.2535 0.1399 0.1811],[1.5391 0.7097 0.5259 0.4565 0.4124 0.3835 0.3623 0.3461 0.3336 0.3248 0.3116 0.3026 0.2962 0.2860 0.2762 0.2710 0.2650 0.2625 0.2565 0.2525 0.2467 0.2434 0.2417 0.2315 0.2302 0.2279 0.2271 0.2270 0.2181 0.2166 0.2145 0.2105 0.2134 0.2058 0.2044 0.2032 0.1959 0.1990 0.1960 0.1953 0.1905 0.1929 0.1871 0.1869 0.1845 0.1827 0.1831 0.1792 0.1763 0.1815]
