train_acc,valid_acc,test_acc,train_loss,valid_loss,train_aug_loss
0.9691460728645325,0.9557629823684692,0.9585464000701904,[2.5240 1.0061 0.6521 0.3010 0.2807 0.3331 0.3082 0.2930 0.2787 0.1936 0.3311 0.4055 0.1826 0.2765 0.2769 0.1382 0.1672 0.2919 0.1921 0.2323 0.3852 0.1290 0.1908 0.1420 0.2347 0.1241 0.2297 0.2020 0.2128 0.2648 0.1427 0.2756 0.1114 0.1053 0.1879 0.1315 0.1675 0.1189 0.1279 0.1160 0.3676 0.1732 0.4087 0.1000 0.1860 0.5350 0.1502 0.0974 0.1630 0.1104],[2.5572 0.8798 0.5829 0.3085 0.3037 0.4175 0.3174 0.3031 0.2742 0.2280 0.3191 0.3862 0.2005 0.2858 0.3560 0.1771 0.2014 0.2876 0.2069 0.2444 0.3599 0.1761 0.2142 0.1996 0.2366 0.1716 0.2532 0.2207 0.2388 0.2793 0.1731 0.2753 0.1474 0.1556 0.2055 0.1864 0.1971 0.1747 0.1613 0.1516 0.4827 0.2076 0.4141 0.1434 0.2247 0.4713 0.1862 0.1488 0.1958 0.1505],[1.8966 1.0907 0.6793 0.5642 0.5088 0.4660 0.4352 0.4098 0.3905 0.3806 0.3668 0.3536 0.3432 0.3302 0.3277 0.3166 0.3131 0.3045 0.3006 0.2950 0.2885 0.2816 0.2772 0.2744 0.2703 0.2642 0.2621 0.2579 0.2562 0.2526 0.2523 0.2530 0.2482 0.2445 0.2458 0.2386 0.2367 0.2319 0.2338 0.2321 0.2283 0.2226 0.2212 0.2294 0.2204 0.2213 0.2171 0.2177 0.2149 0.2148]
