train_acc,valid_acc,test_acc,train_loss,valid_loss,train_aug_loss
0.9771456122398376,0.9596185088157654,0.9611030220985413,[3.2079 0.5906 0.2617 0.5092 0.2201 0.2439 0.2346 0.2368 0.2247 0.1470 0.1877 0.2362 1.0957 0.2085 0.2511 0.1721 0.2749 0.1586 0.2305 0.2417 0.2272 0.1892 0.1222 0.2078 0.2182 0.2404 0.1166 0.1750 0.2608 0.1657 0.1625 0.1549 0.3025 0.1322 0.1126 0.2131 0.0976 0.1691 0.1236 0.1212 0.1718 0.0806 0.1156 0.0674 0.1570 0.1982 0.0820 0.3457 0.0813 0.0749],[3.6964 0.5530 0.2887 0.4639 0.2937 0.2730 0.2558 0.3284 0.2525 0.1893 0.2249 0.2765 0.9814 0.2443 0.2773 0.2145 0.3202 0.1970 0.2623 0.2864 0.2670 0.2314 0.1521 0.2411 0.2637 0.2955 0.1723 0.2237 0.3044 0.2188 0.2084 0.2020 0.3318 0.1954 0.1724 0.2713 0.1546 0.2318 0.1774 0.1741 0.2298 0.1372 0.1726 0.1340 0.2224 0.2970 0.1393 0.3800 0.1507 0.1321],[1.4940 0.6813 0.5147 0.4518 0.4154 0.3826 0.3587 0.3377 0.3244 0.3107 0.3002 0.2896 0.2851 0.2736 0.2694 0.2620 0.2563 0.2526 0.2444 0.2423 0.2381 0.2338 0.2291 0.2288 0.2234 0.2198 0.2220 0.2131 0.2118 0.2091 0.2065 0.2073 0.2005 0.2001 0.2007 0.1960 0.1920 0.1922 0.1908 0.1905 0.1879 0.1873 0.1833 0.1814 0.1809 0.1789 0.1803 0.1763 0.1744 0.1752]
