train_acc,valid_acc,test_acc,train_loss,valid_loss,train_aug_loss
0.9755710959434509,0.9630681872367859,0.9627465009689331,[2.2710 1.5589 0.4990 0.5411 0.3684 0.4600 0.2869 0.2571 0.3166 0.2274 0.2331 0.2277 0.1927 0.2368 0.2090 0.1533 0.1234 0.2471 0.1693 0.1387 0.1531 0.2282 0.1178 0.2403 0.2990 0.1484 0.1285 0.1881 0.1530 0.2379 0.1305 0.2444 0.2368 0.1011 0.1494 0.2754 0.2093 0.1306 0.0853 0.1379 0.0994 0.0906 0.2964 0.2412 0.0830 0.1517 0.1196 0.1762 0.1576 0.0730],[2.3796 1.6229 0.5352 0.5832 0.3793 0.4916 0.2917 0.2653 0.2994 0.2304 0.2305 0.2410 0.2106 0.2417 0.2277 0.2118 0.1591 0.2503 0.1802 0.1691 0.1991 0.2267 0.1502 0.2582 0.3037 0.1735 0.1637 0.2086 0.1806 0.2485 0.1544 0.2601 0.2623 0.1573 0.1902 0.2916 0.2369 0.1699 0.1267 0.1751 0.1340 0.1477 0.3410 0.2729 0.1415 0.1928 0.1611 0.2137 0.1909 0.1330],[1.7560 0.9974 0.6436 0.5155 0.4523 0.4110 0.3879 0.3617 0.3446 0.3355 0.3206 0.3115 0.3041 0.2931 0.2845 0.2779 0.2745 0.2676 0.2612 0.2570 0.2501 0.2433 0.2483 0.2382 0.2324 0.2347 0.2271 0.2270 0.2262 0.2214 0.2200 0.2136 0.2105 0.2088 0.2072 0.2057 0.2016 0.2010 0.1992 0.1996 0.1935 0.1908 0.1916 0.1946 0.1869 0.1884 0.1881 0.1824 0.1823 0.1816]
