train_acc,valid_acc,test_acc,train_loss,valid_loss,train_aug_loss
0.9753657579421997,0.9590097665786743,0.955624520778656,[2.8018 0.4976 0.3872 2.3989 0.3974 0.6665 0.4650 0.2325 0.1418 0.1680 0.2773 0.2719 0.1457 3.8698 0.1668 0.1761 0.1568 0.1098 0.1483 0.6188 0.1270 0.1652 0.5737 0.2227 0.1263 0.1971 0.2122 0.2235 0.1444 0.2015 0.1150 0.8429 0.1788 0.2415 0.3298 0.1053 0.0805 0.1588 0.1111 0.0827 0.0886 0.1107 0.1422 0.0800 0.1304 0.3593 0.0790 0.2194 0.1692 0.0993],[2.6804 0.5046 0.3700 2.1241 0.3863 0.6336 0.4427 0.2701 0.1719 0.1962 0.3109 0.2867 0.1690 3.3171 0.1996 0.1828 0.1806 0.1466 0.1812 0.5318 0.1584 0.1854 0.4551 0.2237 0.1606 0.2142 0.2313 0.2469 0.1857 0.2286 0.1542 0.7312 0.2215 0.2869 0.3036 0.1501 0.1359 0.2126 0.1707 0.1338 0.1366 0.1520 0.1906 0.1445 0.1748 0.3443 0.1318 0.2577 0.2201 0.1557],[1.4909 0.7128 0.5166 0.4440 0.4008 0.3701 0.3447 0.3350 0.3174 0.3035 0.2929 0.2872 0.2755 0.2723 0.2622 0.2557 0.2552 0.2471 0.2426 0.2334 0.2353 0.2280 0.2242 0.2245 0.2204 0.2128 0.2123 0.2052 0.2079 0.2034 0.2010 0.1966 0.1969 0.1959 0.1903 0.1900 0.1866 0.1841 0.1863 0.1838 0.1815 0.1834 0.1788 0.1750 0.1723 0.1727 0.1692 0.1732 0.1672 0.1712]
