train_acc,valid_acc,test_acc,train_loss,valid_loss,train_aug_loss
0.9793362021446228,0.9606330990791321,0.9634770154953003,[2.4490 0.3493 0.2478 0.2316 0.3132 0.1766 0.1817 0.1585 0.3038 0.1885 0.1850 0.1589 0.2304 0.2866 0.3113 0.1301 0.1320 0.2493 0.4236 0.2030 0.1220 0.1247 0.2362 0.1257 0.3517 0.1450 0.1266 0.1939 0.1176 0.1277 0.0999 0.0973 0.1231 0.0871 0.0791 0.1722 0.1081 0.1310 0.1620 0.1076 0.0684 0.3466 0.1268 0.1850 0.0836 0.1116 0.0922 0.0737 0.0825 0.2148],[2.6393 0.3766 0.2781 0.2743 0.3051 0.1978 0.1989 0.1926 0.2937 0.2099 0.2050 0.1869 0.2597 0.3051 0.3230 0.1805 0.1717 0.2848 0.4251 0.2417 0.1535 0.1545 0.2828 0.1658 0.3625 0.1911 0.1683 0.2339 0.1575 0.1710 0.1405 0.1368 0.1659 0.1349 0.1352 0.2129 0.1609 0.1805 0.2128 0.1587 0.1252 0.4034 0.1766 0.2337 0.1364 0.1675 0.1402 0.1388 0.1339 0.2796],[1.6955 0.8364 0.5509 0.4522 0.3989 0.3677 0.3471 0.3328 0.3161 0.3038 0.2952 0.2864 0.2784 0.2727 0.2612 0.2570 0.2528 0.2474 0.2452 0.2342 0.2354 0.2308 0.2309 0.2249 0.2247 0.2204 0.2135 0.2151 0.2075 0.2073 0.2045 0.2039 0.2020 0.1987 0.1968 0.1931 0.1922 0.1913 0.1857 0.1873 0.1820 0.1839 0.1832 0.1820 0.1804 0.1784 0.1771 0.1724 0.1745 0.1716]
