train_acc,valid_acc,test_acc,train_loss,valid_loss,train_aug_loss
0.9895620346069336,0.9651205539703369,0.9442840814590454,[2.0941 0.8647 0.4556 0.4049 0.2667 0.2770 0.2114 0.2229 0.1833 0.1711 0.1696 0.2107 0.1490 0.2028 0.1357 0.1725 0.1308 0.1705 0.1617 0.1292 0.1333 0.1431 0.0992 0.1449 0.1511 0.1751 0.1509 0.1011 0.0951 0.0946 0.0969 0.1281 0.0987 0.0792 0.1151 0.0962 0.0916 0.1002 0.0960 0.0784 0.0786 0.1122 0.0891 0.0963 0.0666 0.0761 0.0799 0.0629 0.0838 0.0940 0.0944 0.0769 0.0746 0.0681 0.0881 0.0523 0.0659 0.1022 0.0731 0.0718 0.1200 0.0692 0.0659 0.0680 0.0667 0.0577 0.0463 0.0626 0.0691 0.0543 0.0726 0.0450 0.0556 0.0988 0.0544 0.0679 0.0515 0.0918 0.0559 0.0652 0.1033 0.0541 0.0787 0.0580 0.0509 0.0692 0.0367 0.0518 0.0537 0.0583 0.0704 0.0456 0.0503 0.0500 0.0630 0.0549 0.0376 0.0605 0.0568 0.0712],[1.8635 0.7844 0.4253 0.3719 0.2655 0.2700 0.2231 0.2320 0.2138 0.2030 0.2101 0.2395 0.1833 0.2309 0.1718 0.2072 0.1692 0.2090 0.2017 0.1774 0.1805 0.1934 0.1463 0.1967 0.2004 0.2200 0.2008 0.1629 0.1537 0.1567 0.1567 0.1868 0.1521 0.1488 0.1809 0.1670 0.1582 0.1672 0.1643 0.1501 0.1428 0.1812 0.1555 0.1604 0.1346 0.1435 0.1473 0.1300 0.1566 0.1620 0.1725 0.1516 0.1465 0.1412 0.1634 0.1239 0.1464 0.1788 0.1543 0.1523 0.2099 0.1441 0.1458 0.1499 0.1460 0.1414 0.1265 0.1481 0.1536 0.1342 0.1557 0.1250 0.1413 0.1865 0.1317 0.1457 0.1255 0.1823 0.1373 0.1515 0.1955 0.1333 0.1613 0.1426 0.1372 0.1555 0.1181 0.1380 0.1391 0.1450 0.1600 0.1340 0.1413 0.1400 0.1543 0.1458 0.1255 0.1530 0.1437 0.1705],[1.8886 1.2416 0.7050 0.5379 0.4586 0.4124 0.3796 0.3567 0.3365 0.3215 0.3088 0.2979 0.2883 0.2780 0.2645 0.2623 0.2563 0.2484 0.2459 0.2386 0.2359 0.2330 0.2234 0.2221 0.2214 0.2157 0.2106 0.2083 0.2079 0.2071 0.1983 0.2005 0.1968 0.1942 0.1942 0.1900 0.1875 0.1873 0.1834 0.1828 0.1812 0.1756 0.1779 0.1758 0.1716 0.1713 0.1705 0.1731 0.1667 0.1651 0.1640 0.1639 0.1615 0.1609 0.1594 0.1588 0.1581 0.1586 0.1548 0.1522 0.1544 0.1519 0.1496 0.1499 0.1514 0.1507 0.1496 0.1470 0.1457 0.1471 0.1438 0.1415 0.1441 0.1420 0.1416 0.1403 0.1402 0.1412 0.1343 0.1406 0.1397 0.1383 0.1378 0.1350 0.1323 0.1381 0.1342 0.1337 0.1355 0.1344 0.1304 0.1319 0.1292 0.1316 0.1316 0.1299 0.1300 0.1286 0.1288 0.1260]
