train_acc,valid_acc,test_acc,train_loss,valid_loss,train_aug_loss
0.9749452471733093,0.9571834206581116,0.9614682197570801,[5.1313 0.4845 0.2732 0.2496 0.5331 0.2211 0.2052 0.1538 0.2328 0.2096 0.1742 0.1439 0.2137 0.1237 0.2586 0.1326 0.4145 0.1217 0.1696 0.1278 0.1947 0.2710 0.1122 0.1670 0.3479 0.1008 0.1765 0.1222 0.1815 0.1493 0.1424 0.1444 0.0930 0.0843 0.2057 0.1529 0.1241 0.1269 0.1005 0.1220 0.0814 0.0981 0.3152 0.0803 0.1146 0.2919 0.2272 0.0837 0.1143 0.1020],[4.5672 0.5080 0.3286 0.2855 0.5368 0.2519 0.2474 0.1912 0.2618 0.2468 0.2156 0.1799 0.2482 0.1716 0.2858 0.1837 0.4390 0.1690 0.2066 0.1691 0.2386 0.3115 0.1584 0.2207 0.3969 0.1489 0.2263 0.1725 0.2244 0.1994 0.1966 0.2002 0.1532 0.1461 0.2620 0.2057 0.1843 0.1888 0.1611 0.1876 0.1338 0.1783 0.3749 0.1440 0.1769 0.3537 0.2950 0.1434 0.1829 0.1606],[1.7475 0.8546 0.5550 0.4555 0.4064 0.3760 0.3522 0.3381 0.3226 0.3095 0.3041 0.2910 0.2831 0.2749 0.2677 0.2631 0.2545 0.2501 0.2453 0.2400 0.2397 0.2363 0.2286 0.2291 0.2192 0.2218 0.2173 0.2156 0.2107 0.2085 0.2042 0.2021 0.2023 0.1969 0.1966 0.1977 0.1965 0.1902 0.1896 0.1873 0.1855 0.1876 0.1828 0.1817 0.1790 0.1817 0.1764 0.1753 0.1725 0.1738]
