train_acc,valid_acc,test_acc,train_loss,valid_loss,train_aug_loss
0.9751995205879211,0.9573863744735718,0.9589115977287292,[2.1387 0.7451 0.3360 0.2852 0.2274 0.2408 0.1987 0.2318 0.1932 0.2022 0.1550 0.1576 0.2381 0.2023 0.1624 0.2958 0.1698 0.1294 0.1367 0.1317 0.1396 0.1589 0.1193 0.1590 0.1377 0.1008 0.1845 0.1336 0.1247 0.1021 0.1082 0.1113 0.0960 0.1042 0.1050 0.0872 0.1055 0.0920 0.1056 0.0848 0.1028 0.0860 0.1586 0.1017 0.0890 0.0908 0.0973 0.0861 0.0894 0.1380],[2.0065 0.7574 0.3498 0.2880 0.2563 0.2761 0.2279 0.2601 0.2198 0.2341 0.1917 0.1970 0.2554 0.2372 0.1919 0.3130 0.2177 0.1693 0.1815 0.1717 0.1854 0.2083 0.1696 0.2075 0.1868 0.1514 0.2350 0.1835 0.1770 0.1573 0.1624 0.1633 0.1447 0.1622 0.1570 0.1446 0.1607 0.1420 0.1617 0.1457 0.1647 0.1382 0.2258 0.1587 0.1492 0.1489 0.1550 0.1506 0.1497 0.2054],[1.8725 1.1720 0.6842 0.5431 0.4770 0.4323 0.4027 0.3855 0.3683 0.3486 0.3420 0.3294 0.3189 0.3131 0.2999 0.3005 0.2891 0.2837 0.2767 0.2716 0.2721 0.2642 0.2599 0.2567 0.2557 0.2525 0.2455 0.2464 0.2394 0.2381 0.2347 0.2332 0.2271 0.2298 0.2218 0.2201 0.2224 0.2182 0.2174 0.2153 0.2129 0.2141 0.2094 0.2076 0.2057 0.2051 0.2075 0.1980 0.2000 0.1974]
