train_acc,valid_acc,test_acc,train_loss,valid_loss,train_aug_loss
0.9817028045654297,0.9592126607894897,0.9607377648353577,[4.3983 0.3159 0.3145 0.2811 0.2062 0.1723 0.1813 0.2267 0.1424 0.1362 0.1261 0.1581 0.1552 0.2458 0.1177 0.1285 0.1383 0.1056 0.1609 0.1076 0.1042 0.2347 0.0948 0.1239 0.1321 0.1023 0.0960 0.1011 0.0990 0.1552 0.1067 0.0984 0.1272 0.0826 0.1278 0.1089 0.1098 0.1676 0.0679 0.0912 0.1168 0.1175 0.0830 0.0771 0.1091 0.8658 0.0788 0.1474 0.0735 0.0624],[5.0644 0.3579 0.3746 0.3269 0.2645 0.2301 0.2334 0.2670 0.1958 0.1972 0.1799 0.1945 0.2531 0.2593 0.1762 0.1851 0.1983 0.1722 0.2260 0.1780 0.1655 0.2458 0.1559 0.2122 0.1862 0.1638 0.1532 0.1558 0.1569 0.2067 0.1631 0.1728 0.1863 0.1378 0.1988 0.1719 0.1761 0.2065 0.1351 0.1546 0.1645 0.1821 0.1521 0.1508 0.1751 0.6738 0.1499 0.2016 0.1415 0.1463],[1.6339 0.7049 0.5012 0.4309 0.3846 0.3613 0.3416 0.3292 0.3090 0.3013 0.2880 0.2818 0.2777 0.2663 0.2599 0.2518 0.2486 0.2405 0.2376 0.2344 0.2267 0.2260 0.2252 0.2167 0.2182 0.2126 0.2098 0.2070 0.2025 0.2042 0.2042 0.1996 0.1965 0.1963 0.1911 0.1913 0.1899 0.1872 0.1846 0.1827 0.1829 0.1819 0.1766 0.1754 0.1798 0.1755 0.1726 0.1729 0.1717 0.1710]
