train_acc,valid_acc,test_acc,train_loss,valid_loss,train_aug_loss
0.9801967740058899,0.9628652334213257,0.9634770154953003,[1.8776 0.7967 0.4543 0.2616 0.2398 0.2417 0.2730 0.2057 0.2159 0.1653 0.2015 0.1984 0.1435 0.1660 0.1494 0.1484 0.1565 0.1241 0.1412 0.1305 0.1699 0.1266 0.1293 0.0957 0.1371 0.1342 0.1429 0.1215 0.1111 0.1146 0.1151 0.0999 0.1163 0.1239 0.1058 0.1214 0.1195 0.1148 0.0929 0.1306 0.0921 0.1097 0.0962 0.1246 0.0916 0.0990 0.0748 0.1057 0.0682 0.1021],[1.7589 0.7563 0.4431 0.2790 0.2586 0.2720 0.2917 0.2234 0.2230 0.1861 0.2271 0.2201 0.1782 0.1911 0.1806 0.1819 0.1783 0.1533 0.1809 0.1729 0.2027 0.1623 0.1648 0.1426 0.1757 0.1797 0.1817 0.1614 0.1507 0.1598 0.1634 0.1473 0.1603 0.1694 0.1599 0.1699 0.1665 0.1537 0.1377 0.1765 0.1355 0.1567 0.1476 0.1684 0.1370 0.1503 0.1365 0.1589 0.1188 0.1514],[1.8154 1.1151 0.6621 0.5309 0.4666 0.4237 0.3976 0.3724 0.3518 0.3444 0.3341 0.3199 0.3081 0.3060 0.2987 0.2912 0.2831 0.2799 0.2731 0.2724 0.2669 0.2601 0.2579 0.2564 0.2504 0.2474 0.2488 0.2445 0.2374 0.2378 0.2324 0.2306 0.2282 0.2249 0.2238 0.2197 0.2189 0.2173 0.2151 0.2141 0.2134 0.2109 0.2082 0.2071 0.2084 0.2057 0.2033 0.2010 0.1980 0.1969]
