train_acc,valid_acc,test_acc,train_loss,valid_loss,train_aug_loss
0.9813507199287415,0.9577922224998474,0.9620160460472107,[2.8005 0.5157 0.3298 0.3165 0.2183 0.2444 0.1855 0.2250 0.1593 0.1683 0.1772 0.1687 0.1561 0.1914 0.1571 0.2014 0.1475 0.1419 0.1242 0.1371 0.1116 0.1178 0.1741 0.1213 0.1054 0.1243 0.1208 0.0964 0.1371 0.1121 0.0976 0.0996 0.1136 0.1305 0.0882 0.0959 0.0942 0.0909 0.1069 0.0983 0.0860 0.1133 0.1080 0.0960 0.1104 0.0993 0.0653 0.0897 0.0808 0.0945],[2.6509 0.4972 0.3655 0.3421 0.2719 0.2795 0.2208 0.2750 0.2015 0.2084 0.2131 0.2106 0.1977 0.2429 0.1952 0.2446 0.1945 0.1924 0.1703 0.1926 0.1686 0.1803 0.2299 0.1806 0.1652 0.1821 0.1892 0.1564 0.1955 0.1784 0.1580 0.1671 0.1713 0.1961 0.1543 0.1596 0.1677 0.1634 0.1749 0.1726 0.1534 0.1809 0.1873 0.1722 0.1801 0.1737 0.1410 0.1590 0.1602 0.1681],[1.7793 0.9952 0.6261 0.5188 0.4526 0.4162 0.3873 0.3790 0.3569 0.3394 0.3353 0.3245 0.3112 0.3069 0.2959 0.2929 0.2882 0.2799 0.2777 0.2698 0.2695 0.2595 0.2570 0.2511 0.2483 0.2496 0.2421 0.2445 0.2350 0.2360 0.2330 0.2305 0.2278 0.2228 0.2252 0.2222 0.2176 0.2159 0.2120 0.2145 0.2133 0.2083 0.2054 0.2035 0.2022 0.2019 0.1992 0.1978 0.1965 0.1969]
