train_acc,valid_acc,test_acc,train_loss,valid_loss,train_aug_loss
0.9896324872970581,0.967494547367096,0.9419745802879333,[1.8674 0.7644 0.3791 0.2911 0.2430 0.2609 0.3457 0.2639 0.1749 0.1840 0.1565 0.1339 0.1432 0.2026 0.1578 0.2181 0.1341 0.1284 0.1139 0.1183 0.1444 0.1201 0.1051 0.1046 0.1004 0.1551 0.1090 0.0898 0.1067 0.1096 0.1052 0.0878 0.1046 0.1038 0.0694 0.0671 0.0724 0.0838 0.0733 0.0739 0.0794 0.0850 0.1084 0.0823 0.0853 0.0787 0.0828 0.0829 0.1044 0.0688 0.0633 0.1037 0.0583 0.0697 0.0584 0.0662 0.1240 0.0857 0.0924 0.0665 0.0553 0.0556 0.0743 0.0604 0.0484 0.0635 0.0836 0.0818 0.0552 0.0660 0.0577 0.0665 0.0611 0.0540 0.0915 0.0635 0.0722 0.0524 0.0852 0.0590 0.0549 0.0676 0.0665 0.0567 0.0976 0.0726 0.0851 0.0462 0.0553 0.0493 0.0354 0.0809 0.0566 0.0701 0.0490 0.0565 0.0544 0.0512 0.0435 0.0457],[1.8374 0.6906 0.3785 0.3164 0.2504 0.2711 0.3402 0.2744 0.2037 0.2140 0.1863 0.1732 0.1745 0.2292 0.1973 0.2711 0.1772 0.1822 0.1653 0.1686 0.1910 0.1729 0.1542 0.1547 0.1498 0.2113 0.1676 0.1541 0.1581 0.1648 0.1566 0.1443 0.1658 0.1597 0.1319 0.1335 0.1375 0.1447 0.1327 0.1325 0.1435 0.1582 0.1785 0.1442 0.1536 0.1525 0.1503 0.1442 0.1777 0.1422 0.1268 0.1785 0.1303 0.1369 0.1320 0.1372 0.2091 0.1638 0.1691 0.1367 0.1331 0.1294 0.1497 0.1399 0.1303 0.1365 0.1577 0.1572 0.1278 0.1349 0.1339 0.1451 0.1452 0.1370 0.1811 0.1443 0.1473 0.1318 0.1693 0.1473 0.1426 0.1455 0.1499 0.1478 0.1985 0.1628 0.1688 0.1289 0.1454 0.1346 0.1145 0.1743 0.1497 0.1583 0.1391 0.1450 0.1476 0.1414 0.1261 0.1350],[1.8787 1.1903 0.6706 0.5186 0.4430 0.3982 0.3670 0.3466 0.3285 0.3154 0.3011 0.2927 0.2786 0.2728 0.2670 0.2573 0.2551 0.2449 0.2374 0.2359 0.2327 0.2293 0.2260 0.2235 0.2185 0.2142 0.2105 0.2093 0.2069 0.2028 0.1997 0.2009 0.1971 0.1962 0.1907 0.1900 0.1909 0.1851 0.1833 0.1814 0.1808 0.1825 0.1797 0.1735 0.1717 0.1697 0.1691 0.1725 0.1689 0.1661 0.1676 0.1660 0.1640 0.1631 0.1594 0.1595 0.1581 0.1576 0.1517 0.1537 0.1530 0.1540 0.1539 0.1529 0.1528 0.1515 0.1487 0.1493 0.1475 0.1491 0.1462 0.1425 0.1444 0.1415 0.1449 0.1415 0.1417 0.1421 0.1403 0.1393 0.1385 0.1377 0.1360 0.1379 0.1362 0.1337 0.1369 0.1327 0.1319 0.1322 0.1322 0.1323 0.1327 0.1321 0.1312 0.1290 0.1288 0.1266 0.1268 0.1266]
