train_acc,valid_acc,test_acc,train_loss,valid_loss,train_aug_loss
0.9740455150604248,0.9594155550003052,0.9527027010917664,[2.3605 0.7736 0.3568 0.3166 0.6915 0.2785 0.2189 0.2193 0.2035 0.2693 0.4930 0.2216 0.2573 0.1932 1.3322 0.1575 0.1831 0.1751 1.6107 0.1559 0.2053 0.1604 0.1414 0.1414 0.1268 0.1300 0.1440 1.5860 0.1198 0.1284 0.1161 0.2393 0.1320 0.1072 0.1276 0.1161 1.0226 0.1031 0.1714 0.0931 0.1326 0.3270 0.1372 0.0930 0.1284 0.0966 0.1693 0.1682 0.0868 0.0989],[2.6445 0.8912 0.4125 0.3640 0.6463 0.3148 0.2629 0.2654 0.2566 0.2989 0.4891 0.2628 0.2858 0.2380 1.1188 0.2154 0.2417 0.2137 1.3998 0.2077 0.2593 0.2203 0.1892 0.1994 0.1821 0.1906 0.1857 1.3507 0.1826 0.1814 0.1718 0.2650 0.1932 0.1623 0.1898 0.1700 0.8594 0.1614 0.2228 0.1498 0.1912 0.3159 0.1917 0.1544 0.1855 0.1534 0.2281 0.2298 0.1551 0.1597],[1.9062 1.1267 0.7030 0.5764 0.5050 0.4634 0.4369 0.4072 0.3902 0.3730 0.3669 0.3481 0.3392 0.3338 0.3225 0.3212 0.3147 0.3051 0.2948 0.2946 0.2916 0.2852 0.2762 0.2752 0.2696 0.2655 0.2625 0.2568 0.2551 0.2532 0.2495 0.2475 0.2406 0.2438 0.2351 0.2365 0.2355 0.2321 0.2307 0.2292 0.2263 0.2229 0.2234 0.2211 0.2222 0.2174 0.2146 0.2136 0.2131 0.2145]
