train_acc,valid_acc,test_acc,train_loss,valid_loss,train_aug_loss
0.9777225852012634,0.9559659361839294,0.9623813033103943,[2.5355 0.7499 0.3343 0.2928 0.2433 0.2215 0.2542 0.2535 1.4783 0.1709 0.1634 0.1621 0.2021 0.1366 0.2699 0.1356 0.1463 0.1775 0.2239 0.1347 0.1437 0.1245 0.1390 0.1206 0.1453 0.1113 0.1163 0.1047 0.1325 0.1579 0.1296 0.1633 0.1021 0.1032 0.1409 0.1090 0.0850 0.1772 0.1007 0.0970 0.1244 0.0805 0.1047 0.1066 0.1307 0.0987 0.0938 0.1415 0.1096 0.9643],[2.9279 0.8399 0.3750 0.3358 0.2986 0.2772 0.3238 0.2942 1.2579 0.2232 0.2160 0.2264 0.2421 0.1946 0.3169 0.1976 0.2095 0.2326 0.2890 0.2031 0.2053 0.1828 0.1984 0.1828 0.1893 0.1752 0.1817 0.1712 0.1899 0.2065 0.2058 0.2286 0.1584 0.1664 0.1939 0.1665 0.1477 0.2334 0.1661 0.1645 0.1979 0.1462 0.1572 0.1899 0.1849 0.1642 0.1641 0.2014 0.1625 0.7931],[1.8909 1.1707 0.6957 0.5500 0.4849 0.4506 0.4225 0.3981 0.3780 0.3680 0.3493 0.3437 0.3324 0.3251 0.3151 0.3108 0.3046 0.2937 0.2900 0.2869 0.2824 0.2829 0.2745 0.2711 0.2632 0.2571 0.2630 0.2543 0.2542 0.2487 0.2486 0.2431 0.2426 0.2353 0.2353 0.2347 0.2338 0.2256 0.2250 0.2232 0.2201 0.2185 0.2181 0.2148 0.2163 0.2132 0.2119 0.2077 0.2068 0.2067]
