train_acc,valid_acc,test_acc,train_loss,valid_loss,train_aug_loss
0.9780648350715637,0.9638798832893372,0.9574506878852844,[2.4684 0.7065 0.2481 0.2924 0.1819 0.3778 0.1630 0.3184 0.1654 0.1870 0.1389 0.1931 0.3351 0.1260 0.2610 0.1294 0.1069 0.1113 0.1175 0.1020 0.0997 0.1557 0.1505 0.1206 0.1166 0.1072 0.1233 0.1242 0.0828 0.0947 0.1029 0.2413 0.0928 0.0741 0.1026 0.1954 0.1027 0.0781 0.1798 0.1138 0.1471 0.0737 0.2090 0.1215 0.0908 0.1203 0.0662 0.1820 0.1418 0.0849],[2.7000 0.6661 0.2719 0.2973 0.2068 0.3613 0.1759 0.3227 0.1699 0.1977 0.1669 0.2592 0.3468 0.1453 0.2642 0.1479 0.1435 0.1460 0.1379 0.1346 0.1375 0.1953 0.1698 0.1480 0.1467 0.1373 0.1557 0.1590 0.1230 0.1427 0.1531 0.2713 0.1355 0.1277 0.1458 0.2229 0.1491 0.1236 0.2183 0.1622 0.1836 0.1158 0.2554 0.1636 0.1594 0.1645 0.1161 0.2297 0.1833 0.1268],[1.7463 0.8573 0.5632 0.4572 0.4010 0.3729 0.3539 0.3279 0.3170 0.3070 0.2998 0.2840 0.2788 0.2730 0.2652 0.2572 0.2528 0.2443 0.2457 0.2416 0.2355 0.2276 0.2269 0.2242 0.2220 0.2165 0.2113 0.2105 0.2084 0.2045 0.2074 0.2029 0.1973 0.1949 0.1952 0.1922 0.1910 0.1881 0.1861 0.1865 0.1854 0.1831 0.1803 0.1774 0.1792 0.1746 0.1703 0.1710 0.1708 0.1692]
