train_acc,valid_acc,test_acc,train_loss,valid_loss,train_aug_loss
0.9765197038650513,0.9626623392105103,0.9627465009689331,[2.0807 1.0735 0.4434 0.2854 0.3233 0.2431 0.2663 0.2273 0.1868 0.1789 0.1689 0.1929 0.1914 0.1945 0.1545 0.1658 0.1404 0.1398 0.1513 0.1382 0.1429 0.1686 0.1335 0.1284 0.1186 0.1190 0.1314 0.1309 0.1035 0.1746 0.1087 0.1019 0.1081 0.0965 0.0980 0.1281 0.0930 0.0992 0.1010 0.1103 0.1288 0.1547 0.1033 0.0808 0.0916 0.0895 0.1128 0.0814 0.0982 0.0867],[1.9386 1.0622 0.4585 0.2844 0.3403 0.2458 0.2671 0.2422 0.2057 0.1942 0.1923 0.2090 0.2114 0.2086 0.1770 0.1838 0.1786 0.1618 0.1880 0.1717 0.1783 0.2035 0.1629 0.1668 0.1559 0.1540 0.1684 0.1685 0.1412 0.2048 0.1429 0.1423 0.1470 0.1413 0.1421 0.1731 0.1349 0.1473 0.1507 0.1560 0.1664 0.1933 0.1495 0.1265 0.1326 0.1420 0.1599 0.1273 0.1357 0.1353],[1.8772 1.2511 0.7480 0.5752 0.5063 0.4494 0.4212 0.3919 0.3719 0.3602 0.3442 0.3343 0.3216 0.3161 0.3055 0.3011 0.2913 0.2872 0.2818 0.2774 0.2770 0.2656 0.2660 0.2562 0.2590 0.2514 0.2429 0.2446 0.2405 0.2375 0.2358 0.2327 0.2291 0.2299 0.2242 0.2234 0.2193 0.2138 0.2154 0.2138 0.2129 0.2140 0.2078 0.2108 0.2053 0.2051 0.1997 0.2000 0.2017 0.1974]
