train_acc,valid_acc,test_acc,train_loss,valid_loss,train_aug_loss
0.9770673513412476,0.9624594449996948,0.9631117582321167,[1.9333 0.7590 0.4031 0.3443 0.2922 0.2965 0.2511 0.2078 0.2246 0.1750 0.1672 0.1855 0.1757 0.2054 0.2038 0.1939 0.1985 0.1956 0.1322 0.1476 0.2030 0.1646 0.1513 0.1502 0.1473 0.1189 0.1377 0.1616 0.1078 0.1029 0.1341 0.1372 0.1024 0.0928 0.1291 0.1104 0.0865 0.1394 0.1278 0.1254 0.0921 0.1168 0.1321 0.0875 0.0969 0.1242 0.0904 0.0925 0.1069 0.1232],[2.0004 0.7291 0.4289 0.3669 0.3064 0.3140 0.2746 0.2525 0.2604 0.2135 0.1983 0.2306 0.2186 0.2364 0.2419 0.2457 0.2405 0.2441 0.1851 0.1959 0.2420 0.2097 0.1916 0.1972 0.1927 0.1769 0.2000 0.2154 0.1651 0.1577 0.1892 0.2032 0.1593 0.1522 0.1924 0.1637 0.1389 0.2026 0.1852 0.1845 0.1456 0.1793 0.2015 0.1526 0.1617 0.1871 0.1516 0.1507 0.1792 0.1941],[1.8927 1.2334 0.7018 0.5406 0.4703 0.4264 0.4007 0.3782 0.3552 0.3458 0.3348 0.3178 0.3143 0.3075 0.2980 0.2926 0.2848 0.2779 0.2731 0.2686 0.2622 0.2578 0.2561 0.2511 0.2474 0.2475 0.2382 0.2390 0.2356 0.2335 0.2293 0.2257 0.2244 0.2216 0.2215 0.2207 0.2137 0.2109 0.2122 0.2064 0.2052 0.2086 0.2048 0.2014 0.1978 0.2025 0.1988 0.1980 0.1947 0.1940]
