train_acc,valid_acc,test_acc,train_loss,valid_loss,train_aug_loss
0.9769304394721985,0.9598214030265808,0.9558071494102478,[2.1579 0.9166 0.3387 0.4540 0.4281 0.2361 0.2632 0.3146 0.4003 2.9055 1.5955 0.2076 0.1624 0.1787 0.1661 0.2172 0.1634 0.2521 0.1833 0.2573 0.1723 0.1944 0.1439 0.1231 0.1220 0.2031 0.1281 0.1231 0.1253 2.3791 0.1195 0.0972 0.1286 0.1408 0.1086 0.1068 0.1018 0.1016 0.1516 0.1697 0.1047 0.0886 0.0980 0.2945 0.1021 0.0998 0.0925 0.0879 0.3372 0.0806],[2.3610 0.8583 0.3481 0.4444 0.4378 0.2656 0.2886 0.3518 0.4296 2.3583 1.4250 0.2481 0.2092 0.2352 0.2122 0.2756 0.2070 0.2879 0.2290 0.3001 0.2136 0.2356 0.1867 0.1650 0.1653 0.2523 0.1853 0.1827 0.1724 2.0405 0.1727 0.1417 0.1890 0.2023 0.1640 0.1608 0.1598 0.1568 0.2075 0.2236 0.1606 0.1431 0.1572 0.3250 0.1532 0.1572 0.1451 0.1463 0.3677 0.1373],[1.9109 1.1873 0.7156 0.5690 0.4985 0.4552 0.4267 0.4082 0.3866 0.3705 0.3641 0.3491 0.3423 0.3292 0.3257 0.3179 0.3091 0.3013 0.2987 0.2980 0.2919 0.2850 0.2817 0.2755 0.2744 0.2727 0.2622 0.2637 0.2609 0.2563 0.2571 0.2487 0.2487 0.2486 0.2468 0.2396 0.2398 0.2384 0.2363 0.2340 0.2359 0.2276 0.2290 0.2293 0.2220 0.2266 0.2222 0.2180 0.2198 0.2205]
