train_acc,valid_acc,test_acc,train_loss,valid_loss,train_aug_loss
0.9718843102455139,0.9484577775001526,0.95306795835495,[2.5509 0.7400 0.3786 0.4553 0.5323 0.3916 0.4353 0.2232 0.4630 0.2313 0.1743 0.2882 0.3338 0.3311 0.2248 0.2633 0.2027 0.1389 0.2530 0.1593 0.1741 1.4635 0.2198 0.1872 0.1307 0.2189 0.1550 0.1898 0.2093 0.1099 0.1447 0.1114 0.1623 0.1585 0.1969 0.1260 0.1299 0.2360 0.1366 0.2472 0.1725 0.1297 0.1819 0.1203 0.1114 0.1931 0.1385 0.1404 0.1176 0.1725],[2.8725 0.7204 0.4127 0.4763 0.4860 0.3991 0.4345 0.2812 0.4924 0.2575 0.2176 0.4260 0.3269 0.3332 0.2569 0.3003 0.2494 0.2029 0.3689 0.2115 0.2242 1.2211 0.2543 0.2276 0.2148 0.2555 0.2104 0.2489 0.2490 0.1743 0.1998 0.1819 0.2086 0.2136 0.2552 0.1875 0.1936 0.2721 0.1874 0.2779 0.2223 0.1923 0.2486 0.1811 0.1919 0.2437 0.1956 0.2043 0.1787 0.2504],[1.8401 1.0248 0.6711 0.5529 0.4975 0.4579 0.4269 0.4092 0.3880 0.3701 0.3558 0.3466 0.3299 0.3284 0.3152 0.3144 0.3020 0.2930 0.2913 0.2817 0.2814 0.2734 0.2677 0.2654 0.2594 0.2567 0.2559 0.2513 0.2499 0.2459 0.2480 0.2422 0.2385 0.2359 0.2300 0.2347 0.2283 0.2280 0.2227 0.2237 0.2219 0.2143 0.2170 0.2163 0.2152 0.2117 0.2121 0.2095 0.2044 0.2075]
