train_acc,valid_acc,test_acc,train_loss,valid_loss,train_aug_loss
0.9786516427993774,0.9590097665786743,0.9634770154953003,[4.0934 0.7503 0.4390 0.2611 0.2620 0.2406 0.2637 0.2792 0.1859 0.2218 0.2684 0.2610 0.2056 0.1700 0.1418 0.1557 0.2307 0.2352 0.2279 0.1763 0.1559 0.1580 0.1635 0.1600 0.0915 0.1824 0.2233 0.1325 0.1128 0.1134 0.1648 0.1043 0.1778 0.1454 0.1134 0.1735 0.2343 0.0934 0.2418 0.0964 0.1399 0.1986 0.0698 0.0758 0.0792 0.0735 0.1029 0.1333 0.1183 0.0764],[4.8754 0.7998 0.5518 0.2981 0.2569 0.2575 0.2755 0.2886 0.2368 0.2361 0.2826 0.2521 0.2236 0.2655 0.1950 0.1914 0.2481 0.2504 0.2506 0.2174 0.1893 0.1924 0.2195 0.2078 0.1453 0.2169 0.2603 0.1741 0.1778 0.1713 0.2070 0.1557 0.2221 0.1952 0.1659 0.2219 0.2543 0.1651 0.2887 0.1631 0.1941 0.2574 0.1437 0.1439 0.1403 0.1414 0.1569 0.1947 0.1691 0.1413],[1.5842 0.7529 0.5399 0.4589 0.4167 0.3856 0.3601 0.3458 0.3281 0.3190 0.3088 0.2993 0.2903 0.2809 0.2748 0.2729 0.2615 0.2581 0.2533 0.2460 0.2457 0.2350 0.2364 0.2312 0.2286 0.2272 0.2242 0.2183 0.2123 0.2135 0.2098 0.2120 0.2075 0.2038 0.2016 0.1978 0.1998 0.1945 0.1913 0.1928 0.1901 0.1859 0.1862 0.1851 0.1810 0.1823 0.1813 0.1785 0.1792 0.1791]
