train_acc,valid_acc,test_acc,train_loss,valid_loss,train_aug_loss
0.9755613207817078,0.9630681872367859,0.9547114968299866,[2.2939 0.7901 0.3905 0.2747 0.2647 0.2126 0.1802 0.1943 0.2675 0.7561 0.2676 0.3804 0.2793 0.4588 0.1840 0.3249 0.2797 0.1263 0.1260 0.2631 0.1128 0.1664 0.6043 0.1390 0.0833 0.1120 0.0946 0.1032 0.3289 0.1553 0.1030 0.0879 0.7787 0.1148 0.0757 0.0876 0.1133 0.0822 0.2107 0.1332 0.1545 0.0922 0.2586 0.0771 0.0761 0.3056 0.5214 0.0670 0.0996 0.1803],[2.1165 0.6971 0.3851 0.2786 0.2774 0.2362 0.2206 0.2142 0.2737 0.7498 0.2663 0.3896 0.2827 0.4285 0.2066 0.3167 0.2818 0.1745 0.1944 0.2732 0.1718 0.1986 0.5924 0.1754 0.1280 0.1631 0.1389 0.1437 0.3577 0.1989 0.1488 0.1420 0.7058 0.1742 0.1302 0.1423 0.1597 0.1498 0.2570 0.1903 0.2050 0.1524 0.3020 0.1403 0.1374 0.3321 0.5450 0.1293 0.1690 0.2395],[1.7361 0.8769 0.5669 0.4630 0.4107 0.3737 0.3532 0.3320 0.3186 0.3034 0.2908 0.2846 0.2775 0.2679 0.2598 0.2571 0.2534 0.2425 0.2401 0.2369 0.2307 0.2310 0.2238 0.2191 0.2175 0.2171 0.2126 0.2092 0.2038 0.2000 0.1995 0.1958 0.1989 0.1918 0.1916 0.1904 0.1868 0.1838 0.1826 0.1806 0.1771 0.1754 0.1728 0.1764 0.1738 0.1709 0.1696 0.1685 0.1696 0.1618]
