train_acc,valid_acc,test_acc,train_loss,valid_loss,train_aug_loss
0.9804608225822449,0.9675324559211731,0.9618334770202637,[1.9455 0.6098 0.4016 0.2740 0.2903 0.2234 0.2174 0.2279 0.2299 0.2496 0.1679 0.1400 0.2226 0.2264 0.1738 0.1615 0.1371 0.1674 0.1481 0.1406 0.1284 0.1278 0.1381 0.1374 0.1159 0.1640 0.1155 0.1305 0.1219 0.1039 0.1330 0.1244 0.0936 0.1277 0.1100 0.1030 0.0932 0.1114 0.0981 0.0950 0.0817 0.0719 0.0895 0.0749 0.1169 0.0934 0.0790 0.0978 0.0850 0.1062],[2.0030 0.6284 0.4136 0.2681 0.2701 0.2304 0.2156 0.2365 0.2419 0.2506 0.1801 0.1704 0.2345 0.2415 0.2058 0.1946 0.1698 0.2011 0.1764 0.1792 0.1635 0.1673 0.1814 0.1787 0.1595 0.2071 0.1647 0.1677 0.1584 0.1499 0.1759 0.1700 0.1394 0.1689 0.1625 0.1543 0.1412 0.1651 0.1520 0.1536 0.1401 0.1238 0.1448 0.1344 0.1636 0.1550 0.1393 0.1531 0.1495 0.1614],[1.8177 1.0255 0.6359 0.5164 0.4500 0.4120 0.3856 0.3648 0.3459 0.3357 0.3253 0.3082 0.3041 0.2959 0.2876 0.2817 0.2767 0.2693 0.2658 0.2613 0.2547 0.2514 0.2463 0.2477 0.2419 0.2383 0.2366 0.2297 0.2290 0.2260 0.2217 0.2189 0.2199 0.2144 0.2165 0.2140 0.2082 0.2084 0.2081 0.2030 0.2037 0.2003 0.2042 0.1969 0.1974 0.1964 0.1938 0.1903 0.1896 0.1910]
