train_acc,valid_acc,test_acc,train_loss,valid_loss,train_aug_loss
0.9800598621368408,0.9661120176315308,0.9649379253387451,[2.3311 0.9932 0.4715 0.3612 0.3525 0.1929 0.4411 0.3446 0.2447 0.2680 0.1523 0.1338 0.1285 0.1658 0.2752 0.1240 0.5254 0.1167 0.1618 0.2754 0.1953 0.1095 0.2061 0.4995 0.1887 0.1109 0.1910 0.1683 0.2299 0.1274 0.1072 0.1168 0.2454 0.2845 0.5469 0.7259 0.1558 0.0996 0.0935 0.1201 0.1999 0.0768 0.0947 0.2388 0.1460 0.0728 0.0961 0.0964 0.0738 0.0691],[2.3413 1.0122 0.4501 0.3545 0.3195 0.2323 0.4048 0.3345 0.2372 0.2539 0.1807 0.1651 0.1800 0.1826 0.2560 0.1632 0.4697 0.1420 0.2038 0.2765 0.2095 0.1599 0.2287 0.4542 0.2117 0.1596 0.1973 0.1922 0.2470 0.1578 0.1529 0.1492 0.2564 0.2954 0.5323 0.6900 0.1881 0.1356 0.1376 0.1520 0.2311 0.1259 0.1344 0.2679 0.1862 0.1156 0.1405 0.1375 0.1205 0.1149],[1.7426 0.8408 0.5586 0.4660 0.4136 0.3823 0.3587 0.3403 0.3243 0.3102 0.2977 0.2911 0.2845 0.2706 0.2698 0.2624 0.2554 0.2537 0.2481 0.2395 0.2388 0.2371 0.2292 0.2270 0.2274 0.2212 0.2205 0.2179 0.2116 0.2138 0.2081 0.2047 0.2053 0.1989 0.1965 0.1977 0.1928 0.1949 0.1895 0.1895 0.1881 0.1834 0.1819 0.1823 0.1826 0.1794 0.1809 0.1769 0.1754 0.1752]
