train_acc,valid_acc,test_acc,train_loss,valid_loss,train_aug_loss
0.9787005186080933,0.9642857313156128,0.957815945148468,[2.0548 0.5163 0.3806 0.2703 0.2796 0.2412 0.2162 0.2005 0.5047 0.1705 0.1582 0.1814 0.2371 0.1342 0.1472 0.1266 0.1654 0.1412 0.1428 0.2670 0.7262 0.1414 0.1959 0.1225 0.1622 0.2968 0.1213 0.1317 0.2078 0.1121 0.1881 0.2360 0.0760 0.1046 0.0768 0.0931 0.3063 0.1900 0.0797 0.1217 0.1438 0.1497 0.0971 0.1137 0.1667 0.1075 0.0900 0.1066 0.1518 0.1096],[2.0906 0.5094 0.3805 0.2865 0.2965 0.2609 0.2390 0.2193 0.4699 0.2234 0.1950 0.2004 0.2481 0.1635 0.1778 0.1713 0.2013 0.1869 0.2020 0.2973 0.6861 0.1840 0.2420 0.1770 0.2114 0.3415 0.1649 0.1842 0.2589 0.1755 0.2326 0.2898 0.1217 0.1892 0.1302 0.1488 0.3273 0.2427 0.1326 0.1834 0.2000 0.1948 0.1558 0.1699 0.2153 0.1724 0.1549 0.1469 0.1928 0.1641],[1.4440 0.7415 0.5705 0.4867 0.4325 0.3973 0.3695 0.3511 0.3334 0.3138 0.3038 0.2927 0.2861 0.2773 0.2707 0.2612 0.2545 0.2527 0.2469 0.2446 0.2325 0.2350 0.2322 0.2190 0.2227 0.2204 0.2150 0.2151 0.2087 0.2061 0.2034 0.2026 0.2032 0.1964 0.1944 0.1963 0.1886 0.1914 0.1874 0.1854 0.1821 0.1826 0.1813 0.1754 0.1763 0.1717 0.1741 0.1746 0.1700 0.1709]
