train_acc,valid_acc,test_acc,train_loss,valid_loss,train_aug_loss
0.9846687316894531,0.9653031229972839,0.9364895820617676,[1.8584 0.5389 0.3284 0.2531 0.2623 0.2351 0.1782 0.1606 0.1697 0.1609 0.1521 0.1785 0.1729 0.1504 0.1415 0.1232 0.1282 0.1044 0.1175 0.1478 0.1230 0.0906 0.1230 0.1594 0.1156 0.1183 0.1277 0.0899 0.0845 0.1022 0.0807 0.1218 0.0948 0.0938 0.0858 0.0959 0.0899 0.1020 0.0775 0.0729 0.0853 0.0792 0.0876 0.0863 0.0665 0.0855 0.0573 0.0988 0.0801 0.0768 0.0743 0.0698 0.0836 0.0720 0.0770 0.0851 0.0677 0.0600 0.0553 0.0663 0.0539 0.0691 0.0623 0.0495 0.1057 0.0725 0.0798 0.0626 0.0636 0.1052 0.0515 0.0624 0.0466 0.0753 0.0528 0.0685 0.0818 0.0575 0.0638 0.0544 0.0422 0.0438 0.0569 0.0741 0.0531 0.0488 0.0776 0.0461 0.0523 0.0651 0.0517 0.0592 0.0508 0.0430 0.0461 0.0431 0.0428 0.0431 0.0625 0.0399],[1.7693 0.5217 0.3548 0.2673 0.2736 0.2478 0.1990 0.1848 0.1947 0.1872 0.1840 0.2016 0.2056 0.1824 0.1771 0.1610 0.1667 0.1521 0.1634 0.1915 0.1748 0.1367 0.1684 0.2023 0.1686 0.1656 0.1734 0.1370 0.1328 0.1506 0.1276 0.1766 0.1475 0.1466 0.1405 0.1539 0.1397 0.1630 0.1325 0.1288 0.1423 0.1435 0.1447 0.1522 0.1283 0.1466 0.1181 0.1684 0.1451 0.1387 0.1448 0.1355 0.1543 0.1423 0.1436 0.1512 0.1375 0.1256 0.1174 0.1318 0.1171 0.1374 0.1297 0.1082 0.1836 0.1338 0.1510 0.1318 0.1412 0.1915 0.1183 0.1421 0.1224 0.1541 0.1249 0.1508 0.1667 0.1288 0.1445 0.1328 0.1085 0.1189 0.1353 0.1547 0.1276 0.1217 0.1641 0.1228 0.1300 0.1474 0.1294 0.1417 0.1348 0.1163 0.1227 0.1195 0.1192 0.1283 0.1457 0.1163],[1.8831 1.1841 0.6495 0.5086 0.4428 0.3944 0.3662 0.3411 0.3265 0.3108 0.2991 0.2894 0.2797 0.2749 0.2651 0.2620 0.2527 0.2478 0.2445 0.2398 0.2350 0.2323 0.2293 0.2287 0.2220 0.2194 0.2151 0.2167 0.2093 0.2065 0.2042 0.2023 0.2013 0.1970 0.1972 0.1929 0.1920 0.1897 0.1900 0.1838 0.1845 0.1820 0.1801 0.1779 0.1764 0.1757 0.1754 0.1724 0.1734 0.1687 0.1669 0.1658 0.1668 0.1640 0.1651 0.1638 0.1597 0.1605 0.1618 0.1590 0.1573 0.1585 0.1544 0.1538 0.1545 0.1516 0.1541 0.1520 0.1495 0.1475 0.1483 0.1482 0.1462 0.1479 0.1423 0.1465 0.1452 0.1434 0.1408 0.1413 0.1452 0.1402 0.1401 0.1381 0.1409 0.1379 0.1378 0.1366 0.1380 0.1377 0.1364 0.1370 0.1335 0.1315 0.1351 0.1326 0.1345 0.1283 0.1303 0.1297]
