train_acc,valid_acc,test_acc,train_loss,valid_loss,train_aug_loss
0.9795219898223877,0.9626623392105103,0.9636595845222473,[3.2456 0.7068 0.6237 0.4664 0.2265 0.1787 0.5494 0.2138 0.2182 0.2532 0.4407 0.2959 0.6474 0.1484 0.2349 0.1364 0.3611 0.1283 0.3670 0.1839 0.2064 0.1368 0.9501 0.4733 0.3021 0.2040 0.3154 0.2473 0.1076 0.0945 0.1788 0.1246 0.4225 0.0859 0.3877 0.1292 0.1891 0.0763 0.0899 0.3298 0.1060 0.1074 0.0859 0.3015 0.1058 0.1139 0.1075 0.1124 0.0696 0.2225],[3.0769 0.7346 0.6155 0.4830 0.2671 0.2118 0.5652 0.2402 0.2424 0.2719 0.4063 0.3023 0.6278 0.1828 0.2634 0.2119 0.3683 0.1759 0.3878 0.2262 0.2399 0.1786 0.8698 0.4825 0.3186 0.2441 0.3561 0.2822 0.1694 0.1503 0.2210 0.1918 0.4545 0.1464 0.4341 0.1944 0.2374 0.1308 0.1525 0.3811 0.1667 0.1619 0.1634 0.3396 0.1789 0.1728 0.1778 0.1666 0.1342 0.2811],[1.7649 0.9155 0.5946 0.4860 0.4300 0.3891 0.3699 0.3486 0.3351 0.3192 0.3072 0.2949 0.2844 0.2798 0.2728 0.2692 0.2625 0.2540 0.2511 0.2456 0.2440 0.2338 0.2360 0.2287 0.2301 0.2233 0.2200 0.2183 0.2125 0.2115 0.2095 0.2056 0.2035 0.2038 0.1990 0.1995 0.1974 0.1921 0.1881 0.1943 0.1897 0.1873 0.1843 0.1834 0.1773 0.1801 0.1790 0.1773 0.1786 0.1743]
