train_acc,valid_acc,test_acc,train_loss,valid_loss,train_aug_loss
0.9851703643798828,0.9647552967071533,0.9341801404953003,[1.9454 1.1488 0.4729 0.3324 0.2303 0.2702 0.1879 0.2367 0.2273 0.1968 0.2020 0.1452 0.1586 0.1884 0.1618 0.1449 0.1390 0.1202 0.1173 0.1127 0.1153 0.1193 0.1902 0.1045 0.1322 0.1429 0.1030 0.1294 0.1121 0.1067 0.0986 0.0953 0.0972 0.1343 0.0716 0.0961 0.0853 0.0797 0.1532 0.1536 0.0747 0.1155 0.0738 0.1227 0.0823 0.0958 0.1195 0.0821 0.0958 0.0983 0.0614 0.0926 0.0703 0.0615 0.0664 0.0630 0.0659 0.0835 0.0628 0.0685 0.0571 0.0834 0.0886 0.1575 0.0594 0.0802 0.1589 0.0556 0.0744 0.0806 0.0480 0.0929 0.0544 0.0776 0.1050 0.0630 0.0603 0.0880 0.0617 0.0613 0.0679 0.0709 0.0693 0.0727 0.0520 0.0459 0.0552 0.0472 0.0920 0.0599 0.0724 0.0484 0.0458 0.0603 0.0884 0.0567 0.0713 0.0685 0.0471 0.0406],[1.8909 1.0151 0.4373 0.3281 0.2361 0.2678 0.2058 0.2453 0.2332 0.2182 0.2288 0.1703 0.1833 0.2084 0.1885 0.1707 0.1762 0.1544 0.1572 0.1439 0.1512 0.1597 0.2226 0.1460 0.1722 0.1889 0.1440 0.1723 0.1550 0.1514 0.1450 0.1452 0.1366 0.1863 0.1237 0.1547 0.1477 0.1350 0.2136 0.2142 0.1324 0.1757 0.1298 0.1825 0.1451 0.1615 0.1812 0.1397 0.1511 0.1631 0.1273 0.1576 0.1295 0.1278 0.1299 0.1267 0.1285 0.1473 0.1268 0.1351 0.1197 0.1552 0.1592 0.2371 0.1317 0.1588 0.2367 0.1266 0.1457 0.1603 0.1156 0.1715 0.1256 0.1460 0.1848 0.1365 0.1324 0.1718 0.1357 0.1388 0.1540 0.1513 0.1519 0.1509 0.1312 0.1222 0.1287 0.1204 0.1683 0.1401 0.1535 0.1253 0.1233 0.1401 0.1790 0.1381 0.1681 0.1543 0.1312 0.1175],[1.9057 1.2713 0.7184 0.5365 0.4613 0.4113 0.3780 0.3536 0.3315 0.3163 0.3077 0.2904 0.2791 0.2730 0.2643 0.2589 0.2503 0.2454 0.2364 0.2335 0.2302 0.2242 0.2237 0.2149 0.2163 0.2150 0.2080 0.2073 0.2008 0.2029 0.1969 0.1955 0.1930 0.1910 0.1861 0.1843 0.1836 0.1830 0.1797 0.1791 0.1781 0.1741 0.1750 0.1725 0.1719 0.1678 0.1663 0.1660 0.1680 0.1634 0.1606 0.1652 0.1598 0.1599 0.1548 0.1596 0.1556 0.1548 0.1560 0.1534 0.1514 0.1499 0.1496 0.1487 0.1496 0.1465 0.1427 0.1458 0.1468 0.1433 0.1441 0.1411 0.1399 0.1400 0.1416 0.1387 0.1385 0.1359 0.1374 0.1333 0.1368 0.1333 0.1354 0.1345 0.1329 0.1337 0.1337 0.1316 0.1316 0.1309 0.1297 0.1300 0.1263 0.1290 0.1268 0.1278 0.1251 0.1246 0.1235 0.1237]
