train_acc,valid_acc,test_acc,train_loss,valid_loss,train_aug_loss
0.9775074124336243,0.9608360528945923,0.9596420526504517,[3.6034 0.5910 0.6720 0.2551 0.2990 0.3044 0.7604 0.2433 0.5459 0.5798 0.2506 0.2228 0.1410 0.3171 0.1501 0.1539 0.2515 0.1840 0.2944 0.2261 0.1129 0.3243 0.0976 0.3058 0.1240 0.0987 0.1437 0.2517 0.1944 0.0974 0.1379 0.8373 0.1158 0.1755 0.1895 0.1058 0.1801 0.1649 0.0807 0.0944 0.0805 0.3280 0.0670 0.0747 0.0695 0.0765 0.2020 0.0703 0.1205 0.1412],[3.1607 0.5816 0.5731 0.2617 0.2865 0.2948 0.6525 0.2509 0.4983 0.5418 0.2587 0.2400 0.1903 0.3111 0.1861 0.2093 0.2748 0.2110 0.3080 0.2515 0.1650 0.3500 0.1442 0.3268 0.1688 0.1461 0.1926 0.2800 0.2199 0.1426 0.1880 0.8134 0.1596 0.2170 0.2250 0.1512 0.2303 0.2113 0.1530 0.1400 0.1545 0.3889 0.1324 0.1266 0.1324 0.1308 0.2558 0.1280 0.1793 0.1874],[1.7612 0.9769 0.5998 0.4757 0.4198 0.3785 0.3538 0.3388 0.3284 0.3094 0.3024 0.2861 0.2832 0.2768 0.2699 0.2626 0.2530 0.2478 0.2448 0.2398 0.2407 0.2297 0.2309 0.2252 0.2227 0.2187 0.2178 0.2141 0.2092 0.2063 0.2047 0.2005 0.1977 0.1999 0.1926 0.1946 0.1897 0.1884 0.1888 0.1836 0.1821 0.1822 0.1814 0.1798 0.1738 0.1746 0.1759 0.1728 0.1719 0.1688]
