train_acc,valid_acc,test_acc,train_loss,valid_loss,train_aug_loss
0.9781137704849243,0.9608360528945923,0.954346239566803,[1.9976 1.6824 0.3597 0.3230 0.2624 0.2631 0.4156 0.2385 0.2142 0.2166 0.1900 0.1870 0.2181 0.1830 0.1693 0.1459 0.1441 0.1604 0.1428 0.1496 0.1309 0.1338 0.1225 0.1227 0.0966 0.1634 0.1195 0.1281 0.1309 0.1145 0.1459 0.1081 0.1667 0.0844 0.1145 0.0987 0.1046 0.0962 0.0814 0.0879 0.1044 0.0857 0.0787 0.1060 0.0777 0.1323 0.0877 0.0766 0.1335 0.0922],[2.0185 1.5869 0.3618 0.3226 0.2703 0.2744 0.3997 0.2618 0.2392 0.2425 0.2102 0.2136 0.2584 0.2181 0.2054 0.1772 0.1778 0.2032 0.1798 0.1902 0.1724 0.1810 0.1698 0.1686 0.1464 0.2123 0.1642 0.1773 0.1820 0.1690 0.1981 0.1552 0.2210 0.1379 0.1701 0.1524 0.1564 0.1513 0.1366 0.1431 0.1618 0.1490 0.1353 0.1661 0.1390 0.1901 0.1488 0.1343 0.1950 0.1538],[1.9046 1.3978 0.7991 0.5662 0.4852 0.4351 0.4044 0.3828 0.3660 0.3481 0.3347 0.3255 0.3167 0.3063 0.3004 0.2942 0.2817 0.2828 0.2732 0.2647 0.2697 0.2602 0.2570 0.2546 0.2508 0.2455 0.2415 0.2384 0.2389 0.2375 0.2284 0.2290 0.2269 0.2234 0.2247 0.2213 0.2195 0.2157 0.2105 0.2119 0.2092 0.2062 0.2025 0.2061 0.1990 0.2038 0.1991 0.1955 0.1973 0.1952]
