train_acc,valid_acc,test_acc,train_loss,valid_loss,train_aug_loss
0.9766175150871277,0.9584009647369385,0.9563549757003784,[1.9885 0.7251 0.3324 0.3859 0.3816 0.2670 0.2043 0.2624 0.1814 0.2209 0.1548 0.1823 0.2011 0.2269 0.1905 0.1822 0.1654 0.1687 0.1941 0.1266 0.1507 0.1165 0.1407 0.1143 0.1526 0.1322 0.1050 0.1200 0.1399 0.1470 0.1341 0.1344 0.1938 0.0943 0.1398 0.1344 0.1533 0.1367 0.1411 0.0888 0.0813 0.0909 0.1247 0.0857 0.0985 0.0957 0.0959 0.0968 0.1125 0.0964],[1.9971 0.6489 0.3552 0.3829 0.3737 0.2892 0.2344 0.2807 0.2167 0.2527 0.2010 0.2140 0.2332 0.2600 0.2263 0.2232 0.2142 0.2208 0.2376 0.1792 0.1897 0.1629 0.1921 0.1762 0.2083 0.1874 0.1550 0.1778 0.1984 0.1949 0.1868 0.1974 0.2461 0.1436 0.2008 0.2002 0.2107 0.1975 0.2055 0.1559 0.1345 0.1560 0.1802 0.1472 0.1573 0.1537 0.1597 0.1663 0.1707 0.1569],[1.8177 1.1489 0.6925 0.5533 0.4777 0.4426 0.4113 0.3851 0.3675 0.3549 0.3374 0.3214 0.3143 0.3072 0.3047 0.2965 0.2887 0.2836 0.2706 0.2741 0.2655 0.2597 0.2571 0.2557 0.2570 0.2453 0.2406 0.2405 0.2403 0.2358 0.2290 0.2272 0.2291 0.2261 0.2215 0.2238 0.2161 0.2194 0.2123 0.2099 0.2137 0.2066 0.2043 0.2051 0.2015 0.2025 0.1978 0.1978 0.1969 0.1949]
