train_acc,valid_acc,test_acc,train_loss,valid_loss,train_aug_loss
0.972744882106781,0.9551542401313782,0.956720232963562,[2.2347 0.6098 1.2649 4.5065 1.2561 0.2499 0.2685 0.6212 0.2904 0.2570 0.2374 0.2116 0.1999 0.2122 0.1788 1.4775 0.2458 0.1588 0.1663 0.1592 0.2121 0.1711 0.1611 0.2270 0.5120 0.2407 0.1783 0.1624 0.1644 0.2252 0.1880 0.1721 0.1161 0.1981 0.1240 0.2126 0.1330 0.1385 0.1377 0.1428 0.1039 0.0978 0.4672 0.0969 0.1523 0.1158 0.2984 0.0937 0.2343 0.1797],[2.5231 0.6710 1.1058 3.8991 1.1376 0.2922 0.3227 0.5811 0.3051 0.3041 0.2808 0.2397 0.2600 0.2710 0.2274 1.3034 0.2982 0.2014 0.1949 0.2125 0.2998 0.2135 0.2021 0.2578 0.4847 0.2685 0.2018 0.2075 0.2086 0.2620 0.2885 0.2333 0.1697 0.2344 0.1731 0.2618 0.1837 0.1936 0.2069 0.1888 0.1631 0.1511 0.4469 0.1658 0.1937 0.1932 0.3472 0.1592 0.2573 0.2088],[1.9338 1.1933 0.7468 0.5957 0.5176 0.4849 0.4475 0.4261 0.4065 0.3948 0.3820 0.3664 0.3568 0.3470 0.3401 0.3276 0.3213 0.3161 0.3061 0.3025 0.2942 0.2885 0.2836 0.2847 0.2735 0.2714 0.2686 0.2649 0.2577 0.2557 0.2557 0.2521 0.2521 0.2485 0.2411 0.2406 0.2410 0.2367 0.2343 0.2315 0.2295 0.2326 0.2276 0.2231 0.2250 0.2226 0.2246 0.2173 0.2196 0.2164]
