train_acc,valid_acc,test_acc,train_loss,valid_loss,train_aug_loss
0.9791894555091858,0.9612419009208679,0.9618334770202637,[2.7783 2.1965 0.4469 0.2996 0.2742 0.2459 0.3003 0.3073 0.2653 0.3438 0.2037 0.2410 0.2013 0.2828 0.3070 0.1442 0.1378 0.1194 0.1774 0.1857 0.1879 0.2252 0.2883 0.1185 0.2212 0.2207 0.0910 0.0909 0.1666 0.1511 0.0972 0.1393 0.1060 0.1880 0.0957 0.1619 0.1021 0.2898 0.1665 0.0720 0.3783 0.0971 0.1720 0.1528 0.1326 0.1447 0.0688 0.1060 0.0979 0.0608],[3.1993 2.6970 0.4232 0.3164 0.2792 0.2576 0.3148 0.3225 0.2885 0.3537 0.2247 0.2564 0.2305 0.3578 0.3086 0.1792 0.1654 0.1697 0.2104 0.2280 0.2299 0.2699 0.3158 0.1615 0.2687 0.2583 0.1333 0.1406 0.2212 0.1990 0.1462 0.1812 0.1507 0.2365 0.1494 0.2123 0.1508 0.3371 0.2206 0.1224 0.3648 0.1511 0.2216 0.1974 0.1924 0.2004 0.1326 0.1596 0.1556 0.1257],[1.5496 0.6821 0.5164 0.4460 0.4064 0.3817 0.3620 0.3421 0.3249 0.3177 0.3072 0.2965 0.2860 0.2814 0.2729 0.2648 0.2560 0.2546 0.2517 0.2409 0.2407 0.2369 0.2294 0.2335 0.2276 0.2240 0.2176 0.2201 0.2168 0.2110 0.2078 0.2085 0.2034 0.2032 0.1994 0.1978 0.1997 0.1941 0.1954 0.1933 0.1880 0.1902 0.1896 0.1887 0.1824 0.1825 0.1782 0.1829 0.1797 0.1747]
