train_acc,valid_acc,test_acc,train_loss,valid_loss,train_aug_loss
0.9790427684783936,0.9634740352630615,0.9647552967071533,[2.1590 1.3382 0.2877 0.3352 0.2515 0.3248 0.2014 0.2203 0.1915 0.2357 0.1444 0.1421 0.1368 0.2153 0.1564 0.2097 0.1899 0.1764 0.1620 0.4433 0.2876 0.1056 0.2090 0.1252 0.3193 0.1068 0.1359 0.2865 0.2224 0.2028 0.1305 0.0985 0.2817 0.1308 0.1329 0.1608 0.1981 0.1435 0.0949 0.0720 0.0873 0.1302 0.1330 0.1027 0.1295 0.2783 0.0738 0.1301 0.0954 0.0719],[2.0774 1.3715 0.3327 0.3328 0.2793 0.3146 0.2270 0.2247 0.2106 0.2484 0.1708 0.1745 0.1724 0.2420 0.1818 0.2266 0.2073 0.2083 0.1969 0.4601 0.3162 0.1454 0.2419 0.1769 0.3364 0.1532 0.1680 0.3204 0.2592 0.2349 0.1729 0.1417 0.3106 0.1712 0.1780 0.1998 0.2425 0.1932 0.1446 0.1278 0.1336 0.1744 0.1814 0.1568 0.1869 0.3375 0.1257 0.1891 0.1481 0.1336],[1.7202 0.8275 0.5514 0.4627 0.4146 0.3813 0.3583 0.3419 0.3292 0.3092 0.3048 0.2929 0.2855 0.2755 0.2707 0.2612 0.2603 0.2515 0.2435 0.2403 0.2360 0.2334 0.2275 0.2229 0.2238 0.2210 0.2167 0.2204 0.2097 0.2050 0.2066 0.2017 0.2015 0.1994 0.1966 0.1930 0.1908 0.1891 0.1875 0.1869 0.1886 0.1814 0.1786 0.1799 0.1779 0.1786 0.1732 0.1725 0.1724 0.1699]
