train_acc,valid_acc,test_acc,train_loss,valid_loss,train_aug_loss
0.9801380634307861,0.961850643157959,0.9603725075721741,[2.0258 0.9036 0.3864 0.3028 0.2225 0.2879 0.2721 0.1785 0.2799 0.1881 0.1666 0.2373 0.1370 0.1487 0.1796 0.1418 0.1433 0.1218 0.1315 0.1636 0.1453 0.1108 0.1481 0.1235 0.1277 0.1590 0.0978 0.1128 0.1748 0.1427 0.0910 0.1014 0.0863 0.0941 0.1084 0.0970 0.1111 0.1288 0.1467 0.0761 0.1021 0.0772 0.0698 0.0870 0.0782 0.0745 0.1287 0.0830 0.0933 0.0970],[1.8913 0.8905 0.3607 0.3112 0.2445 0.2899 0.2897 0.2308 0.2831 0.2186 0.2088 0.2753 0.1809 0.1809 0.2094 0.1783 0.1818 0.1698 0.1790 0.1929 0.1778 0.1557 0.1899 0.1811 0.1850 0.1998 0.1583 0.1659 0.2118 0.1889 0.1457 0.1746 0.1414 0.1545 0.1588 0.1576 0.1652 0.1804 0.1917 0.1427 0.1574 0.1398 0.1339 0.1480 0.1402 0.1388 0.1938 0.1446 0.1622 0.1586],[1.8205 1.1159 0.6671 0.5282 0.4590 0.4186 0.3981 0.3714 0.3537 0.3415 0.3330 0.3197 0.3093 0.3077 0.2968 0.2932 0.2828 0.2747 0.2743 0.2675 0.2654 0.2621 0.2562 0.2528 0.2518 0.2472 0.2416 0.2382 0.2370 0.2329 0.2287 0.2280 0.2269 0.2236 0.2242 0.2192 0.2168 0.2160 0.2140 0.2117 0.2063 0.2056 0.2072 0.1995 0.2015 0.1994 0.1979 0.1984 0.1967 0.1936]
