train_acc,valid_acc,test_acc,train_loss,valid_loss,train_aug_loss
0.9786320328712463,0.9648944735527039,0.9621986746788025,[3.1604 0.5492 0.3381 0.5017 0.2455 0.2239 0.4035 0.1719 0.3206 0.1911 0.2360 0.2913 0.1705 0.2150 0.2064 0.2500 0.1643 0.1652 0.1668 0.1469 0.1020 0.1020 0.1938 0.1733 0.1471 0.1342 0.1139 0.0930 0.1333 0.1035 0.0884 0.0866 1.3490 0.1440 0.1844 0.1784 0.1042 0.2125 0.1441 0.1215 0.1549 0.0692 0.3249 0.1469 0.1326 0.1178 0.0730 0.1213 0.1793 0.2325],[3.6399 0.4880 0.3099 0.4445 0.2457 0.2275 0.3657 0.1838 0.4375 0.2056 0.2420 0.3515 0.1791 0.2343 0.2147 0.2485 0.2380 0.1879 0.1775 0.1659 0.1465 0.1275 0.2146 0.2033 0.1727 0.1677 0.1446 0.1240 0.1646 0.1500 0.1276 0.1221 1.1475 0.1882 0.2230 0.2058 0.1419 0.2485 0.1874 0.1627 0.1926 0.1110 0.3438 0.1867 0.1753 0.1561 0.1165 0.1650 0.2280 0.2605],[1.7281 0.8258 0.5606 0.4674 0.4224 0.3884 0.3628 0.3446 0.3311 0.3184 0.3052 0.2926 0.2911 0.2804 0.2740 0.2652 0.2584 0.2548 0.2472 0.2474 0.2407 0.2378 0.2328 0.2282 0.2249 0.2215 0.2196 0.2146 0.2143 0.2134 0.2108 0.2034 0.2039 0.2002 0.1983 0.1972 0.1968 0.1950 0.1923 0.1886 0.1898 0.1865 0.1837 0.1864 0.1821 0.1806 0.1795 0.1745 0.1745 0.1758]
