train_acc,valid_acc,test_acc,train_loss,valid_loss,train_aug_loss
0.9811844825744629,0.9608360528945923,0.9605551362037659,[2.3910 0.4154 0.3494 0.4546 0.4729 0.5891 0.1898 0.4701 0.1330 0.1756 0.2508 0.1213 0.2332 0.3636 0.1520 0.1795 0.1225 0.1172 0.2228 0.2065 0.1843 0.1001 0.1263 0.2564 0.2414 0.1565 0.1304 0.1022 0.1960 0.0987 0.1946 0.0903 0.1433 0.1126 0.1873 0.3817 0.1592 0.0737 0.2016 0.1809 0.2783 0.1131 0.1840 0.1220 0.0939 0.1004 0.1116 0.0690 0.0847 0.0780],[2.7316 0.4472 0.3458 0.5209 0.4454 0.5075 0.2403 0.4574 0.1722 0.2091 0.2645 0.1677 0.2629 0.3734 0.1913 0.2297 0.1705 0.1825 0.2791 0.2426 0.2274 0.1620 0.1936 0.2994 0.2863 0.2106 0.1766 0.1659 0.2378 0.1597 0.2307 0.1508 0.1988 0.1649 0.2419 0.3939 0.2139 0.1315 0.2589 0.2272 0.3158 0.1704 0.2415 0.2255 0.1468 0.1623 0.1701 0.1276 0.1495 0.1443],[1.5339 0.6657 0.4865 0.4207 0.3858 0.3580 0.3419 0.3216 0.3096 0.3004 0.2924 0.2834 0.2769 0.2664 0.2603 0.2561 0.2484 0.2459 0.2431 0.2361 0.2317 0.2302 0.2251 0.2214 0.2194 0.2183 0.2139 0.2096 0.2096 0.2039 0.2029 0.2027 0.1968 0.1966 0.1964 0.1920 0.1881 0.1897 0.1860 0.1830 0.1794 0.1844 0.1807 0.1801 0.1808 0.1725 0.1732 0.1728 0.1753 0.1712]
