train_acc,valid_acc,test_acc,train_loss,valid_loss,train_aug_loss
0.9783288836479187,0.9612419009208679,0.9662162065505981,[2.1921 0.8027 0.3867 0.3143 0.4731 0.3285 0.2241 0.2259 0.1909 0.2026 0.2359 0.1661 0.2384 0.1580 0.2162 0.1762 0.1533 0.1719 0.1605 0.1224 0.2055 0.1316 0.1345 0.1289 0.1366 0.1289 0.1081 0.1321 0.1328 0.1441 0.1342 0.1286 0.1407 0.1028 0.0968 0.1052 0.1125 0.1126 0.0975 0.1241 0.1030 0.1098 0.1139 0.1172 0.0796 0.0772 0.0906 0.0944 0.0904 0.0955],[2.1034 0.8152 0.4210 0.3344 0.4792 0.3399 0.2462 0.2548 0.2331 0.2329 0.2519 0.1969 0.2638 0.2009 0.2530 0.2229 0.2061 0.2037 0.1998 0.1724 0.2464 0.1735 0.1800 0.1805 0.1863 0.1865 0.1579 0.1832 0.1813 0.1918 0.1840 0.1829 0.1928 0.1574 0.1482 0.1589 0.1615 0.1640 0.1519 0.1721 0.1600 0.1634 0.1664 0.1732 0.1407 0.1368 0.1479 0.1603 0.1531 0.1570],[1.8741 1.1157 0.6694 0.5339 0.4712 0.4290 0.4031 0.3824 0.3687 0.3436 0.3439 0.3343 0.3234 0.3124 0.3013 0.2962 0.2961 0.2877 0.2834 0.2746 0.2719 0.2655 0.2606 0.2574 0.2495 0.2505 0.2468 0.2414 0.2394 0.2366 0.2378 0.2363 0.2292 0.2273 0.2264 0.2230 0.2246 0.2132 0.2172 0.2137 0.2143 0.2073 0.2098 0.2047 0.2086 0.2031 0.2035 0.1974 0.2025 0.1973]
