train_acc,valid_acc,test_acc,train_loss,valid_loss,train_aug_loss
0.9808813333511353,0.9596185088157654,0.9631117582321167,[2.2947 0.9660 0.3647 0.3272 0.2598 0.2364 0.2094 0.2198 0.2027 0.2196 0.1768 0.1434 0.1720 0.1898 0.2043 0.1990 0.1399 0.1645 0.1303 0.1496 0.1336 0.1822 0.1712 0.1351 0.1379 0.1058 0.1239 0.1648 0.1015 0.0976 0.1275 0.1307 0.0943 0.0870 0.1318 0.0900 0.0833 0.0815 0.1259 0.0997 0.0894 0.1105 0.0823 0.0826 0.1636 0.0906 0.0902 0.0696 0.0913 0.1178],[2.0967 0.9138 0.3660 0.3227 0.2815 0.2646 0.2309 0.2524 0.2449 0.2560 0.2212 0.1772 0.2091 0.2317 0.2494 0.2409 0.1785 0.2050 0.1705 0.1920 0.1781 0.2341 0.2229 0.1886 0.1853 0.1534 0.1763 0.2248 0.1515 0.1464 0.1837 0.1831 0.1442 0.1396 0.1933 0.1428 0.1395 0.1393 0.1831 0.1569 0.1450 0.1680 0.1408 0.1389 0.2289 0.1487 0.1488 0.1321 0.1513 0.1894],[1.8256 1.1694 0.7016 0.5428 0.4719 0.4329 0.3980 0.3758 0.3624 0.3495 0.3395 0.3252 0.3144 0.3085 0.3040 0.2966 0.2903 0.2883 0.2808 0.2722 0.2675 0.2643 0.2658 0.2542 0.2511 0.2492 0.2440 0.2414 0.2348 0.2356 0.2338 0.2338 0.2289 0.2256 0.2229 0.2173 0.2191 0.2183 0.2188 0.2149 0.2128 0.2080 0.2071 0.2095 0.2062 0.2031 0.2003 0.1973 0.1993 0.1959]
