train_acc,valid_acc,test_acc,train_loss,valid_loss,train_aug_loss
0.9818885922431946,0.966923713684082,0.9667640328407288,[2.1078 1.1654 0.2625 0.2596 0.2057 0.3056 0.2311 0.2081 0.2411 0.2802 0.1628 0.1542 0.1565 0.3758 0.2134 0.2001 0.1156 0.1709 0.1684 0.3541 0.1295 0.1339 0.1323 0.1079 0.1476 0.2592 0.2298 0.1380 0.1348 0.0965 0.1321 0.0924 0.2277 0.1155 0.0908 0.1714 0.1634 0.1868 0.2088 0.0770 0.2346 0.0810 0.1244 0.0639 0.1115 0.4261 0.0977 0.0919 0.0949 0.1116],[2.1069 1.1588 0.2848 0.3033 0.2701 0.3265 0.2441 0.2432 0.2642 0.3081 0.2195 0.1915 0.2273 0.3591 0.2350 0.2304 0.1674 0.2013 0.2114 0.3784 0.1719 0.1820 0.1702 0.1577 0.1794 0.2810 0.2537 0.1855 0.1878 0.1621 0.1799 0.1433 0.2592 0.1695 0.1435 0.2154 0.2144 0.2380 0.2473 0.1402 0.2700 0.1449 0.1838 0.1239 0.1722 0.4659 0.1652 0.1569 0.1618 0.1715],[1.7719 0.8980 0.5707 0.4685 0.4125 0.3749 0.3534 0.3367 0.3208 0.3098 0.3008 0.2922 0.2841 0.2744 0.2654 0.2628 0.2560 0.2493 0.2490 0.2447 0.2373 0.2350 0.2267 0.2257 0.2221 0.2188 0.2180 0.2144 0.2115 0.2076 0.2065 0.2016 0.2014 0.1977 0.1970 0.1944 0.1924 0.1896 0.1874 0.1867 0.1821 0.1825 0.1821 0.1796 0.1803 0.1800 0.1737 0.1754 0.1738 0.1692]
