train_acc,valid_acc,test_acc,train_loss,valid_loss,train_aug_loss
0.9744269251823425,0.9575892686843872,0.9558071494102478,[3.5969 0.6028 0.3827 0.6760 0.3737 0.5484 0.2520 0.2604 0.3086 0.4769 0.1813 0.2119 0.2970 0.1458 0.2305 0.2888 0.1955 0.1980 0.1422 1.5737 0.2509 0.1951 0.3331 0.1492 0.1424 0.1584 0.1645 0.2331 0.1808 0.1006 0.1327 0.2216 0.1001 0.1423 0.3255 0.2505 0.2046 0.2098 0.0925 0.1340 0.2102 0.0900 0.2418 0.0852 0.2001 0.1627 0.1639 0.3967 0.2318 0.1040],[3.6241 0.6746 0.4630 0.6202 0.4534 0.4972 0.3187 0.2983 0.3043 0.4369 0.2152 0.2458 0.3042 0.1932 0.2437 0.4183 0.2271 0.2392 0.1813 1.3095 0.2664 0.2310 0.3481 0.2022 0.2084 0.2090 0.1961 0.2761 0.2171 0.1524 0.1912 0.2610 0.1567 0.1878 0.3114 0.3125 0.2501 0.2396 0.1546 0.1740 0.2508 0.1471 0.2643 0.1417 0.2216 0.2130 0.2176 0.3879 0.2592 0.1667],[1.8991 1.0869 0.6775 0.5575 0.4958 0.4645 0.4308 0.4065 0.3944 0.3747 0.3564 0.3450 0.3337 0.3241 0.3108 0.3065 0.2992 0.2972 0.2918 0.2804 0.2778 0.2735 0.2687 0.2656 0.2609 0.2569 0.2555 0.2516 0.2524 0.2512 0.2433 0.2440 0.2392 0.2360 0.2323 0.2311 0.2290 0.2291 0.2246 0.2225 0.2215 0.2199 0.2205 0.2182 0.2161 0.2095 0.2105 0.2091 0.2092 0.2083]
