train_acc,valid_acc,test_acc,train_loss,valid_loss,train_aug_loss
0.9757667183876038,0.960024356842041,0.9581811428070068,[1.7684 1.3141 0.3660 0.3063 0.3170 0.2951 0.2134 0.2141 0.1999 0.1975 0.1969 0.1555 0.1535 0.1895 0.1347 0.1592 0.1317 0.2216 0.1642 0.1945 0.1572 0.1401 0.1733 0.1382 0.1050 0.1477 0.1024 0.1429 0.1164 0.1522 0.1279 0.0932 0.1318 0.1015 0.1183 0.1547 0.0934 0.1193 0.1200 0.0864 0.1264 0.1054 0.0871 0.1010 0.1108 0.0860 0.0908 0.1135 0.1278 0.0957],[1.7995 1.3112 0.3796 0.3074 0.3372 0.3064 0.2500 0.2370 0.2267 0.2354 0.2315 0.2024 0.1873 0.2198 0.1856 0.1963 0.1786 0.2420 0.1961 0.2308 0.2121 0.1846 0.2113 0.1818 0.1605 0.1904 0.1484 0.1914 0.1693 0.1950 0.1834 0.1473 0.1818 0.1548 0.1717 0.2072 0.1497 0.1749 0.1797 0.1402 0.1755 0.1672 0.1533 0.1615 0.1687 0.1520 0.1512 0.1739 0.1869 0.1639],[1.8762 1.3468 0.7591 0.5657 0.4857 0.4437 0.4061 0.3877 0.3660 0.3451 0.3390 0.3240 0.3215 0.3097 0.3016 0.2980 0.2832 0.2810 0.2743 0.2700 0.2667 0.2615 0.2619 0.2568 0.2487 0.2486 0.2465 0.2396 0.2399 0.2349 0.2273 0.2284 0.2305 0.2268 0.2241 0.2193 0.2159 0.2171 0.2155 0.2103 0.2126 0.2071 0.2019 0.2067 0.2042 0.2042 0.2032 0.2000 0.1961 0.1924]
