train_acc,valid_acc,test_acc,train_loss,valid_loss,train_aug_loss
0.9786418676376343,0.9565746784210205,0.9592768549919128,[2.0264 0.5747 0.3669 0.2791 0.2814 0.3286 0.2191 0.2262 0.2034 0.1752 0.1752 0.2515 0.1926 0.1517 0.1881 0.1419 0.1208 0.1275 0.1399 0.1387 0.1514 0.1507 0.1864 0.1661 0.1754 0.1521 0.1021 0.1317 0.1053 0.1594 0.1167 0.1003 0.0913 0.1121 0.1334 0.1103 0.0883 0.0898 0.0861 0.1092 0.0781 0.1162 0.1145 0.0709 0.1237 0.0910 0.0718 0.1248 0.0918 0.1247],[1.9548 0.5398 0.3894 0.3122 0.3041 0.3199 0.2563 0.2404 0.2435 0.2161 0.2237 0.2776 0.2318 0.2126 0.2387 0.1971 0.1723 0.1873 0.1932 0.1926 0.2097 0.1980 0.2273 0.2117 0.2304 0.2093 0.1548 0.1884 0.1762 0.2282 0.1736 0.1675 0.1507 0.1695 0.1946 0.1721 0.1498 0.1529 0.1615 0.1705 0.1455 0.1769 0.1801 0.1405 0.1863 0.1632 0.1415 0.1865 0.1659 0.1928],[1.8050 1.1414 0.6871 0.5370 0.4793 0.4309 0.3988 0.3821 0.3624 0.3426 0.3324 0.3201 0.3105 0.3055 0.2975 0.2905 0.2880 0.2811 0.2754 0.2667 0.2659 0.2563 0.2576 0.2523 0.2506 0.2471 0.2450 0.2396 0.2360 0.2352 0.2349 0.2263 0.2264 0.2222 0.2220 0.2201 0.2166 0.2169 0.2110 0.2120 0.2098 0.2068 0.2032 0.2033 0.2035 0.2008 0.1993 0.1960 0.1950 0.1932]
