train_acc,valid_acc,test_acc,train_loss,valid_loss,train_aug_loss
0.9800989627838135,0.9638798832893372,0.9625639319419861,[2.4117 0.3952 0.3760 0.4431 0.2506 0.6676 0.1960 0.3227 0.2091 0.2099 0.1908 0.6973 0.1418 0.4346 0.1272 0.1983 0.1739 0.1121 0.1771 0.1619 0.1677 0.1829 0.1984 0.1178 0.2120 0.2005 0.1682 0.6074 0.1075 0.1857 0.1172 0.1030 0.1105 0.1859 0.3306 0.1004 0.0975 0.1331 0.1148 0.1826 0.2494 0.2952 0.1107 0.0693 0.1496 0.1105 0.0867 1.6055 0.1079 0.2727],[2.6772 0.3994 0.3411 0.5891 0.2646 0.8167 0.2065 0.3170 0.2291 0.2310 0.2427 0.5868 0.1661 0.3804 0.1576 0.2116 0.1867 0.1466 0.2001 0.1873 0.1980 0.2073 0.2257 0.1805 0.2231 0.2227 0.1897 0.5341 0.1593 0.2194 0.1550 0.1450 0.1743 0.2265 0.3223 0.1381 0.1459 0.1742 0.1631 0.2297 0.2382 0.3281 0.1597 0.1216 0.1968 0.1547 0.1341 1.2799 0.1645 0.3336],[1.6762 0.8525 0.5707 0.4728 0.4228 0.3942 0.3632 0.3420 0.3296 0.3173 0.3068 0.3000 0.2913 0.2787 0.2732 0.2633 0.2600 0.2543 0.2494 0.2468 0.2426 0.2375 0.2332 0.2299 0.2226 0.2233 0.2212 0.2124 0.2125 0.2131 0.2064 0.2019 0.2036 0.1965 0.1982 0.1954 0.1954 0.1880 0.1923 0.1861 0.1863 0.1844 0.1831 0.1826 0.1768 0.1778 0.1793 0.1732 0.1762 0.1745]
