train_acc,valid_acc,test_acc,train_loss,valid_loss,train_aug_loss
0.9793557524681091,0.9642857313156128,0.9574506878852844,[2.7952 0.5448 0.2600 0.3125 0.2007 0.2471 0.2556 0.2115 0.2424 0.2728 0.2901 0.3642 0.1452 0.1398 0.2482 0.1212 0.1231 0.2724 0.1301 0.2486 0.1493 0.1624 0.2269 0.1025 0.1486 0.1389 0.1549 0.1066 0.0904 0.1114 0.1201 0.1777 0.1008 0.1344 0.2405 0.0858 0.1317 0.2195 0.0898 0.0722 0.0826 0.0892 0.2083 0.1271 0.1494 0.1385 0.0676 0.2319 0.1909 0.1844],[3.2565 0.5340 0.2578 0.3142 0.2242 0.2531 0.2511 0.2734 0.2502 0.2655 0.3023 0.3629 0.1704 0.1825 0.2410 0.1523 0.1428 0.2800 0.1715 0.2607 0.1717 0.1897 0.2730 0.1550 0.1799 0.1644 0.1938 0.1466 0.1384 0.1589 0.1591 0.2141 0.1636 0.1837 0.2461 0.1587 0.1686 0.2415 0.1402 0.1223 0.1315 0.1466 0.2396 0.1838 0.1958 0.1843 0.1197 0.2561 0.2254 0.2357],[1.6548 0.7644 0.5280 0.4507 0.4136 0.3781 0.3558 0.3391 0.3250 0.3110 0.2984 0.2960 0.2849 0.2779 0.2717 0.2610 0.2556 0.2532 0.2492 0.2446 0.2391 0.2364 0.2294 0.2239 0.2241 0.2204 0.2177 0.2115 0.2123 0.2101 0.2100 0.2030 0.2040 0.1990 0.1991 0.1956 0.1952 0.1879 0.1877 0.1902 0.1897 0.1825 0.1839 0.1818 0.1818 0.1761 0.1790 0.1756 0.1756 0.1725]
