train_acc,valid_acc,test_acc,train_loss,valid_loss,train_aug_loss
0.9796198010444641,0.9573863744735718,0.9623813033103943,[2.5743 0.4991 0.3020 0.4290 0.2214 0.2213 0.1969 0.1882 0.2283 0.2838 0.2424 0.2172 0.1565 0.1329 0.2618 0.1200 0.2202 0.1834 0.1666 0.1245 0.1664 0.2452 0.2244 0.2134 0.1782 0.2700 0.2138 0.1360 0.1055 0.2633 0.1543 0.1651 0.1206 0.0816 0.1531 0.2291 0.1593 0.1378 0.1333 0.2272 0.0859 0.1200 0.0931 0.1088 0.0753 0.0778 0.1031 0.0914 0.1318 0.0695],[2.8092 0.5464 0.3553 0.4831 0.2692 0.2755 0.2573 0.2376 0.2773 0.3258 0.2828 0.2584 0.2113 0.1879 0.3006 0.1802 0.2660 0.2277 0.2136 0.1789 0.2274 0.3074 0.2775 0.2518 0.2189 0.3207 0.2667 0.1856 0.1722 0.3122 0.2094 0.2206 0.1800 0.1419 0.2116 0.2996 0.2211 0.1916 0.2018 0.2904 0.1456 0.1780 0.1568 0.1816 0.1384 0.1441 0.1689 0.1597 0.2064 0.1467],[1.6779 0.8195 0.5734 0.4670 0.4248 0.3912 0.3670 0.3469 0.3329 0.3210 0.3076 0.3009 0.2895 0.2831 0.2787 0.2671 0.2683 0.2577 0.2533 0.2516 0.2470 0.2393 0.2385 0.2345 0.2345 0.2240 0.2243 0.2212 0.2249 0.2145 0.2079 0.2125 0.2055 0.2036 0.2013 0.2002 0.1969 0.1952 0.1956 0.1894 0.1916 0.1881 0.1854 0.1853 0.1865 0.1842 0.1797 0.1807 0.1782 0.1744]
