train_acc,valid_acc,test_acc,train_loss,valid_loss,train_aug_loss
0.9779670834541321,0.9667207598686218,0.9662162065505981,[1.6947 1.0341 0.4427 0.4700 0.2975 0.2645 0.2517 0.2436 0.2283 0.1927 0.2265 0.1620 0.1673 0.1587 0.2038 0.1635 0.2003 0.1386 0.1918 0.1403 0.1339 0.1326 0.1255 0.1423 0.1454 0.1422 0.1541 0.1302 0.1846 0.1192 0.1094 0.1365 0.1126 0.0942 0.1364 0.0954 0.0987 0.1028 0.1691 0.1190 0.0993 0.0935 0.0848 0.0974 0.0961 0.0936 0.0921 0.1298 0.0934 0.0786],[1.5920 0.8427 0.4312 0.4669 0.2983 0.2623 0.2717 0.2534 0.2586 0.2073 0.2434 0.1890 0.1877 0.1834 0.2255 0.1778 0.2197 0.1658 0.2108 0.1691 0.1567 0.1558 0.1562 0.1706 0.1749 0.1697 0.1823 0.1567 0.2102 0.1538 0.1466 0.1669 0.1497 0.1322 0.1746 0.1363 0.1389 0.1454 0.2056 0.1565 0.1385 0.1349 0.1303 0.1379 0.1397 0.1366 0.1370 0.1684 0.1361 0.1260],[1.8337 1.1878 0.7205 0.5577 0.4899 0.4441 0.4130 0.3828 0.3645 0.3526 0.3396 0.3290 0.3159 0.3091 0.3014 0.2981 0.2931 0.2850 0.2793 0.2681 0.2680 0.2665 0.2586 0.2578 0.2532 0.2521 0.2490 0.2423 0.2375 0.2351 0.2320 0.2321 0.2281 0.2256 0.2218 0.2225 0.2170 0.2189 0.2176 0.2170 0.2134 0.2097 0.2086 0.2052 0.2051 0.2017 0.2018 0.2002 0.1960 0.1981]
