train_acc,valid_acc,test_acc,train_loss,valid_loss,train_aug_loss
0.9819668531417847,0.9626623392105103,0.9614682197570801,[1.8105 0.7728 0.4417 0.3460 0.2845 0.2250 0.2745 0.2391 0.2138 0.2068 0.1632 0.1627 0.1522 0.1279 0.1266 0.2184 0.1615 0.1292 0.1180 0.1946 0.1485 0.1227 0.1293 0.1299 0.1240 0.1066 0.1462 0.1320 0.1236 0.1039 0.1328 0.1245 0.0983 0.1013 0.1343 0.1064 0.1108 0.0907 0.0857 0.0813 0.0879 0.0801 0.0928 0.0745 0.1142 0.1346 0.0815 0.0911 0.0666 0.0912],[1.7388 0.7165 0.4595 0.3510 0.3130 0.2483 0.2939 0.2630 0.2461 0.2322 0.2092 0.2023 0.1977 0.1742 0.1680 0.2650 0.2039 0.1676 0.1679 0.2344 0.1915 0.1696 0.1742 0.1852 0.1732 0.1536 0.1862 0.1813 0.1716 0.1490 0.1858 0.1738 0.1516 0.1589 0.1877 0.1579 0.1674 0.1470 0.1418 0.1365 0.1432 0.1354 0.1511 0.1314 0.1666 0.1895 0.1437 0.1499 0.1298 0.1469],[1.8840 1.2512 0.7181 0.5422 0.4695 0.4259 0.3976 0.3759 0.3581 0.3421 0.3342 0.3209 0.3098 0.3058 0.2992 0.2852 0.2826 0.2796 0.2707 0.2717 0.2595 0.2525 0.2570 0.2477 0.2449 0.2422 0.2367 0.2387 0.2356 0.2302 0.2294 0.2202 0.2274 0.2214 0.2216 0.2167 0.2150 0.2105 0.2102 0.2080 0.2085 0.2057 0.2038 0.2014 0.2005 0.1987 0.1978 0.1971 0.1976 0.1947]
