train_acc,valid_acc,test_acc,train_loss,valid_loss,train_aug_loss
0.9760112166404724,0.9624594449996948,0.9621986746788025,[2.1544 0.6092 0.3806 0.4275 0.3426 0.6608 0.2364 0.2121 0.2932 0.2062 0.1838 0.1938 0.1780 0.1790 0.1624 0.1655 0.1651 0.4725 0.1846 0.1427 0.6818 0.1393 0.1281 0.1351 0.1238 0.1904 0.3302 0.1131 0.1428 0.1572 0.1096 0.1167 0.1666 0.2714 0.1065 0.1135 0.1133 0.1260 0.1093 0.1035 0.1011 0.1173 0.1847 0.0840 0.0857 0.1151 0.0979 0.0895 0.0954 0.0836],[2.3032 0.6779 0.4173 0.4407 0.3695 0.6095 0.2818 0.2523 0.2862 0.2586 0.2322 0.2367 0.2086 0.2312 0.2038 0.2238 0.2189 0.4657 0.2147 0.1789 0.6326 0.1784 0.1840 0.1851 0.1794 0.3018 0.3287 0.1536 0.1835 0.2627 0.1643 0.1594 0.2017 0.2664 0.1527 0.1559 0.1688 0.1675 0.1604 0.1555 0.1461 0.1647 0.3073 0.1335 0.1417 0.1659 0.1504 0.1338 0.1430 0.1350],[1.9140 1.2124 0.7440 0.5977 0.5202 0.4682 0.4395 0.4137 0.3948 0.3815 0.3690 0.3606 0.3515 0.3394 0.3264 0.3200 0.3123 0.3083 0.3028 0.2965 0.2900 0.2863 0.2832 0.2798 0.2741 0.2717 0.2667 0.2620 0.2612 0.2593 0.2496 0.2510 0.2467 0.2415 0.2429 0.2389 0.2358 0.2320 0.2367 0.2288 0.2250 0.2267 0.2189 0.2239 0.2236 0.2221 0.2167 0.2147 0.2171 0.2146]
