train_acc,valid_acc,test_acc,train_loss,valid_loss,train_aug_loss
0.9696546196937561,0.9559659361839294,0.9561724066734314,[2.3796 0.7604 0.4336 0.2876 0.3047 0.5268 0.3651 0.3271 0.2390 0.3515 0.1911 0.2014 0.3929 0.5421 0.1632 0.2706 0.2184 0.1611 0.1825 0.2815 0.2335 0.2179 0.3801 0.2257 0.2199 0.2566 0.1438 0.1498 0.2144 0.1925 0.2562 0.1792 0.1069 0.1196 0.2382 0.2112 0.2407 0.1902 0.1664 0.1031 0.0957 0.1352 0.1164 0.1815 0.1580 0.0909 0.2209 0.1074 0.1125 0.1421],[2.7076 0.7389 0.4507 0.3030 0.3363 0.5209 0.3711 0.3417 0.2694 0.3604 0.2399 0.2327 0.3869 0.4722 0.2064 0.2940 0.2517 0.2275 0.2137 0.2855 0.2495 0.2484 0.3789 0.2580 0.2395 0.2769 0.1919 0.1870 0.2587 0.2472 0.2796 0.2294 0.1625 0.1742 0.2804 0.2570 0.2789 0.2286 0.2122 0.1529 0.1615 0.1900 0.1711 0.2357 0.2128 0.1542 0.2694 0.1692 0.1680 0.2046],[1.7996 0.9957 0.6653 0.5521 0.4997 0.4642 0.4373 0.4205 0.3983 0.3873 0.3758 0.3625 0.3488 0.3383 0.3314 0.3215 0.3130 0.3048 0.3013 0.2970 0.2909 0.2830 0.2829 0.2757 0.2758 0.2708 0.2646 0.2607 0.2553 0.2514 0.2517 0.2524 0.2440 0.2423 0.2374 0.2417 0.2343 0.2352 0.2339 0.2317 0.2285 0.2285 0.2258 0.2191 0.2241 0.2189 0.2204 0.2185 0.2155 0.2122]
