train_acc,valid_acc,test_acc,train_loss,valid_loss,train_aug_loss
0.9793263673782349,0.9616477489471436,0.9649379253387451,[2.3605 0.6680 0.2953 0.3464 0.2373 0.3461 0.2146 0.1693 0.1941 0.1428 0.4966 0.1299 0.3894 0.2777 0.4964 0.1170 0.1327 0.1425 0.1429 0.1485 0.1222 0.1020 0.2018 0.0946 0.1083 0.1563 0.0852 0.2698 0.0857 0.3034 0.0750 0.0881 0.1266 0.0992 0.1092 0.1552 0.1079 0.1350 0.1690 0.1459 0.1118 0.1417 0.1795 0.1743 0.0874 0.0877 0.1273 0.0789 0.4452 0.1016],[2.2003 0.6446 0.3032 0.3276 0.2471 0.3220 0.2255 0.1883 0.2033 0.1763 0.4717 0.1643 0.3738 0.2742 0.4595 0.1507 0.1817 0.1729 0.1809 0.1788 0.1621 0.1516 0.2370 0.1419 0.1496 0.1921 0.1476 0.3034 0.1392 0.3472 0.1293 0.1563 0.1790 0.1517 0.1658 0.2044 0.1625 0.1917 0.2324 0.1904 0.1633 0.1916 0.2319 0.2350 0.1464 0.1501 0.1883 0.1379 0.5043 0.1593],[1.7800 0.9654 0.5837 0.4648 0.4112 0.3775 0.3524 0.3326 0.3215 0.3093 0.2968 0.2878 0.2757 0.2698 0.2652 0.2546 0.2486 0.2477 0.2394 0.2351 0.2321 0.2322 0.2260 0.2188 0.2196 0.2115 0.2103 0.2071 0.2074 0.2023 0.2022 0.1976 0.1958 0.1925 0.1906 0.1859 0.1881 0.1873 0.1847 0.1850 0.1772 0.1794 0.1776 0.1746 0.1738 0.1722 0.1708 0.1697 0.1658 0.1683]
