train_acc,valid_acc,test_acc,train_loss,valid_loss,train_aug_loss
0.9759427309036255,0.960024356842041,0.9583637714385986,[1.9482 0.8212 0.4676 0.2703 0.2302 0.2451 0.2858 0.2320 0.2191 0.1885 0.1820 0.1932 0.1714 0.1798 0.1673 0.1938 0.1756 0.1531 0.1346 0.1277 0.1170 0.1311 0.1353 0.1505 0.1322 0.1034 0.1107 0.1222 0.1341 0.0984 0.1213 0.0911 0.1266 0.1201 0.1306 0.0951 0.1037 0.1298 0.0911 0.0932 0.0934 0.0960 0.0984 0.1176 0.0900 0.0912 0.1156 0.1160 0.0989 0.0797],[1.8704 0.7297 0.4512 0.2745 0.2279 0.2535 0.2910 0.2388 0.2245 0.1954 0.1955 0.2016 0.1986 0.1983 0.1860 0.2036 0.1997 0.1787 0.1560 0.1514 0.1498 0.1584 0.1621 0.1748 0.1580 0.1352 0.1400 0.1513 0.1753 0.1310 0.1602 0.1245 0.1585 0.1572 0.1711 0.1351 0.1424 0.1663 0.1253 0.1353 0.1375 0.1378 0.1404 0.1597 0.1246 0.1342 0.1617 0.1590 0.1380 0.1225],[1.8406 1.1527 0.7105 0.5588 0.4955 0.4495 0.4132 0.3963 0.3770 0.3559 0.3390 0.3356 0.3236 0.3157 0.3055 0.2993 0.2881 0.2911 0.2823 0.2754 0.2702 0.2662 0.2627 0.2603 0.2521 0.2494 0.2462 0.2455 0.2419 0.2374 0.2352 0.2305 0.2296 0.2256 0.2232 0.2230 0.2217 0.2205 0.2184 0.2153 0.2101 0.2106 0.2117 0.2077 0.2072 0.2027 0.2002 0.2015 0.1994 0.1949]
