train_acc,valid_acc,test_acc,train_loss,valid_loss,train_aug_loss
0.974055290222168,0.9588068127632141,0.955624520778656,[3.3747 0.8593 0.6301 0.3447 0.3559 0.2024 0.2176 0.2121 0.5170 0.2351 0.1669 0.2780 0.2106 0.2644 0.2979 0.1797 0.1857 0.2126 0.1215 0.3898 0.1762 0.2157 0.1354 0.1595 0.1833 0.1758 0.1561 0.1063 0.1653 0.2275 0.7666 0.1202 0.0916 0.1627 0.0916 0.1819 0.1101 0.1083 0.0873 0.1942 0.3047 0.1526 0.0784 0.0856 0.1106 0.0939 0.0866 0.4620 0.0949 0.1052],[3.7708 0.7393 0.6911 0.3299 0.3644 0.2587 0.2652 0.2294 0.4653 0.2893 0.1988 0.3183 0.2413 0.3158 0.3111 0.2225 0.2112 0.2573 0.1667 0.3737 0.2175 0.2460 0.1796 0.1978 0.2188 0.2195 0.1958 0.1795 0.2106 0.2693 0.6658 0.1945 0.1609 0.2252 0.1723 0.2225 0.2078 0.1707 0.1441 0.2481 0.3315 0.2104 0.1463 0.1512 0.1692 0.1806 0.1437 0.4789 0.1569 0.1657],[1.6210 0.8025 0.5723 0.4794 0.4253 0.3879 0.3724 0.3520 0.3361 0.3252 0.3150 0.3022 0.2865 0.2850 0.2797 0.2697 0.2687 0.2587 0.2503 0.2498 0.2433 0.2381 0.2375 0.2322 0.2286 0.2272 0.2234 0.2201 0.2213 0.2164 0.2141 0.2126 0.2101 0.2053 0.2037 0.1991 0.1998 0.1940 0.1957 0.1934 0.1879 0.1873 0.1857 0.1884 0.1842 0.1815 0.1819 0.1823 0.1804 0.1759]
