train_acc,valid_acc,test_acc,train_loss,valid_loss,train_aug_loss
0.9734880924224854,0.9565746784210205,0.9536157846450806,[3.2311 0.6538 0.3903 0.3351 0.3541 0.4576 0.3033 0.2096 0.2773 0.3002 0.2585 0.2847 0.2930 0.1588 0.1942 0.1561 0.1654 0.2053 0.2309 0.3790 0.4407 0.1338 0.1994 0.2333 0.1253 0.2696 0.2008 0.1852 0.1089 0.1667 0.1441 0.1430 0.2451 0.0911 0.1450 0.1461 0.1004 0.2475 0.1538 0.1936 0.1130 0.1610 0.1305 0.1490 0.2436 0.1070 0.2156 0.0999 0.0904 0.1434],[3.8147 0.6815 0.4100 0.3620 0.3655 0.4108 0.3165 0.2347 0.2895 0.3207 0.2812 0.2992 0.3129 0.2123 0.2250 0.2085 0.2055 0.3042 0.2574 0.3553 0.4065 0.1824 0.2483 0.2675 0.1746 0.2991 0.2499 0.2308 0.1684 0.2103 0.2204 0.1889 0.2858 0.1520 0.1835 0.1907 0.1546 0.2861 0.2061 0.2346 0.1596 0.2160 0.1849 0.1987 0.2827 0.1564 0.2671 0.1543 0.1573 0.1982],[1.8116 0.9704 0.6507 0.5525 0.4977 0.4547 0.4254 0.4055 0.3846 0.3711 0.3553 0.3465 0.3385 0.3215 0.3169 0.3130 0.3054 0.2962 0.2890 0.2903 0.2853 0.2768 0.2744 0.2677 0.2642 0.2644 0.2551 0.2545 0.2508 0.2485 0.2460 0.2473 0.2424 0.2377 0.2378 0.2306 0.2304 0.2322 0.2274 0.2252 0.2222 0.2249 0.2181 0.2179 0.2181 0.2165 0.2133 0.2125 0.2117 0.2126]
