train_acc,valid_acc,test_acc,train_loss,valid_loss,train_aug_loss
0.9879778623580933,0.9716946482658386,0.9393764138221741,[1.9405 1.1706 0.5252 0.3734 0.3961 0.1991 0.1949 0.2009 0.2824 0.2992 0.2185 0.3347 0.1830 0.2749 0.1726 0.1263 0.1931 0.1944 0.1657 0.1460 0.1550 0.1922 0.1151 0.0959 0.1151 0.1433 0.2249 0.0945 0.1497 0.0968 0.1118 0.0796 0.0889 0.0814 0.1094 0.0948 0.0985 0.1230 0.0828 0.1223 0.0984 0.0937 0.0951 0.1061 0.1078 0.1170 0.1396 0.1122 0.0665 0.0746 0.0767 0.0927 0.0639 0.0759 0.0755 0.1395 0.0519 0.0869 0.0832 0.0791 0.1208 0.0669 0.0596 0.1176 0.0640 0.1080 0.1091 0.0780 0.0642 0.0646 0.0922 0.0623 0.0507 0.0882 0.0550 0.0669 0.0483 0.0397 0.0631 0.0592 0.0768 0.0484 0.0457 0.0779 0.0582 0.0572 0.0662 0.0603 0.0441 0.0626 0.0777 0.0534 0.0566 0.0607 0.0710 0.0657 0.0581 0.0441 0.0664 0.1099],[1.8898 1.0681 0.4949 0.3512 0.3843 0.2129 0.2178 0.2246 0.2931 0.3094 0.2329 0.3476 0.2088 0.2824 0.1984 0.1687 0.2282 0.2166 0.1983 0.1859 0.1856 0.2241 0.1603 0.1346 0.1546 0.1871 0.2711 0.1423 0.1924 0.1426 0.1534 0.1276 0.1324 0.1243 0.1625 0.1502 0.1526 0.1725 0.1334 0.1817 0.1440 0.1455 0.1486 0.1658 0.1628 0.1688 0.1956 0.1660 0.1205 0.1286 0.1345 0.1486 0.1215 0.1325 0.1324 0.2120 0.1072 0.1496 0.1463 0.1431 0.1942 0.1308 0.1206 0.1945 0.1268 0.1778 0.1782 0.1430 0.1262 0.1336 0.1647 0.1255 0.1141 0.1520 0.1228 0.1388 0.1112 0.1008 0.1331 0.1218 0.1470 0.1188 0.1103 0.1495 0.1259 0.1255 0.1425 0.1280 0.1091 0.1345 0.1579 0.1253 0.1324 0.1349 0.1474 0.1379 0.1287 0.1149 0.1436 0.1981],[1.8969 1.2847 0.7534 0.5583 0.4691 0.4189 0.3886 0.3626 0.3414 0.3295 0.3124 0.2986 0.2915 0.2815 0.2786 0.2635 0.2635 0.2534 0.2461 0.2439 0.2355 0.2359 0.2286 0.2243 0.2238 0.2157 0.2133 0.2110 0.2083 0.2076 0.1992 0.2013 0.2011 0.1927 0.1914 0.1894 0.1876 0.1897 0.1831 0.1816 0.1829 0.1784 0.1788 0.1725 0.1742 0.1739 0.1709 0.1681 0.1646 0.1686 0.1672 0.1643 0.1612 0.1618 0.1587 0.1585 0.1596 0.1560 0.1551 0.1522 0.1537 0.1579 0.1511 0.1506 0.1471 0.1491 0.1496 0.1482 0.1448 0.1461 0.1461 0.1435 0.1419 0.1438 0.1413 0.1390 0.1409 0.1385 0.1383 0.1382 0.1408 0.1382 0.1351 0.1358 0.1321 0.1348 0.1315 0.1319 0.1305 0.1343 0.1303 0.1294 0.1300 0.1286 0.1274 0.1281 0.1289 0.1267 0.1281 0.1286]
