train_acc,valid_acc,test_acc,train_loss,valid_loss,train_aug_loss
0.9793753027915955,0.9604302048683167,0.9550766944885254,[2.1779 0.5482 0.4030 0.2605 0.3812 0.4098 0.1836 0.3094 0.2593 0.1594 0.2900 0.1839 0.2090 0.1445 0.1570 0.1409 0.1936 0.1184 0.1509 0.2796 0.1687 0.1738 0.1737 0.2084 0.1152 0.1061 0.1193 0.1596 0.2699 0.1098 0.1984 0.2982 0.1437 0.2752 0.1456 0.2411 0.1862 0.1900 0.0881 0.0723 0.1176 0.1075 0.0956 0.1330 0.1066 0.1201 0.1027 0.2520 0.1077 0.0863],[2.3586 0.5709 0.4230 0.2832 0.3644 0.4090 0.2170 0.3034 0.3368 0.2201 0.3879 0.2416 0.2391 0.1835 0.2060 0.1844 0.2385 0.1727 0.1944 0.4125 0.2116 0.2234 0.2060 0.2284 0.1711 0.1535 0.1897 0.2112 0.3129 0.1749 0.2475 0.3060 0.1931 0.2976 0.1935 0.2808 0.2465 0.2430 0.1486 0.1408 0.1873 0.1696 0.1585 0.1904 0.1688 0.1776 0.1660 0.2861 0.1718 0.1531],[1.6154 0.7412 0.5434 0.4638 0.4223 0.3872 0.3630 0.3444 0.3348 0.3174 0.3118 0.3046 0.2906 0.2799 0.2771 0.2725 0.2639 0.2582 0.2532 0.2475 0.2426 0.2420 0.2346 0.2306 0.2301 0.2288 0.2243 0.2218 0.2174 0.2161 0.2115 0.2073 0.2085 0.2052 0.2018 0.2019 0.1971 0.1959 0.1941 0.1895 0.1896 0.1857 0.1877 0.1858 0.1844 0.1824 0.1770 0.1776 0.1784 0.1783]
