train_acc,valid_acc,test_acc,train_loss,valid_loss,train_aug_loss
0.9782604575157166,0.9610389471054077,0.957998514175415,[2.8828 0.3776 0.2726 0.2528 0.2157 0.2484 0.1795 0.2252 0.7687 0.1651 0.1542 0.5105 0.1668 0.1476 0.1277 0.1219 0.1861 0.2338 0.1594 0.4114 0.1274 0.0966 0.0972 1.0617 0.2215 0.1891 0.2753 0.0899 0.1089 0.0974 0.1295 0.0981 0.2660 0.1181 0.1184 0.1357 0.0927 0.1275 0.0834 0.0856 0.0894 0.1129 0.1103 0.1234 0.0787 0.1291 0.1381 0.1120 0.0848 0.2462],[3.1959 0.3806 0.3014 0.2648 0.2461 0.3036 0.2059 0.2512 0.7003 0.1925 0.1927 0.4329 0.2026 0.1971 0.1783 0.1688 0.2208 0.2558 0.2003 0.4312 0.1691 0.1387 0.1407 0.9890 0.2651 0.2363 0.3025 0.1415 0.1587 0.1406 0.1714 0.1455 0.3261 0.1644 0.1574 0.1915 0.1481 0.1786 0.1337 0.1364 0.1389 0.1723 0.1644 0.1780 0.1353 0.1866 0.1990 0.1677 0.1433 0.2980],[1.4469 0.7090 0.5434 0.4668 0.4224 0.3864 0.3621 0.3493 0.3304 0.3182 0.3091 0.3005 0.2915 0.2812 0.2749 0.2686 0.2604 0.2564 0.2517 0.2434 0.2386 0.2332 0.2346 0.2304 0.2249 0.2190 0.2203 0.2165 0.2129 0.2100 0.2073 0.2039 0.2022 0.2006 0.1991 0.1949 0.1942 0.1904 0.1912 0.1915 0.1864 0.1837 0.1831 0.1805 0.1816 0.1797 0.1771 0.1771 0.1755 0.1775]
