train_acc,valid_acc,test_acc,train_loss,valid_loss,train_aug_loss
0.9780550599098206,0.9646915793418884,0.9643900394439697,[2.2236 0.3840 0.3370 0.2567 0.3928 0.2041 0.1736 0.1470 0.6912 0.1464 0.3493 0.2350 0.1366 0.1779 0.1158 0.4236 0.2211 0.1844 0.1365 0.1219 0.1928 0.1047 0.1961 0.4835 0.1545 0.1009 0.1187 0.0805 0.0929 0.1320 0.1316 0.0963 0.4306 0.1296 0.0964 0.0702 0.1231 0.0694 0.1848 0.0741 0.0856 0.4311 0.0711 0.0721 0.1234 0.1526 0.1031 0.2873 0.0955 0.0997],[2.3009 0.3793 0.3760 0.2659 0.3942 0.2085 0.1971 0.1709 0.6279 0.1730 0.3575 0.2423 0.1617 0.1953 0.1614 0.3820 0.2322 0.2161 0.1647 0.1589 0.2285 0.1382 0.2128 0.4736 0.1834 0.1408 0.1637 0.1448 0.1419 0.1753 0.1767 0.1356 0.4563 0.1717 0.1300 0.1224 0.1761 0.1187 0.2178 0.1205 0.1395 0.4397 0.1226 0.1245 0.1613 0.2052 0.1601 0.3144 0.1466 0.1536],[1.7464 0.8160 0.5516 0.4449 0.4040 0.3715 0.3462 0.3300 0.3104 0.2969 0.2887 0.2815 0.2720 0.2675 0.2552 0.2552 0.2474 0.2414 0.2387 0.2358 0.2300 0.2284 0.2247 0.2209 0.2165 0.2123 0.2114 0.2058 0.2035 0.1996 0.2007 0.1973 0.1953 0.1922 0.1922 0.1908 0.1874 0.1876 0.1835 0.1804 0.1803 0.1767 0.1782 0.1734 0.1744 0.1713 0.1673 0.1711 0.1673 0.1667]
