train_acc,valid_acc,test_acc,train_loss,valid_loss,train_aug_loss
0.9699773192405701,0.9575892686843872,0.95306795835495,[2.1455 0.7128 0.9059 0.3729 0.3441 0.3453 0.2113 0.3600 0.4498 0.2764 0.2689 0.2224 0.2367 0.2058 0.2959 0.1689 0.3013 0.2151 0.1482 0.2756 0.1665 0.2222 0.1765 0.1390 0.2120 0.2370 0.2953 0.1331 0.1262 0.1683 0.2995 0.1208 0.1425 0.1084 0.1504 0.1255 0.1295 0.0989 0.2410 0.1497 0.0997 0.2781 0.1487 0.1113 0.2162 0.5065 0.1238 0.1614 0.1387 0.2440],[2.2994 0.6487 0.7823 0.3593 0.3747 0.3392 0.2244 0.3412 0.4353 0.2744 0.2752 0.2425 0.2532 0.2158 0.2940 0.1900 0.2708 0.2258 0.1703 0.2925 0.1806 0.2323 0.1993 0.1520 0.2419 0.2510 0.3051 0.1528 0.1626 0.1852 0.3138 0.1465 0.1732 0.1427 0.2219 0.1479 0.1564 0.1316 0.2331 0.1838 0.1264 0.2785 0.1754 0.1504 0.2279 0.4335 0.1617 0.1937 0.1784 0.2731],[1.9170 1.1745 0.7346 0.5855 0.5040 0.4605 0.4297 0.4081 0.3905 0.3729 0.3569 0.3488 0.3378 0.3310 0.3192 0.3166 0.3067 0.3019 0.2961 0.2874 0.2858 0.2803 0.2748 0.2730 0.2637 0.2648 0.2633 0.2567 0.2531 0.2529 0.2439 0.2440 0.2437 0.2423 0.2352 0.2376 0.2363 0.2329 0.2308 0.2283 0.2239 0.2239 0.2232 0.2182 0.2167 0.2211 0.2166 0.2143 0.2155 0.2111]
