train_acc,valid_acc,test_acc,train_loss,valid_loss,train_aug_loss
0.9756004810333252,0.9547483921051025,0.9572680592536926,[3.1887 0.4871 0.3062 0.4444 0.2870 0.2114 0.2435 0.1738 0.1854 0.2780 0.3017 0.2102 0.4506 0.1551 0.1496 0.1643 0.1246 0.3373 0.3250 0.1699 0.2061 0.1014 0.2582 0.1403 0.1319 0.2288 0.0828 0.0882 0.2589 0.0947 0.1361 0.1396 0.1435 0.0834 0.1171 0.1060 0.0906 0.0767 0.1025 0.1547 0.1749 2.8441 0.1154 0.0924 0.0793 0.2514 0.1347 0.1089 0.3000 0.0916],[3.7509 0.4843 0.3087 0.4194 0.2974 0.2923 0.2659 0.2218 0.2230 0.3039 0.3328 0.2445 0.4209 0.2047 0.1949 0.2152 0.1908 0.3660 0.3498 0.2208 0.2573 0.1613 0.2903 0.1937 0.1997 0.2902 0.1586 0.1586 0.4124 0.1680 0.2020 0.2066 0.2089 0.1569 0.1915 0.1668 0.1606 0.1542 0.1757 0.2199 0.2386 2.1415 0.1906 0.1674 0.1515 0.3039 0.2095 0.1850 0.3374 0.1676],[1.6119 0.7195 0.5316 0.4566 0.4124 0.3777 0.3538 0.3374 0.3220 0.3113 0.2911 0.2944 0.2823 0.2733 0.2716 0.2611 0.2540 0.2522 0.2460 0.2459 0.2365 0.2342 0.2263 0.2262 0.2231 0.2201 0.2145 0.2123 0.2136 0.2062 0.2079 0.2054 0.1984 0.2020 0.1978 0.1940 0.1917 0.1886 0.1907 0.1882 0.1850 0.1835 0.1811 0.1805 0.1767 0.1770 0.1803 0.1760 0.1757 0.1746]
