train_acc,valid_acc,test_acc,train_loss,valid_loss,train_aug_loss
0.965156078338623,0.951298713684082,0.9475894570350647,[2.3175 1.3400 0.7452 0.4133 0.4288 0.4144 0.2536 0.2519 0.3619 0.2050 0.1708 0.2129 0.1589 0.2123 0.2388 0.1943 0.2186 0.2663 0.2015 0.1480 0.5247 0.8712 0.1846 0.1256 0.2622 0.2509 0.1318 0.2168 0.2211 0.2011 0.1609 0.1802 0.1811 0.1943 0.2523 0.1148 0.1687 0.1767 0.1672 0.1952 0.1623 0.1193 0.1660 0.1330 0.1416 0.1919 0.3343 0.1186 0.2385 0.1558],[2.5523 1.4366 0.9952 0.3979 0.3989 0.3776 0.2423 0.2725 0.3326 0.2404 0.1820 0.2349 0.1842 0.2304 0.2521 0.2109 0.2461 0.3257 0.2460 0.1759 0.4287 0.7375 0.2038 0.1657 0.2885 0.2824 0.1632 0.2429 0.2499 0.2117 0.1914 0.2063 0.2041 0.2289 0.2343 0.1532 0.1975 0.1828 0.2005 0.2241 0.1929 0.1584 0.2049 0.1689 0.1776 0.2343 0.3519 0.1579 0.2861 0.1944],[1.8978 1.0737 0.6927 0.5765 0.5008 0.4637 0.4375 0.4152 0.3947 0.3828 0.3659 0.3574 0.3460 0.3390 0.3307 0.3213 0.3166 0.3146 0.3064 0.3014 0.2942 0.2905 0.2887 0.2799 0.2784 0.2710 0.2719 0.2660 0.2627 0.2614 0.2586 0.2559 0.2530 0.2481 0.2488 0.2427 0.2410 0.2360 0.2342 0.2346 0.2339 0.2310 0.2301 0.2288 0.2257 0.2253 0.2218 0.2228 0.2208 0.2176]
