train_acc,valid_acc,test_acc,train_loss,valid_loss,train_aug_loss
0.976373016834259,0.9584009647369385,0.9558071494102478,[3.4349 0.7077 0.3577 0.4756 0.2019 0.2330 0.1662 0.1878 0.6372 0.1860 0.2486 0.1686 0.2606 0.2369 0.2481 0.1859 0.2078 0.3474 0.2052 0.1480 0.1028 0.1176 0.1975 0.0961 0.1400 0.2538 0.2842 0.1366 0.0875 0.1206 0.1559 0.0772 0.1052 0.1416 0.1869 0.0828 0.1258 0.1339 0.0855 0.0785 0.1379 0.1265 0.1134 0.1328 0.1100 0.0887 0.1560 0.1154 0.1208 0.1509],[3.9853 0.7622 0.3904 0.5712 0.2586 0.2959 0.2165 0.2351 0.8238 0.2359 0.2866 0.2069 0.2865 0.2760 0.2904 0.2305 0.2489 0.5281 0.2530 0.1939 0.1757 0.1645 0.2576 0.1474 0.1883 0.2915 0.3226 0.1967 0.1481 0.1812 0.2053 0.1484 0.1565 0.2010 0.2328 0.1400 0.1768 0.1932 0.1450 0.1415 0.1999 0.1868 0.1796 0.1866 0.1706 0.1490 0.2120 0.1779 0.1806 0.2175],[1.6518 0.7768 0.5510 0.4614 0.4217 0.3897 0.3600 0.3459 0.3315 0.3194 0.3017 0.3007 0.2859 0.2811 0.2699 0.2656 0.2590 0.2523 0.2490 0.2418 0.2383 0.2341 0.2311 0.2305 0.2271 0.2203 0.2182 0.2121 0.2141 0.2131 0.2084 0.2050 0.2035 0.2033 0.1990 0.1974 0.1931 0.1911 0.1923 0.1882 0.1897 0.1830 0.1849 0.1794 0.1834 0.1806 0.1776 0.1756 0.1775 0.1734]
