train_acc,valid_acc,test_acc,train_loss,valid_loss,train_aug_loss
0.97974693775177,0.9614447951316833,0.9634770154953003,[1.8672 0.5944 0.3731 0.2740 0.2164 0.1982 0.2502 0.2004 0.1602 0.1615 0.1697 0.1806 0.1594 0.1408 0.1627 0.1972 0.1887 0.1132 0.1628 0.1432 0.1122 0.1952 0.1307 0.1369 0.1111 0.1009 0.1466 0.1241 0.1129 0.1081 0.1285 0.1178 0.1236 0.1273 0.1091 0.1370 0.1190 0.1057 0.1059 0.0995 0.1373 0.1004 0.0746 0.1000 0.1199 0.1616 0.0941 0.0957 0.0925 0.0780],[1.6994 0.5873 0.3768 0.3195 0.2456 0.2266 0.2659 0.2391 0.1973 0.2005 0.2077 0.2125 0.2010 0.1809 0.1897 0.2373 0.2113 0.1575 0.2046 0.1877 0.1549 0.2400 0.1829 0.1794 0.1702 0.1508 0.2003 0.1750 0.1724 0.1629 0.1853 0.1681 0.1713 0.1764 0.1608 0.1896 0.1651 0.1537 0.1555 0.1543 0.1893 0.1606 0.1334 0.1530 0.1723 0.2088 0.1459 0.1528 0.1523 0.1368],[1.8530 1.0989 0.6472 0.5213 0.4587 0.4251 0.3997 0.3885 0.3735 0.3508 0.3361 0.3323 0.3240 0.3188 0.3028 0.2976 0.2944 0.2831 0.2790 0.2782 0.2719 0.2676 0.2630 0.2638 0.2547 0.2529 0.2506 0.2452 0.2443 0.2410 0.2391 0.2339 0.2329 0.2314 0.2274 0.2258 0.2226 0.2229 0.2212 0.2159 0.2132 0.2136 0.2161 0.2053 0.2073 0.2051 0.2044 0.2016 0.2052 0.1982]
