train_acc,valid_acc,test_acc,train_loss,valid_loss,train_aug_loss
0.9780061841011047,0.9612419009208679,0.9631117582321167,[3.5917 0.5152 0.2997 0.2752 0.3170 0.2998 0.1925 0.3901 0.3453 0.1580 0.1960 0.3635 0.3834 0.1542 0.1729 0.1277 0.2343 0.3197 0.2057 0.1271 0.1199 0.1045 0.1348 0.2320 0.1917 0.1071 0.1281 0.2539 0.2365 0.1831 1.1279 0.2959 0.1633 0.1281 0.2635 0.1686 0.1710 0.1026 0.0768 0.0980 0.2015 0.1483 0.1894 0.1003 0.1325 0.1127 0.1887 0.1577 0.1724 0.0738],[4.0705 0.5184 0.3384 0.2922 0.3277 0.4031 0.2165 0.3878 0.3474 0.1839 0.2234 0.3708 0.3563 0.2150 0.2096 0.1690 0.2611 0.3524 0.2403 0.1635 0.1686 0.1603 0.1742 0.2740 0.2285 0.1511 0.1739 0.2884 0.2696 0.2193 0.9299 0.3169 0.2055 0.1763 0.3048 0.2158 0.2226 0.1505 0.1268 0.1513 0.2578 0.1988 0.2351 0.1587 0.1879 0.1647 0.2254 0.2049 0.2132 0.1327],[1.5962 0.7396 0.5384 0.4715 0.4279 0.3941 0.3693 0.3551 0.3383 0.3237 0.3154 0.3105 0.2981 0.2887 0.2796 0.2732 0.2675 0.2603 0.2583 0.2531 0.2456 0.2459 0.2444 0.2366 0.2316 0.2270 0.2259 0.2216 0.2187 0.2161 0.2161 0.2127 0.2071 0.2052 0.2048 0.2016 0.2006 0.1963 0.1980 0.1931 0.1904 0.1869 0.1931 0.1861 0.1855 0.1845 0.1800 0.1781 0.1826 0.1789]
