train_acc,valid_acc,test_acc,train_loss,valid_loss,train_aug_loss
0.9786027073860168,0.9547483921051025,0.9638422131538391,[1.9299 1.3521 0.4036 0.3170 0.3447 0.3360 0.2901 0.2978 0.2250 0.3135 0.2120 0.1787 0.1788 0.2324 0.1474 0.1806 0.1682 0.1218 0.1696 0.1387 0.1199 0.1790 0.1576 0.1561 0.1995 0.1199 0.1209 0.1341 0.1386 0.1299 0.1168 0.1306 0.0896 0.0957 0.1024 0.1058 0.1166 0.1240 0.0975 0.0998 0.1226 0.1253 0.0987 0.0960 0.0757 0.1072 0.1015 0.1297 0.1016 0.0901],[1.9329 1.1749 0.4403 0.3247 0.3313 0.3400 0.2884 0.2980 0.2534 0.3255 0.2414 0.2192 0.2113 0.2504 0.1848 0.2114 0.2044 0.1661 0.2114 0.1819 0.1646 0.2256 0.2028 0.1994 0.2466 0.1689 0.1653 0.1849 0.1836 0.1719 0.1720 0.1823 0.1479 0.1468 0.1654 0.1651 0.1798 0.1866 0.1576 0.1678 0.1897 0.1769 0.1490 0.1541 0.1464 0.1703 0.1632 0.2015 0.1619 0.1560],[1.8962 1.3712 0.7896 0.5853 0.4964 0.4489 0.4178 0.3880 0.3702 0.3527 0.3392 0.3300 0.3162 0.3071 0.3000 0.2912 0.2851 0.2769 0.2761 0.2680 0.2688 0.2640 0.2567 0.2528 0.2452 0.2473 0.2397 0.2385 0.2383 0.2352 0.2272 0.2290 0.2247 0.2203 0.2231 0.2182 0.2173 0.2129 0.2118 0.2078 0.2092 0.2071 0.2008 0.1999 0.2027 0.1965 0.1973 0.1967 0.1936 0.1934]
