train_acc,valid_acc,test_acc,train_loss,valid_loss,train_aug_loss
0.9814876317977905,0.9586039185523987,0.9632943868637085,[3.2969 1.2090 0.3034 0.2113 0.2641 0.2347 0.1593 0.2322 0.1644 0.2288 0.2897 0.1493 0.1737 0.1748 0.2771 0.3022 0.1343 0.1222 0.3877 0.1885 0.2516 0.1031 0.3458 0.1426 0.2077 0.2035 0.1543 0.1089 0.1148 0.1064 0.1052 0.1526 0.0892 0.1982 0.0933 0.1330 0.1792 0.1959 0.0881 0.1620 0.1763 0.3149 0.0897 0.0776 0.1044 0.0991 0.0682 0.1365 0.0804 0.2534],[3.1227 1.2240 0.3581 0.2651 0.2928 0.2699 0.2231 0.2752 0.2227 0.2589 0.3043 0.1993 0.2155 0.2231 0.3081 0.3422 0.1913 0.1800 0.4206 0.2520 0.3053 0.1621 0.3932 0.1971 0.2642 0.2590 0.2125 0.1765 0.1745 0.1825 0.1718 0.2188 0.1549 0.2633 0.1572 0.2018 0.2601 0.2550 0.1588 0.2328 0.2433 0.3747 0.1620 0.1608 0.1752 0.1719 0.1400 0.2079 0.1681 0.3381],[1.7694 0.8870 0.5913 0.4744 0.4252 0.3825 0.3600 0.3425 0.3223 0.3143 0.3049 0.2923 0.2834 0.2772 0.2650 0.2664 0.2564 0.2521 0.2456 0.2404 0.2358 0.2346 0.2319 0.2280 0.2270 0.2214 0.2201 0.2152 0.2097 0.2106 0.2049 0.2022 0.2029 0.1981 0.1986 0.1966 0.1952 0.1928 0.1931 0.1865 0.1856 0.1859 0.1809 0.1830 0.1793 0.1794 0.1756 0.1765 0.1741 0.1733]
