train_acc,valid_acc,test_acc,train_loss,valid_loss,train_aug_loss
0.9775171875953674,0.9590097665786743,0.9616508483886719,[1.7472 1.2687 0.3787 0.3949 0.3151 0.2811 0.2440 0.2426 0.2879 0.2451 0.1646 0.2319 0.2446 0.1987 0.1743 0.1510 0.1773 0.1354 0.1133 0.1468 0.1402 0.1353 0.1137 0.1301 0.1124 0.1626 0.1267 0.1203 0.1232 0.1482 0.2040 0.1046 0.1300 0.1081 0.1183 0.1017 0.1280 0.1091 0.1270 0.1061 0.1188 0.1056 0.0987 0.0964 0.1025 0.1062 0.0946 0.0792 0.1001 0.0991],[1.7118 1.0912 0.3615 0.3641 0.3108 0.2744 0.2474 0.2488 0.2822 0.2457 0.1866 0.2431 0.2725 0.2180 0.2011 0.1875 0.2028 0.1649 0.1554 0.1862 0.1780 0.1773 0.1554 0.1686 0.1539 0.1871 0.1646 0.1643 0.1675 0.1947 0.2441 0.1517 0.1737 0.1536 0.1627 0.1509 0.1792 0.1605 0.1776 0.1577 0.1666 0.1516 0.1497 0.1535 0.1546 0.1620 0.1471 0.1327 0.1582 0.1548],[1.8637 1.2588 0.7473 0.5661 0.4870 0.4433 0.4122 0.3924 0.3667 0.3535 0.3420 0.3335 0.3159 0.3136 0.3015 0.2923 0.2886 0.2899 0.2756 0.2750 0.2697 0.2681 0.2618 0.2595 0.2513 0.2492 0.2481 0.2443 0.2364 0.2363 0.2314 0.2313 0.2306 0.2245 0.2237 0.2226 0.2175 0.2162 0.2163 0.2148 0.2125 0.2126 0.2074 0.2058 0.2041 0.2043 0.2043 0.1997 0.1973 0.1964]
