train_acc,valid_acc,test_acc,train_loss,valid_loss,train_aug_loss
0.9764121174812317,0.9539366960525513,0.959094226360321,[2.1514 0.5735 0.5265 0.2821 0.2496 0.2259 0.2144 0.2184 0.2009 0.1834 0.2025 0.1763 0.1861 0.1779 0.1386 0.1393 0.1428 0.1284 0.1320 0.1628 0.1750 0.1287 0.1273 0.1063 0.1654 0.1078 0.1092 0.1145 0.1084 0.1179 0.1068 0.1191 0.1056 0.1307 0.1100 0.1367 0.1097 0.0897 0.0951 0.0845 0.1147 0.2364 0.0839 0.0918 0.0802 0.0844 0.0985 0.0805 0.0840 0.0783],[2.1784 0.6184 0.5301 0.3094 0.2775 0.2531 0.2575 0.2631 0.2300 0.2154 0.2545 0.2325 0.2268 0.2042 0.1820 0.1890 0.1946 0.1804 0.1746 0.2274 0.2240 0.1768 0.1777 0.1604 0.2167 0.1606 0.1610 0.1781 0.1773 0.1739 0.1723 0.1909 0.1608 0.2051 0.1714 0.2190 0.1836 0.1492 0.1657 0.1513 0.1671 0.2572 0.1495 0.1576 0.1460 0.1565 0.1662 0.1527 0.1538 0.1513],[1.8133 0.9700 0.6479 0.5440 0.4826 0.4441 0.4155 0.3987 0.3822 0.3644 0.3528 0.3445 0.3346 0.3249 0.3171 0.3077 0.3005 0.2930 0.2979 0.2872 0.2807 0.2787 0.2719 0.2701 0.2643 0.2591 0.2562 0.2560 0.2522 0.2492 0.2487 0.2460 0.2395 0.2411 0.2357 0.2334 0.2357 0.2303 0.2299 0.2259 0.2223 0.2206 0.2211 0.2214 0.2199 0.2170 0.2163 0.2104 0.2087 0.2108]
