train_acc,valid_acc,test_acc,train_loss,valid_loss,train_aug_loss
0.9786711931228638,0.9632710814476013,0.9611030220985413,[1.8955 0.7787 0.3390 0.2683 0.2750 0.1996 0.2478 0.1660 0.1641 0.1487 0.2014 0.1579 0.1324 0.1285 0.1610 0.1454 0.1418 0.1489 0.1723 0.1253 0.1204 0.1281 0.1297 0.1184 0.1320 0.1240 0.1153 0.1182 0.1198 0.1221 0.1055 0.0985 0.0902 0.0882 0.1182 0.0964 0.1046 0.0950 0.0963 0.1177 0.0952 0.0847 0.0787 0.1024 0.1034 0.0833 0.0811 0.1187 0.1018 0.0718],[1.9809 0.7391 0.3523 0.2904 0.2922 0.2187 0.2668 0.1873 0.1769 0.1745 0.2212 0.1953 0.1547 0.1587 0.1793 0.1722 0.1680 0.1750 0.2056 0.1545 0.1460 0.1623 0.1642 0.1509 0.1617 0.1579 0.1468 0.1537 0.1547 0.1547 0.1440 0.1331 0.1269 0.1333 0.1564 0.1389 0.1508 0.1391 0.1376 0.1644 0.1382 0.1245 0.1218 0.1425 0.1482 0.1265 0.1283 0.1671 0.1563 0.1251],[1.8668 1.2057 0.7008 0.5446 0.4772 0.4363 0.4013 0.3815 0.3602 0.3456 0.3371 0.3235 0.3180 0.3046 0.3028 0.2945 0.2852 0.2808 0.2739 0.2732 0.2695 0.2583 0.2575 0.2571 0.2528 0.2454 0.2439 0.2421 0.2405 0.2375 0.2344 0.2283 0.2250 0.2256 0.2228 0.2199 0.2185 0.2175 0.2137 0.2149 0.2117 0.2077 0.2052 0.2073 0.2083 0.2019 0.2017 0.1978 0.1980 0.1973]
