train_acc,valid_acc,test_acc,train_loss,valid_loss,train_aug_loss
0.9813507199287415,0.9655032753944397,0.9640248417854309,[2.3486 0.2917 0.3338 0.2701 0.3522 0.3386 0.1716 0.1747 0.2418 0.4038 0.2321 0.3223 0.3201 0.3617 0.1283 0.1492 0.1292 0.1247 0.2001 0.2181 0.2089 0.1160 0.1218 0.1688 0.1081 0.1302 0.1128 0.1104 0.0797 0.1022 0.0968 0.1992 0.0854 0.0857 0.2278 0.0909 0.1422 0.1359 0.1346 0.1711 0.1264 0.0910 0.0786 0.1482 0.1780 0.0990 0.0666 0.1239 0.1101 0.1643],[2.7523 0.2998 0.3260 0.2766 0.3430 0.3266 0.2173 0.2224 0.2514 0.3595 0.2482 0.3138 0.3161 0.3629 0.1963 0.1758 0.1629 0.1658 0.2181 0.2479 0.2300 0.1576 0.1612 0.2049 0.1522 0.1704 0.1564 0.1531 0.1336 0.1507 0.1405 0.2329 0.1327 0.1481 0.2568 0.1542 0.1911 0.1910 0.1762 0.2129 0.1766 0.1459 0.1343 0.1995 0.2261 0.1494 0.1199 0.1846 0.1631 0.2105],[1.5944 0.7185 0.5155 0.4428 0.4041 0.3732 0.3558 0.3358 0.3260 0.3098 0.3026 0.2968 0.2848 0.2753 0.2694 0.2645 0.2576 0.2516 0.2463 0.2441 0.2413 0.2368 0.2290 0.2308 0.2254 0.2225 0.2191 0.2165 0.2136 0.2133 0.2077 0.2098 0.2013 0.2029 0.2016 0.1983 0.1952 0.1936 0.1938 0.1887 0.1875 0.1852 0.1905 0.1830 0.1828 0.1825 0.1811 0.1791 0.1739 0.1734]
