train_acc,valid_acc,test_acc,train_loss,valid_loss,train_aug_loss
0.9824753403663635,0.9644886255264282,0.9625639319419861,[2.1392 0.7946 0.2735 0.2928 0.2235 0.2537 0.1810 0.1881 0.2281 0.1317 0.4095 0.9068 0.2913 0.1330 0.1295 0.1544 0.3764 0.1112 0.2029 0.2816 0.0988 0.1502 0.1277 0.1144 0.2281 0.1192 0.0983 0.2124 0.0988 0.0991 0.0858 0.0825 0.2105 0.2530 0.4213 0.1086 0.2046 0.6252 0.0852 0.0802 0.0773 0.1178 0.0607 0.1002 0.0898 0.0613 0.0709 0.0753 0.0925 0.0804],[1.9230 0.7997 0.3152 0.2774 0.2478 0.3072 0.1970 0.2339 0.2596 0.1873 0.3733 0.7335 0.3044 0.1602 0.1710 0.2004 0.3544 0.1662 0.2294 0.3357 0.1515 0.1802 0.1585 0.1528 0.2638 0.1462 0.1464 0.2367 0.1404 0.1463 0.1440 0.1437 0.2472 0.2651 0.4248 0.1652 0.2358 0.6008 0.1287 0.1299 0.1224 0.1635 0.1112 0.1598 0.1311 0.1257 0.1268 0.1263 0.1574 0.1303],[1.7082 0.9065 0.6048 0.4838 0.4233 0.3889 0.3582 0.3324 0.3201 0.3036 0.2948 0.2840 0.2726 0.2689 0.2609 0.2553 0.2474 0.2455 0.2430 0.2351 0.2317 0.2273 0.2244 0.2181 0.2178 0.2143 0.2099 0.2082 0.2018 0.2019 0.2006 0.1948 0.1966 0.1934 0.1892 0.1858 0.1866 0.1863 0.1853 0.1805 0.1765 0.1774 0.1779 0.1762 0.1727 0.1693 0.1703 0.1693 0.1673 0.1654]
