train_acc,valid_acc,test_acc,train_loss,valid_loss,train_aug_loss
0.9770184755325317,0.9563717246055603,0.9565376043319702,[2.9548 0.6050 0.6382 0.3202 0.3652 0.2443 0.2558 0.3348 0.5177 0.2029 0.2622 0.2590 0.2366 0.2401 0.1743 0.3485 0.2356 0.2329 0.3125 0.3677 0.2462 0.2100 0.2073 0.3960 0.1434 0.1498 0.2293 0.2815 0.1163 1.3468 0.1930 0.2469 0.1417 0.1147 0.1387 0.1708 0.1010 0.1788 0.1373 0.1804 0.1334 0.1250 0.1460 0.1743 0.1644 0.2100 0.0948 0.1504 0.0817 0.1570],[3.5085 0.6777 0.6245 0.3789 0.4129 0.2971 0.2996 0.3531 0.4489 0.2398 0.2852 0.2720 0.2717 0.2739 0.2274 0.3591 0.2747 0.2711 0.2974 0.3801 0.2826 0.2386 0.2375 0.3736 0.1927 0.1891 0.2710 0.3161 0.1622 1.0621 0.2397 0.3033 0.1997 0.1656 0.1878 0.2210 0.1684 0.2310 0.1823 0.2381 0.1986 0.1714 0.1936 0.2335 0.2204 0.2569 0.1687 0.2089 0.1425 0.2110],[1.7667 1.0476 0.7298 0.6014 0.5242 0.4776 0.4507 0.4283 0.4116 0.3896 0.3773 0.3671 0.3549 0.3446 0.3381 0.3256 0.3230 0.3151 0.3087 0.3010 0.2981 0.2911 0.2854 0.2791 0.2803 0.2740 0.2678 0.2672 0.2606 0.2602 0.2554 0.2525 0.2531 0.2462 0.2421 0.2406 0.2368 0.2401 0.2319 0.2378 0.2295 0.2290 0.2275 0.2272 0.2249 0.2241 0.2172 0.2204 0.2165 0.2168]
