train_acc,valid_acc,test_acc,train_loss,valid_loss,train_aug_loss
0.983502209186554,0.9673295617103577,0.9656683802604675,[2.4889 0.3844 0.3617 0.2510 0.2358 0.1849 0.3455 0.2486 0.1832 0.3262 0.1413 0.1472 0.1209 0.1807 0.1217 0.1734 0.1533 0.1605 0.3864 0.1027 0.1295 0.0989 0.1742 0.1112 0.1403 0.1396 0.2157 0.1010 0.1063 0.1811 0.0983 0.0961 0.1018 0.1375 0.0756 0.0955 0.1558 0.2383 0.0982 0.0743 0.0916 0.0701 0.0882 0.0944 0.0621 0.0970 0.0769 0.0569 0.0570 0.0684],[2.7287 0.3983 0.3753 0.2797 0.2641 0.2154 0.3691 0.2505 0.2100 0.3384 0.1822 0.1800 0.1727 0.2035 0.1570 0.2070 0.1917 0.1910 0.4149 0.1486 0.1718 0.1470 0.2186 0.1670 0.1796 0.1792 0.2596 0.1534 0.1574 0.2256 0.1437 0.1493 0.1495 0.1882 0.1247 0.1545 0.2120 0.2930 0.1571 0.1284 0.1508 0.1360 0.1402 0.1610 0.1275 0.1553 0.1393 0.1244 0.1156 0.1421],[1.6760 0.8321 0.5655 0.4715 0.4193 0.3871 0.3591 0.3314 0.3228 0.3112 0.2958 0.2880 0.2801 0.2704 0.2646 0.2559 0.2564 0.2427 0.2390 0.2409 0.2341 0.2291 0.2246 0.2180 0.2156 0.2164 0.2134 0.2070 0.2061 0.2041 0.1997 0.1989 0.1967 0.1926 0.1930 0.1859 0.1892 0.1826 0.1833 0.1817 0.1829 0.1786 0.1794 0.1736 0.1733 0.1710 0.1699 0.1709 0.1689 0.1673]
