train_acc,valid_acc,test_acc,train_loss,valid_loss,train_aug_loss
0.9852584004402161,0.9631117582321167,0.937355637550354,[1.8446 0.5690 0.3476 0.3312 0.2680 0.2039 0.1943 0.1952 0.1941 0.1491 0.1639 0.1571 0.1283 0.1461 0.1166 0.1177 0.1175 0.1538 0.1035 0.1191 0.1119 0.1330 0.1002 0.0863 0.1452 0.0992 0.1022 0.0960 0.0848 0.0881 0.0821 0.0958 0.0881 0.1049 0.0921 0.0849 0.0793 0.0704 0.0921 0.0677 0.0939 0.0843 0.0783 0.0833 0.0743 0.0600 0.0660 0.0541 0.0832 0.0576 0.1177 0.0552 0.0699 0.0622 0.0740 0.0556 0.0845 0.0582 0.0617 0.0593 0.0669 0.0575 0.0720 0.0935 0.0764 0.0567 0.0575 0.0483 0.0565 0.0654 0.0579 0.0556 0.0560 0.0481 0.0519 0.0575 0.0707 0.0574 0.0507 0.0632 0.0652 0.0417 0.0663 0.0538 0.0527 0.0526 0.0698 0.0477 0.0465 0.0570 0.0489 0.0909 0.0438 0.0545 0.0587 0.0540 0.0775 0.0410 0.0424 0.0510],[1.7972 0.5800 0.3451 0.3217 0.2785 0.2307 0.2332 0.2238 0.2243 0.1935 0.2048 0.1985 0.1717 0.2048 0.1625 0.1670 0.1649 0.2035 0.1539 0.1710 0.1596 0.1898 0.1619 0.1461 0.1993 0.1544 0.1578 0.1517 0.1355 0.1432 0.1338 0.1549 0.1509 0.1664 0.1533 0.1472 0.1398 0.1347 0.1531 0.1299 0.1548 0.1508 0.1458 0.1510 0.1472 0.1217 0.1313 0.1219 0.1556 0.1296 0.1994 0.1305 0.1439 0.1327 0.1482 0.1287 0.1653 0.1326 0.1367 0.1308 0.1422 0.1342 0.1549 0.1806 0.1558 0.1330 0.1380 0.1199 0.1290 0.1435 0.1406 0.1362 0.1353 0.1288 0.1348 0.1464 0.1559 0.1411 0.1387 0.1476 0.1559 0.1279 0.1518 0.1388 0.1384 0.1356 0.1533 0.1326 0.1342 0.1408 0.1330 0.1873 0.1257 0.1402 0.1476 0.1464 0.1756 0.1245 0.1351 0.1385],[1.8655 1.1490 0.6573 0.5163 0.4390 0.3990 0.3715 0.3438 0.3252 0.3131 0.3052 0.2911 0.2819 0.2756 0.2671 0.2626 0.2575 0.2509 0.2432 0.2388 0.2335 0.2318 0.2284 0.2242 0.2185 0.2194 0.2139 0.2097 0.2064 0.2041 0.2021 0.1990 0.1968 0.1973 0.1933 0.1910 0.1889 0.1869 0.1843 0.1845 0.1849 0.1806 0.1785 0.1772 0.1787 0.1727 0.1738 0.1733 0.1715 0.1700 0.1677 0.1653 0.1651 0.1647 0.1664 0.1622 0.1626 0.1596 0.1575 0.1576 0.1567 0.1573 0.1529 0.1528 0.1523 0.1537 0.1535 0.1495 0.1476 0.1510 0.1489 0.1456 0.1476 0.1456 0.1478 0.1437 0.1445 0.1424 0.1409 0.1419 0.1399 0.1405 0.1397 0.1376 0.1396 0.1398 0.1379 0.1354 0.1339 0.1353 0.1333 0.1326 0.1354 0.1315 0.1327 0.1326 0.1319 0.1304 0.1303 0.1297]
