train_acc,valid_acc,test_acc,train_loss,valid_loss,train_aug_loss
0.9763045907020569,0.958198070526123,0.9569028615951538,[1.8749 0.6361 0.3087 0.3147 0.2691 0.2003 0.2176 0.1783 0.1873 0.1704 0.1786 0.1572 0.1525 0.1807 0.1277 0.1283 0.1539 0.1504 0.1224 0.1535 0.1397 0.1334 0.1397 0.1397 0.1118 0.1253 0.1078 0.1022 0.1184 0.1023 0.1009 0.1078 0.1052 0.0949 0.0829 0.1338 0.1010 0.1223 0.0871 0.0989 0.1184 0.0964 0.0993 0.0912 0.0812 0.0842 0.0895 0.0789 0.0822 0.0746],[1.8048 0.6371 0.3143 0.3294 0.3015 0.2400 0.2609 0.2312 0.2104 0.2118 0.2136 0.2141 0.2038 0.2176 0.1772 0.1813 0.2040 0.1972 0.1808 0.2140 0.1911 0.1898 0.1961 0.1907 0.1673 0.1787 0.1679 0.1629 0.1805 0.1696 0.1609 0.1727 0.1643 0.1623 0.1472 0.1945 0.1692 0.1871 0.1603 0.1627 0.1800 0.1648 0.1689 0.1617 0.1508 0.1506 0.1581 0.1503 0.1525 0.1487],[1.8539 1.1783 0.6795 0.5293 0.4633 0.4264 0.3934 0.3712 0.3569 0.3383 0.3326 0.3156 0.3069 0.3039 0.2914 0.2908 0.2804 0.2777 0.2758 0.2641 0.2640 0.2574 0.2588 0.2496 0.2498 0.2451 0.2390 0.2394 0.2355 0.2333 0.2295 0.2263 0.2281 0.2251 0.2207 0.2165 0.2155 0.2137 0.2126 0.2099 0.2095 0.2090 0.2037 0.2042 0.2018 0.1988 0.1943 0.1942 0.1965 0.1910]
