train_acc,valid_acc,test_acc,train_loss,valid_loss,train_aug_loss
0.9812431335449219,0.9663149118423462,0.967677116394043,[2.3470 0.3929 0.4330 0.2183 0.2614 0.3433 0.2752 0.2129 0.1404 0.2695 0.1467 0.1629 0.1491 0.1633 0.1182 0.1625 0.1896 0.1580 0.0990 0.1000 0.2655 0.0988 0.1418 0.2657 0.0976 0.0938 0.2143 0.2504 0.1595 0.1136 0.0983 0.1379 0.1680 0.2519 0.0770 0.2321 0.0800 0.5531 0.4330 0.0706 0.1172 0.4287 0.1255 0.0650 0.0763 0.1728 0.1347 0.2504 0.0744 0.1683],[2.1564 0.4178 0.4284 0.2626 0.2588 0.3171 0.2620 0.2182 0.1856 0.2568 0.1696 0.1871 0.1794 0.1843 0.1633 0.1846 0.2061 0.1802 0.1362 0.1339 0.2695 0.1460 0.1696 0.2893 0.1344 0.1343 0.2483 0.2752 0.1918 0.1461 0.1362 0.1726 0.2107 0.2861 0.1237 0.2772 0.1333 0.5632 0.4876 0.1168 0.1636 0.4636 0.1692 0.1135 0.1342 0.2039 0.1723 0.2988 0.1245 0.2091],[1.7521 0.8616 0.5592 0.4607 0.4065 0.3776 0.3509 0.3304 0.3149 0.3095 0.2933 0.2855 0.2761 0.2707 0.2615 0.2575 0.2544 0.2494 0.2392 0.2384 0.2343 0.2316 0.2270 0.2203 0.2149 0.2162 0.2160 0.2108 0.2089 0.2065 0.2026 0.1992 0.2015 0.1954 0.1962 0.1943 0.1921 0.1869 0.1864 0.1822 0.1847 0.1797 0.1825 0.1833 0.1771 0.1788 0.1774 0.1713 0.1744 0.1746]
