train_acc,valid_acc,test_acc,train_loss,valid_loss,train_aug_loss
0.9816930294036865,0.9604302048683167,0.9684075713157654,[2.3654 0.7335 0.4219 0.3643 0.2815 0.6997 0.1819 0.1853 0.2044 0.3158 0.3138 0.2361 0.1441 0.2110 0.1618 0.1923 0.1722 0.2008 0.1235 0.2523 0.1613 0.1011 0.0990 0.1026 0.1269 0.3416 0.1449 0.0867 0.2648 0.0830 0.0922 0.0758 0.0928 0.0899 0.1114 0.0969 0.0943 0.5469 0.2221 0.0963 0.0719 0.1552 0.0978 0.1473 0.0716 0.0785 0.0744 0.1331 0.0678 0.0634],[2.3077 0.7192 0.4014 0.3573 0.2793 0.6207 0.2177 0.2155 0.2308 0.3280 0.2966 0.2580 0.1837 0.2258 0.1835 0.2134 0.1849 0.2197 0.1819 0.2527 0.1902 0.1514 0.1470 0.1450 0.1601 0.3480 0.1801 0.1399 0.2895 0.1397 0.1547 0.1356 0.1381 0.1409 0.1468 0.1426 0.1702 0.5228 0.2441 0.1409 0.1335 0.2061 0.1445 0.1907 0.1303 0.1416 0.1427 0.1740 0.1252 0.1221],[1.7114 0.8197 0.5548 0.4636 0.4167 0.3762 0.3607 0.3382 0.3278 0.3133 0.2985 0.2917 0.2846 0.2738 0.2699 0.2627 0.2596 0.2506 0.2476 0.2428 0.2357 0.2344 0.2296 0.2251 0.2248 0.2194 0.2163 0.2149 0.2108 0.2108 0.2066 0.2021 0.1985 0.1980 0.1957 0.1938 0.1949 0.1896 0.1868 0.1875 0.1853 0.1845 0.1810 0.1797 0.1776 0.1746 0.1785 0.1724 0.1701 0.1714]
