train_acc,valid_acc,test_acc,train_loss,valid_loss,train_aug_loss
0.9803239107131958,0.9588068127632141,0.9612855911254883,[3.0294 0.7274 0.4586 0.2735 0.2338 0.1716 0.2105 0.1565 0.1899 0.1944 0.2843 0.2075 0.1668 0.1844 0.1118 0.1974 0.1294 0.1328 0.2656 0.1310 0.1641 0.1775 0.1087 0.1626 0.2064 0.1445 0.0963 0.1619 0.1933 0.2596 0.0947 0.1751 0.1014 0.0826 0.1318 0.0982 0.1083 0.0942 0.1365 0.0880 0.0907 0.1175 0.0692 0.1700 0.1494 0.0671 0.1038 0.0817 0.0689 0.1058],[3.4290 0.6773 0.4394 0.3064 0.2696 0.2140 0.2331 0.1988 0.2150 0.2453 0.3038 0.2423 0.2057 0.2311 0.1748 0.2258 0.1842 0.2186 0.2911 0.1907 0.2200 0.2095 0.1806 0.2160 0.2419 0.2024 0.1679 0.2174 0.2349 0.2738 0.1864 0.2203 0.1651 0.1618 0.1914 0.1575 0.1802 0.1932 0.1998 0.1531 0.1517 0.1855 0.1391 0.2396 0.2105 0.1454 0.1789 0.1527 0.1420 0.1772],[1.4832 0.6469 0.4978 0.4299 0.3889 0.3651 0.3513 0.3349 0.3164 0.3057 0.2976 0.2881 0.2821 0.2757 0.2676 0.2615 0.2558 0.2530 0.2475 0.2443 0.2380 0.2354 0.2350 0.2278 0.2236 0.2224 0.2192 0.2144 0.2140 0.2112 0.2101 0.2092 0.2053 0.2026 0.2016 0.1995 0.1925 0.1950 0.1906 0.1886 0.1853 0.1881 0.1840 0.1848 0.1824 0.1817 0.1811 0.1792 0.1801 0.1728]
