train_acc,valid_acc,test_acc,train_loss,valid_loss,train_aug_loss
0.9813409447669983,0.9579951167106628,0.9647552967071533,[1.7357 0.7340 0.3134 0.2933 0.2678 0.3450 0.2076 0.1685 0.2430 0.1893 0.1798 0.1751 0.1345 0.1740 0.1916 0.1332 0.1585 0.1502 0.1178 0.1835 0.1311 0.1182 0.1262 0.1216 0.1288 0.1178 0.1129 0.1369 0.1265 0.1227 0.1077 0.1242 0.0975 0.1129 0.1071 0.0805 0.0847 0.0695 0.0868 0.1142 0.1054 0.0938 0.0839 0.0957 0.1138 0.1103 0.1030 0.1011 0.0795 0.1044],[1.7195 0.7627 0.3246 0.3536 0.3167 0.3797 0.2584 0.2204 0.2822 0.2243 0.2253 0.2208 0.1871 0.2263 0.2442 0.1933 0.2167 0.2034 0.1760 0.2381 0.1909 0.1751 0.1891 0.1784 0.1906 0.1870 0.1682 0.1995 0.1877 0.1813 0.1725 0.1879 0.1604 0.1765 0.1743 0.1511 0.1619 0.1393 0.1594 0.1827 0.1727 0.1580 0.1529 0.1584 0.1806 0.1744 0.1741 0.1677 0.1457 0.1705],[1.8002 1.0321 0.6397 0.5176 0.4532 0.4192 0.3897 0.3709 0.3567 0.3408 0.3273 0.3141 0.3107 0.3009 0.2931 0.2908 0.2827 0.2760 0.2725 0.2663 0.2617 0.2582 0.2574 0.2516 0.2478 0.2411 0.2449 0.2382 0.2319 0.2318 0.2280 0.2286 0.2269 0.2242 0.2183 0.2154 0.2159 0.2172 0.2136 0.2098 0.2094 0.2040 0.2047 0.2028 0.2021 0.1999 0.2007 0.1955 0.1982 0.1969]
