train_acc,valid_acc,test_acc,train_loss,valid_loss,train_aug_loss
0.9718255996704102,0.9598214030265808,0.9581811428070068,[2.7422 1.0894 0.7032 0.3421 0.3578 0.4464 0.3326 0.2431 0.2168 0.2496 0.2739 0.1919 0.1948 0.1747 1.5828 0.1938 0.2065 0.1824 0.1408 0.1860 0.1894 0.2739 0.1904 0.1941 0.1803 0.1830 0.1856 0.1424 0.1549 0.1640 0.1552 0.1034 0.1283 0.1675 0.1212 0.1584 0.2162 0.1433 0.1557 0.1398 0.1164 0.1155 0.1520 0.1091 0.1258 0.3067 0.1650 0.1340 0.1674 0.2388],[2.6969 1.0635 0.6378 0.4001 0.3637 0.4868 0.3388 0.2817 0.2354 0.2682 0.2767 0.2235 0.2228 0.2051 1.3530 0.2356 0.2234 0.2176 0.1737 0.2180 0.2224 0.2990 0.2287 0.2374 0.2062 0.2125 0.2083 0.1789 0.1954 0.2013 0.1946 0.1409 0.1672 0.1926 0.1656 0.2027 0.2560 0.1877 0.1902 0.1832 0.1618 0.1569 0.1943 0.1435 0.1706 0.3300 0.2108 0.1765 0.2065 0.2814],[1.9196 1.2223 0.7873 0.6049 0.5262 0.4725 0.4456 0.4191 0.3953 0.3796 0.3623 0.3495 0.3378 0.3290 0.3213 0.3109 0.3103 0.2975 0.2962 0.2865 0.2842 0.2794 0.2749 0.2733 0.2675 0.2664 0.2570 0.2560 0.2537 0.2555 0.2473 0.2483 0.2404 0.2401 0.2391 0.2354 0.2342 0.2310 0.2278 0.2255 0.2255 0.2234 0.2239 0.2234 0.2195 0.2148 0.2119 0.2138 0.2120 0.2095]
