train_acc,valid_acc,test_acc,train_loss,valid_loss,train_aug_loss
0.9778692722320557,0.9648944735527039,0.9583637714385986,[1.9998 0.8459 0.4148 0.2879 0.2508 0.2109 0.2545 0.2351 0.1890 0.1834 0.2109 0.1554 0.2255 0.2116 0.1609 0.1351 0.1388 0.1493 0.1605 0.1489 0.1334 0.1274 0.1225 0.1279 0.1048 0.1432 0.1289 0.1152 0.1922 0.1277 0.0939 0.1027 0.1212 0.1208 0.1130 0.0918 0.1259 0.1102 0.1236 0.1130 0.0790 0.0828 0.0897 0.0990 0.1091 0.0776 0.0907 0.0839 0.0847 0.0767],[1.9985 0.7682 0.4470 0.3342 0.2769 0.2460 0.2781 0.2777 0.2362 0.2125 0.2511 0.1995 0.2573 0.2499 0.1915 0.1884 0.1801 0.1981 0.2065 0.1890 0.1873 0.1812 0.1730 0.1743 0.1554 0.1897 0.1811 0.1644 0.2364 0.1784 0.1479 0.1562 0.1791 0.1739 0.1607 0.1477 0.1854 0.1718 0.1763 0.1679 0.1350 0.1423 0.1523 0.1587 0.1625 0.1377 0.1485 0.1428 0.1374 0.1395],[1.8597 1.1562 0.6737 0.5299 0.4627 0.4261 0.3978 0.3705 0.3565 0.3391 0.3312 0.3157 0.3071 0.3001 0.2927 0.2918 0.2788 0.2745 0.2699 0.2649 0.2557 0.2525 0.2537 0.2476 0.2455 0.2422 0.2332 0.2333 0.2337 0.2284 0.2228 0.2245 0.2175 0.2202 0.2180 0.2192 0.2129 0.2144 0.2082 0.2073 0.2048 0.2060 0.2042 0.2016 0.1968 0.1982 0.2003 0.1961 0.1916 0.1932]
