train_acc,valid_acc,test_acc,train_loss,valid_loss,train_aug_loss
0.9793362021446228,0.96875,0.9583637714385986,[2.4537 0.9302 0.6135 0.3770 0.3099 0.3289 0.3236 0.3701 0.2641 0.2150 0.1853 0.2389 0.3764 0.4483 0.2713 0.2421 0.2220 0.2797 0.1870 0.1608 0.1419 0.1637 0.1691 0.2119 0.1311 0.1691 0.2207 0.1545 0.1851 0.2335 0.1543 0.1463 0.3537 0.1611 0.1171 0.1999 0.1028 0.1673 0.1601 0.1654 0.1491 0.1121 0.1306 0.1659 0.2018 0.0855 0.0789 0.1163 0.1257 0.1426],[2.4314 0.9232 0.6165 0.3894 0.3490 0.3556 0.3419 0.3458 0.2688 0.2280 0.2060 0.2708 0.3348 0.3992 0.3055 0.2488 0.2367 0.2863 0.2295 0.1820 0.1682 0.1862 0.1858 0.2314 0.1861 0.1854 0.2378 0.1663 0.2540 0.2417 0.1855 0.1897 0.3770 0.1915 0.1410 0.2221 0.1340 0.1994 0.1858 0.1938 0.1746 0.1474 0.1989 0.1954 0.2263 0.1311 0.1147 0.1767 0.1552 0.1791],[1.7281 1.1061 0.7942 0.6142 0.5245 0.4724 0.4332 0.4064 0.3847 0.3664 0.3535 0.3375 0.3318 0.3230 0.3152 0.3097 0.2970 0.2911 0.2856 0.2818 0.2746 0.2732 0.2666 0.2659 0.2589 0.2549 0.2529 0.2526 0.2485 0.2439 0.2450 0.2392 0.2378 0.2326 0.2311 0.2287 0.2314 0.2258 0.2235 0.2204 0.2190 0.2185 0.2177 0.2152 0.2129 0.2084 0.2115 0.2073 0.2083 0.2062]
