train_acc,valid_acc,test_acc,train_loss,valid_loss,train_aug_loss
0.9820255041122437,0.9616477489471436,0.9651205539703369,[1.8415 0.7858 0.3810 0.3484 0.2239 0.2264 0.2672 0.1990 0.2144 0.1761 0.1922 0.1973 0.2071 0.1514 0.1531 0.1528 0.2163 0.1475 0.2698 0.1197 0.1739 0.1416 0.1201 0.1426 0.1573 0.1788 0.1249 0.1679 0.1097 0.1121 0.1412 0.1147 0.1132 0.1303 0.1136 0.1402 0.1317 0.1064 0.0969 0.1039 0.1041 0.0821 0.0849 0.0913 0.0929 0.0830 0.1071 0.1157 0.0845 0.0665],[1.6431 0.7874 0.3685 0.3378 0.2530 0.2410 0.2755 0.2133 0.2200 0.2006 0.2091 0.2100 0.2297 0.1933 0.1848 0.1781 0.2546 0.1772 0.2863 0.1597 0.2257 0.1693 0.1549 0.1734 0.1878 0.2217 0.1628 0.2027 0.1542 0.1529 0.1788 0.1553 0.1536 0.1720 0.1496 0.1772 0.1724 0.1511 0.1445 0.1570 0.1524 0.1504 0.1398 0.1559 0.1449 0.1418 0.1639 0.1643 0.1427 0.1333],[1.8380 1.1321 0.6938 0.5441 0.4737 0.4316 0.4075 0.3841 0.3634 0.3583 0.3432 0.3283 0.3205 0.3114 0.3071 0.2991 0.2933 0.2854 0.2786 0.2793 0.2687 0.2658 0.2628 0.2597 0.2549 0.2489 0.2514 0.2455 0.2419 0.2357 0.2364 0.2312 0.2290 0.2296 0.2247 0.2260 0.2196 0.2182 0.2132 0.2130 0.2125 0.2114 0.2085 0.2036 0.2089 0.2036 0.2053 0.2036 0.2004 0.1981]
