train_acc,valid_acc,test_acc,train_loss,valid_loss,train_aug_loss
0.9847567677497864,0.9616508483886719,0.937355637550354,[1.8795 0.5700 0.3542 0.2993 0.2674 0.2760 0.2514 0.2366 0.1981 0.1587 0.1884 0.2293 0.1846 0.1800 0.1825 0.1807 0.1025 0.2234 0.1802 0.1378 0.1538 0.1169 0.1261 0.1435 0.0972 0.1116 0.1083 0.1183 0.1125 0.0882 0.1255 0.0955 0.0944 0.0985 0.1374 0.0871 0.0960 0.1268 0.0911 0.0821 0.1038 0.1215 0.0843 0.0728 0.0906 0.0924 0.1093 0.1040 0.0937 0.0560 0.0760 0.0869 0.0767 0.0719 0.0915 0.0971 0.0582 0.1532 0.0609 0.0658 0.0495 0.0722 0.1162 0.0617 0.0672 0.0520 0.0685 0.0574 0.0664 0.0547 0.0663 0.0622 0.0577 0.0794 0.0754 0.0620 0.0779 0.0486 0.0478 0.0811 0.0928 0.0838 0.0456 0.0599 0.0862 0.0484 0.0637 0.0777 0.0652 0.0699 0.0453 0.0618 0.0659 0.0427 0.0517 0.0503 0.0526 0.0655 0.0518 0.0762],[1.8080 0.5627 0.3422 0.3092 0.2729 0.2852 0.2707 0.2556 0.2223 0.1895 0.2132 0.2676 0.2226 0.2274 0.2244 0.2188 0.1624 0.2626 0.2230 0.1838 0.2042 0.1638 0.1808 0.2004 0.1573 0.1729 0.1607 0.1740 0.1652 0.1460 0.1792 0.1543 0.1574 0.1602 0.2053 0.1476 0.1588 0.1876 0.1525 0.1436 0.1737 0.1896 0.1502 0.1425 0.1620 0.1618 0.1742 0.1723 0.1645 0.1258 0.1521 0.1543 0.1567 0.1498 0.1665 0.1758 0.1312 0.2250 0.1342 0.1438 0.1239 0.1483 0.1962 0.1385 0.1449 0.1235 0.1480 0.1365 0.1502 0.1351 0.1494 0.1426 0.1401 0.1676 0.1562 0.1455 0.1646 0.1291 0.1247 0.1724 0.1845 0.1694 0.1270 0.1432 0.1769 0.1379 0.1575 0.1700 0.1561 0.1530 0.1272 0.1539 0.1570 0.1337 0.1332 0.1410 0.1400 0.1533 0.1409 0.1780],[1.8709 1.0998 0.6134 0.4914 0.4269 0.3888 0.3619 0.3417 0.3228 0.3103 0.3007 0.2804 0.2783 0.2723 0.2657 0.2602 0.2482 0.2431 0.2386 0.2355 0.2334 0.2295 0.2223 0.2206 0.2142 0.2107 0.2100 0.2079 0.2044 0.2007 0.1984 0.1964 0.1956 0.1920 0.1863 0.1912 0.1833 0.1844 0.1844 0.1814 0.1799 0.1778 0.1773 0.1739 0.1730 0.1694 0.1683 0.1709 0.1651 0.1638 0.1680 0.1649 0.1629 0.1584 0.1611 0.1554 0.1575 0.1578 0.1546 0.1537 0.1523 0.1501 0.1507 0.1499 0.1502 0.1484 0.1453 0.1473 0.1478 0.1486 0.1484 0.1433 0.1435 0.1404 0.1407 0.1418 0.1414 0.1390 0.1384 0.1379 0.1372 0.1348 0.1359 0.1359 0.1342 0.1324 0.1345 0.1333 0.1327 0.1317 0.1302 0.1306 0.1283 0.1320 0.1289 0.1288 0.1249 0.1289 0.1251 0.1257]
