train_acc,valid_acc,test_acc,train_loss,valid_loss,train_aug_loss
0.977624773979187,0.961850643157959,0.9636595845222473,[2.5047 0.3395 0.2533 0.2866 0.4458 0.2772 0.1786 0.2029 0.2149 0.5224 0.1602 0.3142 0.1753 0.2712 0.3773 0.3494 0.1780 0.1318 0.5153 0.1317 0.1836 0.3086 0.1041 0.1558 0.1351 0.2043 0.4819 0.1804 0.1142 0.1439 0.1268 0.1566 0.1171 0.1453 0.2541 0.1924 0.1637 0.0758 0.1297 0.1273 0.0839 1.1785 0.0705 0.0765 0.4041 0.1433 0.1286 1.3590 0.1113 0.2063],[2.9507 0.3912 0.2735 0.2853 0.4075 0.2935 0.2385 0.2514 0.2471 0.4585 0.1916 0.2849 0.2105 0.2646 0.3523 0.3217 0.2088 0.1718 0.4528 0.1717 0.2196 0.2884 0.1461 0.1974 0.1692 0.2484 0.4296 0.2289 0.1775 0.1950 0.1870 0.2168 0.1732 0.1916 0.2807 0.2249 0.2130 0.1218 0.1899 0.1825 0.1414 0.9827 0.1314 0.1359 0.3594 0.2005 0.1826 1.1006 0.1700 0.2531],[1.6605 0.7468 0.5242 0.4418 0.4008 0.3701 0.3528 0.3357 0.3159 0.3081 0.2975 0.2859 0.2841 0.2744 0.2664 0.2606 0.2590 0.2491 0.2484 0.2480 0.2404 0.2339 0.2352 0.2301 0.2250 0.2220 0.2254 0.2158 0.2142 0.2106 0.2108 0.2074 0.2077 0.2009 0.1991 0.1963 0.1927 0.1923 0.1906 0.1899 0.1874 0.1841 0.1867 0.1813 0.1795 0.1832 0.1781 0.1778 0.1773 0.1728]
