train_acc,valid_acc,test_acc,train_loss,valid_loss,train_aug_loss
0.9771847128868103,0.963676929473877,0.9631117582321167,[2.0591 1.0579 0.5067 0.4314 0.2510 0.2607 0.2905 0.2227 0.2292 0.2536 0.1609 0.2149 0.1606 0.1767 0.1545 0.1733 0.2047 0.1626 0.1359 0.1743 0.1447 0.1408 0.1308 0.1422 0.1252 0.1468 0.1392 0.1320 0.1154 0.1223 0.1218 0.1425 0.1359 0.1167 0.1096 0.0973 0.0901 0.1214 0.0818 0.0847 0.1088 0.0863 0.0843 0.0992 0.0988 0.1012 0.1005 0.0918 0.0833 0.1062],[2.1565 1.0508 0.4996 0.4463 0.2615 0.2779 0.3025 0.2304 0.2511 0.2645 0.1960 0.2362 0.1896 0.2072 0.1808 0.2078 0.2327 0.1923 0.1736 0.2127 0.1913 0.1765 0.1740 0.1822 0.1753 0.1835 0.1856 0.1753 0.1678 0.1694 0.1763 0.1855 0.1895 0.1541 0.1548 0.1484 0.1434 0.1768 0.1370 0.1510 0.1623 0.1449 0.1442 0.1555 0.1596 0.1573 0.1527 0.1594 0.1342 0.1617],[1.8587 1.1914 0.7083 0.5556 0.4931 0.4405 0.4116 0.3841 0.3650 0.3463 0.3346 0.3246 0.3140 0.3074 0.2985 0.2932 0.2825 0.2799 0.2756 0.2671 0.2618 0.2608 0.2541 0.2576 0.2485 0.2448 0.2402 0.2363 0.2354 0.2361 0.2323 0.2271 0.2271 0.2259 0.2188 0.2207 0.2159 0.2186 0.2156 0.2124 0.2070 0.2112 0.2052 0.2040 0.2017 0.2013 0.2036 0.1949 0.1977 0.1960]
