train_acc,valid_acc,test_acc,train_loss,valid_loss,train_aug_loss
0.9814387559890747,0.9632710814476013,0.9662162065505981,[2.7445 0.6894 0.2391 0.2063 0.1831 0.2968 0.1831 0.1986 0.2741 0.2356 0.1385 0.1295 0.1945 0.1835 0.1978 0.3145 0.1260 0.1181 0.1679 0.1067 0.3061 0.3269 0.1515 0.3933 0.1187 0.1088 0.4572 0.0984 0.1074 0.1476 0.0892 0.2913 0.2363 0.1522 0.1719 0.0975 0.2814 0.2638 0.0768 0.0786 0.1181 0.0838 0.0961 0.1794 0.1323 0.1157 0.1891 0.1260 0.1016 0.0593],[2.7715 0.6651 0.2581 0.2487 0.2220 0.2907 0.2504 0.2097 0.2736 0.2441 0.1831 0.1571 0.2143 0.2221 0.2321 0.3129 0.1522 0.1758 0.1958 0.1488 0.2866 0.3272 0.1859 0.4011 0.1557 0.1537 0.4537 0.1405 0.1429 0.1871 0.1448 0.3350 0.2731 0.1863 0.1991 0.1352 0.3168 0.3054 0.1309 0.1314 0.1730 0.1554 0.1427 0.2289 0.1742 0.1582 0.2349 0.1749 0.1503 0.1138],[1.7317 0.8513 0.5452 0.4513 0.3998 0.3711 0.3502 0.3282 0.3140 0.3071 0.2974 0.2878 0.2782 0.2739 0.2625 0.2618 0.2600 0.2517 0.2497 0.2428 0.2403 0.2324 0.2292 0.2286 0.2245 0.2198 0.2186 0.2171 0.2136 0.2088 0.2062 0.2046 0.2044 0.2007 0.1958 0.1974 0.1949 0.1916 0.1906 0.1886 0.1891 0.1844 0.1849 0.1806 0.1807 0.1790 0.1769 0.1735 0.1750 0.1738]
