train_acc,valid_acc,test_acc,train_loss,valid_loss,train_aug_loss
0.9681485891342163,0.9529221057891846,0.9477720856666565,[3.6497 0.7030 0.3658 0.5550 0.4419 0.2752 0.3582 0.2881 0.2510 0.2018 0.3506 0.8247 0.3028 0.3247 0.3146 0.2747 0.1956 0.2852 0.1922 0.1588 0.7000 0.2403 0.2936 0.1385 0.3506 0.1909 0.1374 0.2364 0.1489 0.2306 0.1931 0.1338 0.2112 0.1669 0.2639 0.1240 0.1644 0.2126 0.1585 0.2569 0.1564 0.1396 0.2472 0.1729 0.1094 0.2000 0.1492 0.1133 0.1328 0.1778],[4.4411 0.7812 0.4122 0.5178 0.4687 0.2924 0.3529 0.3030 0.2755 0.2577 0.3459 0.6991 0.2745 0.3319 0.3048 0.2737 0.2122 0.2842 0.2197 0.1846 0.5992 0.2642 0.2901 0.1875 0.3407 0.2242 0.1821 0.2592 0.1862 0.2554 0.2211 0.1710 0.2349 0.2039 0.2960 0.1675 0.2095 0.2431 0.1900 0.2740 0.1913 0.1817 0.2689 0.1962 0.1583 0.2318 0.1885 0.1734 0.1705 0.2179],[1.8870 1.0924 0.7320 0.5857 0.5181 0.4764 0.4471 0.4221 0.4028 0.3890 0.3737 0.3603 0.3491 0.3397 0.3300 0.3263 0.3134 0.3106 0.3034 0.2978 0.2869 0.2905 0.2840 0.2809 0.2744 0.2759 0.2648 0.2674 0.2628 0.2637 0.2535 0.2557 0.2519 0.2477 0.2390 0.2421 0.2384 0.2346 0.2366 0.2358 0.2305 0.2268 0.2285 0.2269 0.2244 0.2240 0.2214 0.2160 0.2184 0.2171]
