train_acc,valid_acc,test_acc,train_loss,valid_loss,train_aug_loss
0.9800305366516113,0.9608360528945923,0.9596420526504517,[1.8408 1.1854 0.3298 0.3721 0.2613 0.2021 0.2144 0.2300 0.2279 0.1569 0.1689 0.1720 0.1573 0.2142 0.1702 0.1435 0.1244 0.1699 0.1446 0.1266 0.1301 0.1123 0.1046 0.1690 0.0987 0.1437 0.1018 0.0963 0.1092 0.1277 0.1351 0.1045 0.1025 0.1033 0.0908 0.1089 0.1024 0.0920 0.1041 0.0847 0.1429 0.0880 0.1073 0.0847 0.0796 0.0930 0.0861 0.0759 0.0943 0.0708],[1.8131 1.0918 0.3588 0.4102 0.2771 0.2481 0.2416 0.2494 0.2528 0.2036 0.2051 0.2200 0.1927 0.2520 0.2110 0.1862 0.1722 0.2111 0.1892 0.1782 0.1816 0.1696 0.1537 0.2098 0.1627 0.1888 0.1562 0.1527 0.1662 0.1852 0.1834 0.1572 0.1575 0.1550 0.1503 0.1661 0.1681 0.1514 0.1746 0.1510 0.2056 0.1515 0.1756 0.1392 0.1494 0.1557 0.1514 0.1441 0.1548 0.1339],[1.8437 1.2169 0.7077 0.5416 0.4745 0.4329 0.4037 0.3761 0.3653 0.3430 0.3324 0.3213 0.3128 0.3007 0.2924 0.2910 0.2826 0.2777 0.2708 0.2676 0.2610 0.2558 0.2530 0.2497 0.2461 0.2456 0.2378 0.2350 0.2316 0.2284 0.2315 0.2254 0.2224 0.2200 0.2183 0.2135 0.2173 0.2117 0.2102 0.2057 0.2063 0.2080 0.1999 0.2037 0.1987 0.1978 0.1972 0.1941 0.1903 0.1928]
