train_acc,valid_acc,test_acc,train_loss,valid_loss,train_aug_loss
0.9785636067390442,0.9644886255264282,0.9572680592536926,[1.7817 1.0126 0.3379 0.3089 0.2418 0.2335 0.2100 0.2464 0.2349 0.2615 0.1937 0.1668 0.1599 0.1525 0.1274 0.1604 0.1620 0.1199 0.1413 0.1400 0.1109 0.1026 0.1078 0.1557 0.1354 0.1139 0.1315 0.1656 0.1325 0.1316 0.0905 0.1130 0.0781 0.0899 0.1091 0.0968 0.1194 0.0742 0.0717 0.1004 0.0809 0.0971 0.0860 0.0853 0.0878 0.0814 0.0934 0.0800 0.0720 0.0796],[1.7168 1.0384 0.3572 0.3171 0.2672 0.2689 0.2488 0.2621 0.2652 0.2756 0.2153 0.1842 0.1902 0.1829 0.1668 0.1971 0.1984 0.1607 0.1747 0.1896 0.1518 0.1481 0.1459 0.2049 0.1791 0.1550 0.1777 0.2207 0.1808 0.1772 0.1392 0.1659 0.1335 0.1440 0.1575 0.1444 0.1710 0.1282 0.1236 0.1537 0.1415 0.1505 0.1456 0.1436 0.1391 0.1417 0.1504 0.1359 0.1234 0.1396],[1.8852 1.2250 0.7070 0.5405 0.4687 0.4267 0.3899 0.3740 0.3586 0.3442 0.3286 0.3169 0.3065 0.3016 0.2940 0.2868 0.2771 0.2730 0.2705 0.2638 0.2626 0.2523 0.2525 0.2459 0.2449 0.2401 0.2407 0.2370 0.2318 0.2268 0.2285 0.2233 0.2246 0.2191 0.2175 0.2158 0.2115 0.2136 0.2075 0.2042 0.2061 0.2009 0.2003 0.1954 0.1976 0.1979 0.1931 0.1907 0.1929 0.1858]
