train_acc,valid_acc,test_acc,train_loss,valid_loss,train_aug_loss
0.9733023047447205,0.9602272510528564,0.9587290287017822,[1.7566 0.9475 0.3465 0.3314 0.2426 0.2679 0.2049 0.2039 0.1771 0.1703 0.1505 0.2091 0.1577 0.1385 0.1576 0.1374 0.1483 0.1425 0.1175 0.1589 0.1567 0.1156 0.1370 0.1331 0.1049 0.0960 0.1162 0.0955 0.1533 0.0999 0.1340 0.1223 0.0887 0.0987 0.1057 0.0985 0.1074 0.0800 0.0953 0.0992 0.0821 0.1196 0.1088 0.1107 0.0872 0.1284 0.1088 0.0806 0.1029 0.1012],[1.6196 0.9562 0.3334 0.3085 0.2453 0.2607 0.2271 0.2136 0.1902 0.1959 0.1782 0.2217 0.1723 0.1699 0.1815 0.1702 0.1708 0.1718 0.1513 0.1870 0.1869 0.1486 0.1630 0.1670 0.1436 0.1383 0.1478 0.1431 0.1915 0.1396 0.1782 0.1646 0.1341 0.1395 0.1451 0.1503 0.1565 0.1351 0.1446 0.1478 0.1459 0.1774 0.1589 0.1555 0.1426 0.1804 0.1594 0.1353 0.1554 0.1626],[1.8617 1.2506 0.7014 0.5352 0.4649 0.4258 0.3956 0.3692 0.3571 0.3438 0.3339 0.3201 0.3112 0.3061 0.2946 0.2925 0.2846 0.2800 0.2729 0.2699 0.2667 0.2603 0.2568 0.2525 0.2480 0.2478 0.2417 0.2364 0.2358 0.2314 0.2315 0.2290 0.2242 0.2196 0.2226 0.2174 0.2163 0.2130 0.2130 0.2138 0.2059 0.2077 0.2037 0.2000 0.2053 0.1992 0.2014 0.1978 0.1965 0.1947]
