train_acc,valid_acc,test_acc,train_loss,valid_loss,train_aug_loss
0.985953688621521,0.9673119187355042,0.9385104179382324,[1.9629 1.1287 0.3831 0.2965 0.2815 0.2339 0.1992 0.1737 0.1765 0.1772 0.1512 0.1759 0.2191 0.1711 0.2389 0.1533 0.1570 0.1465 0.1794 0.1358 0.1593 0.1604 0.0926 0.1283 0.0907 0.1402 0.1308 0.0833 0.0960 0.1324 0.1271 0.1350 0.1548 0.1188 0.1069 0.0971 0.0946 0.0826 0.0850 0.1188 0.1061 0.1051 0.0728 0.0912 0.0823 0.1171 0.0781 0.0802 0.0985 0.0946 0.0792 0.1011 0.0625 0.0730 0.1038 0.0773 0.0585 0.0861 0.0642 0.0678 0.0761 0.0721 0.0775 0.0829 0.0561 0.0761 0.0621 0.0760 0.0752 0.0819 0.0553 0.0542 0.0494 0.0485 0.0878 0.0664 0.0684 0.0562 0.0854 0.0521 0.0560 0.0506 0.0540 0.0598 0.0698 0.0483 0.0575 0.0619 0.0534 0.0537 0.0601 0.0747 0.0471 0.0702 0.0805 0.0628 0.0500 0.0572 0.0486 0.0598],[1.9752 0.9876 0.3852 0.3047 0.2872 0.2528 0.2216 0.2038 0.2076 0.2022 0.1831 0.2054 0.2486 0.2089 0.2672 0.1873 0.1963 0.1949 0.2109 0.1764 0.1988 0.2063 0.1437 0.1801 0.1412 0.1855 0.1781 0.1319 0.1397 0.1833 0.1776 0.1859 0.2068 0.1729 0.1602 0.1503 0.1490 0.1295 0.1437 0.1737 0.1615 0.1560 0.1289 0.1455 0.1419 0.1767 0.1410 0.1407 0.1543 0.1572 0.1359 0.1616 0.1198 0.1380 0.1715 0.1453 0.1185 0.1501 0.1236 0.1311 0.1392 0.1322 0.1436 0.1440 0.1148 0.1419 0.1281 0.1452 0.1360 0.1436 0.1239 0.1146 0.1122 0.1120 0.1570 0.1390 0.1389 0.1213 0.1718 0.1201 0.1232 0.1220 0.1215 0.1266 0.1425 0.1201 0.1304 0.1429 0.1276 0.1259 0.1393 0.1480 0.1199 0.1547 0.1656 0.1409 0.1257 0.1344 0.1215 0.1359],[1.8709 1.2695 0.7106 0.5281 0.4449 0.4041 0.3692 0.3504 0.3277 0.3152 0.3041 0.2913 0.2876 0.2731 0.2685 0.2647 0.2584 0.2495 0.2463 0.2395 0.2388 0.2309 0.2274 0.2222 0.2194 0.2192 0.2143 0.2099 0.2062 0.2069 0.2039 0.2026 0.1977 0.1966 0.1943 0.1921 0.1882 0.1879 0.1885 0.1860 0.1822 0.1808 0.1787 0.1756 0.1766 0.1745 0.1732 0.1708 0.1697 0.1688 0.1700 0.1671 0.1647 0.1632 0.1632 0.1629 0.1608 0.1605 0.1561 0.1558 0.1550 0.1549 0.1523 0.1501 0.1515 0.1515 0.1483 0.1491 0.1487 0.1469 0.1475 0.1448 0.1443 0.1464 0.1418 0.1419 0.1441 0.1372 0.1381 0.1400 0.1402 0.1361 0.1389 0.1385 0.1385 0.1355 0.1352 0.1332 0.1365 0.1328 0.1329 0.1339 0.1321 0.1306 0.1322 0.1302 0.1304 0.1283 0.1311 0.1282]
