train_acc,valid_acc,test_acc,train_loss,valid_loss,train_aug_loss
0.9822700023651123,0.9646915793418884,0.9645726680755615,[2.6817 0.7916 0.2220 0.5013 0.2305 0.2174 0.3995 0.2581 0.2397 0.1403 0.1830 0.2039 0.2986 0.1785 0.1409 0.2801 0.1596 0.3175 0.2624 0.1434 0.8894 0.4412 0.0993 0.0927 0.1185 0.2929 0.1702 0.1187 0.2706 0.0990 0.1513 0.0907 0.1000 0.0864 0.1839 0.1016 0.1234 0.1011 0.2460 0.1032 0.0738 0.0691 0.0921 0.0818 0.1098 0.2435 0.0586 0.4333 0.0681 0.1964],[2.9991 0.7642 0.2491 0.4931 0.2428 0.2263 0.4004 0.2793 0.2599 0.1794 0.2099 0.2303 0.3348 0.2087 0.1696 0.3026 0.1956 0.3519 0.2947 0.1847 0.8309 0.4467 0.1458 0.1460 0.1618 0.3387 0.2092 0.1635 0.2933 0.1467 0.2049 0.1413 0.1477 0.1349 0.2304 0.1555 0.1763 0.1548 0.3033 0.1504 0.1261 0.1245 0.1477 0.1270 0.1632 0.3022 0.1180 0.4902 0.1203 0.2548],[1.6858 0.7871 0.5475 0.4643 0.4184 0.3833 0.3555 0.3356 0.3260 0.3064 0.3011 0.2908 0.2807 0.2704 0.2655 0.2584 0.2531 0.2474 0.2431 0.2378 0.2300 0.2325 0.2239 0.2226 0.2188 0.2146 0.2162 0.2089 0.2055 0.2090 0.2040 0.2002 0.1945 0.1948 0.1943 0.1928 0.1908 0.1841 0.1850 0.1840 0.1805 0.1782 0.1794 0.1770 0.1744 0.1741 0.1708 0.1720 0.1696 0.1696]
