train_acc,valid_acc,test_acc,train_loss,valid_loss,train_aug_loss
0.9797371029853821,0.9598214030265808,0.9620160460472107,[1.8285 0.8518 0.3742 0.2978 0.2629 0.2287 0.2230 0.2211 0.2269 0.1718 0.2297 0.2165 0.1818 0.1582 0.1685 0.1763 0.1634 0.1561 0.1206 0.1184 0.1754 0.1487 0.1425 0.1274 0.1375 0.1309 0.1147 0.1415 0.1291 0.1243 0.0857 0.1137 0.1131 0.1129 0.1265 0.1388 0.0934 0.0999 0.1047 0.0788 0.1205 0.0897 0.0913 0.0941 0.1198 0.1075 0.0998 0.0983 0.0895 0.0849],[1.7580 0.8221 0.4014 0.3470 0.2938 0.2680 0.2603 0.2684 0.2551 0.2251 0.2679 0.2662 0.2223 0.1984 0.2144 0.2242 0.2095 0.2033 0.1772 0.1771 0.2171 0.1974 0.1930 0.1830 0.1931 0.1820 0.1693 0.2049 0.1864 0.1851 0.1483 0.1646 0.1724 0.1735 0.1851 0.1913 0.1505 0.1613 0.1666 0.1442 0.1885 0.1489 0.1620 0.1639 0.1820 0.1641 0.1675 0.1747 0.1548 0.1545],[1.8772 1.2992 0.7444 0.5610 0.4906 0.4439 0.4120 0.3896 0.3691 0.3555 0.3437 0.3275 0.3275 0.3111 0.3056 0.2989 0.2939 0.2851 0.2753 0.2820 0.2681 0.2668 0.2621 0.2528 0.2528 0.2493 0.2446 0.2409 0.2405 0.2362 0.2328 0.2317 0.2294 0.2250 0.2257 0.2237 0.2225 0.2171 0.2124 0.2155 0.2097 0.2112 0.2072 0.2051 0.2046 0.2043 0.2005 0.1966 0.1982 0.1993]
