train_acc,valid_acc,test_acc,train_loss,valid_loss,train_aug_loss
0.9801478385925293,0.9608360528945923,0.9631117582321167,[3.0038 0.3457 0.5692 0.3114 0.2035 0.2876 0.2148 0.1738 0.1634 0.2330 0.2259 0.2952 0.2646 0.2864 0.3527 0.1240 0.1424 0.3846 0.1807 0.2120 0.1972 0.2294 0.1749 0.1222 0.1049 0.1820 0.1266 0.1555 0.1286 0.1674 0.1089 0.2644 0.1028 0.1305 0.1107 0.1409 0.0918 0.1145 0.1034 0.0677 0.0910 0.1686 0.1668 0.1063 0.1153 0.1017 0.1554 0.1469 0.1608 0.0831],[3.4856 0.3633 0.4706 0.3069 0.2431 0.3041 0.2328 0.2384 0.2159 0.2588 0.2644 0.2982 0.2850 0.3206 0.3454 0.1654 0.1803 0.3558 0.2284 0.2490 0.2309 0.2692 0.2187 0.1620 0.1758 0.2194 0.1608 0.2029 0.1692 0.2117 0.1574 0.2759 0.1705 0.1785 0.1617 0.1927 0.1456 0.1696 0.1592 0.1329 0.1507 0.2192 0.2154 0.1638 0.1639 0.1679 0.2080 0.2128 0.2100 0.1448],[1.4787 0.6432 0.4944 0.4322 0.3915 0.3700 0.3468 0.3377 0.3252 0.3087 0.2987 0.2931 0.2855 0.2804 0.2693 0.2638 0.2568 0.2535 0.2449 0.2462 0.2412 0.2363 0.2303 0.2265 0.2231 0.2232 0.2189 0.2184 0.2120 0.2115 0.2102 0.2063 0.2013 0.2042 0.1997 0.1975 0.1978 0.1909 0.1912 0.1903 0.1861 0.1847 0.1833 0.1847 0.1854 0.1827 0.1790 0.1772 0.1744 0.1766]
