train_acc,valid_acc,test_acc,train_loss,valid_loss,train_aug_loss
0.9776638746261597,0.9616477489471436,0.9603725075721741,[1.6997 0.9810 0.3935 0.3577 0.2452 0.2272 0.2115 0.2668 0.2063 0.1936 0.1949 0.1659 0.1752 0.1400 0.1377 0.1463 0.1189 0.1203 0.1314 0.1548 0.1532 0.1122 0.1280 0.1303 0.1548 0.1222 0.1382 0.1471 0.1240 0.0983 0.1199 0.1115 0.1039 0.1227 0.1212 0.0972 0.1103 0.0963 0.1093 0.1252 0.1127 0.1021 0.0902 0.0987 0.1103 0.0756 0.0980 0.1124 0.0829 0.1090],[1.6295 1.0195 0.4114 0.3903 0.2641 0.2517 0.2337 0.2868 0.2433 0.2294 0.2196 0.1951 0.2156 0.1774 0.1780 0.1894 0.1589 0.1620 0.1731 0.1968 0.1922 0.1573 0.1738 0.1780 0.2004 0.1756 0.1849 0.1907 0.1788 0.1515 0.1770 0.1663 0.1574 0.1741 0.1668 0.1483 0.1646 0.1546 0.1639 0.1796 0.1660 0.1594 0.1496 0.1598 0.1650 0.1356 0.1566 0.1806 0.1408 0.1754],[1.8595 1.1650 0.6982 0.5465 0.4797 0.4335 0.4097 0.3856 0.3657 0.3519 0.3397 0.3327 0.3232 0.3115 0.3045 0.3003 0.2916 0.2858 0.2806 0.2779 0.2721 0.2668 0.2591 0.2596 0.2554 0.2554 0.2464 0.2505 0.2459 0.2383 0.2396 0.2355 0.2310 0.2276 0.2262 0.2277 0.2196 0.2217 0.2197 0.2174 0.2136 0.2132 0.2078 0.2112 0.2048 0.2037 0.2067 0.2010 0.2007 0.2008]
