train_acc,valid_acc,test_acc,train_loss,valid_loss,train_aug_loss
0.9786027073860168,0.9614447951316833,0.9621986746788025,[3.2831 1.1075 0.2810 0.3095 0.4446 0.2194 0.3129 0.3068 0.4294 0.1715 0.1282 0.1363 0.1366 0.2138 0.3372 0.1197 0.1324 0.1216 0.3787 0.1501 0.1165 0.1506 0.1027 0.4041 0.1077 0.1008 0.0945 0.0777 0.5073 0.1609 0.1329 0.3085 0.1906 0.1976 0.1434 0.0801 0.2402 0.0804 0.0971 0.0748 0.0713 0.1749 0.2875 0.0818 0.0755 0.1018 0.1344 0.0669 0.2569 0.2143],[2.9843 1.0830 0.2895 0.3027 0.4384 0.2288 0.3008 0.3125 0.3985 0.1895 0.1703 0.1847 0.1719 0.2421 0.3360 0.1618 0.1769 0.1696 0.3735 0.1883 0.1533 0.1879 0.1609 0.4019 0.1578 0.1542 0.1493 0.1392 0.4797 0.2084 0.1809 0.3465 0.2341 0.2395 0.1899 0.1478 0.3046 0.1435 0.1511 0.1333 0.1346 0.2284 0.3352 0.1398 0.1530 0.1556 0.1919 0.1360 0.3130 0.2758],[1.7107 0.7946 0.5448 0.4590 0.4124 0.3856 0.3567 0.3364 0.3274 0.3137 0.3003 0.2938 0.2813 0.2782 0.2673 0.2647 0.2516 0.2509 0.2480 0.2431 0.2376 0.2338 0.2268 0.2230 0.2265 0.2212 0.2143 0.2086 0.2088 0.2040 0.2072 0.2005 0.2011 0.1995 0.1995 0.1952 0.1876 0.1870 0.1869 0.1840 0.1827 0.1842 0.1832 0.1790 0.1794 0.1769 0.1762 0.1767 0.1710 0.1717]
