train_acc,valid_acc,test_acc,train_loss,valid_loss,train_aug_loss
0.9760112166404724,0.9624594449996948,0.9603725075721741,[1.8648 1.4188 0.4486 0.3467 0.2412 0.2941 0.2742 0.2341 0.2985 0.2771 0.1697 0.2570 0.1903 0.1784 0.2053 0.1658 0.2112 0.1527 0.1594 0.2196 0.1648 0.1888 0.1384 0.1878 0.1743 0.2093 0.1169 0.1722 0.1435 0.1263 0.1331 0.1741 0.1018 0.1332 0.1225 0.0887 0.1255 0.1239 0.1071 0.1147 0.1023 0.1376 0.1039 0.1147 0.1131 0.0853 0.1021 0.0948 0.0876 0.1107],[1.9104 1.3364 0.4374 0.3247 0.2523 0.2821 0.2702 0.2489 0.2829 0.2763 0.2027 0.2645 0.2170 0.1998 0.2094 0.1866 0.2298 0.1717 0.1880 0.2338 0.1882 0.2044 0.1701 0.2109 0.2018 0.2349 0.1433 0.2010 0.1723 0.1684 0.1649 0.2023 0.1428 0.1575 0.1557 0.1345 0.1587 0.1644 0.1562 0.1501 0.1428 0.1803 0.1518 0.1579 0.1550 0.1310 0.1461 0.1415 0.1323 0.1636],[1.8799 1.3386 0.7681 0.5830 0.4958 0.4495 0.4206 0.3985 0.3774 0.3654 0.3431 0.3371 0.3253 0.3182 0.3095 0.3037 0.2936 0.2874 0.2839 0.2801 0.2756 0.2753 0.2666 0.2596 0.2584 0.2558 0.2488 0.2465 0.2468 0.2398 0.2396 0.2374 0.2298 0.2321 0.2315 0.2276 0.2259 0.2219 0.2193 0.2201 0.2145 0.2158 0.2109 0.2094 0.2113 0.2060 0.2054 0.2051 0.2046 0.2018]
