train_acc,valid_acc,test_acc,train_loss,valid_loss,train_aug_loss
0.9817712306976318,0.9657061696052551,0.9643900394439697,[2.2600 0.8207 0.4412 0.3099 0.2821 0.2545 0.1835 0.1674 0.2724 0.2518 0.3965 0.1819 0.1602 0.1631 0.3934 0.1560 0.5375 0.3379 0.1064 0.3056 0.1812 0.1232 0.2478 0.1066 0.3098 0.1415 0.2118 0.0929 0.5502 0.1034 0.2079 0.1284 0.0940 0.2186 0.1253 0.3334 0.0868 0.1815 0.1082 0.1054 0.1864 0.1285 0.1360 0.1388 0.0743 0.1183 0.0674 0.1111 0.1235 0.0661],[2.3737 0.9189 0.4786 0.3233 0.3242 0.2793 0.1967 0.1985 0.2933 0.2602 0.3966 0.2049 0.1859 0.1969 0.3978 0.1822 0.5412 0.3453 0.1511 0.3092 0.2079 0.1597 0.2621 0.1509 0.3187 0.1830 0.2288 0.1370 0.5487 0.1454 0.2167 0.1710 0.1553 0.2470 0.1625 0.3541 0.1247 0.2205 0.1639 0.1476 0.2307 0.1797 0.1883 0.1817 0.1363 0.1715 0.1253 0.1572 0.1700 0.1241],[1.7426 0.9370 0.5927 0.4767 0.4158 0.3878 0.3621 0.3401 0.3257 0.3116 0.2986 0.2925 0.2838 0.2729 0.2723 0.2614 0.2580 0.2480 0.2457 0.2388 0.2351 0.2330 0.2281 0.2268 0.2211 0.2199 0.2126 0.2114 0.2085 0.2084 0.2031 0.2027 0.2023 0.1991 0.1963 0.1953 0.1887 0.1871 0.1905 0.1899 0.1851 0.1847 0.1803 0.1766 0.1809 0.1768 0.1742 0.1689 0.1689 0.1721]
