train_acc,valid_acc,test_acc,train_loss,valid_loss,train_aug_loss
0.9773900508880615,0.9563717246055603,0.956720232963562,[3.1689 1.4683 0.4663 0.3786 0.4535 0.4763 0.2094 0.2193 0.4226 0.2510 0.1888 0.3955 0.1736 0.4316 0.2378 0.3221 0.2246 0.1846 0.3286 0.6693 0.1576 0.1551 0.1404 0.1748 0.1707 0.1100 0.1182 0.1436 0.1246 0.1612 0.2357 0.1051 0.1443 0.1153 0.2231 0.0984 0.0998 0.1597 0.1523 0.1080 0.1936 0.1933 0.1347 0.1751 0.1721 0.1090 0.0799 0.1919 0.0979 0.2235],[3.6976 1.3649 0.4744 0.3812 0.4327 0.4536 0.2579 0.2454 0.4679 0.2714 0.2192 0.3964 0.2061 0.4458 0.2856 0.4607 0.2627 0.2364 0.3644 0.6756 0.2008 0.1962 0.1792 0.2132 0.2071 0.1640 0.1742 0.1914 0.1689 0.2014 0.2790 0.1559 0.1894 0.1666 0.2700 0.1561 0.1521 0.2066 0.2027 0.1669 0.2454 0.2437 0.1798 0.2253 0.2146 0.1684 0.1386 0.2440 0.1621 0.2805],[1.8492 1.0154 0.6822 0.5638 0.4981 0.4599 0.4299 0.4083 0.3920 0.3794 0.3628 0.3529 0.3392 0.3326 0.3217 0.3180 0.3086 0.3020 0.2948 0.2902 0.2830 0.2809 0.2761 0.2755 0.2695 0.2648 0.2587 0.2566 0.2586 0.2505 0.2512 0.2453 0.2460 0.2408 0.2390 0.2343 0.2344 0.2377 0.2323 0.2302 0.2277 0.2252 0.2248 0.2210 0.2219 0.2163 0.2162 0.2156 0.2143 0.2140]
