train_acc,valid_acc,test_acc,train_loss,valid_loss,train_aug_loss
0.981252908706665,0.9646915793418884,0.960189938545227,[2.7462 0.6441 0.3410 0.3196 0.2081 0.3158 0.1704 0.1934 0.2142 0.1955 0.1515 0.2809 0.1950 0.4796 0.2214 0.2211 0.1119 0.1125 0.2252 0.3429 0.1608 0.2985 0.2612 0.1383 0.1007 0.1863 0.2929 0.2372 0.0804 0.1136 0.1524 0.2370 0.1345 0.1632 0.1763 0.1566 0.2965 0.1011 0.1339 0.1279 0.0802 0.1111 0.3432 0.0633 0.3275 0.1069 0.0706 0.0849 0.0721 0.0784],[3.1018 0.6242 0.3462 0.3265 0.2333 0.2974 0.2095 0.2176 0.2108 0.2085 0.1869 0.2921 0.2086 0.4536 0.2362 0.2360 0.1502 0.1531 0.2422 0.3427 0.1904 0.3315 0.2809 0.1719 0.1529 0.2120 0.3107 0.2701 0.1303 0.1599 0.1948 0.2663 0.1736 0.2111 0.2110 0.2023 0.3379 0.1524 0.1846 0.1712 0.1370 0.1688 0.3684 0.1174 0.3719 0.1644 0.1297 0.1394 0.1241 0.1326],[1.6864 0.8304 0.5654 0.4686 0.4176 0.3833 0.3585 0.3380 0.3202 0.3051 0.2987 0.2916 0.2775 0.2736 0.2644 0.2567 0.2545 0.2483 0.2416 0.2385 0.2371 0.2316 0.2296 0.2230 0.2215 0.2141 0.2165 0.2123 0.2063 0.2070 0.1993 0.2011 0.1985 0.1914 0.1896 0.1879 0.1870 0.1863 0.1876 0.1818 0.1805 0.1788 0.1767 0.1728 0.1727 0.1719 0.1696 0.1703 0.1706 0.1686]
