train_acc,valid_acc,test_acc,train_loss,valid_loss,train_aug_loss
0.9691558480262756,0.9502840638160706,0.9523374438285828,[2.9319 0.4756 0.2859 0.9123 0.3429 0.2090 0.1861 0.2520 0.3173 1.0526 0.2087 0.2920 0.2668 0.2924 0.1844 0.3632 0.2190 0.2146 0.3017 0.1511 0.1641 0.1776 0.3030 0.4617 0.1094 0.1688 0.2115 0.3326 0.1875 0.3184 0.1338 0.2466 0.2184 0.1603 0.1030 0.1120 0.1858 0.1324 0.1451 1.4192 0.1649 0.1576 0.2065 0.1480 0.1267 0.1119 0.1156 0.1275 0.0850 0.1203],[2.9369 0.4637 0.3526 0.7877 0.3555 0.2444 0.2235 0.2820 0.3271 0.8671 0.2489 0.3300 0.3025 0.3116 0.2260 0.3936 0.2564 0.2547 0.3286 0.1956 0.2156 0.2250 0.3292 0.4421 0.1688 0.2156 0.2505 0.3606 0.2480 0.3395 0.1894 0.2978 0.2600 0.2202 0.1594 0.1687 0.2581 0.1823 0.2070 1.1975 0.2296 0.2245 0.2818 0.2223 0.1890 0.1791 0.1841 0.1827 0.1607 0.1897],[1.3682 0.6697 0.5165 0.4446 0.4077 0.3770 0.3574 0.3417 0.3272 0.3157 0.3071 0.2964 0.2874 0.2767 0.2723 0.2676 0.2607 0.2559 0.2520 0.2504 0.2395 0.2437 0.2332 0.2293 0.2276 0.2222 0.2220 0.2206 0.2169 0.2110 0.2109 0.2102 0.2046 0.2045 0.2029 0.1979 0.1939 0.1950 0.1926 0.1900 0.1904 0.1841 0.1874 0.1858 0.1807 0.1810 0.1800 0.1750 0.1771 0.1733]
