train_acc,valid_acc,test_acc,train_loss,valid_loss,train_aug_loss
0.9755906462669373,0.958198070526123,0.9552593231201172,[3.5760 0.6335 0.3493 0.3472 0.3473 0.2487 0.2210 0.2298 0.2029 0.2122 0.1858 0.1596 0.1696 0.1526 0.1860 0.1599 0.1589 0.1503 0.1526 0.1673 0.1501 0.1615 0.1721 0.1571 0.1263 0.1417 0.1281 0.1143 0.1085 0.1142 0.1428 0.1256 0.1046 0.1205 0.1177 0.1132 0.4159 0.1125 0.1097 0.1440 0.1032 2.1880 0.0919 0.0936 0.1145 0.1000 0.0918 0.1386 0.0872 0.1359],[3.5259 0.6738 0.3943 0.3919 0.3834 0.2911 0.2680 0.2762 0.2516 0.2667 0.2221 0.2002 0.2214 0.1871 0.2242 0.2021 0.2175 0.1926 0.2040 0.2368 0.2080 0.2202 0.2178 0.2317 0.1770 0.1973 0.1838 0.1676 0.1603 0.1684 0.2004 0.1782 0.1600 0.1806 0.1635 0.1721 0.3903 0.1731 0.1680 0.1940 0.1640 1.7425 0.1490 0.1502 0.1673 0.1627 0.1501 0.2058 0.1496 0.1890],[1.9294 1.2388 0.7411 0.5844 0.5036 0.4580 0.4345 0.4116 0.3844 0.3709 0.3593 0.3463 0.3399 0.3306 0.3252 0.3177 0.3077 0.3038 0.2966 0.2978 0.2907 0.2855 0.2820 0.2782 0.2779 0.2709 0.2680 0.2652 0.2590 0.2593 0.2536 0.2548 0.2497 0.2493 0.2446 0.2395 0.2392 0.2365 0.2383 0.2309 0.2300 0.2318 0.2291 0.2283 0.2232 0.2266 0.2188 0.2207 0.2179 0.2179]
