train_acc,valid_acc,test_acc,train_loss,valid_loss,train_aug_loss
0.9762752056121826,0.9567775726318359,0.9547114968299866,[2.5452 0.6926 0.7614 0.5524 0.3305 0.2941 0.2530 0.2055 0.2286 0.2063 0.3555 0.1935 0.1728 0.1811 0.1554 0.1514 0.1760 0.1440 0.1703 0.1414 0.1575 0.1720 0.1597 0.1877 0.1321 0.1128 0.1242 0.2343 0.1347 0.1490 0.1326 0.1137 0.1067 0.2284 0.1333 0.1213 0.1546 0.1103 0.1077 0.1132 0.1045 0.0953 0.0809 0.1106 0.1927 0.1041 0.1305 0.1093 0.1856 0.1139],[2.6263 0.7292 0.8821 0.6376 0.3819 0.3582 0.3099 0.2450 0.2902 0.2669 0.4026 0.2453 0.2163 0.2148 0.2045 0.1979 0.2383 0.1908 0.2177 0.1819 0.2086 0.2338 0.1988 0.2202 0.1767 0.1639 0.1703 0.2506 0.1718 0.1854 0.1643 0.1613 0.1693 0.2625 0.1753 0.1660 0.1901 0.1554 0.1522 0.1634 0.1552 0.1507 0.1412 0.1589 0.2499 0.1545 0.1741 0.1601 0.2285 0.1629],[1.8932 1.1855 0.7793 0.6155 0.5393 0.4930 0.4613 0.4310 0.4074 0.3906 0.3740 0.3591 0.3520 0.3388 0.3263 0.3206 0.3170 0.3080 0.3020 0.2958 0.2885 0.2810 0.2793 0.2752 0.2694 0.2660 0.2618 0.2580 0.2544 0.2530 0.2521 0.2458 0.2426 0.2417 0.2394 0.2358 0.2370 0.2349 0.2264 0.2277 0.2267 0.2227 0.2186 0.2211 0.2185 0.2211 0.2162 0.2142 0.2161 0.2116]
