train_acc,valid_acc,test_acc,train_loss,valid_loss,train_aug_loss
0.9762165546417236,0.9547483921051025,0.9552593231201172,[1.8192 0.8247 0.3851 0.3113 0.2925 0.2438 0.2792 0.2051 0.2005 0.2289 0.1983 0.1740 0.1536 0.1702 0.1593 0.1392 0.1716 0.1518 0.1574 0.1251 0.1461 0.1432 0.1933 0.1234 0.1565 0.1412 0.1598 0.1908 0.1241 0.1286 0.1174 0.1432 0.1117 0.1138 0.1343 0.1230 0.1084 0.0940 0.1331 0.0965 0.1079 0.0982 0.1105 0.1297 0.1363 0.0833 0.0859 0.0888 0.0807 0.1194],[1.7874 0.8178 0.4036 0.3366 0.3194 0.2738 0.2989 0.2404 0.2351 0.2633 0.2352 0.2161 0.1991 0.2135 0.2071 0.1864 0.2088 0.1968 0.2011 0.1718 0.1863 0.1858 0.2419 0.1696 0.2078 0.1872 0.2069 0.2355 0.1711 0.1764 0.1717 0.1995 0.1635 0.1710 0.1888 0.1785 0.1661 0.1518 0.1862 0.1564 0.1707 0.1617 0.1698 0.1933 0.1946 0.1510 0.1491 0.1521 0.1432 0.1791],[1.8864 1.2636 0.7551 0.5791 0.4999 0.4600 0.4153 0.3969 0.3794 0.3549 0.3462 0.3343 0.3246 0.3161 0.3050 0.2961 0.2932 0.2853 0.2843 0.2756 0.2760 0.2690 0.2613 0.2601 0.2560 0.2492 0.2483 0.2498 0.2401 0.2410 0.2379 0.2381 0.2326 0.2265 0.2233 0.2235 0.2223 0.2215 0.2143 0.2191 0.2139 0.2143 0.2103 0.2070 0.2088 0.2057 0.2018 0.1991 0.2034 0.1979]
