train_acc,valid_acc,test_acc
0.9967198371887207,0.9645554423332214,0.9437066912651062
