train_acc,valid_acc,test_acc
0.9957041144371033,0.9679659008979797,0.9437066912651062
