train_acc,valid_acc,test_acc
0.9942411184310913,0.9645554423332214,0.937644362449646
