train_acc,valid_acc,test_acc
0.9956761598587036,0.9680876731872559,0.9419745802879333
