train_acc,valid_acc,test_acc
0.9915107488632202,0.9627283811569214,0.9439953565597534
