train_acc,valid_acc,test_acc
0.9958997964859009,0.9652862548828125,0.9451501369476318
