train_acc,valid_acc,test_acc
0.9948747754096985,0.9641900062561035,0.9425519704818726
