train_acc,valid_acc,test_acc
0.9927873611450195,0.9611449241638184,0.9367783069610596
