train_acc,valid_acc,test_acc
0.9901129603385925,0.9633374214172363,0.9370669722557068
