train_acc,valid_acc,test_acc
0.9919952750205994,0.9646772146224976,0.9405311942100525
