train_acc,valid_acc,test_acc
0.9948188662528992,0.9679659008979797,0.9385104179382324
