train_acc,valid_acc,test_acc
0.994110643863678,0.9660170674324036,0.943129301071167
