train_acc,valid_acc,test_acc
0.9929457902908325,0.9610231518745422,0.9425519704818726
