train_acc,valid_acc,test_acc
0.9950425028800964,0.9637027978897095,0.9419745802879333
