train_acc,valid_acc,test_acc
0.9903458952903748,0.9647990465164185,0.9439953565597534
