train_acc,valid_acc,test_acc
0.9925171732902527,0.9651644229888916,0.9362009167671204
