train_acc,valid_acc,test_acc
0.9951356649398804,0.9639464020729065,0.9439953565597534
