train_acc,valid_acc,test_acc
0.9889481067657471,0.9660170674324036,0.9341801404953003
