train_acc,valid_acc,test_acc
0.9915107488632202,0.9657734632492065,0.9393764138221741
