train_acc,valid_acc,test_acc
0.9957413673400879,0.9650426506996155,0.945438802242279
