train_acc,valid_acc,test_acc
0.9946138262748718,0.9677222967147827,0.9390877485275269
