train_acc,valid_acc,test_acc
0.9925637245178223,0.9626065492630005,0.9416859149932861
