train_acc,valid_acc,test_acc
0.9954618215560913,0.9651644229888916,0.9460161924362183
