train_acc,valid_acc,test_acc
0.9904670715332031,0.9644336104393005,0.9393764138221741
