train_acc,valid_acc,test_acc
0.9957413673400879,0.9672350883483887,0.943129301071167
