train_acc,valid_acc,test_acc
0.9949958920478821,0.9673568606376648,0.9448614120483398
