train_acc,valid_acc,test_acc
0.9957879781723022,0.9637027978897095,0.9385104179382324
