train_acc,valid_acc,test_acc
0.9944368004798889,0.9658952355384827,0.943129301071167
