train_acc,valid_acc,test_acc
0.9950425028800964,0.9655298590660095,0.9451501369476318
