train_acc,valid_acc,test_acc
0.9955456852912903,0.9668696522712708,0.9385104179382324
