train_acc,valid_acc,test_acc
0.993952214717865,0.9633374214172363,0.9367783069610596
