train_acc,valid_acc,test_acc
0.9904018044471741,0.9645554423332214,0.9405311942100525
