train_acc,valid_acc,test_acc
0.9942970275878906,0.9658952355384827,0.9422633051872253
