train_acc,valid_acc,test_acc
0.992340087890625,0.9649208188056946,0.9364895820617676
