train_acc,valid_acc,test_acc
0.9907466173171997,0.9626065492630005,0.9344688057899475
