train_acc,valid_acc,test_acc
0.9943715333938599,0.9652862548828125,0.9336027503013611
