train_acc,valid_acc,test_acc
0.9952754378318787,0.9665042757987976,0.9425519704818726
