train_acc,valid_acc,test_acc
0.9932906031608582,0.9671132564544678,0.9393764138221741
