train_acc,valid_acc,test_acc
0.9886592626571655,0.9624847769737244,0.937644362449646
