train_acc,valid_acc,test_acc
0.9947443008422852,0.9627283811569214,0.9413972496986389
