train_acc,valid_acc,test_acc
0.9960395693778992,0.9718635678291321,0.943418025970459
