train_acc,valid_acc,test_acc
0.9928432703018188,0.9630938172340393,0.9413972496986389
