train_acc,valid_acc,test_acc
0.9958811402320862,0.9676004648208618,0.9439953565597534
