train_acc,valid_acc,test_acc
0.9953593015670776,0.9676004648208618,0.9439953565597534
