train_acc,valid_acc,test_acc
0.9950145483016968,0.9712545871734619,0.9327366948127747
