train_acc,valid_acc,test_acc
0.9901874661445618,0.9637027978897095,0.9321593642234802
