train_acc,valid_acc,test_acc
0.9952847957611084,0.9630938172340393,0.9408198595046997
