train_acc,valid_acc,test_acc
0.9929831027984619,0.9665042757987976,0.9411085247993469
