train_acc,valid_acc,test_acc
0.9947909116744995,0.9660170674324036,0.9419745802879333
