train_acc,valid_acc,test_acc
0.995396614074707,0.9654080271720886,0.9382216930389404
