train_acc,valid_acc,test_acc
0.9946231842041016,0.9649208188056946,0.937355637550354
