train_acc,valid_acc,test_acc
0.995564341545105,0.9668696522712708,0.9408198595046997
