train_acc,valid_acc,test_acc
0.9944927096366882,0.9667478799819946,0.9419745802879333
