train_acc,valid_acc,test_acc
0.9938403964042664,0.9650426506996155,0.9448614120483398
