train_acc,valid_acc,test_acc
0.9960023164749146,0.9633374214172363,0.943129301071167
