train_acc,valid_acc,test_acc
0.9945299625396729,0.9688184857368469,0.9448614120483398
