train_acc,valid_acc,test_acc
0.9934396743774414,0.9650426506996155,0.937644362449646
