train_acc,valid_acc,test_acc
0.9944460988044739,0.9671132564544678,0.9422633051872253
