train_acc,valid_acc,test_acc
0.9936447143554688,0.9652862548828125,0.937644362449646
