train_acc,valid_acc,test_acc
0.9943156242370605,0.9685748815536499,0.9451501369476318
