train_acc,valid_acc,test_acc
0.9924705624580383,0.9656516313552856,0.937644362449646
