train_acc,valid_acc,test_acc
0.9922841787338257,0.9652862548828125,0.937355637550354
