train_acc,valid_acc,test_acc
0.9930762648582458,0.9671132564544678,0.9353348612785339
