train_acc,valid_acc,test_acc
0.9943063259124756,0.9650426506996155,0.9396651387214661
