train_acc,valid_acc,test_acc
0.9931787848472595,0.9662606716156006,0.9385104179382324
