train_acc,valid_acc,test_acc
0.9928526282310486,0.9640682339668274,0.9367783069610596
