train_acc,valid_acc,test_acc
0.9947443008422852,0.9679659008979797,0.9281178116798401
