train_acc,valid_acc,test_acc
0.9960489273071289,0.9637027978897095,0.9390877485275269
