train_acc,valid_acc,test_acc
0.9901502132415771,0.9627283811569214,0.9347575306892395
