train_acc,valid_acc,test_acc
0.9929364919662476,0.9649208188056946,0.9350461959838867
