train_acc,valid_acc,test_acc
0.9964775443077087,0.9660170674324036,0.9411085247993469
