train_acc,valid_acc,test_acc
0.9933744668960571,0.9622411727905273,0.9382216930389404
