train_acc,valid_acc,test_acc
0.9941571950912476,0.9644336104393005,0.9442840814590454
