train_acc,valid_acc,test_acc
0.9951729774475098,0.9663824439048767,0.9413972496986389
