train_acc,valid_acc,test_acc
0.994036078453064,0.9663824439048767,0.9385104179382324
