train_acc,valid_acc,test_acc
0.9941665530204773,0.9663824439048767,0.9416859149932861
