train_acc,valid_acc,test_acc
0.9958718419075012,0.9654080271720886,0.9448614120483398
