train_acc,valid_acc,test_acc
0.9949306845664978,0.9650426506996155,0.9390877485275269
