train_acc,valid_acc,test_acc
0.9926382899284363,0.9643118381500244,0.9362009167671204
