train_acc,valid_acc,test_acc
0.9895445108413696,0.9617539644241333,0.9370669722557068
