train_acc,valid_acc,test_acc
0.995238184928894,0.9657734632492065,0.9428406357765198
