train_acc,valid_acc,test_acc
0.9948374629020691,0.9647990465164185,0.9379330277442932
