train_acc,valid_acc,test_acc
0.995079755783081,0.9646772146224976,0.9448614120483398
