train_acc,valid_acc,test_acc
0.9923866987228394,0.9621193408966064,0.937355637550354
