train_acc,valid_acc,test_acc
0.9947256445884705,0.9633374214172363,0.9367783069610596
