train_acc,valid_acc,test_acc
0.9924705624580383,0.9643118381500244,0.9364895820617676
