train_acc,valid_acc,test_acc
0.99233078956604,0.9638246297836304,0.9405311942100525
