train_acc,valid_acc,test_acc
0.9950891137123108,0.9649208188056946,0.9379330277442932
