train_acc,valid_acc,test_acc
0.9924426078796387,0.9615103602409363,0.9402424693107605
