train_acc,valid_acc,test_acc
0.9941571950912476,0.9655298590660095,0.9393764138221741
