train_acc,valid_acc,test_acc
0.9961141347885132,0.9661388397216797,0.9425519704818726
