train_acc,valid_acc,test_acc
0.9958718419075012,0.9665042757987976,0.9465935230255127
