train_acc,valid_acc,test_acc
0.9958904981613159,0.9660170674324036,0.9396651387214661
