train_acc,valid_acc,test_acc
0.9961513876914978,0.9663824439048767,0.9399538040161133
