train_acc,valid_acc,test_acc
0.9955456852912903,0.9652862548828125,0.9419745802879333
