train_acc,valid_acc,test_acc
0.9895445108413696,0.9627283811569214,0.9367783069610596
