train_acc,valid_acc,test_acc
0.9933931231498718,0.9665042757987976,0.937644362449646
