train_acc,valid_acc,test_acc
0.9943342804908752,0.9662606716156006,0.9390877485275269
