train_acc,valid_acc,test_acc
0.9958438873291016,0.9702801704406738,0.9408198595046997
