train_acc,valid_acc,test_acc
0.99396151304245,0.9661388397216797,0.9387990832328796
