train_acc,valid_acc,test_acc
0.9952288866043091,0.9652862548828125,0.9382216930389404
