train_acc,valid_acc,test_acc
0.9964495897293091,0.9632155895233154,0.9425519704818726
