train_acc,valid_acc,test_acc
0.9955456852912903,0.9665042757987976,0.9411085247993469
