train_acc,valid_acc,test_acc
0.9938310980796814,0.9652862548828125,0.9419745802879333
