train_acc,valid_acc,test_acc
0.9931787848472595,0.9654080271720886,0.9370669722557068
