train_acc,valid_acc,test_acc
0.9960861802101135,0.9656516313552856,0.9425519704818726
