train_acc,valid_acc,test_acc
0.9952568411827087,0.9654080271720886,0.9419745802879333
