train_acc,valid_acc,test_acc
0.9908584356307983,0.9633374214172363,0.9408198595046997
