train_acc,valid_acc,test_acc
0.9932067394256592,0.9634591937065125,0.9411085247993469
