train_acc,valid_acc,test_acc
0.9945299625396729,0.9674786925315857,0.9413972496986389
