train_acc,valid_acc,test_acc
0.9961327910423279,0.9657734632492065,0.9393764138221741
