train_acc,valid_acc,test_acc
0.9919207692146301,0.9649208188056946,0.9382216930389404
