train_acc,valid_acc,test_acc
0.9948840737342834,0.9644336104393005,0.9387990832328796
