train_acc,valid_acc,test_acc
0.9947070479393005,0.9655298590660095,0.9408198595046997
