train_acc,valid_acc,test_acc
0.9931042194366455,0.9672350883483887,0.9408198595046997
