train_acc,valid_acc,test_acc
0.9957786798477173,0.9673568606376648,0.9442840814590454
