train_acc,valid_acc,test_acc
0.99516361951828,0.9656516313552856,0.9419745802879333
