train_acc,valid_acc,test_acc
0.995648205280304,0.9661388397216797,0.943129301071167
