train_acc,valid_acc,test_acc
0.9948188662528992,0.9658952355384827,0.9379330277442932
