train_acc,valid_acc,test_acc
0.9910354614257812,0.9635810256004333,0.9382216930389404
