train_acc,valid_acc,test_acc
0.9951729774475098,0.9668696522712708,0.9465935230255127
