train_acc,valid_acc,test_acc
0.9953407049179077,0.9666260480880737,0.9411085247993469
