train_acc,valid_acc,test_acc
0.9953593015670776,0.9630938172340393,0.9390877485275269
