train_acc,valid_acc,test_acc
0.9950238466262817,0.9674786925315857,0.9451501369476318
