train_acc,valid_acc,test_acc
0.9917902946472168,0.9622411727905273,0.9359122514724731
