train_acc,valid_acc,test_acc
0.9933837652206421,0.9712545871734619,0.943418025970459
