train_acc,valid_acc,test_acc
0.9936540126800537,0.9650426506996155,0.9419745802879333
