train_acc,valid_acc,test_acc
0.9895538091659546,0.9657734632492065,0.9396651387214661
