train_acc,valid_acc,test_acc
0.9935328960418701,0.9626065492630005,0.9387990832328796
