train_acc,valid_acc,test_acc,train_loss,valid_loss,train_aug_loss
0.9846668243408203,0.9689667820930481,0.9405311942100525,[2.0660 2.0615 3.2314 5.2681 2.5508 1.7365 1.0730 0.8256 0.5652 0.5211 0.4611 0.4212 0.4184 0.3630 0.3071 0.2731 0.3324 0.2763 0.2967 0.2604 0.2592 0.2292 0.2123 0.2379 0.2163 0.2165 0.1830 0.1808 0.1905 0.1519 0.1625 0.1592 0.1478 0.1560 0.1513 0.1642 0.1205 0.1538 0.1179 0.1271 0.1216 0.1229 0.1146 0.1123 0.1308 0.1242 0.0977 0.1036 0.1144 0.1146 0.0919 0.0941 0.0888 0.0831 0.0849 0.0934 0.0914 0.1093 0.0800 0.0866 0.0833 0.0690 0.0695 0.0761 0.0716 0.0706 0.0762 0.0711 0.0718 0.0658 0.0706 0.0608 0.0709 0.0598 0.0666 0.0703 0.0593 0.0657 0.0572 0.0633 0.0613 0.0569 0.0617 0.0589 0.0554 0.0563 0.0508 0.0491 0.0633 0.0613 0.0466 0.0520 0.0443 0.0512 0.0466 0.0453 0.0535 0.0536 0.0458 0.0470],[2.0632 2.0549 3.0394 4.8030 2.5653 1.7420 1.1773 0.9914 0.6730 0.6313 0.5532 0.5068 0.5052 0.4512 0.3590 0.3208 0.3835 0.3241 0.3643 0.3213 0.3070 0.2868 0.2615 0.2838 0.2692 0.2696 0.2367 0.2271 0.2424 0.1980 0.2060 0.2053 0.1954 0.2034 0.1976 0.2150 0.1689 0.2021 0.1634 0.1785 0.1805 0.1741 0.1576 0.1527 0.1931 0.1786 0.1460 0.1496 0.1702 0.1652 0.1385 0.1480 0.1380 0.1300 0.1345 0.1497 0.1408 0.1698 0.1308 0.1382 0.1386 0.1234 0.1214 0.1324 0.1235 0.1212 0.1312 0.1331 0.1326 0.1224 0.1246 0.1114 0.1287 0.1142 0.1246 0.1345 0.1201 0.1222 0.1169 0.1308 0.1159 0.1170 0.1192 0.1175 0.1193 0.1170 0.1120 0.1098 0.1345 0.1267 0.1095 0.1199 0.1048 0.1214 0.1060 0.1065 0.1203 0.1217 0.1132 0.1096],[2.1715 2.0093 1.8901 1.7842 1.5048 1.1542 0.8712 0.6932 0.5977 0.5348 0.4910 0.4535 0.4186 0.3974 0.3750 0.3594 0.3412 0.3294 0.3168 0.3062 0.2974 0.2905 0.2834 0.2733 0.2656 0.2594 0.2547 0.2517 0.2427 0.2420 0.2339 0.2297 0.2255 0.2205 0.2168 0.2115 0.2106 0.2042 0.2046 0.1992 0.1957 0.1944 0.1932 0.1904 0.1882 0.1816 0.1806 0.1807 0.1766 0.1745 0.1719 0.1699 0.1681 0.1669 0.1630 0.1601 0.1608 0.1593 0.1555 0.1557 0.1551 0.1553 0.1512 0.1496 0.1488 0.1457 0.1446 0.1419 0.1408 0.1394 0.1410 0.1373 0.1352 0.1370 0.1363 0.1323 0.1318 0.1310 0.1298 0.1282 0.1279 0.1280 0.1264 0.1261 0.1248 0.1219 0.1219 0.1236 0.1211 0.1178 0.1191 0.1170 0.1159 0.1154 0.1156 0.1149 0.1117 0.1113 0.1097 0.1095]
