train_acc,valid_acc,test_acc,train_loss,valid_loss,train_aug_loss
0.9771944880485535,0.9612419009208679,0.9612855911254883,[3.0030 2.1351 0.3734 0.2715 0.2030 0.2076 0.1812 0.1568 0.1440 0.1315 0.1347 0.1280 0.1306 0.1166 0.1105 0.1300 0.1225 0.1020 0.1356 0.1300 0.1022 0.1049 0.0890 0.1462 0.0969 0.0914 0.0946 0.1249 0.0945 0.1050 0.1108 0.0784 0.0794 0.0934 0.0981 0.0744 0.0890 0.0945 0.0757 0.0729 0.1035 0.0718 0.0701 0.0715 0.0810 0.0760 0.0628 0.0703 0.0668 0.0856],[2.8575 1.9322 0.3785 0.3003 0.2082 0.2045 0.2256 0.1673 0.1668 0.1668 0.1777 0.1648 0.1643 0.1601 0.1551 0.1636 0.1694 0.1457 0.1677 0.1731 0.1561 0.1563 0.1322 0.1838 0.1484 0.1405 0.1567 0.1802 0.1507 0.1639 0.1744 0.1464 0.1392 0.1551 0.1645 0.1410 0.1490 0.1603 0.1371 0.1369 0.1650 0.1311 0.1445 0.1422 0.1520 0.1526 0.1330 0.1336 0.1420 0.1528],[1.9780 1.6627 0.7744 0.4617 0.3889 0.3482 0.3227 0.3016 0.2977 0.2814 0.2732 0.2600 0.2567 0.2522 0.2435 0.2381 0.2281 0.2269 0.2271 0.2174 0.2150 0.2137 0.2050 0.2071 0.2025 0.1981 0.1984 0.1896 0.1930 0.1890 0.1892 0.1820 0.1834 0.1804 0.1819 0.1787 0.1760 0.1740 0.1716 0.1714 0.1711 0.1694 0.1669 0.1606 0.1642 0.1634 0.1634 0.1598 0.1592 0.1590]
