train_acc,valid_acc,test_acc,train_loss,valid_loss,train_aug_loss
0.9809889197349548,0.9573863744735718,0.9598246812820435,[1.9571 0.6678 0.2393 0.2967 0.1888 0.2160 0.1405 0.1641 0.1382 0.2041 0.1257 0.1244 0.1486 0.1320 0.1116 0.1291 0.1086 0.1350 0.1265 0.1246 0.1148 0.0874 0.1427 0.0809 0.1105 0.0768 0.1005 0.1090 0.1218 0.0731 0.0814 0.0766 0.0717 0.0757 0.0884 0.0752 0.1015 0.0712 0.0889 0.0706 0.0748 0.0983 0.0544 0.0810 0.0789 0.0956 0.0583 0.0769 0.0750 0.0574],[1.8863 0.7298 0.2896 0.3090 0.2370 0.2493 0.1915 0.2176 0.1967 0.2488 0.1819 0.1761 0.2000 0.2003 0.1730 0.1894 0.1739 0.2085 0.1974 0.1861 0.1765 0.1553 0.2088 0.1504 0.2032 0.1498 0.1729 0.1820 0.1945 0.1425 0.1560 0.1480 0.1493 0.1606 0.1685 0.1559 0.1798 0.1579 0.1785 0.1456 0.1652 0.1782 0.1429 0.1736 0.1823 0.1982 0.1407 0.1648 0.1675 0.1492],[1.7803 0.8281 0.5253 0.4284 0.3818 0.3491 0.3315 0.3132 0.2976 0.2903 0.2788 0.2714 0.2598 0.2560 0.2530 0.2427 0.2416 0.2310 0.2313 0.2252 0.2218 0.2185 0.2160 0.2128 0.2095 0.2046 0.1990 0.2026 0.1978 0.1930 0.1876 0.1930 0.1902 0.1848 0.1857 0.1843 0.1802 0.1819 0.1790 0.1753 0.1733 0.1743 0.1741 0.1708 0.1720 0.1662 0.1653 0.1670 0.1663 0.1653]
