train_acc,valid_acc,test_acc,train_loss,valid_loss,train_aug_loss
0.9688331484794617,0.9533278942108154,0.959094226360321,[2.0053 1.4660 0.8376 0.5173 0.4738 0.3323 0.3271 0.2706 0.4227 0.2710 0.2589 0.2311 0.1788 0.1768 0.2049 0.1861 0.1769 0.1780 0.1825 0.1351 0.1302 0.1084 0.1333 0.1746 0.2086 0.2099 0.1198 0.1038 0.0946 0.1313 0.1841 0.1080 0.1604 0.1032 0.0945 0.1326 0.1170 0.0930 0.0866 0.1138 0.1203 0.0882 0.1021 0.0887 0.1113 0.1039 0.1167 0.1043 0.0825 0.1328],[1.9547 1.3983 0.7717 0.5247 0.4764 0.3443 0.3446 0.2830 0.4231 0.2931 0.2841 0.2555 0.2084 0.2074 0.2321 0.2162 0.2194 0.2196 0.2278 0.1859 0.1861 0.1605 0.1813 0.2187 0.2598 0.2577 0.1759 0.1567 0.1517 0.1842 0.2378 0.1596 0.2183 0.1695 0.1636 0.1965 0.1710 0.1648 0.1578 0.1901 0.1934 0.1566 0.1778 0.1564 0.1756 0.1769 0.1856 0.1735 0.1621 0.2121],[1.9379 1.5615 0.9750 0.6899 0.5709 0.4937 0.4532 0.4174 0.3830 0.3620 0.3423 0.3289 0.3122 0.2995 0.2948 0.2810 0.2706 0.2637 0.2609 0.2529 0.2462 0.2408 0.2318 0.2297 0.2215 0.2220 0.2187 0.2157 0.2111 0.2068 0.2047 0.2004 0.1994 0.1921 0.1930 0.1896 0.1860 0.1851 0.1843 0.1812 0.1782 0.1782 0.1754 0.1732 0.1729 0.1714 0.1690 0.1695 0.1631 0.1651]
