train_acc,valid_acc,test_acc,train_loss,valid_loss,train_aug_loss
0.9823971390724182,0.9634740352630615,0.9631117582321167,[2.0049 1.3519 1.2820 0.5275 0.5780 0.4177 0.4435 0.3462 0.2631 0.2074 0.2788 0.2142 0.3014 0.2211 0.3077 0.1685 0.1927 0.1974 0.1594 0.1847 0.1618 0.1658 0.1276 0.1149 0.1845 0.1563 0.1752 0.1590 0.1509 0.1708 0.1864 0.1692 0.1899 0.1548 0.0975 0.1149 0.0946 0.1119 0.0809 0.0941 0.1308 0.1191 0.0887 0.1346 0.0774 0.1337 0.0577 0.1023 0.1517 0.0936],[1.9646 1.1986 1.1693 0.4716 0.5436 0.3944 0.4273 0.3479 0.2794 0.2121 0.2945 0.2306 0.3266 0.2349 0.3373 0.2168 0.2354 0.2317 0.1999 0.2373 0.2184 0.2192 0.1839 0.1780 0.2408 0.2172 0.2327 0.2156 0.2045 0.2365 0.2403 0.2292 0.2586 0.2199 0.1622 0.1791 0.1687 0.1754 0.1542 0.1606 0.2056 0.1861 0.1648 0.2141 0.1468 0.2100 0.1312 0.1781 0.2278 0.1717],[1.9434 1.4874 0.9520 0.6827 0.5660 0.4947 0.4438 0.4114 0.3789 0.3622 0.3432 0.3243 0.3123 0.3002 0.2926 0.2778 0.2724 0.2625 0.2525 0.2465 0.2426 0.2398 0.2310 0.2299 0.2215 0.2221 0.2126 0.2135 0.2064 0.2059 0.2018 0.1980 0.1981 0.1942 0.1921 0.1911 0.1869 0.1836 0.1822 0.1795 0.1787 0.1767 0.1728 0.1728 0.1704 0.1676 0.1684 0.1658 0.1649 0.1631]
