train_acc,valid_acc,test_acc,train_loss,valid_loss,train_aug_loss
0.9772825241088867,0.9612419009208679,0.9585464000701904,[1.8725 0.9062 0.3833 0.3496 0.3096 0.2295 0.2169 0.2008 0.1538 0.1386 0.1944 0.1575 0.1596 0.2182 0.1953 0.1443 0.1187 0.1313 0.1243 0.1097 0.1186 0.1462 0.1115 0.1110 0.0931 0.1146 0.2038 0.1163 0.1435 0.0949 0.1074 0.0893 0.0769 0.1045 0.1282 0.1034 0.1043 0.0986 0.0979 0.0863 0.0910 0.1529 0.0990 0.0811 0.1002 0.0781 0.0775 0.0758 0.0764 0.0714],[1.8926 0.8297 0.3553 0.3138 0.2791 0.2336 0.2135 0.2159 0.1689 0.1658 0.2118 0.1747 0.1799 0.2387 0.2167 0.1768 0.1456 0.1578 0.1544 0.1460 0.1541 0.1768 0.1452 0.1460 0.1334 0.1526 0.2392 0.1574 0.1835 0.1335 0.1519 0.1372 0.1206 0.1523 0.1709 0.1478 0.1529 0.1504 0.1474 0.1327 0.1401 0.2055 0.1475 0.1313 0.1499 0.1324 0.1317 0.1293 0.1304 0.1288],[1.8836 1.2565 0.7332 0.5473 0.4677 0.4215 0.3865 0.3633 0.3435 0.3259 0.3130 0.3053 0.2928 0.2831 0.2787 0.2727 0.2648 0.2566 0.2538 0.2480 0.2447 0.2373 0.2319 0.2297 0.2311 0.2267 0.2203 0.2177 0.2180 0.2147 0.2088 0.2037 0.2102 0.2014 0.2012 0.1975 0.1984 0.1948 0.1930 0.1898 0.1863 0.1882 0.1872 0.1826 0.1832 0.1778 0.1794 0.1789 0.1773 0.1757]
