train_acc,valid_acc,test_acc,train_loss,valid_loss,train_aug_loss
0.9891546964645386,0.9606330990791321,0.9612855911254883,[1.9810 2.0353 2.1599 1.2926 0.6171 0.4322 0.3702 0.3635 0.2875 0.3025 0.3058 0.2027 0.1979 0.2119 0.1735 0.1601 0.1806 0.1664 0.1439 0.1699 0.1661 0.1489 0.1433 0.1326 0.1414 0.1214 0.1365 0.1351 0.1166 0.1136 0.1029 0.0969 0.1262 0.0838 0.0833 0.0987 0.0861 0.0912 0.1244 0.1001 0.0849 0.0964 0.0861 0.0801 0.0854 0.0684 0.0796 0.0812 0.0892 0.0817 0.0686 0.0676 0.0600 0.0816 0.0618 0.0690 0.0700 0.0648 0.0686 0.0550 0.0540 0.0585 0.0521 0.0496 0.0496 0.0467 0.0585 0.0491 0.0608 0.0432 0.0418 0.0531 0.0439 0.0498 0.0507 0.0610 0.0411 0.0531 0.0337 0.0364 0.0410 0.0372 0.0462 0.0427 0.0407 0.0412 0.0388 0.0507 0.0432 0.0286 0.0258 0.0350 0.0310 0.0322 0.0258 0.0264 0.0397 0.0276 0.0380 0.0448],[1.9806 2.0568 2.3471 1.3866 0.6632 0.4678 0.3911 0.4140 0.3307 0.3546 0.3595 0.2313 0.2401 0.2572 0.2211 0.2003 0.2438 0.2176 0.1920 0.2205 0.2116 0.2110 0.2065 0.1923 0.2040 0.1787 0.2002 0.1943 0.1761 0.1830 0.1613 0.1592 0.2089 0.1453 0.1532 0.1716 0.1568 0.1668 0.2221 0.1850 0.1553 0.1777 0.1685 0.1599 0.1731 0.1541 0.1656 0.1751 0.1794 0.1727 0.1683 0.1563 0.1500 0.1812 0.1524 0.1604 0.1699 0.1606 0.1683 0.1527 0.1656 0.1664 0.1539 0.1587 0.1433 0.1488 0.1644 0.1518 0.1791 0.1477 0.1429 0.1633 0.1463 0.1650 0.1708 0.1772 0.1509 0.1827 0.1378 0.1555 0.1563 0.1448 0.1699 0.1522 0.1613 0.1660 0.1625 0.1762 0.1659 0.1452 0.1443 0.1613 0.1509 0.1456 0.1450 0.1469 0.1726 0.1511 0.1606 0.1774],[2.0672 1.8272 1.6843 1.0520 0.5930 0.4634 0.4073 0.3661 0.3340 0.3152 0.2994 0.2822 0.2701 0.2567 0.2441 0.2347 0.2270 0.2206 0.2133 0.2037 0.2018 0.1936 0.1942 0.1837 0.1818 0.1764 0.1704 0.1704 0.1663 0.1603 0.1604 0.1556 0.1535 0.1515 0.1476 0.1471 0.1407 0.1414 0.1353 0.1366 0.1353 0.1333 0.1296 0.1281 0.1255 0.1242 0.1217 0.1206 0.1187 0.1194 0.1157 0.1142 0.1175 0.1105 0.1113 0.1088 0.1090 0.1057 0.1060 0.1044 0.1040 0.1001 0.1001 0.0992 0.0967 0.1005 0.0961 0.0959 0.0944 0.0941 0.0958 0.0933 0.0926 0.0907 0.0903 0.0891 0.0877 0.0865 0.0880 0.0848 0.0842 0.0836 0.0840 0.0830 0.0809 0.0803 0.0814 0.0795 0.0795 0.0785 0.0771 0.0772 0.0755 0.0749 0.0763 0.0756 0.0739 0.0751 0.0716 0.0728]
