train_acc,valid_acc,test_acc,train_loss,valid_loss,train_aug_loss
0.9849006533622742,0.9588068127632141,0.9623813033103943,[4.2456 0.3324 0.2370 0.2602 0.2470 0.2340 0.2477 0.2197 0.1787 0.1849 0.2146 0.1411 0.0999 0.1233 0.1243 0.0966 0.1246 0.0973 0.0863 0.1392 0.1056 0.0691 0.1108 0.0644 0.0945 0.0466 0.0971 0.0786 0.0788 0.0761 0.0992 0.0570 0.0494 0.0689 0.0608 0.1163 0.0483 0.0784 0.0514 0.0642 0.1044 0.0747 0.0600 0.1021 0.0766 0.0458 0.0783 0.0566 0.0598 0.0598],[3.8261 0.3661 0.3003 0.3145 0.2984 0.3101 0.3099 0.2885 0.2545 0.2465 0.2804 0.2207 0.1811 0.2158 0.2090 0.1837 0.2157 0.1944 0.1957 0.2453 0.2164 0.1756 0.2357 0.1718 0.2068 0.1565 0.2252 0.2033 0.1942 0.2066 0.2308 0.1791 0.1761 0.2026 0.1854 0.2631 0.1766 0.2095 0.1832 0.2024 0.2451 0.2208 0.1951 0.2513 0.2222 0.1881 0.2425 0.2004 0.1857 0.2170],[1.7620 0.5582 0.3690 0.3077 0.2826 0.2546 0.2394 0.2268 0.2159 0.2069 0.2025 0.1916 0.1857 0.1815 0.1748 0.1695 0.1651 0.1635 0.1626 0.1554 0.1531 0.1505 0.1463 0.1425 0.1416 0.1376 0.1339 0.1330 0.1329 0.1282 0.1270 0.1261 0.1236 0.1229 0.1204 0.1199 0.1162 0.1174 0.1140 0.1141 0.1114 0.1101 0.1108 0.1077 0.1059 0.1069 0.1025 0.1058 0.1051 0.1025]
