train_acc,valid_acc,test_acc,train_loss,valid_loss,train_aug_loss
0.9785342812538147,0.9517045617103577,0.9523374438285828,[1.9719 7.1285 2.0618 1.8559 0.6702 0.4704 0.4952 0.4517 0.3327 0.2578 0.4880 0.4142 0.3415 0.1901 0.3397 0.4085 0.2842 0.2289 0.1721 0.1722 0.1619 0.1379 0.2575 0.1184 0.1621 0.2040 0.2017 0.1715 0.1096 0.1403 0.1346 0.2011 0.1818 0.1099 0.1953 0.2488 0.0859 0.1960 0.2641 0.0763 0.1311 0.0983 0.1446 0.1656 0.0697 0.1084 0.1645 0.1801 0.0946 0.0615 0.1091 0.0968 0.0931 0.1074 0.0768 0.1043 0.0962 0.2164 0.0879 0.1698 0.1829 0.1512 0.1822 0.2732 0.3669 0.0527 0.1840 0.1354 0.2468 0.1600 0.1905 0.2155 0.0723 0.1907 0.0729 0.1034 0.0891 0.1648 0.1365 0.0999 0.0605 0.0897 0.1442 0.1357 0.1564 0.1342 0.1847 0.1130 0.1823 0.1929 0.1389 0.1608 0.0760 0.1054 0.0974 0.2195 0.1079 0.1852 0.0782 0.1844],[1.9806 6.7360 2.1809 2.0275 0.7427 0.5704 0.6052 0.5606 0.4241 0.3407 0.5582 0.5227 0.4030 0.2823 0.4002 0.4981 0.3491 0.3428 0.2641 0.2747 0.2369 0.2208 0.3406 0.2196 0.2580 0.3021 0.3092 0.2852 0.1921 0.2372 0.2288 0.3231 0.2891 0.2194 0.2873 0.3472 0.1807 0.3203 0.4207 0.1790 0.2554 0.2149 0.2598 0.2919 0.1705 0.2283 0.2973 0.3152 0.2127 0.1657 0.2260 0.2110 0.2126 0.2343 0.1864 0.2489 0.2322 0.3686 0.2318 0.3492 0.3220 0.3121 0.3405 0.4694 0.5584 0.1716 0.3664 0.2995 0.4106 0.3490 0.3686 0.4291 0.2111 0.4091 0.2169 0.2618 0.2419 0.3434 0.3298 0.2759 0.2110 0.2549 0.3469 0.3243 0.3432 0.3562 0.3906 0.2856 0.3781 0.4339 0.3589 0.3660 0.2454 0.2912 0.2847 0.4758 0.3170 0.4184 0.2534 0.4191],[2.0740 1.7536 1.1859 0.6779 0.5062 0.4185 0.3748 0.3412 0.3178 0.2970 0.2845 0.2669 0.2590 0.2448 0.2379 0.2295 0.2245 0.2135 0.2101 0.2023 0.1967 0.1908 0.1884 0.1784 0.1793 0.1721 0.1692 0.1687 0.1644 0.1624 0.1585 0.1536 0.1516 0.1515 0.1450 0.1457 0.1415 0.1385 0.1381 0.1359 0.1322 0.1326 0.1309 0.1280 0.1256 0.1218 0.1223 0.1201 0.1200 0.1173 0.1171 0.1160 0.1137 0.1105 0.1099 0.1089 0.1074 0.1081 0.1049 0.1054 0.1026 0.1012 0.1015 0.0987 0.0989 0.0993 0.0947 0.0951 0.0934 0.0942 0.0917 0.0934 0.0915 0.0899 0.0889 0.0859 0.0877 0.0855 0.0854 0.0855 0.0834 0.0833 0.0831 0.0824 0.0793 0.0794 0.0782 0.0800 0.0794 0.0771 0.0769 0.0777 0.0774 0.0731 0.0734 0.0736 0.0725 0.0714 0.0728 0.0721]
