train_acc,valid_acc,test_acc,train_loss,valid_loss,train_aug_loss
0.9768522381782532,0.9620535969734192,0.9572680592536926,[1.9289 2.0708 1.6714 0.5312 0.3798 0.3083 0.2530 0.2375 0.2348 0.2058 0.1959 0.1979 0.1934 0.1680 0.1953 0.1583 0.1391 0.1312 0.1395 0.1288 0.1140 0.1241 0.1140 0.1053 0.1110 0.1127 0.1024 0.1078 0.0999 0.0952 0.1059 0.0898 0.0794 0.0842 0.0903 0.0775 0.0758 0.0671 0.0657 0.0690 0.0683 0.0666 0.0739 0.0614 0.0617 0.0628 0.0623 0.0601 0.0611 0.0664 0.0537 0.0559 0.0534 0.0579 0.0471 0.0513 0.0534 0.0550 0.0541 0.0489 0.0467 0.0462 0.0444 0.0560 0.0439 0.0486 0.0388 0.0419 0.0450 0.0422 0.0352 0.0459 0.0404 0.0367 0.0352 0.0411 0.0366 0.0389 0.0411 0.0340 0.0343 0.0329 0.0412 0.0398 0.0315 0.0313 0.0312 0.0377 0.0335 0.0369 0.0328 0.0335 0.0330 0.0280 0.0312 0.0287 0.0345 0.0395 0.0258 0.0295],[1.9195 2.0555 1.5460 0.5908 0.3915 0.3270 0.2634 0.2504 0.2559 0.2352 0.2276 0.2255 0.2311 0.2085 0.2342 0.2003 0.1894 0.1666 0.1869 0.1745 0.1564 0.1694 0.1620 0.1626 0.1687 0.1715 0.1513 0.1653 0.1621 0.1479 0.1716 0.1434 0.1369 0.1401 0.1499 0.1384 0.1435 0.1303 0.1324 0.1320 0.1274 0.1418 0.1458 0.1307 0.1355 0.1349 0.1449 0.1380 0.1425 0.1406 0.1327 0.1340 0.1298 0.1441 0.1326 0.1342 0.1376 0.1443 0.1433 0.1354 0.1377 0.1380 0.1375 0.1485 0.1323 0.1348 0.1314 0.1409 0.1420 0.1355 0.1302 0.1447 0.1341 0.1335 0.1298 0.1397 0.1323 0.1396 0.1474 0.1391 0.1457 0.1355 0.1525 0.1484 0.1369 0.1381 0.1378 0.1530 0.1451 0.1441 0.1453 0.1347 0.1477 0.1362 0.1469 0.1393 0.1528 0.1535 0.1325 0.1472],[2.0642 1.8188 1.4256 0.7217 0.5043 0.4211 0.3741 0.3370 0.3190 0.2905 0.2797 0.2616 0.2507 0.2447 0.2306 0.2226 0.2155 0.2109 0.2019 0.1974 0.1895 0.1889 0.1835 0.1810 0.1751 0.1713 0.1659 0.1643 0.1605 0.1560 0.1522 0.1503 0.1479 0.1454 0.1439 0.1408 0.1384 0.1357 0.1349 0.1325 0.1318 0.1298 0.1255 0.1250 0.1240 0.1220 0.1199 0.1186 0.1175 0.1164 0.1131 0.1141 0.1134 0.1085 0.1080 0.1069 0.1060 0.1036 0.1020 0.1043 0.0997 0.0986 0.1000 0.0983 0.0975 0.0958 0.0951 0.0944 0.0940 0.0928 0.0900 0.0885 0.0903 0.0898 0.0890 0.0875 0.0870 0.0862 0.0841 0.0834 0.0853 0.0827 0.0829 0.0814 0.0818 0.0813 0.0795 0.0791 0.0754 0.0769 0.0782 0.0772 0.0752 0.0753 0.0762 0.0741 0.0744 0.0708 0.0707 0.0690]
