train_acc,valid_acc,test_acc,train_loss,valid_loss,train_aug_loss
0.9743682742118835,0.9551542401313782,0.9616508483886719,[3.0879 0.7557 0.3312 0.2329 0.1845 0.1820 0.1654 0.1736 0.1655 0.1336 0.1217 0.1247 0.1142 0.1241 0.1043 0.0822 0.1186 0.1135 0.0985 0.0933 0.1051 0.0924 0.1038 0.0764 0.0855 0.0820 0.0776 0.0802 0.0737 0.0864 0.0799 0.0791 0.0762 0.0747 0.0775 0.0686 0.0745 0.0739 0.0569 0.0813 0.0856 0.0613 0.0682 0.0716 0.0726 0.0567 0.0695 0.0794 0.0764 0.0585],[2.9134 0.8521 0.3751 0.2749 0.2500 0.2443 0.2329 0.2158 0.2410 0.1981 0.1922 0.1853 0.1912 0.1877 0.1748 0.1615 0.1972 0.1739 0.1704 0.1681 0.1774 0.1783 0.1947 0.1483 0.1788 0.1642 0.1669 0.1751 0.1565 0.1755 0.1695 0.1814 0.1784 0.1715 0.1634 0.1650 0.1701 0.1721 0.1543 0.1701 0.1968 0.1702 0.1755 0.1807 0.1651 0.1630 0.1762 0.1971 0.1964 0.1666],[1.9353 1.1570 0.5064 0.3954 0.3425 0.3168 0.2980 0.2786 0.2643 0.2554 0.2430 0.2319 0.2299 0.2227 0.2142 0.2080 0.2054 0.1992 0.1960 0.1936 0.1893 0.1863 0.1795 0.1808 0.1743 0.1757 0.1729 0.1664 0.1650 0.1633 0.1618 0.1594 0.1537 0.1539 0.1496 0.1512 0.1493 0.1454 0.1451 0.1445 0.1428 0.1408 0.1390 0.1393 0.1361 0.1353 0.1340 0.1346 0.1297 0.1312]
