train_acc,valid_acc,test_acc,train_loss,valid_loss,train_aug_loss
0.9779475331306458,0.9504870176315308,0.9525200724601746,[2.3072 5.6193 2.2914 0.9720 0.6403 0.4992 0.7946 0.6642 0.5765 0.4491 0.3216 0.1984 0.2487 0.2429 0.3301 0.2191 0.2834 0.1862 0.1488 0.2082 0.1321 0.1239 0.1324 0.1391 0.2217 0.2161 0.1546 0.1386 0.2192 0.1335 0.0917 0.2524 0.1639 0.1496 0.1169 0.1621 0.1166 0.1642 0.1279 0.1145 0.2287 0.1556 0.2088 0.0654 0.1366 0.0966 0.0954 0.2572 0.0823 0.0820 0.1233 0.1083 0.0907 0.2925 0.0767 0.1271 0.0974 0.1150 0.1537 0.1129 0.1667 0.0841 0.1195 0.2027 0.1009 0.1118 0.1341 0.0901 0.1705 0.1103 0.0968 0.1153 0.0575 0.1654 0.1603 0.1761 0.1145 0.2775 0.1170 0.1305 0.1243 0.0457 0.1033 0.1190 0.0485 0.0874 0.0763 0.1035 0.1051 0.0548 0.1161 0.1534 0.0808 0.1213 0.0509 0.1100 0.1253 0.1130 0.1092 0.0923],[2.3096 5.5154 2.5050 1.0663 0.8491 0.6359 0.9169 0.7916 0.6268 0.5502 0.4194 0.2673 0.3020 0.3020 0.4295 0.3073 0.3787 0.2669 0.2325 0.2996 0.2068 0.2086 0.2189 0.2319 0.3289 0.3338 0.2598 0.2401 0.3125 0.2325 0.1775 0.3348 0.2802 0.2463 0.2279 0.2671 0.2104 0.2642 0.2313 0.2382 0.3153 0.2934 0.3508 0.1608 0.2523 0.2079 0.2167 0.3769 0.2027 0.1966 0.2521 0.2502 0.2247 0.4800 0.2006 0.2505 0.2395 0.2774 0.3066 0.2565 0.3402 0.2143 0.2742 0.3765 0.2460 0.2647 0.3020 0.2420 0.3629 0.2777 0.2659 0.2897 0.1801 0.3430 0.3463 0.3686 0.2838 0.4447 0.2860 0.2903 0.3009 0.1764 0.2864 0.3118 0.1877 0.2569 0.2424 0.2778 0.3026 0.2035 0.3147 0.3568 0.2614 0.3427 0.2044 0.2913 0.3409 0.3215 0.3037 0.2751],[2.0452 1.6982 1.1120 0.6465 0.4951 0.4214 0.3759 0.3434 0.3201 0.3015 0.2846 0.2743 0.2628 0.2520 0.2406 0.2313 0.2232 0.2169 0.2112 0.2042 0.1972 0.1937 0.1892 0.1814 0.1781 0.1742 0.1732 0.1662 0.1658 0.1616 0.1559 0.1547 0.1537 0.1490 0.1479 0.1434 0.1431 0.1412 0.1382 0.1348 0.1319 0.1323 0.1303 0.1270 0.1249 0.1234 0.1193 0.1211 0.1225 0.1149 0.1166 0.1141 0.1120 0.1118 0.1109 0.1082 0.1082 0.1031 0.1049 0.1053 0.1011 0.1019 0.1005 0.1024 0.1003 0.0986 0.0957 0.0951 0.0939 0.0912 0.0915 0.0896 0.0902 0.0893 0.0895 0.0892 0.0873 0.0887 0.0876 0.0847 0.0835 0.0838 0.0813 0.0805 0.0806 0.0783 0.0789 0.0781 0.0777 0.0756 0.0747 0.0776 0.0752 0.0747 0.0727 0.0727 0.0702 0.0705 0.0715 0.0708]
