train_acc,valid_acc,test_acc,train_loss,valid_loss,train_aug_loss
0.9808421730995178,0.9610389471054077,0.9638422131538391,[1.9155 0.7193 0.3261 0.2745 0.2809 0.2104 0.1784 0.2153 0.1976 0.1503 0.1941 0.2183 0.1443 0.1465 0.1457 0.1431 0.1237 0.1455 0.1208 0.1311 0.1353 0.1086 0.1001 0.1281 0.0891 0.1478 0.0880 0.1274 0.1140 0.1185 0.1180 0.0905 0.0924 0.0872 0.0785 0.0638 0.0764 0.0848 0.0828 0.0960 0.1063 0.0753 0.1180 0.0960 0.0689 0.0846 0.0880 0.0763 0.0578 0.0747],[1.8414 0.6795 0.3314 0.3108 0.3024 0.2412 0.2223 0.2456 0.2391 0.2006 0.2376 0.2709 0.1934 0.2033 0.2042 0.2070 0.1770 0.2100 0.1770 0.2088 0.2009 0.1828 0.1644 0.2023 0.1550 0.2222 0.1567 0.2056 0.1875 0.1834 0.1864 0.1590 0.1711 0.1643 0.1568 0.1409 0.1472 0.1686 0.1620 0.1726 0.1878 0.1639 0.2115 0.1803 0.1499 0.1699 0.1739 0.1677 0.1475 0.1653],[1.8734 1.1707 0.6765 0.5283 0.4532 0.4059 0.3750 0.3511 0.3346 0.3205 0.3031 0.2934 0.2817 0.2800 0.2729 0.2622 0.2554 0.2514 0.2473 0.2407 0.2386 0.2316 0.2264 0.2268 0.2196 0.2175 0.2140 0.2113 0.2085 0.2088 0.2046 0.2040 0.2003 0.1974 0.1958 0.1941 0.1934 0.1896 0.1873 0.1849 0.1828 0.1827 0.1810 0.1792 0.1761 0.1761 0.1746 0.1709 0.1718 0.1672]
