train_acc,valid_acc,test_acc,train_loss,valid_loss,train_aug_loss
0.9891644716262817,0.9653003215789795,0.9623813033103943,[2.1450 0.3793 0.2732 0.2347 0.2468 0.2102 0.2154 0.2193 0.1611 0.1810 0.1515 0.1363 0.1657 0.1439 0.1092 0.1017 0.1276 0.1465 0.0986 0.1315 0.1518 0.0977 0.1312 0.0921 0.0789 0.1058 0.1099 0.1073 0.0934 0.0924 0.1145 0.0723 0.0595 0.0632 0.0932 0.0669 0.0463 0.0483 0.0661 0.0564 0.0638 0.0529 0.0628 0.0673 0.0626 0.0623 0.0388 0.0678 0.0619 0.0633 0.0289 0.0436 0.0505 0.0396 0.0619 0.0630 0.0552 0.0536 0.0545 0.0233 0.0436 0.0682 0.0361 0.1033 0.0333 0.0662 0.0427 0.0509 0.0650 0.0441 0.0442 0.0242 0.0283 0.0420 0.0407 0.0433 0.0357 0.0452 0.0316 0.0149 0.0281 0.0136 0.0549 0.0329 0.0242 0.0182 0.0192 0.0183 0.0281 0.0177 0.0383 0.0160 0.0193 0.0312 0.0180 0.0200 0.0104 0.0229 0.0231 0.0260],[2.2947 0.4135 0.3061 0.2578 0.2920 0.2627 0.2499 0.2721 0.2035 0.2324 0.2041 0.1831 0.2165 0.1979 0.1664 0.1613 0.2010 0.2094 0.1729 0.2011 0.2354 0.1723 0.2188 0.1759 0.1598 0.1936 0.2070 0.1837 0.1843 0.1966 0.2227 0.1641 0.1548 0.1552 0.1982 0.1587 0.1490 0.1401 0.1691 0.1612 0.1698 0.1503 0.1806 0.1804 0.1721 0.1703 0.1488 0.2048 0.1851 0.1862 0.1339 0.1612 0.1616 0.1517 0.1860 0.1912 0.1813 0.1920 0.1878 0.1394 0.1746 0.2143 0.1705 0.2685 0.1663 0.2269 0.1869 0.2012 0.2162 0.1951 0.2011 0.1677 0.1682 0.1903 0.1838 0.1852 0.1823 0.2084 0.1943 0.1604 0.1749 0.1477 0.2207 0.1960 0.1797 0.1564 0.1741 0.1655 0.1913 0.1732 0.2167 0.1500 0.1686 0.2045 0.1766 0.1855 0.1646 0.1925 0.1817 0.2008],[1.7490 0.6205 0.4130 0.3470 0.3108 0.2830 0.2652 0.2461 0.2336 0.2273 0.2133 0.2039 0.1947 0.1882 0.1835 0.1781 0.1721 0.1655 0.1628 0.1577 0.1524 0.1501 0.1473 0.1434 0.1417 0.1377 0.1362 0.1334 0.1270 0.1267 0.1234 0.1219 0.1192 0.1166 0.1143 0.1132 0.1122 0.1090 0.1070 0.1057 0.1040 0.1052 0.1010 0.1010 0.0980 0.0968 0.0962 0.0911 0.0960 0.0956 0.0916 0.0904 0.0890 0.0885 0.0890 0.0847 0.0862 0.0823 0.0823 0.0814 0.0807 0.0806 0.0775 0.0773 0.0783 0.0762 0.0765 0.0745 0.0744 0.0736 0.0734 0.0719 0.0735 0.0727 0.0691 0.0705 0.0700 0.0673 0.0689 0.0663 0.0660 0.0646 0.0648 0.0646 0.0618 0.0641 0.0620 0.0630 0.0622 0.0597 0.0613 0.0595 0.0596 0.0608 0.0561 0.0584 0.0578 0.0574 0.0581 0.0559]
