train_acc,valid_acc,test_acc,train_loss,valid_loss,train_aug_loss
0.9937509894371033,0.9742289185523987,0.9671292901039124,[1.9950 1.9570 1.4742 0.8137 0.3915 0.3402 0.2865 0.2603 0.2438 0.1834 0.1992 0.1858 0.1859 0.1351 0.1428 0.1828 0.1794 0.1271 0.1430 0.1528 0.1081 0.1039 0.0867 0.1089 0.0967 0.0973 0.0940 0.0781 0.0742 0.0793 0.0727 0.0670 0.0867 0.0710 0.0702 0.0747 0.0656 0.0592 0.0550 0.0578 0.0622 0.0598 0.0566 0.0536 0.0546 0.0512 0.0484 0.0556 0.0513 0.0575 0.0553 0.0529 0.0469 0.0389 0.0498 0.0446 0.0428 0.0406 0.0375 0.0475 0.0540 0.0426 0.0335 0.0465 0.0469 0.0361 0.0436 0.0325 0.0716 0.0401 0.0359 0.0342 0.0302 0.0374 0.0327 0.0383 0.0377 0.0315 0.0278 0.0336 0.0271 0.0403 0.0299 0.0245 0.0287 0.0233 0.0281 0.0248 0.0266 0.0264 0.0442 0.0351 0.0308 0.0255 0.0292 0.0215 0.0182 0.0253 0.0349 0.0310],[1.9778 1.9036 1.5190 0.8709 0.4171 0.3754 0.3076 0.2808 0.2706 0.2028 0.2336 0.2084 0.2271 0.1644 0.1756 0.2065 0.2125 0.1516 0.1748 0.1831 0.1482 0.1408 0.1287 0.1499 0.1366 0.1368 0.1264 0.1166 0.1192 0.1287 0.1204 0.1169 0.1297 0.1280 0.1206 0.1248 0.1128 0.1120 0.1022 0.1115 0.1187 0.1163 0.1112 0.1116 0.1144 0.1127 0.1058 0.1242 0.1161 0.1342 0.1284 0.1268 0.1130 0.1011 0.1300 0.1084 0.1059 0.1097 0.1016 0.1214 0.1434 0.1219 0.1071 0.1279 0.1280 0.1116 0.1285 0.1032 0.1780 0.1265 0.1158 0.1107 0.1043 0.1233 0.1147 0.1311 0.1301 0.1118 0.1035 0.1216 0.1047 0.1416 0.1205 0.1011 0.1158 0.1035 0.1158 0.1101 0.1092 0.1109 0.1609 0.1394 0.1219 0.1161 0.1324 0.1088 0.0978 0.1202 0.1511 0.1315],[2.0680 1.8079 1.5605 0.9328 0.5872 0.4778 0.4188 0.3713 0.3449 0.3191 0.3014 0.2855 0.2729 0.2600 0.2559 0.2416 0.2339 0.2247 0.2189 0.2130 0.2094 0.2038 0.1956 0.1918 0.1875 0.1845 0.1783 0.1767 0.1717 0.1692 0.1648 0.1604 0.1609 0.1563 0.1538 0.1528 0.1501 0.1493 0.1449 0.1436 0.1395 0.1368 0.1371 0.1342 0.1341 0.1322 0.1305 0.1294 0.1251 0.1265 0.1211 0.1220 0.1196 0.1204 0.1193 0.1171 0.1127 0.1135 0.1143 0.1109 0.1086 0.1121 0.1052 0.1079 0.1053 0.1031 0.1043 0.1037 0.1013 0.0994 0.1006 0.0953 0.0969 0.0976 0.0954 0.0918 0.0956 0.0924 0.0942 0.0937 0.0902 0.0896 0.0893 0.0875 0.0879 0.0855 0.0864 0.0852 0.0856 0.0856 0.0829 0.0820 0.0820 0.0798 0.0799 0.0796 0.0805 0.0774 0.0772 0.0789]
