train_acc,valid_acc,test_acc,train_loss,valid_loss,train_aug_loss
0.9951807856559753,0.9711573719978333,0.9480369687080383,[2.6041 0.6092 0.2535 0.2103 0.1684 0.1756 0.1471 0.1621 0.1105 0.1194 0.1001 0.1279 0.0997 0.0859 0.0944 0.0728 0.0695 0.0753 0.0772 0.0593 0.0685 0.0562 0.0630 0.0586 0.0549 0.0476 0.0511 0.0504 0.0455 0.0483 0.0371 0.0522 0.0356 0.0389 0.0346 0.0379 0.0358 0.0318 0.0366 0.0301 0.0339 0.0281 0.0276 0.0251 0.0248 0.0273 0.0286 0.0288 0.0246 0.0224 0.0292 0.0240 0.0186 0.0195 0.0197 0.0188 0.0161 0.0202 0.0146 0.0176 0.0198 0.0139 0.0150 0.0170 0.0129 0.0153 0.0146 0.0110 0.0115 0.0139 0.0117 0.0147 0.0150 0.0154 0.0097 0.0130 0.0109 0.0172 0.0133 0.0082 0.0086 0.0097 0.0187 0.0077 0.0094 0.0082 0.0080 0.0072 0.0068 0.0060 0.0060 0.0105 0.0101 0.0115 0.0094 0.0054 0.0133 0.0097 0.0090 0.0054],[2.5775 0.6927 0.2935 0.2654 0.2134 0.2227 0.2034 0.2110 0.1680 0.1760 0.1557 0.1968 0.1558 0.1523 0.1512 0.1408 0.1335 0.1432 0.1519 0.1285 0.1444 0.1330 0.1440 0.1423 0.1339 0.1297 0.1260 0.1350 0.1369 0.1419 0.1175 0.1577 0.1168 0.1302 0.1190 0.1238 0.1222 0.1273 0.1271 0.1169 0.1367 0.1335 0.1180 0.1175 0.1224 0.1318 0.1252 0.1474 0.1264 0.1297 0.1468 0.1308 0.1204 0.1301 0.1395 0.1380 0.1192 0.1362 0.1309 0.1245 0.1354 0.1142 0.1286 0.1419 0.1225 0.1443 0.1538 0.1244 0.1383 0.1389 0.1237 0.1455 0.1448 0.1470 0.1199 0.1454 0.1315 0.1567 0.1347 0.1350 0.1274 0.1401 0.1728 0.1216 0.1451 0.1475 0.1315 0.1314 0.1395 0.1354 0.1331 0.1581 0.1499 0.1733 0.1266 0.1361 0.1894 0.1717 0.1639 0.1584],[1.8393 0.7791 0.4636 0.3652 0.3189 0.2894 0.2657 0.2485 0.2304 0.2201 0.2072 0.1975 0.1906 0.1855 0.1766 0.1711 0.1613 0.1580 0.1543 0.1468 0.1436 0.1423 0.1344 0.1334 0.1304 0.1253 0.1231 0.1219 0.1188 0.1150 0.1133 0.1110 0.1076 0.1056 0.1028 0.1012 0.1010 0.0979 0.0968 0.0937 0.0925 0.0911 0.0894 0.0886 0.0868 0.0860 0.0837 0.0840 0.0804 0.0806 0.0779 0.0770 0.0753 0.0756 0.0743 0.0714 0.0722 0.0727 0.0713 0.0700 0.0690 0.0665 0.0650 0.0657 0.0655 0.0642 0.0640 0.0616 0.0608 0.0621 0.0592 0.0602 0.0577 0.0573 0.0577 0.0575 0.0567 0.0553 0.0562 0.0547 0.0522 0.0519 0.0543 0.0534 0.0503 0.0497 0.0508 0.0502 0.0481 0.0493 0.0483 0.0461 0.0470 0.0459 0.0463 0.0463 0.0445 0.0443 0.0459 0.0426]
