train_acc,valid_acc,test_acc,train_loss,valid_loss,train_aug_loss
0.9725590944290161,0.9411525726318359,0.9377282857894897,[2.1617 6.8206 1.6532 1.1285 1.1561 0.6844 0.4341 0.3773 0.4699 0.3741 0.4137 0.2925 0.4016 0.2766 0.2462 0.3225 0.4029 0.1856 0.2636 0.3125 0.1989 0.4406 0.2453 0.2581 0.1727 0.1650 0.1929 0.1602 0.3008 0.2308 0.1627 0.1873 0.2495 0.1966 0.4434 0.1416 0.2225 0.1818 0.1405 0.2101 0.1904 0.1443 0.3138 0.1501 0.1873 0.1575 0.3251 0.1461 0.0876 0.1178 0.2495 0.1618 0.3207 0.2397 0.1498 0.3066 0.2441 0.1711 0.1489 0.2503 0.1356 0.1906 0.1053 0.0755 0.1204 0.1474 0.1644 0.3563 0.1778 0.1461 0.1318 0.1572 0.1137 0.0988 0.1428 0.2403 0.3030 0.2538 0.1002 0.1182 0.1020 0.2011 0.3040 0.0990 0.0817 0.0945 0.1341 0.2386 0.1373 0.0908 0.0635 0.0768 0.4995 0.1072 0.1537 0.0949 0.1548 0.0923 0.1528 0.1277],[2.1578 6.5997 1.7969 1.3557 1.1605 0.8329 0.5312 0.4760 0.5937 0.4862 0.4748 0.3686 0.4886 0.3726 0.3349 0.3848 0.5124 0.2919 0.3769 0.3952 0.2837 0.5232 0.3566 0.3690 0.2530 0.2727 0.3028 0.2619 0.4022 0.3418 0.2822 0.3103 0.3685 0.3093 0.5107 0.2435 0.3274 0.3061 0.2580 0.3419 0.3170 0.2732 0.4262 0.2638 0.3328 0.2931 0.4494 0.2792 0.2019 0.2401 0.3813 0.3097 0.4649 0.3852 0.3047 0.4551 0.4030 0.3320 0.3106 0.4369 0.2935 0.3642 0.2527 0.1978 0.2830 0.3307 0.3362 0.5173 0.3280 0.3089 0.2890 0.3133 0.2716 0.2588 0.3179 0.4264 0.4863 0.4819 0.2710 0.2815 0.2615 0.3921 0.4712 0.2907 0.2422 0.2597 0.3233 0.4507 0.3323 0.2585 0.2125 0.2406 0.7079 0.3168 0.3814 0.2891 0.3835 0.2892 0.3846 0.3336],[2.0438 1.7297 1.1659 0.6527 0.4995 0.4259 0.3856 0.3548 0.3261 0.3068 0.2916 0.2836 0.2685 0.2546 0.2504 0.2374 0.2274 0.2203 0.2126 0.2100 0.2033 0.1987 0.1913 0.1910 0.1841 0.1772 0.1761 0.1716 0.1654 0.1618 0.1617 0.1577 0.1540 0.1507 0.1502 0.1477 0.1453 0.1429 0.1432 0.1381 0.1385 0.1346 0.1331 0.1281 0.1282 0.1261 0.1247 0.1247 0.1228 0.1183 0.1192 0.1168 0.1145 0.1147 0.1132 0.1106 0.1089 0.1083 0.1080 0.1069 0.1042 0.1009 0.1026 0.1006 0.0999 0.0979 0.0994 0.0954 0.0958 0.0951 0.0932 0.0912 0.0927 0.0920 0.0917 0.0894 0.0888 0.0862 0.0866 0.0864 0.0854 0.0846 0.0837 0.0814 0.0818 0.0811 0.0798 0.0777 0.0803 0.0787 0.0772 0.0751 0.0778 0.0754 0.0745 0.0738 0.0725 0.0737 0.0728 0.0714]
