train_acc,valid_acc,test_acc,train_loss,valid_loss,train_aug_loss
0.9799522757530212,0.9567775726318359,0.9603725075721741,[2.0828 0.8473 0.3895 0.2616 0.2405 0.1732 0.2316 0.2691 0.1909 0.1415 0.1775 0.1711 0.2177 0.1806 0.2147 0.1465 0.1492 0.1079 0.1268 0.1820 0.1237 0.0944 0.1215 0.0995 0.0993 0.1222 0.0868 0.1104 0.1198 0.0807 0.1009 0.0954 0.0911 0.1135 0.0678 0.0945 0.0689 0.1015 0.0797 0.0881 0.1396 0.0738 0.1077 0.0653 0.0801 0.0937 0.0844 0.0701 0.0591 0.0834],[2.0448 0.8476 0.4352 0.3053 0.2807 0.2153 0.2895 0.3210 0.2431 0.2064 0.2272 0.2276 0.2592 0.2354 0.2698 0.2055 0.2057 0.1738 0.1780 0.2328 0.1907 0.1616 0.1916 0.1692 0.1679 0.1991 0.1670 0.1735 0.1936 0.1557 0.1797 0.1680 0.1663 0.1887 0.1433 0.1858 0.1519 0.1806 0.1615 0.1532 0.2285 0.1542 0.1830 0.1466 0.1678 0.1843 0.1704 0.1618 0.1445 0.1742],[1.9025 1.3354 0.7256 0.5393 0.4627 0.4118 0.3792 0.3552 0.3342 0.3216 0.3118 0.2963 0.2899 0.2798 0.2685 0.2688 0.2624 0.2536 0.2452 0.2405 0.2426 0.2351 0.2302 0.2273 0.2214 0.2243 0.2183 0.2166 0.2122 0.2056 0.2078 0.2033 0.2042 0.1985 0.1939 0.1969 0.1900 0.1897 0.1860 0.1855 0.1832 0.1811 0.1818 0.1769 0.1758 0.1710 0.1788 0.1708 0.1722 0.1717]
