train_acc,valid_acc,test_acc,train_loss,valid_loss,train_aug_loss
0.9749745726585388,0.9575892686843872,0.95306795835495,[2.0366 1.4104 0.9448 0.6552 0.4558 0.3396 0.3308 0.2855 0.2491 0.2365 0.2180 0.2244 0.1908 0.1544 0.1542 0.1918 0.2159 0.1583 0.1573 0.1497 0.1396 0.1293 0.1170 0.1467 0.1276 0.1502 0.1320 0.1319 0.1012 0.1248 0.1085 0.1326 0.1203 0.1130 0.1399 0.1431 0.1066 0.1023 0.1166 0.1216 0.1297 0.1330 0.0992 0.0764 0.0919 0.1080 0.0912 0.0798 0.0937 0.0877],[1.9284 1.2767 0.8987 0.6161 0.4584 0.3524 0.3191 0.2999 0.2610 0.2535 0.2478 0.2536 0.2204 0.1896 0.1916 0.2184 0.2384 0.2025 0.2060 0.1920 0.1896 0.1824 0.1648 0.1910 0.1778 0.1979 0.1893 0.1837 0.1631 0.1784 0.1701 0.1938 0.1854 0.1746 0.2008 0.2094 0.1705 0.1707 0.1835 0.1887 0.2009 0.1938 0.1689 0.1492 0.1614 0.1820 0.1690 0.1580 0.1677 0.1702],[1.9413 1.6139 1.0234 0.6940 0.5567 0.4859 0.4397 0.3995 0.3810 0.3550 0.3343 0.3215 0.3044 0.2981 0.2908 0.2811 0.2694 0.2615 0.2592 0.2479 0.2425 0.2393 0.2343 0.2297 0.2250 0.2206 0.2173 0.2145 0.2110 0.2075 0.2030 0.2023 0.1974 0.1943 0.1938 0.1910 0.1848 0.1860 0.1863 0.1828 0.1797 0.1786 0.1746 0.1754 0.1709 0.1724 0.1722 0.1677 0.1663 0.1614]
