train_acc,valid_acc,test_acc,train_loss,valid_loss,train_aug_loss
0.9900641441345215,0.9653003215789795,0.9638422131538391,[2.3149 0.4287 0.2818 0.2399 0.2143 0.2172 0.2025 0.1757 0.1862 0.1781 0.1928 0.1314 0.1442 0.1522 0.1188 0.1020 0.1597 0.1849 0.1529 0.1482 0.1029 0.0831 0.1007 0.0815 0.0887 0.0892 0.0994 0.1013 0.1017 0.0885 0.0898 0.0931 0.0540 0.0711 0.0562 0.0669 0.0973 0.0661 0.0563 0.0549 0.0643 0.0530 0.0644 0.0620 0.0683 0.0601 0.0463 0.0959 0.0284 0.0506 0.0319 0.0594 0.0408 0.0397 0.0497 0.0432 0.0566 0.0522 0.0808 0.0355 0.0436 0.0408 0.0411 0.0434 0.0259 0.0559 0.0304 0.0308 0.0358 0.0265 0.0640 0.0364 0.0291 0.0233 0.0417 0.0613 0.0195 0.0241 0.0380 0.0420 0.0262 0.0347 0.0650 0.0274 0.0448 0.0412 0.0264 0.0179 0.0116 0.0288 0.0363 0.0298 0.0285 0.0398 0.0363 0.0616 0.0215 0.0139 0.0141 0.0146],[2.3116 0.4277 0.3017 0.2651 0.2550 0.2776 0.2335 0.2173 0.2393 0.2287 0.2509 0.1821 0.1990 0.2079 0.1792 0.1618 0.2191 0.2665 0.2164 0.2301 0.1746 0.1486 0.1824 0.1604 0.1637 0.1658 0.1915 0.1826 0.1878 0.1750 0.1870 0.1879 0.1365 0.1677 0.1405 0.1633 0.2131 0.1608 0.1516 0.1548 0.1627 0.1471 0.1690 0.1702 0.1726 0.1618 0.1503 0.2314 0.1193 0.1640 0.1244 0.1773 0.1535 0.1442 0.1718 0.1665 0.1875 0.1774 0.2325 0.1504 0.1748 0.1762 0.1708 0.1671 0.1396 0.2056 0.1513 0.1590 0.1528 0.1573 0.2260 0.1693 0.1573 0.1534 0.1885 0.2269 0.1510 0.1523 0.1893 0.2022 0.1660 0.1897 0.2579 0.1894 0.2008 0.2038 0.1727 0.1532 0.1420 0.1887 0.1942 0.1979 0.1937 0.2199 0.2067 0.2726 0.1691 0.1502 0.1552 0.1544],[1.7314 0.6110 0.4046 0.3358 0.3015 0.2776 0.2567 0.2437 0.2258 0.2194 0.2068 0.1985 0.1919 0.1865 0.1811 0.1757 0.1691 0.1659 0.1611 0.1540 0.1517 0.1494 0.1456 0.1417 0.1379 0.1401 0.1324 0.1324 0.1296 0.1255 0.1223 0.1226 0.1173 0.1173 0.1137 0.1121 0.1112 0.1108 0.1072 0.1055 0.1040 0.1048 0.0988 0.1004 0.1015 0.0986 0.0956 0.0945 0.0921 0.0922 0.0930 0.0891 0.0887 0.0909 0.0853 0.0855 0.0851 0.0844 0.0830 0.0834 0.0798 0.0773 0.0808 0.0813 0.0782 0.0747 0.0748 0.0764 0.0765 0.0759 0.0713 0.0727 0.0719 0.0715 0.0710 0.0688 0.0709 0.0663 0.0675 0.0669 0.0667 0.0667 0.0636 0.0632 0.0643 0.0658 0.0616 0.0616 0.0643 0.0622 0.0605 0.0590 0.0595 0.0618 0.0580 0.0588 0.0571 0.0557 0.0580 0.0566]
