train_acc,valid_acc,test_acc,train_loss,valid_loss,train_aug_loss
0.9725786447525024,0.9557629823684692,0.9589115977287292,[1.9482 1.0278 0.6898 0.3563 0.2276 0.3278 0.2801 0.1796 0.1596 0.2199 0.1468 0.1338 0.2292 0.1528 0.1481 0.1560 0.1253 0.1286 0.1101 0.1155 0.1478 0.1220 0.0975 0.1085 0.1481 0.1470 0.1148 0.1028 0.0742 0.1128 0.0876 0.1241 0.0827 0.1102 0.1084 0.1238 0.1208 0.1098 0.1216 0.0865 0.1191 0.0875 0.0858 0.0968 0.0968 0.1570 0.0859 0.0723 0.1123 0.0927],[1.9578 0.9465 0.6035 0.3493 0.2527 0.3198 0.2851 0.2071 0.1889 0.2399 0.1876 0.1740 0.2678 0.1920 0.1854 0.1989 0.1702 0.1720 0.1653 0.1653 0.1913 0.1768 0.1515 0.1574 0.1922 0.1964 0.1720 0.1547 0.1389 0.1707 0.1380 0.1814 0.1390 0.1658 0.1633 0.1863 0.1780 0.1655 0.1863 0.1499 0.1910 0.1550 0.1468 0.1620 0.1629 0.2304 0.1529 0.1402 0.1814 0.1614],[1.8866 1.3350 0.7784 0.5732 0.4860 0.4344 0.3989 0.3699 0.3487 0.3292 0.3158 0.3029 0.2968 0.2839 0.2743 0.2701 0.2625 0.2548 0.2501 0.2486 0.2424 0.2367 0.2309 0.2284 0.2222 0.2224 0.2174 0.2116 0.2082 0.2108 0.2069 0.2035 0.2026 0.1997 0.1967 0.1972 0.1887 0.1915 0.1907 0.1876 0.1841 0.1858 0.1846 0.1781 0.1761 0.1764 0.1742 0.1704 0.1721 0.1729]
