train_acc,valid_acc,test_acc,train_loss,valid_loss,train_aug_loss
0.9812235832214355,0.9638798832893372,0.9656683802604675,[2.6043 0.9251 0.3258 0.2403 0.2079 0.2414 0.1775 0.2137 0.1692 0.1513 0.1504 0.1535 0.1584 0.1236 0.1331 0.1142 0.1082 0.1159 0.1011 0.1041 0.0833 0.0913 0.1007 0.0934 0.0987 0.0968 0.0857 0.0858 0.0856 0.0632 0.0754 0.0912 0.0749 0.0757 0.0732 0.0671 0.0590 0.0815 0.0607 0.0552 0.0650 0.0827 0.0825 0.0575 0.0810 0.0492 0.0677 0.0746 0.0580 0.0546],[2.5089 0.9220 0.3786 0.2706 0.2261 0.2672 0.1942 0.2592 0.1928 0.1789 0.1829 0.2046 0.1891 0.1605 0.1897 0.1584 0.1588 0.1647 0.1557 0.1553 0.1338 0.1442 0.1546 0.1476 0.1631 0.1677 0.1524 0.1533 0.1508 0.1280 0.1362 0.1605 0.1441 0.1448 0.1357 0.1387 0.1228 0.1675 0.1302 0.1232 0.1356 0.1618 0.1607 0.1306 0.1470 0.1281 0.1534 0.1487 0.1379 0.1314],[1.9747 1.3973 0.5603 0.4130 0.3610 0.3317 0.3034 0.2866 0.2748 0.2623 0.2541 0.2427 0.2353 0.2255 0.2179 0.2134 0.2077 0.2023 0.2005 0.1953 0.1920 0.1876 0.1862 0.1855 0.1802 0.1749 0.1719 0.1695 0.1664 0.1643 0.1631 0.1644 0.1597 0.1577 0.1575 0.1555 0.1540 0.1491 0.1496 0.1481 0.1450 0.1451 0.1407 0.1420 0.1415 0.1384 0.1376 0.1351 0.1339 0.1336]
