train_acc,valid_acc,test_acc,train_loss,valid_loss,train_aug_loss
0.9851842522621155,0.9642857313156128,0.9638422131538391,[2.6686 0.9794 0.3407 0.2558 0.2418 0.1785 0.1585 0.1643 0.1466 0.1564 0.1351 0.1420 0.1480 0.1150 0.1167 0.0930 0.1084 0.0926 0.0961 0.1112 0.0866 0.0950 0.1097 0.0914 0.0912 0.0879 0.1081 0.0785 0.0937 0.0886 0.0818 0.0699 0.0833 0.0705 0.0726 0.0864 0.0765 0.0668 0.0821 0.1022 0.0846 0.0631 0.0662 0.0666 0.0657 0.0636 0.0667 0.0704 0.0644 0.0468],[2.5365 1.0639 0.3931 0.2822 0.2812 0.2075 0.1797 0.1855 0.1737 0.1862 0.1668 0.1671 0.1931 0.1403 0.1454 0.1352 0.1447 0.1501 0.1367 0.1566 0.1257 0.1382 0.1473 0.1353 0.1422 0.1346 0.1482 0.1262 0.1406 0.1520 0.1288 0.1355 0.1397 0.1211 0.1262 0.1445 0.1405 0.1272 0.1487 0.1634 0.1402 0.1192 0.1314 0.1341 0.1389 0.1265 0.1337 0.1359 0.1330 0.1170],[1.9746 1.3683 0.5248 0.3947 0.3495 0.3191 0.2932 0.2773 0.2650 0.2561 0.2461 0.2333 0.2290 0.2245 0.2161 0.2108 0.2040 0.1994 0.1981 0.1909 0.1888 0.1836 0.1867 0.1792 0.1770 0.1741 0.1687 0.1704 0.1673 0.1633 0.1619 0.1565 0.1587 0.1538 0.1527 0.1530 0.1493 0.1493 0.1469 0.1435 0.1402 0.1428 0.1385 0.1384 0.1386 0.1345 0.1345 0.1335 0.1323 0.1307]
