train_acc,valid_acc,test_acc,train_loss,valid_loss,train_aug_loss
0.9850571155548096,0.9667207598686218,0.9627465009689331,[2.5126 1.3229 0.3180 0.2421 0.2007 0.1774 0.1642 0.1531 0.1402 0.1297 0.1322 0.1283 0.1222 0.1072 0.1081 0.1074 0.1083 0.1014 0.0956 0.0948 0.0927 0.1084 0.1005 0.0983 0.0853 0.0732 0.0754 0.0846 0.0714 0.1023 0.0587 0.0707 0.0725 0.0603 0.0760 0.0741 0.0653 0.0661 0.0596 0.0667 0.0673 0.0764 0.0725 0.0744 0.0739 0.0458 0.0660 0.0680 0.0443 0.0477],[2.4396 1.5391 0.3428 0.2832 0.2191 0.2253 0.2036 0.2121 0.1813 0.1745 0.1660 0.1822 0.1752 0.1673 0.1595 0.1553 0.1732 0.1526 0.1504 0.1568 0.1623 0.1727 0.1749 0.1625 0.1545 0.1446 0.1466 0.1594 0.1458 0.1698 0.1375 0.1530 0.1559 0.1376 0.1506 0.1442 0.1441 0.1573 0.1331 0.1515 0.1617 0.1543 0.1561 0.1600 0.1657 0.1387 0.1439 0.1688 0.1275 0.1355],[1.9532 1.3395 0.5355 0.4080 0.3522 0.3230 0.3014 0.2816 0.2704 0.2586 0.2461 0.2441 0.2284 0.2254 0.2162 0.2103 0.2066 0.2028 0.2000 0.1972 0.1922 0.1904 0.1799 0.1813 0.1795 0.1740 0.1730 0.1677 0.1650 0.1657 0.1600 0.1607 0.1577 0.1549 0.1510 0.1549 0.1504 0.1475 0.1463 0.1447 0.1435 0.1414 0.1417 0.1400 0.1338 0.1353 0.1364 0.1336 0.1302 0.1305]
