train_acc,valid_acc,test_acc,train_loss,valid_loss,train_aug_loss
0.9897111654281616,0.9678714871406555,0.9494803547859192,[4.1670 1.0411 0.4261 0.3613 0.2788 0.2416 0.1472 0.1395 0.1533 0.1342 0.1170 0.1428 0.1371 0.1167 0.1016 0.1204 0.0839 0.0795 0.0891 0.0744 0.1042 0.0771 0.0679 0.0679 0.0619 0.0720 0.0691 0.0610 0.0594 0.0922 0.0539 0.0535 0.0628 0.0627 0.0530 0.0825 0.0556 0.0609 0.0577 0.0555 0.0728 0.0741 0.0692 0.0420 0.0982 0.0371 0.0474 0.0383 0.0517 0.0382 0.0416 0.0515 0.0304 0.0352 0.0287 0.0298 0.0277 0.0288 0.0306 0.0302 0.0293 0.0323 0.0321 0.0280 0.0229 0.0307 0.0265 0.0346 0.0366 0.0292 0.0370 0.0207 0.0268 0.0198 0.0224 0.0262 0.0231 0.0246 0.0199 0.0282 0.0177 0.0223 0.0192 0.0408 0.0178 0.0207 0.0362 0.0193 0.0202 0.0249 0.0382 0.0169 0.0178 0.0157 0.0168 0.0168 0.0182 0.0195 0.0179 0.0430],[3.9231 1.0489 0.4818 0.3945 0.3018 0.2929 0.2050 0.1906 0.2033 0.1897 0.1660 0.1820 0.1906 0.1766 0.1706 0.2172 0.1510 0.1378 0.1758 0.1356 0.1625 0.1572 0.1283 0.1334 0.1372 0.1553 0.1639 0.1319 0.1417 0.2063 0.1357 0.1363 0.1572 0.1624 0.1393 0.1892 0.1474 0.1505 0.1520 0.1586 0.2033 0.1878 0.1951 0.1454 0.2533 0.1146 0.1583 0.1404 0.1675 0.1575 0.1550 0.1939 0.1239 0.1426 0.1126 0.1209 0.1370 0.1420 0.1381 0.1432 0.1386 0.1562 0.1664 0.1377 0.1250 0.1518 0.1458 0.1791 0.1810 0.1533 0.1795 0.1499 0.1566 0.1331 0.1264 0.1561 0.1598 0.1590 0.1355 0.1666 0.1292 0.1669 0.1369 0.2093 0.1149 0.1459 0.2135 0.1435 0.1473 0.1775 0.2245 0.1701 0.1589 0.1329 0.1523 0.1504 0.1695 0.1635 0.1806 0.2432],[1.9844 1.2757 0.5328 0.3907 0.3395 0.2980 0.2775 0.2563 0.2456 0.2337 0.2223 0.2136 0.2035 0.2005 0.1918 0.1833 0.1781 0.1717 0.1709 0.1644 0.1608 0.1596 0.1534 0.1496 0.1454 0.1448 0.1398 0.1405 0.1355 0.1353 0.1335 0.1289 0.1275 0.1260 0.1224 0.1216 0.1218 0.1186 0.1170 0.1118 0.1133 0.1127 0.1108 0.1082 0.1063 0.1024 0.1056 0.1032 0.1012 0.1004 0.1003 0.0997 0.0962 0.0974 0.0941 0.0928 0.0947 0.0913 0.0919 0.0898 0.0877 0.0897 0.0874 0.0861 0.0854 0.0841 0.0845 0.0850 0.0826 0.0819 0.0796 0.0792 0.0812 0.0801 0.0761 0.0771 0.0755 0.0757 0.0749 0.0757 0.0748 0.0742 0.0733 0.0725 0.0746 0.0721 0.0679 0.0706 0.0681 0.0694 0.0684 0.0669 0.0668 0.0667 0.0663 0.0637 0.0650 0.0656 0.0644 0.0630]
