train_acc,valid_acc,test_acc,train_loss,valid_loss,train_aug_loss
0.9811551570892334,0.9612419009208679,0.9636595845222473,[2.2606 0.5340 0.2750 0.2769 0.2095 0.1602 0.1675 0.1664 0.1928 0.1373 0.1365 0.1644 0.1583 0.1372 0.1540 0.1477 0.1107 0.1607 0.1445 0.1318 0.1249 0.0973 0.1141 0.1051 0.1427 0.1084 0.0905 0.0843 0.1085 0.1326 0.1024 0.1029 0.0845 0.0741 0.0786 0.0886 0.0838 0.0878 0.0879 0.1015 0.0751 0.0919 0.0741 0.0654 0.0645 0.0605 0.0955 0.0952 0.0896 0.0999],[2.1940 0.5708 0.2918 0.2847 0.2288 0.2000 0.2042 0.2062 0.2228 0.1753 0.1803 0.2042 0.2091 0.1753 0.2023 0.2099 0.1754 0.2190 0.1924 0.1840 0.1841 0.1643 0.1679 0.1634 0.2098 0.1779 0.1671 0.1475 0.1692 0.2029 0.1807 0.1683 0.1518 0.1419 0.1482 0.1627 0.1485 0.1576 0.1657 0.1713 0.1500 0.1644 0.1477 0.1425 0.1403 0.1314 0.1731 0.1758 0.1701 0.1847],[1.8223 0.9783 0.6001 0.4829 0.4254 0.3973 0.3702 0.3480 0.3326 0.3149 0.3065 0.2986 0.2934 0.2841 0.2768 0.2672 0.2599 0.2608 0.2549 0.2495 0.2466 0.2455 0.2388 0.2338 0.2280 0.2299 0.2274 0.2236 0.2198 0.2154 0.2182 0.2136 0.2125 0.2100 0.2043 0.2029 0.1995 0.1968 0.2026 0.1995 0.1955 0.1926 0.1909 0.1877 0.1847 0.1860 0.1844 0.1840 0.1832 0.1839]
