train_acc,valid_acc,test_acc,train_loss,valid_loss,train_aug_loss
0.9797273278236389,0.9632710814476013,0.956720232963562,[2.0132 1.5147 1.2458 0.8300 0.6382 0.4731 0.5184 0.2924 0.3234 0.2456 0.1994 0.3198 0.2101 0.2469 0.2214 0.1592 0.1966 0.1333 0.1837 0.1436 0.1737 0.1117 0.1628 0.1495 0.1527 0.1529 0.1197 0.1070 0.1024 0.1043 0.1104 0.1181 0.0921 0.1171 0.1077 0.1139 0.0928 0.0993 0.0756 0.0722 0.1043 0.0672 0.0700 0.1044 0.0704 0.0917 0.1136 0.0976 0.0579 0.0879],[1.9198 1.3693 1.0783 0.7520 0.6025 0.4290 0.4667 0.2820 0.3056 0.2462 0.2138 0.3087 0.2208 0.2502 0.2415 0.1897 0.2252 0.1737 0.2066 0.1788 0.1994 0.1484 0.1922 0.1813 0.1853 0.1878 0.1626 0.1515 0.1473 0.1529 0.1581 0.1642 0.1405 0.1669 0.1601 0.1695 0.1460 0.1519 0.1309 0.1301 0.1601 0.1198 0.1289 0.1682 0.1270 0.1479 0.1683 0.1562 0.1227 0.1495],[1.9514 1.6149 1.0703 0.7313 0.5951 0.5225 0.4659 0.4322 0.3997 0.3772 0.3509 0.3336 0.3199 0.3061 0.2981 0.2832 0.2744 0.2664 0.2568 0.2559 0.2489 0.2457 0.2390 0.2323 0.2287 0.2235 0.2204 0.2180 0.2145 0.2099 0.2088 0.2020 0.2013 0.1970 0.1927 0.1900 0.1906 0.1878 0.1865 0.1848 0.1810 0.1816 0.1774 0.1749 0.1746 0.1733 0.1683 0.1683 0.1686 0.1670]
