train_acc,valid_acc,test_acc,train_loss,valid_loss,train_aug_loss
0.9731556177139282,0.953125,0.9485025405883789,[2.0607 4.4569 1.0825 0.9341 0.5549 0.4748 0.6165 0.2384 0.3262 0.2745 0.2292 0.3312 0.2528 0.2272 0.2060 0.2566 0.2601 0.1669 0.2296 0.1944 0.2495 0.1902 0.1206 0.1965 0.1216 0.0910 0.1350 0.2471 0.1319 0.1804 0.1773 0.1400 0.0803 0.1760 0.1602 0.1607 0.0928 0.1593 0.1775 0.1104 0.1026 0.0878 0.0990 0.1313 0.1578 0.1421 0.1996 0.1753 0.1157 0.2386 0.1407 0.0883 0.1493 0.1564 0.1283 0.1460 0.0788 0.1573 0.1548 0.1197 0.1244 0.1348 0.0714 0.1093 0.1174 0.1369 0.1832 0.1241 0.1357 0.1555 0.2026 0.1248 0.1304 0.1494 0.1520 0.2287 0.1055 0.0750 0.1318 0.0949 0.0953 0.1068 0.1313 0.1771 0.1374 0.1021 0.1711 0.0991 0.1181 0.0762 0.1319 0.1737 0.1832 0.1455 0.0974 0.1465 0.1611 0.0797 0.1184 0.0735],[2.0303 4.5244 1.3712 1.1734 0.7190 0.5671 0.7863 0.3011 0.4113 0.3611 0.3054 0.4193 0.3329 0.2905 0.2924 0.3437 0.3340 0.2386 0.3005 0.2986 0.3395 0.2833 0.2002 0.2764 0.2090 0.1662 0.2229 0.3451 0.2212 0.2880 0.2913 0.2472 0.1601 0.2833 0.2758 0.2763 0.1848 0.2778 0.2936 0.2062 0.1989 0.1834 0.1988 0.2400 0.2724 0.2590 0.3366 0.3086 0.2277 0.3980 0.2749 0.1780 0.2774 0.2826 0.2616 0.2879 0.1905 0.2785 0.2924 0.2583 0.2565 0.2687 0.1778 0.2563 0.2653 0.2969 0.3406 0.2880 0.2964 0.3017 0.3716 0.2666 0.2774 0.3094 0.3135 0.4053 0.2558 0.2058 0.2766 0.2414 0.2508 0.2688 0.3086 0.3594 0.3027 0.2703 0.3592 0.2666 0.2795 0.2312 0.3158 0.3666 0.3946 0.3256 0.2630 0.3454 0.3666 0.2487 0.2935 0.2391],[2.0742 1.7411 1.0275 0.5977 0.4690 0.4050 0.3574 0.3315 0.3080 0.2889 0.2739 0.2645 0.2537 0.2401 0.2325 0.2225 0.2186 0.2119 0.2031 0.1992 0.1937 0.1907 0.1842 0.1811 0.1754 0.1721 0.1654 0.1625 0.1637 0.1599 0.1523 0.1523 0.1467 0.1463 0.1438 0.1407 0.1399 0.1334 0.1346 0.1337 0.1299 0.1322 0.1257 0.1256 0.1217 0.1209 0.1191 0.1181 0.1151 0.1157 0.1143 0.1121 0.1121 0.1084 0.1071 0.1071 0.1043 0.1049 0.1031 0.1012 0.1035 0.1003 0.0979 0.0973 0.0972 0.0956 0.0965 0.0949 0.0929 0.0914 0.0898 0.0916 0.0889 0.0881 0.0864 0.0856 0.0864 0.0858 0.0853 0.0840 0.0812 0.0825 0.0808 0.0806 0.0804 0.0795 0.0792 0.0757 0.0781 0.0769 0.0754 0.0759 0.0753 0.0728 0.0732 0.0694 0.0728 0.0710 0.0694 0.0693]
