train_acc,valid_acc,test_acc,train_loss,valid_loss,train_aug_loss
0.9879420399665833,0.961850643157959,0.9625639319419861,[1.9814 4.0121 2.3635 0.6377 0.4874 0.3991 0.2908 0.4147 0.2814 0.2619 0.2382 0.2529 0.2171 0.2281 0.1852 0.2045 0.2425 0.1968 0.1714 0.1559 0.1580 0.1585 0.1623 0.1385 0.1351 0.1483 0.1185 0.1302 0.1142 0.1261 0.1167 0.1293 0.1271 0.1198 0.1157 0.1232 0.1115 0.0989 0.1060 0.0983 0.0968 0.0905 0.1373 0.0884 0.1051 0.0936 0.0927 0.1014 0.0880 0.0834 0.0955 0.0895 0.0801 0.0971 0.1059 0.0793 0.0851 0.0741 0.0831 0.0825 0.0960 0.0853 0.0945 0.0666 0.0622 0.0926 0.0651 0.0608 0.0775 0.0712 0.0582 0.0640 0.0625 0.0525 0.0483 0.0584 0.0504 0.0511 0.0525 0.0778 0.0590 0.0538 0.0503 0.0531 0.0518 0.0570 0.0520 0.0538 0.0531 0.0526 0.0544 0.0487 0.0403 0.0526 0.0435 0.0454 0.0500 0.0452 0.0440 0.0340],[1.9837 3.7197 2.3929 0.6949 0.4966 0.4184 0.2911 0.4334 0.3028 0.2800 0.2664 0.2787 0.2540 0.2597 0.2135 0.2384 0.2846 0.2267 0.2138 0.2025 0.1996 0.1956 0.2020 0.1877 0.1847 0.2047 0.1687 0.1772 0.1783 0.1801 0.1749 0.1841 0.1904 0.1808 0.1690 0.1871 0.1753 0.1664 0.1732 0.1597 0.1647 0.1604 0.2062 0.1605 0.1744 0.1617 0.1606 0.1787 0.1693 0.1566 0.1696 0.1607 0.1557 0.1773 0.1842 0.1544 0.1605 0.1566 0.1607 0.1646 0.1778 0.1716 0.1767 0.1423 0.1462 0.1784 0.1496 0.1535 0.1638 0.1631 0.1494 0.1517 0.1492 0.1442 0.1396 0.1463 0.1450 0.1435 0.1461 0.1751 0.1574 0.1540 0.1475 0.1521 0.1577 0.1647 0.1487 0.1600 0.1526 0.1488 0.1559 0.1449 0.1441 0.1513 0.1485 0.1501 0.1571 0.1506 0.1490 0.1368],[2.0815 1.8774 1.5888 0.8443 0.5671 0.4743 0.4176 0.3866 0.3565 0.3415 0.3208 0.3058 0.2967 0.2850 0.2748 0.2632 0.2558 0.2521 0.2414 0.2360 0.2267 0.2244 0.2182 0.2135 0.2088 0.2056 0.2005 0.1960 0.1925 0.1893 0.1864 0.1818 0.1794 0.1756 0.1744 0.1711 0.1703 0.1662 0.1662 0.1594 0.1604 0.1547 0.1537 0.1534 0.1519 0.1478 0.1495 0.1455 0.1446 0.1444 0.1411 0.1415 0.1404 0.1378 0.1363 0.1314 0.1314 0.1331 0.1299 0.1274 0.1264 0.1235 0.1248 0.1252 0.1233 0.1222 0.1211 0.1210 0.1196 0.1166 0.1162 0.1140 0.1130 0.1128 0.1107 0.1122 0.1120 0.1119 0.1069 0.1103 0.1101 0.1064 0.1048 0.1046 0.1050 0.1011 0.1031 0.1001 0.1029 0.0979 0.1005 0.0993 0.0983 0.0982 0.0968 0.0962 0.0973 0.0934 0.0941 0.0939]
