train_acc,valid_acc,test_acc,train_loss,valid_loss,train_aug_loss
0.9821526408195496,0.9569805264472961,0.9603725075721741,[3.1864 0.6114 0.3437 0.2321 0.2268 0.1833 0.1751 0.1652 0.1596 0.1183 0.1109 0.1250 0.1182 0.1537 0.1446 0.1492 0.0918 0.1245 0.1065 0.0909 0.1115 0.0857 0.0954 0.0749 0.0930 0.1107 0.0761 0.0788 0.0743 0.1158 0.0843 0.0925 0.0697 0.0961 0.0914 0.0614 0.0774 0.0877 0.0703 0.0873 0.0711 0.1291 0.0562 0.0514 0.0626 0.0645 0.0509 0.0646 0.0758 0.0731],[3.1120 0.6135 0.3559 0.2776 0.2667 0.2437 0.2258 0.2139 0.2139 0.1927 0.1786 0.1891 0.1896 0.2224 0.2096 0.2106 0.1665 0.2054 0.1899 0.1715 0.1901 0.1612 0.1791 0.1607 0.1769 0.1915 0.1626 0.1653 0.1653 0.2013 0.1761 0.1747 0.1568 0.1827 0.1853 0.1550 0.1706 0.1805 0.1709 0.1798 0.1636 0.2307 0.1512 0.1560 0.1620 0.1608 0.1591 0.1678 0.1695 0.1699],[1.7695 0.8859 0.5351 0.4397 0.3883 0.3566 0.3294 0.3162 0.2997 0.2867 0.2799 0.2701 0.2643 0.2559 0.2495 0.2450 0.2383 0.2351 0.2318 0.2239 0.2232 0.2174 0.2174 0.2103 0.2123 0.2074 0.2045 0.2027 0.1947 0.1952 0.1933 0.1936 0.1882 0.1838 0.1842 0.1837 0.1788 0.1815 0.1782 0.1778 0.1751 0.1702 0.1738 0.1684 0.1696 0.1666 0.1646 0.1675 0.1675 0.1627]
