train_acc,valid_acc,test_acc,train_loss,valid_loss,train_aug_loss
0.9759525060653687,0.960024356842041,0.9629291296005249,[2.2837 9.7374 6.7522 1.0040 0.3499 0.5120 0.2599 0.2389 0.2712 0.2313 0.2125 0.2268 0.1870 0.1667 0.1548 0.1529 0.1852 0.1253 0.1444 0.1307 0.1301 0.1135 0.1159 0.1143 0.1196 0.1104 0.1059 0.0975 0.1073 0.0962 0.0915 0.0964 0.0919 0.0725 0.0842 0.0847 0.0798 0.0738 0.0787 0.0753 0.0776 0.0745 0.0741 0.0659 0.0693 0.0642 0.0761 0.0766 0.0678 0.0692 0.0626 0.0762 0.0674 0.0627 0.0603 0.0597 0.0644 0.0639 0.0587 0.0664 0.0555 0.0620 0.0443 0.0529 0.0521 0.0467 0.0491 0.0459 0.0451 0.0481 0.0525 0.0548 0.0453 0.0461 0.0508 0.0409 0.0359 0.0475 0.0442 0.0361 0.0462 0.0443 0.0429 0.0473 0.0565 0.0343 0.0348 0.0357 0.0373 0.0276 0.0340 0.0286 0.0366 0.0433 0.0407 0.0292 0.0463 0.0331 0.0279 0.0270],[2.2655 9.0243 5.8904 1.0558 0.3647 0.5572 0.2803 0.2661 0.3174 0.2648 0.2500 0.2644 0.2257 0.1987 0.1970 0.1961 0.2303 0.1774 0.1845 0.1770 0.1780 0.1597 0.1654 0.1710 0.1781 0.1631 0.1541 0.1568 0.1611 0.1539 0.1514 0.1575 0.1506 0.1310 0.1446 0.1530 0.1460 0.1419 0.1500 0.1469 0.1513 0.1548 0.1461 0.1385 0.1458 0.1359 0.1543 0.1529 0.1522 0.1496 0.1479 0.1517 0.1597 0.1522 0.1451 0.1474 0.1516 0.1624 0.1466 0.1690 0.1503 0.1537 0.1335 0.1519 0.1410 0.1478 0.1494 0.1439 0.1431 0.1548 0.1543 0.1543 0.1484 0.1533 0.1607 0.1484 0.1474 0.1586 0.1531 0.1433 0.1536 0.1625 0.1522 0.1597 0.1753 0.1458 0.1469 0.1504 0.1556 0.1388 0.1444 0.1415 0.1600 0.1677 0.1631 0.1523 0.1632 0.1570 0.1455 0.1493],[2.0702 1.8356 1.5680 0.8725 0.5369 0.4408 0.3939 0.3575 0.3317 0.3139 0.3034 0.2864 0.2779 0.2672 0.2569 0.2444 0.2423 0.2309 0.2254 0.2171 0.2137 0.2075 0.2010 0.1977 0.1944 0.1914 0.1893 0.1873 0.1799 0.1761 0.1729 0.1702 0.1671 0.1629 0.1640 0.1609 0.1599 0.1544 0.1547 0.1506 0.1506 0.1465 0.1431 0.1437 0.1418 0.1394 0.1374 0.1367 0.1340 0.1347 0.1323 0.1295 0.1245 0.1239 0.1261 0.1241 0.1206 0.1231 0.1190 0.1219 0.1163 0.1175 0.1165 0.1117 0.1124 0.1132 0.1096 0.1114 0.1090 0.1076 0.1096 0.1067 0.1047 0.1021 0.1043 0.1026 0.1023 0.1035 0.0997 0.0984 0.0958 0.0947 0.0976 0.0958 0.0963 0.0941 0.0927 0.0930 0.0934 0.0903 0.0912 0.0905 0.0881 0.0872 0.0889 0.0861 0.0873 0.0874 0.0842 0.0866]
