train_acc,valid_acc,test_acc,train_loss,valid_loss,train_aug_loss
0.989829421043396,0.9653003215789795,0.9680423736572266,[3.4886 0.3439 0.2445 0.2559 0.2349 0.1781 0.1512 0.1448 0.1233 0.1862 0.1466 0.1799 0.1806 0.2184 0.2375 0.0887 0.0985 0.0689 0.0809 0.1240 0.0976 0.0954 0.1042 0.1157 0.0791 0.1144 0.0564 0.0679 0.0415 0.1027 0.1015 0.0820 0.1399 0.1046 0.1621 0.0773 0.0591 0.0566 0.0511 0.0702 0.0317 0.0421 0.0360 0.0407 0.0668 0.0301 0.0505 0.1100 0.0515 0.0767],[3.0818 0.3271 0.2853 0.2887 0.2614 0.2186 0.2024 0.1940 0.1680 0.2332 0.2049 0.2429 0.2426 0.2923 0.3090 0.1654 0.1768 0.1422 0.1603 0.2075 0.1862 0.1875 0.1872 0.2157 0.1677 0.2164 0.1572 0.1592 0.1400 0.2054 0.2012 0.1897 0.2591 0.2062 0.2987 0.1983 0.1762 0.1692 0.1595 0.1783 0.1418 0.1547 0.1554 0.1606 0.1986 0.1397 0.1795 0.2668 0.1759 0.2348],[1.7335 0.5613 0.3819 0.3171 0.2852 0.2615 0.2463 0.2363 0.2206 0.2118 0.2015 0.1975 0.1946 0.1874 0.1806 0.1792 0.1728 0.1692 0.1635 0.1577 0.1548 0.1570 0.1530 0.1457 0.1442 0.1443 0.1414 0.1383 0.1368 0.1309 0.1341 0.1290 0.1271 0.1229 0.1238 0.1208 0.1197 0.1155 0.1160 0.1191 0.1143 0.1124 0.1112 0.1093 0.1089 0.1081 0.1099 0.1070 0.1028 0.1038]
