train_acc,valid_acc,test_acc,train_loss,valid_loss,train_aug_loss
0.9852331280708313,0.9671266078948975,0.9612855911254883,[6.3743 0.3480 0.2341 0.1712 0.1684 0.1515 0.1857 0.1404 0.1389 0.1177 0.0961 0.1053 0.1122 0.1228 0.1567 0.1004 0.1100 0.0947 0.0863 0.0974 0.0724 0.0724 0.0755 0.0731 0.0833 0.0810 0.0708 0.0986 0.0704 0.0745 0.0911 0.1028 0.0664 0.0648 0.0934 0.0629 0.0703 0.0557 0.0646 0.0603 0.0730 0.0697 0.0731 0.0472 0.0631 0.0815 0.0685 0.0597 0.0531 0.0568],[6.0710 0.3377 0.2418 0.1930 0.1880 0.1843 0.2157 0.1802 0.1767 0.1571 0.1503 0.1523 0.1640 0.1652 0.2119 0.1510 0.1629 0.1419 0.1396 0.1477 0.1200 0.1378 0.1295 0.1332 0.1368 0.1418 0.1335 0.1564 0.1280 0.1277 0.1567 0.1640 0.1293 0.1265 0.1526 0.1217 0.1317 0.1201 0.1320 0.1268 0.1478 0.1332 0.1430 0.1124 0.1342 0.1576 0.1420 0.1196 0.1218 0.1300],[1.3948 0.5675 0.4259 0.3697 0.3370 0.3108 0.2928 0.2830 0.2700 0.2611 0.2542 0.2470 0.2403 0.2392 0.2298 0.2271 0.2217 0.2161 0.2168 0.2122 0.2059 0.2046 0.2006 0.1983 0.1983 0.1963 0.1956 0.1902 0.1895 0.1866 0.1862 0.1868 0.1806 0.1804 0.1805 0.1801 0.1780 0.1750 0.1756 0.1723 0.1700 0.1705 0.1713 0.1717 0.1685 0.1640 0.1646 0.1645 0.1598 0.1643]
