train_acc,valid_acc,test_acc,train_loss,valid_loss,train_aug_loss
0.9808030724525452,0.9622564911842346,0.960189938545227,[2.0384 1.4468 1.0814 0.6866 0.5433 0.3978 0.3530 0.2779 0.2750 0.2625 0.2083 0.2071 0.2231 0.2148 0.1556 0.1793 0.1503 0.1641 0.1646 0.1363 0.1492 0.1288 0.1636 0.1555 0.1123 0.1545 0.1358 0.1679 0.1310 0.1492 0.1052 0.1234 0.1163 0.1129 0.1261 0.1012 0.1033 0.1083 0.1076 0.0921 0.0815 0.0875 0.0596 0.0880 0.1230 0.0888 0.1081 0.0829 0.1036 0.0890],[1.9594 1.2772 0.9716 0.6170 0.4904 0.3809 0.3464 0.2916 0.2861 0.2777 0.2335 0.2359 0.2463 0.2473 0.1919 0.2122 0.1889 0.2021 0.2058 0.1789 0.1934 0.1845 0.2119 0.2100 0.1600 0.2056 0.1858 0.2249 0.1848 0.2060 0.1626 0.1886 0.1784 0.1737 0.1889 0.1654 0.1712 0.1767 0.1732 0.1581 0.1535 0.1571 0.1288 0.1605 0.1970 0.1578 0.1805 0.1541 0.1799 0.1634],[1.9413 1.6494 1.0726 0.7257 0.5819 0.5094 0.4582 0.4214 0.3895 0.3686 0.3481 0.3374 0.3182 0.3066 0.2972 0.2889 0.2763 0.2673 0.2628 0.2544 0.2484 0.2421 0.2366 0.2327 0.2317 0.2232 0.2178 0.2176 0.2102 0.2075 0.2034 0.2003 0.2029 0.1953 0.1943 0.1922 0.1881 0.1858 0.1866 0.1812 0.1805 0.1758 0.1746 0.1726 0.1708 0.1719 0.1693 0.1668 0.1682 0.1648]
