train_acc,valid_acc,test_acc,train_loss,valid_loss,train_aug_loss
0.9894578456878662,0.9659090638160706,0.9631117582321167,[2.0755 4.8452 6.8527 1.2402 0.4813 0.4009 0.3479 0.2770 0.2277 0.2256 0.2231 0.2089 0.1761 0.1659 0.1621 0.1523 0.1393 0.1423 0.1292 0.1202 0.1162 0.1133 0.1223 0.1161 0.1172 0.1059 0.1099 0.0933 0.0967 0.0983 0.0989 0.0916 0.0829 0.0926 0.0897 0.0786 0.0766 0.0757 0.0741 0.0747 0.0707 0.0852 0.0756 0.0688 0.0678 0.0729 0.0647 0.0668 0.0704 0.0699 0.0646 0.0609 0.0589 0.0630 0.0623 0.0607 0.0555 0.0552 0.0595 0.0612 0.0538 0.0501 0.0572 0.0533 0.0511 0.0543 0.0534 0.0514 0.0481 0.0477 0.0447 0.0476 0.0426 0.0447 0.0471 0.0477 0.0451 0.0411 0.0407 0.0394 0.0438 0.0408 0.0391 0.0414 0.0387 0.0369 0.0371 0.0409 0.0333 0.0364 0.0375 0.0352 0.0344 0.0359 0.0401 0.0352 0.0327 0.0338 0.0311 0.0349],[2.0562 4.3592 6.2105 1.3239 0.5369 0.4666 0.4184 0.3272 0.2632 0.2706 0.2711 0.2553 0.2023 0.2043 0.2009 0.1888 0.1817 0.1734 0.1670 0.1572 0.1546 0.1630 0.1684 0.1589 0.1718 0.1547 0.1662 0.1364 0.1383 0.1573 0.1544 0.1425 0.1326 0.1472 0.1472 0.1322 0.1282 0.1376 0.1356 0.1351 0.1305 0.1498 0.1464 0.1328 0.1308 0.1466 0.1306 0.1427 0.1453 0.1450 0.1356 0.1308 0.1348 0.1397 0.1398 0.1369 0.1334 0.1221 0.1362 0.1283 0.1336 0.1272 0.1391 0.1295 0.1289 0.1334 0.1444 0.1360 0.1219 0.1298 0.1244 0.1338 0.1201 0.1280 0.1240 0.1258 0.1368 0.1232 0.1229 0.1200 0.1282 0.1305 0.1246 0.1320 0.1244 0.1223 0.1230 0.1329 0.1145 0.1243 0.1241 0.1289 0.1277 0.1315 0.1381 0.1300 0.1250 0.1295 0.1206 0.1250],[2.0859 1.8403 1.7499 1.1936 0.6497 0.5101 0.4505 0.4064 0.3789 0.3556 0.3439 0.3273 0.3166 0.3015 0.2939 0.2840 0.2716 0.2710 0.2559 0.2503 0.2467 0.2405 0.2345 0.2306 0.2250 0.2210 0.2170 0.2099 0.2100 0.2029 0.2026 0.1989 0.1979 0.1905 0.1912 0.1866 0.1851 0.1778 0.1814 0.1785 0.1777 0.1728 0.1722 0.1682 0.1698 0.1666 0.1659 0.1622 0.1625 0.1585 0.1593 0.1567 0.1512 0.1541 0.1514 0.1502 0.1507 0.1486 0.1445 0.1469 0.1427 0.1431 0.1390 0.1393 0.1428 0.1376 0.1370 0.1374 0.1347 0.1338 0.1326 0.1325 0.1353 0.1289 0.1312 0.1298 0.1282 0.1289 0.1262 0.1237 0.1224 0.1200 0.1224 0.1212 0.1175 0.1184 0.1193 0.1170 0.1185 0.1141 0.1168 0.1152 0.1131 0.1141 0.1123 0.1116 0.1112 0.1106 0.1098 0.1091]
