train_acc,valid_acc,test_acc,train_loss,valid_loss,train_aug_loss
0.982309103012085,0.9557629823684692,0.9603725075721741,[1.9871 1.9776 1.9966 2.1882 1.1248 0.6823 0.5921 0.4880 0.3773 0.3269 0.4903 0.3031 0.3302 0.2190 0.2524 0.2608 0.2167 0.2465 0.2544 0.2258 0.2136 0.2444 0.1802 0.1863 0.1734 0.2213 0.1956 0.2323 0.1804 0.1670 0.1602 0.1612 0.1414 0.1758 0.1413 0.1679 0.1573 0.1973 0.1482 0.1591 0.1690 0.1230 0.1345 0.1199 0.1337 0.1278 0.1122 0.1456 0.1272 0.1283 0.0889 0.1250 0.0926 0.1010 0.0950 0.1045 0.1425 0.0893 0.0983 0.0961 0.1168 0.0885 0.1195 0.0946 0.1163 0.1075 0.1051 0.0688 0.0848 0.0901 0.0732 0.0668 0.1062 0.0769 0.0733 0.0965 0.0927 0.1123 0.0841 0.0700 0.0976 0.0561 0.0602 0.0510 0.0853 0.0706 0.1154 0.0704 0.0892 0.0549 0.0595 0.0860 0.0747 0.0702 0.0726 0.0579 0.0603 0.0770 0.0797 0.0691],[1.9762 1.9566 1.9804 2.3481 1.1172 0.6869 0.6222 0.4987 0.3820 0.3476 0.5157 0.3324 0.3471 0.2555 0.2869 0.2784 0.2442 0.2794 0.2862 0.2658 0.2606 0.3004 0.2229 0.2371 0.2180 0.2675 0.2386 0.2780 0.2234 0.2164 0.2092 0.2172 0.2064 0.2295 0.2039 0.2263 0.2305 0.2626 0.2173 0.2235 0.2291 0.1932 0.2145 0.2020 0.2086 0.2123 0.1882 0.2218 0.2100 0.2096 0.1694 0.2067 0.1781 0.1928 0.1767 0.1864 0.2304 0.1739 0.1950 0.1851 0.2049 0.1732 0.2161 0.1802 0.2093 0.1996 0.2018 0.1541 0.1808 0.1833 0.1643 0.1620 0.2020 0.1722 0.1741 0.1979 0.2006 0.2164 0.1882 0.1768 0.1998 0.1517 0.1668 0.1509 0.1911 0.1786 0.2220 0.1770 0.2033 0.1702 0.1702 0.2065 0.1887 0.1829 0.1912 0.1776 0.1757 0.2007 0.1971 0.1941],[2.0796 1.8609 1.8021 1.6937 1.1036 0.6461 0.5111 0.4424 0.4020 0.3710 0.3475 0.3331 0.3174 0.3067 0.2947 0.2821 0.2728 0.2692 0.2574 0.2510 0.2427 0.2402 0.2415 0.2302 0.2247 0.2185 0.2159 0.2110 0.2082 0.2046 0.2029 0.1968 0.1910 0.1898 0.1866 0.1818 0.1826 0.1820 0.1791 0.1763 0.1746 0.1717 0.1673 0.1672 0.1642 0.1644 0.1589 0.1576 0.1565 0.1567 0.1552 0.1505 0.1498 0.1485 0.1464 0.1476 0.1452 0.1433 0.1416 0.1383 0.1402 0.1381 0.1396 0.1359 0.1338 0.1332 0.1318 0.1345 0.1278 0.1293 0.1302 0.1260 0.1248 0.1266 0.1219 0.1212 0.1215 0.1224 0.1183 0.1207 0.1189 0.1165 0.1157 0.1159 0.1163 0.1133 0.1160 0.1126 0.1119 0.1104 0.1104 0.1099 0.1098 0.1073 0.1079 0.1049 0.1080 0.1063 0.1047 0.1029]
