train_acc,valid_acc,test_acc,train_loss,valid_loss,train_aug_loss
0.9788472056388855,0.9588068127632141,0.9649379253387451,[3.3714 2.2001 1.7594 0.3770 0.2567 0.2371 0.2168 0.1650 0.1681 0.1435 0.1373 0.1371 0.1324 0.1376 0.1324 0.1267 0.1255 0.1181 0.1057 0.1049 0.1120 0.1252 0.1245 0.0934 0.0908 0.0973 0.0883 0.0952 0.0808 0.0994 0.0829 0.0844 0.0864 0.0725 0.0801 0.0816 0.0756 0.0698 0.0686 0.0721 0.0676 0.0660 0.0663 0.0688 0.0757 0.0777 0.0717 0.0712 0.0823 0.0557],[3.1537 2.0868 1.8923 0.3777 0.2726 0.2519 0.2641 0.2034 0.2228 0.1911 0.1710 0.1802 0.1920 0.1899 0.1716 0.1964 0.1905 0.1902 0.1675 0.1580 0.1821 0.1787 0.1761 0.1559 0.1613 0.1768 0.1475 0.1715 0.1475 0.1603 0.1540 0.1640 0.1646 0.1420 0.1515 0.1580 0.1517 0.1371 0.1585 0.1388 0.1307 0.1361 0.1510 0.1320 0.1507 0.1494 0.1393 0.1649 0.1571 0.1347],[1.9699 1.7829 1.4191 0.6518 0.4498 0.3884 0.3523 0.3270 0.3089 0.2939 0.2828 0.2712 0.2679 0.2544 0.2461 0.2468 0.2404 0.2336 0.2357 0.2216 0.2218 0.2138 0.2138 0.2134 0.2095 0.2038 0.2064 0.1987 0.1959 0.1923 0.1950 0.1875 0.1879 0.1860 0.1829 0.1802 0.1790 0.1782 0.1752 0.1708 0.1715 0.1717 0.1640 0.1650 0.1629 0.1637 0.1616 0.1586 0.1572 0.1566]
