train_acc,valid_acc,test_acc,train_loss,valid_loss,train_aug_loss
0.9903448224067688,0.9722526669502258,0.9416859149932861,[2.3192 0.7744 0.3677 0.2988 0.1889 0.2644 0.1841 0.1427 0.1446 0.1266 0.1983 0.1213 0.1100 0.1180 0.1122 0.1105 0.0959 0.1005 0.0965 0.0909 0.1049 0.1146 0.0680 0.0712 0.0600 0.0965 0.0575 0.0680 0.0812 0.0599 0.0720 0.0636 0.0493 0.0682 0.0719 0.0613 0.1031 0.0640 0.0527 0.0485 0.0570 0.0415 0.0416 0.0490 0.0445 0.0522 0.0473 0.0343 0.0380 0.0445 0.0312 0.0493 0.0666 0.0375 0.0336 0.0300 0.0280 0.0883 0.0326 0.0304 0.0285 0.0319 0.0288 0.0301 0.0253 0.0256 0.0337 0.0286 0.0269 0.0262 0.0340 0.0261 0.0268 0.0602 0.0209 0.0197 0.0251 0.0326 0.0287 0.0294 0.0223 0.0285 0.0196 0.0256 0.0185 0.0194 0.0226 0.0156 0.0212 0.0185 0.0273 0.0360 0.0231 0.0217 0.0130 0.0216 0.0208 0.0161 0.0154 0.0148],[2.2572 0.8225 0.4266 0.3484 0.2174 0.3111 0.2209 0.1860 0.1948 0.1708 0.2608 0.1712 0.1590 0.1796 0.1800 0.1728 0.1489 0.1679 0.1628 0.1510 0.1603 0.1846 0.1275 0.1343 0.1313 0.1664 0.1184 0.1498 0.1440 0.1269 0.1568 0.1336 0.1207 0.1583 0.1676 0.1593 0.2132 0.1515 0.1348 0.1342 0.1693 0.1243 0.1213 0.1417 0.1278 0.1578 0.1460 0.1269 0.1281 0.1469 0.1258 0.1315 0.1848 0.1350 0.1331 0.1294 0.1174 0.2295 0.1340 0.1284 0.1264 0.1374 0.1308 0.1326 0.1187 0.1304 0.1506 0.1408 0.1310 0.1374 0.1612 0.1398 0.1406 0.2006 0.1294 0.1234 0.1450 0.1606 0.1519 0.1546 0.1374 0.1548 0.1353 0.1427 0.1268 0.1250 0.1513 0.1344 0.1467 0.1322 0.1581 0.1923 0.1461 0.1543 0.1268 0.1674 0.1516 0.1386 0.1473 0.1393],[1.9931 1.0732 0.5005 0.3941 0.3372 0.2969 0.2767 0.2598 0.2455 0.2329 0.2201 0.2131 0.2040 0.1984 0.1920 0.1829 0.1789 0.1736 0.1700 0.1639 0.1614 0.1576 0.1562 0.1511 0.1475 0.1463 0.1405 0.1398 0.1366 0.1355 0.1297 0.1329 0.1292 0.1243 0.1240 0.1213 0.1230 0.1185 0.1175 0.1154 0.1118 0.1123 0.1093 0.1080 0.1079 0.1059 0.1055 0.1030 0.1026 0.1003 0.0992 0.0988 0.0977 0.0960 0.0960 0.0942 0.0920 0.0911 0.0905 0.0928 0.0876 0.0881 0.0886 0.0852 0.0856 0.0847 0.0847 0.0841 0.0831 0.0820 0.0810 0.0808 0.0791 0.0793 0.0779 0.0773 0.0780 0.0758 0.0735 0.0748 0.0741 0.0726 0.0748 0.0707 0.0747 0.0712 0.0709 0.0693 0.0692 0.0702 0.0684 0.0675 0.0680 0.0664 0.0637 0.0667 0.0634 0.0636 0.0647 0.0656]
