train_acc,valid_acc,test_acc,train_loss,valid_loss,train_aug_loss
0.9866413474082947,0.9701704382896423,0.9663988351821899,[5.2090 0.7717 0.4764 0.4151 0.3642 0.3302 0.3837 0.3577 0.4459 0.2662 0.3387 0.3273 0.2522 0.3649 0.2643 0.2609 0.2360 0.2302 0.2838 0.2351 0.2044 0.1914 0.2323 0.2089 0.2210 0.2039 0.2685 0.2599 0.2980 0.2930 0.2155 0.1787 0.2048 0.1429 0.2294 0.1522 0.1547 0.1767 0.2066 0.1208 0.1682 0.1783 0.1037 0.2234 0.1557 0.1459 0.1259 0.1227 0.1357 0.1241 0.1123 0.1487 0.0874 0.1799 0.1218 0.1243 0.0822 0.1073 0.0951 0.0859 0.1621 0.0965 0.0726 0.1593 0.1302 0.2106 0.0719 0.0920 0.1630 0.0634 0.1711 0.1030 0.1140 0.1237 0.0935 0.0640 0.1019 0.1206 0.1706 0.0830 0.0902 0.0989 0.0793 0.0687 0.1162 0.0534 0.0902 0.0841 0.1287 0.1018 0.0821 0.0920 0.1083 0.0750 0.0971 0.0945 0.1047 0.0507 0.0605 0.1101],[4.5830 0.7825 0.5041 0.4011 0.3870 0.3266 0.3805 0.3443 0.4399 0.2956 0.3362 0.3463 0.2897 0.3525 0.2629 0.2757 0.2509 0.2432 0.2975 0.2424 0.2542 0.2171 0.2473 0.2370 0.2391 0.2300 0.2725 0.2837 0.3140 0.2983 0.2368 0.2079 0.2318 0.1733 0.2502 0.1758 0.1859 0.2084 0.2331 0.1519 0.2047 0.2107 0.1423 0.2560 0.1897 0.1822 0.1661 0.1637 0.1746 0.1626 0.1569 0.1935 0.1285 0.2295 0.1647 0.1669 0.1277 0.1512 0.1422 0.1326 0.2100 0.1483 0.1219 0.2080 0.1726 0.2597 0.1160 0.1362 0.2190 0.1154 0.2264 0.1549 0.1688 0.1802 0.1445 0.1134 0.1613 0.1771 0.2309 0.1391 0.1440 0.1501 0.1383 0.1254 0.1806 0.1100 0.1509 0.1409 0.1905 0.1603 0.1392 0.1504 0.1680 0.1324 0.1600 0.1603 0.1666 0.1084 0.1198 0.1783],[1.8188 1.2565 0.8785 0.7130 0.6300 0.5688 0.5295 0.4955 0.4763 0.4541 0.4357 0.4148 0.4014 0.3922 0.3811 0.3651 0.3533 0.3446 0.3359 0.3243 0.3140 0.3112 0.3054 0.2955 0.2904 0.2842 0.2788 0.2710 0.2631 0.2627 0.2607 0.2514 0.2494 0.2455 0.2423 0.2409 0.2367 0.2336 0.2309 0.2296 0.2277 0.2223 0.2196 0.2178 0.2160 0.2118 0.2116 0.2067 0.2067 0.2045 0.2038 0.2007 0.2004 0.1946 0.1968 0.1955 0.1935 0.1909 0.1890 0.1849 0.1872 0.1848 0.1834 0.1826 0.1833 0.1809 0.1782 0.1754 0.1753 0.1741 0.1775 0.1720 0.1734 0.1694 0.1701 0.1698 0.1657 0.1664 0.1656 0.1632 0.1629 0.1621 0.1615 0.1608 0.1591 0.1579 0.1606 0.1557 0.1547 0.1568 0.1580 0.1545 0.1523 0.1502 0.1531 0.1500 0.1521 0.1488 0.1493 0.1502]
