train_acc,valid_acc,test_acc,train_loss,valid_loss,train_aug_loss
0.9760013818740845,0.9614447951316833,0.9616508483886719,[3.1332 0.3835 0.2172 0.1857 0.2751 0.1660 0.1677 0.2074 0.1240 0.1106 0.1510 0.1006 0.1612 0.0702 0.0941 0.1557 0.0880 0.1006 0.1243 0.0724 0.1374 0.0858 0.0897 0.0917 0.0487 0.0708 0.0764 0.0661 0.0802 0.0619 0.0906 0.0537 0.0455 0.0744 0.0741 0.0453 0.0777 0.0745 0.1051 0.0340 0.0397 0.0634 0.0938 0.0557 0.1139 0.0555 0.0366 0.0288 0.0340 0.0327],[2.8681 0.4097 0.2502 0.2344 0.2916 0.1886 0.2140 0.2500 0.1688 0.1512 0.2076 0.1589 0.2174 0.1469 0.1722 0.2165 0.1567 0.1620 0.1945 0.1274 0.1985 0.1605 0.1653 0.1653 0.1355 0.1538 0.1659 0.1561 0.1562 0.1527 0.1761 0.1518 0.1340 0.1794 0.1731 0.1338 0.1702 0.1819 0.2204 0.1374 0.1387 0.1733 0.2119 0.1656 0.2386 0.1707 0.1445 0.1287 0.1411 0.1411],[1.7855 0.6052 0.3707 0.3154 0.2836 0.2614 0.2425 0.2310 0.2178 0.2114 0.1994 0.1967 0.1916 0.1847 0.1783 0.1725 0.1721 0.1653 0.1625 0.1582 0.1556 0.1499 0.1494 0.1428 0.1407 0.1399 0.1387 0.1371 0.1315 0.1289 0.1287 0.1257 0.1259 0.1242 0.1226 0.1186 0.1223 0.1167 0.1139 0.1153 0.1134 0.1106 0.1105 0.1081 0.1058 0.1068 0.1046 0.1067 0.1047 0.1041]
