train_acc,valid_acc,test_acc,train_loss,valid_loss,train_aug_loss
0.9830229878425598,0.9665178656578064,0.9631117582321167,[2.2576 0.9401 0.3036 0.2270 0.1992 0.1841 0.1904 0.1734 0.1884 0.1367 0.1691 0.1277 0.1233 0.1174 0.1193 0.1135 0.1107 0.0989 0.0781 0.0930 0.0922 0.0934 0.1041 0.0866 0.0901 0.0814 0.0919 0.0962 0.0894 0.0801 0.0769 0.0563 0.0686 0.0792 0.0824 0.0708 0.0808 0.0685 0.0659 0.0652 0.0736 0.0549 0.0637 0.0656 0.0662 0.0648 0.0666 0.0699 0.0515 0.0584],[2.2374 1.0642 0.3100 0.2454 0.2224 0.1969 0.2153 0.2039 0.2226 0.1622 0.2108 0.1597 0.1551 0.1610 0.1510 0.1571 0.1473 0.1413 0.1282 0.1380 0.1373 0.1411 0.1630 0.1528 0.1476 0.1488 0.1493 0.1595 0.1469 0.1372 0.1321 0.1165 0.1383 0.1453 0.1564 0.1410 0.1524 0.1320 0.1339 0.1375 0.1430 0.1292 0.1377 0.1373 0.1431 0.1438 0.1480 0.1488 0.1367 0.1443],[1.9660 1.1214 0.4965 0.3849 0.3399 0.3141 0.2931 0.2765 0.2631 0.2554 0.2428 0.2344 0.2246 0.2140 0.2145 0.2097 0.2029 0.1983 0.1947 0.1928 0.1841 0.1855 0.1788 0.1790 0.1744 0.1666 0.1684 0.1650 0.1639 0.1606 0.1598 0.1566 0.1564 0.1553 0.1509 0.1489 0.1488 0.1432 0.1450 0.1410 0.1397 0.1403 0.1397 0.1405 0.1332 0.1320 0.1316 0.1321 0.1298 0.1310]
