train_acc,valid_acc,test_acc,train_loss,valid_loss,train_aug_loss
0.9848126173019409,0.9608360528945923,0.955624520778656,[2.3616 0.4929 0.2879 0.2357 0.1769 0.1633 0.1996 0.2495 0.1411 0.1314 0.1288 0.1362 0.1067 0.0919 0.1078 0.0938 0.0960 0.0880 0.1064 0.0896 0.0770 0.0835 0.1013 0.1064 0.0747 0.0830 0.0730 0.0709 0.0730 0.0872 0.0660 0.0685 0.0708 0.0747 0.0880 0.0945 0.0655 0.0533 0.0618 0.0781 0.0566 0.0586 0.0650 0.0530 0.0652 0.0548 0.0481 0.0535 0.0566 0.0505],[2.4848 0.4808 0.2916 0.2533 0.2088 0.2055 0.2514 0.2989 0.1921 0.1904 0.1895 0.1950 0.1686 0.1469 0.1699 0.1608 0.1714 0.1554 0.1722 0.1605 0.1468 0.1536 0.1804 0.1844 0.1512 0.1611 0.1435 0.1382 0.1456 0.1621 0.1368 0.1421 0.1489 0.1508 0.1747 0.1816 0.1481 0.1264 0.1343 0.1566 0.1267 0.1412 0.1415 0.1337 0.1422 0.1354 0.1263 0.1343 0.1489 0.1265],[1.4269 0.5846 0.4301 0.3721 0.3307 0.3138 0.2908 0.2780 0.2686 0.2594 0.2511 0.2419 0.2340 0.2295 0.2333 0.2183 0.2177 0.2138 0.2123 0.2069 0.2045 0.2004 0.1976 0.1956 0.1972 0.1897 0.1912 0.1891 0.1869 0.1829 0.1812 0.1815 0.1793 0.1776 0.1747 0.1734 0.1725 0.1729 0.1679 0.1699 0.1679 0.1688 0.1684 0.1632 0.1648 0.1628 0.1618 0.1608 0.1604 0.1600]
