train_acc,valid_acc,test_acc,train_loss,valid_loss,train_aug_loss
0.9810280203819275,0.961850643157959,0.9643900394439697,[2.5413 0.6102 0.2612 0.2127 0.2106 0.2004 0.1674 0.1475 0.1780 0.1570 0.1761 0.1307 0.1220 0.1426 0.1639 0.1050 0.1014 0.1051 0.1690 0.1273 0.0942 0.1491 0.0958 0.1165 0.1180 0.1087 0.0869 0.1557 0.1137 0.0757 0.1139 0.1442 0.0965 0.0958 0.0879 0.0800 0.1170 0.0855 0.0843 0.1034 0.0904 0.0791 0.0689 0.0796 0.0901 0.0611 0.0964 0.0785 0.0934 0.0712],[2.5958 0.5943 0.2742 0.2419 0.2364 0.2244 0.2036 0.1844 0.2062 0.1903 0.2130 0.1626 0.1716 0.1784 0.2006 0.1533 0.1527 0.1546 0.2074 0.1674 0.1375 0.1879 0.1479 0.1600 0.1638 0.1565 0.1360 0.2090 0.1605 0.1247 0.1656 0.1944 0.1542 0.1466 0.1383 0.1371 0.1771 0.1456 0.1379 0.1624 0.1392 0.1314 0.1329 0.1382 0.1446 0.1245 0.1588 0.1401 0.1517 0.1320],[1.7608 0.9563 0.5774 0.4625 0.4208 0.3783 0.3581 0.3373 0.3240 0.3138 0.3007 0.2874 0.2798 0.2757 0.2681 0.2618 0.2613 0.2541 0.2465 0.2439 0.2411 0.2351 0.2324 0.2289 0.2257 0.2259 0.2224 0.2169 0.2145 0.2173 0.2082 0.2087 0.2055 0.2048 0.2031 0.1963 0.1971 0.1929 0.1934 0.1917 0.1901 0.1880 0.1882 0.1833 0.1835 0.1830 0.1822 0.1819 0.1795 0.1786]
