train_acc,valid_acc,test_acc,train_loss,valid_loss,train_aug_loss
0.986918032169342,0.9693318605422974,0.9451501369476318,[2.0617 1.9864 2.1008 2.1962 1.8421 1.5948 0.6573 0.5383 0.4250 0.3758 0.3568 0.3579 0.3334 0.2780 0.2616 0.2673 0.2448 0.2392 0.2539 0.2214 0.2123 0.2054 0.2158 0.1874 0.1810 0.1874 0.1797 0.1664 0.1576 0.1565 0.1421 0.1538 0.1517 0.1372 0.1396 0.1295 0.1236 0.1337 0.1150 0.1221 0.1308 0.1207 0.1076 0.1125 0.1018 0.1090 0.1119 0.0926 0.0901 0.0974 0.0964 0.0931 0.0852 0.0877 0.0958 0.0791 0.0857 0.0882 0.0830 0.0839 0.0802 0.0695 0.0624 0.0751 0.0701 0.0674 0.0754 0.0677 0.0647 0.0684 0.0641 0.0706 0.0616 0.0601 0.0666 0.0595 0.0630 0.0576 0.0641 0.0604 0.0584 0.0575 0.0624 0.0521 0.0581 0.0510 0.0499 0.0517 0.0512 0.0546 0.0489 0.0445 0.0468 0.0479 0.0459 0.0456 0.0477 0.0451 0.0407 0.0400],[2.0604 1.9811 2.0729 2.1275 1.7915 1.5531 0.7122 0.6155 0.4798 0.4087 0.4156 0.4275 0.3792 0.3178 0.3020 0.3146 0.2856 0.2722 0.3052 0.2543 0.2594 0.2442 0.2624 0.2258 0.2173 0.2261 0.2110 0.2026 0.1919 0.2036 0.1782 0.1934 0.1897 0.1848 0.1842 0.1707 0.1729 0.1865 0.1644 0.1723 0.1810 0.1661 0.1566 0.1621 0.1521 0.1595 0.1699 0.1454 0.1364 0.1536 0.1528 0.1445 0.1400 0.1450 0.1497 0.1379 0.1403 0.1491 0.1365 0.1468 0.1394 0.1270 0.1170 0.1322 0.1333 0.1321 0.1387 0.1309 0.1265 0.1252 0.1300 0.1373 0.1283 0.1246 0.1319 0.1271 0.1340 0.1212 0.1364 0.1293 0.1347 0.1216 0.1300 0.1201 0.1304 0.1210 0.1230 0.1206 0.1224 0.1192 0.1168 0.1108 0.1227 0.1232 0.1140 0.1224 0.1224 0.1161 0.1131 0.1092],[2.1605 2.0139 1.9021 1.7902 1.5709 1.2409 0.9611 0.7626 0.6484 0.5758 0.5217 0.4832 0.4511 0.4228 0.3993 0.3806 0.3619 0.3473 0.3328 0.3205 0.3094 0.2997 0.2924 0.2842 0.2784 0.2711 0.2637 0.2560 0.2494 0.2453 0.2401 0.2369 0.2316 0.2284 0.2244 0.2195 0.2127 0.2127 0.2084 0.2019 0.2011 0.1982 0.1950 0.1935 0.1881 0.1884 0.1846 0.1806 0.1774 0.1769 0.1756 0.1715 0.1694 0.1687 0.1671 0.1635 0.1623 0.1602 0.1594 0.1554 0.1566 0.1517 0.1517 0.1504 0.1490 0.1472 0.1443 0.1439 0.1438 0.1397 0.1389 0.1370 0.1374 0.1360 0.1338 0.1355 0.1318 0.1314 0.1325 0.1291 0.1283 0.1252 0.1239 0.1243 0.1213 0.1217 0.1220 0.1199 0.1189 0.1207 0.1185 0.1160 0.1132 0.1140 0.1133 0.1124 0.1122 0.1104 0.1106 0.1083]
