train_acc,valid_acc,test_acc,train_loss,valid_loss,train_aug_loss
0.9845192432403564,0.9622564911842346,0.9594594836235046,[2.1805 1.3297 0.3279 0.2621 0.2938 0.3024 0.1704 0.2153 0.2754 0.1349 0.1583 0.2180 0.1589 0.1352 0.1060 0.1520 0.1089 0.1439 0.1056 0.1301 0.0979 0.1344 0.0978 0.1116 0.1149 0.1043 0.0950 0.1038 0.0867 0.0734 0.0723 0.1105 0.0721 0.0830 0.0951 0.0816 0.0806 0.0918 0.1031 0.0971 0.0879 0.0743 0.0721 0.0883 0.0584 0.0676 0.0644 0.0740 0.0955 0.0511],[2.2479 1.2188 0.3415 0.2838 0.3158 0.3207 0.2046 0.2389 0.2985 0.1665 0.1946 0.2593 0.2104 0.1738 0.1550 0.1988 0.1600 0.1929 0.1567 0.1779 0.1495 0.1832 0.1561 0.1614 0.1637 0.1566 0.1503 0.1621 0.1457 0.1357 0.1331 0.1744 0.1420 0.1503 0.1615 0.1400 0.1377 0.1567 0.1701 0.1661 0.1470 0.1382 0.1379 0.1564 0.1248 0.1429 0.1292 0.1284 0.1576 0.1234],[1.7940 1.0655 0.6113 0.4840 0.4174 0.3811 0.3606 0.3373 0.3215 0.3118 0.3026 0.2965 0.2826 0.2747 0.2724 0.2616 0.2551 0.2517 0.2473 0.2456 0.2402 0.2363 0.2330 0.2242 0.2254 0.2218 0.2189 0.2160 0.2113 0.2084 0.2094 0.2053 0.2056 0.1995 0.1984 0.1983 0.1963 0.1912 0.1930 0.1918 0.1928 0.1867 0.1878 0.1853 0.1819 0.1798 0.1775 0.1778 0.1762 0.1736]
