train_acc,valid_acc,test_acc,train_loss,valid_loss,train_aug_loss
0.9779573082923889,0.9628652334213257,0.9629291296005249,[1.9090 0.5566 0.3189 0.2482 0.2658 0.2311 0.2476 0.2178 0.1560 0.1857 0.2294 0.1362 0.1534 0.2009 0.1734 0.1174 0.1265 0.1180 0.1045 0.1150 0.1460 0.0943 0.1225 0.1071 0.1556 0.0961 0.1187 0.1296 0.1044 0.0935 0.1196 0.1142 0.1518 0.0809 0.0811 0.0952 0.0857 0.0753 0.0980 0.0934 0.0922 0.1066 0.1144 0.0927 0.1145 0.1079 0.0754 0.0739 0.0936 0.0784],[1.9354 0.5633 0.3265 0.2632 0.2664 0.2522 0.2691 0.2374 0.1756 0.2155 0.2650 0.1659 0.1832 0.2232 0.2009 0.1713 0.1539 0.1553 0.1414 0.1548 0.1752 0.1305 0.1660 0.1434 0.1972 0.1442 0.1608 0.1789 0.1529 0.1472 0.1671 0.1607 0.1961 0.1297 0.1270 0.1441 0.1335 0.1254 0.1490 0.1428 0.1407 0.1600 0.1722 0.1537 0.1738 0.1682 0.1327 0.1298 0.1565 0.1405],[1.9247 1.2410 0.6083 0.4592 0.4013 0.3694 0.3466 0.3224 0.3111 0.2951 0.2869 0.2782 0.2707 0.2605 0.2562 0.2535 0.2460 0.2413 0.2355 0.2319 0.2263 0.2267 0.2213 0.2210 0.2108 0.2113 0.2106 0.2035 0.2013 0.1985 0.1983 0.1968 0.1957 0.1944 0.1907 0.1894 0.1871 0.1818 0.1862 0.1817 0.1782 0.1796 0.1789 0.1736 0.1718 0.1731 0.1683 0.1705 0.1672 0.1705]
