train_acc,valid_acc,test_acc,train_loss,valid_loss,train_aug_loss
0.9895849823951721,0.9675324559211731,0.9709641933441162,[1.9537 6.0588 1.4485 1.0095 0.6515 0.3787 0.2898 0.3049 0.2721 0.2074 0.2109 0.2153 0.1598 0.2098 0.1735 0.1203 0.1196 0.1401 0.1176 0.1007 0.1455 0.0939 0.1385 0.1120 0.0977 0.1145 0.0844 0.0957 0.1326 0.1057 0.1005 0.0786 0.0919 0.0682 0.0716 0.0673 0.0772 0.0603 0.0730 0.0825 0.0664 0.0541 0.0843 0.0578 0.0482 0.0587 0.0561 0.0479 0.0496 0.0582 0.0614 0.0770 0.0608 0.0475 0.0722 0.0410 0.0508 0.0432 0.0379 0.0475 0.0446 0.0312 0.0414 0.0326 0.0372 0.0380 0.0310 0.0411 0.0369 0.0581 0.0582 0.0312 0.0380 0.0382 0.0326 0.0326 0.0271 0.0371 0.0273 0.0452 0.0266 0.0277 0.0275 0.0453 0.0407 0.0319 0.0286 0.0271 0.0245 0.0489 0.0211 0.0255 0.0228 0.0243 0.0265 0.0197 0.0212 0.0274 0.0376 0.0266],[1.9561 5.6094 1.5693 1.0201 0.7400 0.4417 0.3150 0.3475 0.3189 0.2542 0.2541 0.2506 0.2087 0.2705 0.2377 0.1683 0.1647 0.1880 0.1757 0.1555 0.2155 0.1483 0.2088 0.1794 0.1547 0.1802 0.1432 0.1658 0.2089 0.1722 0.1738 0.1452 0.1691 0.1328 0.1437 0.1357 0.1400 0.1205 0.1523 0.1611 0.1513 0.1241 0.1792 0.1281 0.1179 0.1381 0.1348 0.1236 0.1316 0.1487 0.1587 0.1708 0.1562 0.1380 0.1822 0.1289 0.1472 0.1315 0.1250 0.1409 0.1444 0.1156 0.1323 0.1205 0.1248 0.1233 0.1207 0.1384 0.1355 0.1750 0.1734 0.1282 0.1443 0.1405 0.1303 0.1316 0.1291 0.1488 0.1318 0.1650 0.1277 0.1253 0.1270 0.1711 0.1710 0.1498 0.1399 0.1343 0.1262 0.1889 0.1159 0.1326 0.1263 0.1428 0.1305 0.1255 0.1333 0.1440 0.1644 0.1397],[2.0736 1.7863 1.2708 0.7319 0.5402 0.4492 0.3997 0.3572 0.3349 0.3105 0.2887 0.2789 0.2669 0.2588 0.2452 0.2392 0.2300 0.2245 0.2126 0.2100 0.2060 0.1995 0.1949 0.1902 0.1861 0.1802 0.1779 0.1743 0.1710 0.1675 0.1652 0.1592 0.1548 0.1554 0.1515 0.1519 0.1478 0.1467 0.1415 0.1406 0.1396 0.1350 0.1340 0.1343 0.1323 0.1299 0.1262 0.1261 0.1260 0.1220 0.1207 0.1188 0.1178 0.1190 0.1165 0.1152 0.1134 0.1110 0.1116 0.1081 0.1069 0.1068 0.1069 0.1033 0.1042 0.1033 0.1016 0.1034 0.0981 0.0985 0.0969 0.0964 0.0949 0.0948 0.0948 0.0925 0.0932 0.0908 0.0904 0.0891 0.0913 0.0876 0.0868 0.0875 0.0856 0.0859 0.0855 0.0841 0.0819 0.0828 0.0805 0.0794 0.0797 0.0789 0.0800 0.0784 0.0766 0.0770 0.0750 0.0759]
