train_acc,valid_acc,test_acc,train_loss,valid_loss,train_aug_loss
0.9936238527297974,0.9632710814476013,0.967494547367096,[2.6057 0.4555 0.4056 0.3889 0.3459 0.2642 0.2959 0.2426 0.2138 0.2032 0.1563 0.1728 0.1412 0.1689 0.1587 0.1154 0.0928 0.1185 0.1588 0.1028 0.1705 0.1387 0.0967 0.2538 0.1088 0.1259 0.1204 0.1158 0.0874 0.1093 0.1610 0.1011 0.1008 0.1236 0.0875 0.0728 0.1048 0.0560 0.0615 0.0882 0.0584 0.0720 0.0547 0.0796 0.0643 0.0491 0.0456 0.0470 0.0479 0.0707 0.0350 0.0731 0.0415 0.0526 0.0657 0.0484 0.0852 0.0529 0.0539 0.0611 0.1824 0.0256 0.0483 0.0779 0.0443 0.0372 0.0675 0.0727 0.0499 0.0296 0.0301 0.0196 0.0377 0.0224 0.0292 0.0353 0.0280 0.0164 0.0246 0.0194 0.0221 0.0465 0.0225 0.0240 0.0271 0.0227 0.0162 0.0289 0.0196 0.0253 0.0254 0.0266 0.0513 0.0161 0.0198 0.0148 0.0665 0.0247 0.0406 0.0227],[2.5471 0.4596 0.3923 0.3853 0.3482 0.2899 0.3068 0.2755 0.2386 0.2592 0.1953 0.2075 0.1913 0.2255 0.2173 0.1767 0.1478 0.1761 0.2225 0.1727 0.2472 0.2095 0.1668 0.3472 0.1940 0.2176 0.1994 0.2102 0.1839 0.2077 0.2478 0.1951 0.1981 0.2337 0.1855 0.1677 0.2049 0.1489 0.1590 0.1913 0.1545 0.1850 0.1546 0.1977 0.1815 0.1478 0.1492 0.1499 0.1545 0.1985 0.1463 0.1942 0.1565 0.1768 0.1951 0.1682 0.2397 0.1893 0.1836 0.2034 0.3523 0.1457 0.1939 0.2275 0.1682 0.1675 0.2106 0.2109 0.1978 0.1513 0.1667 0.1339 0.1858 0.1425 0.1651 0.1878 0.1710 0.1385 0.1613 0.1457 0.1465 0.1944 0.1627 0.1582 0.1693 0.1532 0.1560 0.1859 0.1591 0.1719 0.1813 0.1931 0.2211 0.1594 0.1686 0.1485 0.2901 0.1969 0.2181 0.1895],[1.7678 0.6668 0.4139 0.3451 0.3080 0.2813 0.2598 0.2471 0.2313 0.2192 0.2120 0.2014 0.1959 0.1867 0.1812 0.1768 0.1703 0.1620 0.1607 0.1560 0.1512 0.1498 0.1455 0.1403 0.1397 0.1368 0.1337 0.1308 0.1277 0.1225 0.1220 0.1211 0.1184 0.1186 0.1133 0.1108 0.1100 0.1097 0.1082 0.1055 0.1027 0.1009 0.1012 0.0998 0.0985 0.0970 0.0940 0.0966 0.0929 0.0939 0.0888 0.0904 0.0873 0.0894 0.0849 0.0863 0.0853 0.0832 0.0839 0.0825 0.0825 0.0804 0.0801 0.0795 0.0754 0.0762 0.0780 0.0775 0.0742 0.0718 0.0733 0.0721 0.0714 0.0714 0.0716 0.0688 0.0705 0.0683 0.0668 0.0663 0.0671 0.0655 0.0650 0.0638 0.0639 0.0637 0.0629 0.0633 0.0608 0.0618 0.0605 0.0609 0.0620 0.0597 0.0624 0.0591 0.0576 0.0584 0.0573 0.0565]
