train_acc,valid_acc,test_acc,train_loss,valid_loss,train_aug_loss
0.9758938550949097,0.9616477489471436,0.9574506878852844,[2.0765 1.2521 0.5771 0.4599 0.3675 0.4031 0.2738 0.2520 0.2341 0.1906 0.1957 0.1777 0.1832 0.1837 0.1665 0.1657 0.1624 0.1434 0.1552 0.1245 0.1474 0.1355 0.1306 0.1192 0.1257 0.1099 0.1231 0.1122 0.1102 0.1161 0.1084 0.0935 0.0957 0.0854 0.1155 0.1084 0.0834 0.0905 0.0810 0.0897 0.0826 0.0985 0.0823 0.0809 0.0900 0.0727 0.0766 0.0827 0.0755 0.0715],[1.9309 1.0956 0.5197 0.4211 0.3417 0.3641 0.2668 0.2421 0.2232 0.2013 0.2132 0.2052 0.1997 0.2127 0.1822 0.1998 0.1886 0.1781 0.1815 0.1507 0.1751 0.1689 0.1676 0.1594 0.1604 0.1497 0.1636 0.1475 0.1472 0.1503 0.1517 0.1336 0.1384 0.1300 0.1601 0.1485 0.1310 0.1374 0.1277 0.1481 0.1390 0.1571 0.1333 0.1320 0.1462 0.1267 0.1312 0.1382 0.1312 0.1330],[1.9435 1.5876 0.9884 0.6826 0.5613 0.4907 0.4497 0.4123 0.3792 0.3604 0.3413 0.3277 0.3127 0.3029 0.2941 0.2859 0.2742 0.2653 0.2639 0.2590 0.2512 0.2446 0.2387 0.2322 0.2293 0.2244 0.2240 0.2140 0.2158 0.2123 0.2083 0.2060 0.2061 0.1997 0.1978 0.1958 0.1944 0.1901 0.1895 0.1871 0.1871 0.1865 0.1808 0.1792 0.1768 0.1765 0.1759 0.1724 0.1736 0.1735]
