train_acc,valid_acc,test_acc,train_loss,valid_loss,train_aug_loss
0.9806075096130371,0.9602272510528564,0.9671292901039124,[4.3701 0.3625 0.2380 0.1960 0.1547 0.1612 0.1152 0.1724 0.1118 0.0987 0.1117 0.0962 0.1595 0.1414 0.1682 0.1108 0.0602 0.0915 0.1135 0.0672 0.0739 0.0873 0.0658 0.0611 0.1143 0.1032 0.0913 0.0965 0.1006 0.1501 0.0902 0.0920 0.0830 0.0885 0.0898 0.0634 0.0708 0.0443 0.0603 0.1195 0.0762 0.0724 0.0893 0.0388 0.0839 0.0580 0.0621 0.0375 0.0627 0.1126],[3.8858 0.3552 0.2732 0.2386 0.2120 0.2088 0.1710 0.2265 0.1732 0.1638 0.1848 0.1594 0.2114 0.2069 0.2351 0.1802 0.1393 0.1739 0.2073 0.1473 0.1593 0.1791 0.1544 0.1453 0.2025 0.2020 0.1859 0.1904 0.1973 0.2579 0.2045 0.2097 0.1924 0.1933 0.2083 0.1692 0.1865 0.1571 0.1792 0.2525 0.1936 0.1979 0.2120 0.1592 0.2168 0.1927 0.1941 0.1520 0.2085 0.2686],[1.8566 0.7210 0.3878 0.3249 0.2847 0.2636 0.2433 0.2337 0.2212 0.2095 0.2034 0.1980 0.1920 0.1839 0.1795 0.1737 0.1689 0.1658 0.1619 0.1589 0.1543 0.1506 0.1497 0.1457 0.1422 0.1426 0.1403 0.1355 0.1330 0.1312 0.1288 0.1295 0.1250 0.1243 0.1212 0.1214 0.1193 0.1172 0.1165 0.1144 0.1142 0.1116 0.1135 0.1088 0.1073 0.1076 0.1074 0.1072 0.1039 0.1014]
