train_acc,valid_acc,test_acc,train_loss,valid_loss,train_aug_loss
0.9945804476737976,0.974443256855011,0.9465935230255127,[1.9516 5.3292 1.7229 0.7563 0.3906 0.3079 0.3335 0.2687 0.2385 0.2108 0.1933 0.2308 0.1779 0.1613 0.2033 0.1313 0.1227 0.1578 0.1191 0.1238 0.1105 0.1036 0.1060 0.0956 0.1380 0.0942 0.0979 0.0975 0.0872 0.0965 0.0751 0.0747 0.1036 0.0702 0.0683 0.0628 0.0759 0.0775 0.0600 0.0704 0.0628 0.0562 0.0586 0.0572 0.0629 0.0580 0.0735 0.0483 0.0508 0.0476 0.0612 0.0396 0.0794 0.0447 0.0465 0.0357 0.0439 0.0414 0.0333 0.0738 0.0318 0.0481 0.0431 0.0377 0.0367 0.0427 0.0536 0.0327 0.0544 0.0419 0.0333 0.0342 0.0304 0.0252 0.0251 0.0301 0.0359 0.0301 0.0276 0.0282 0.0275 0.0297 0.0308 0.0248 0.0203 0.0254 0.0212 0.0430 0.0280 0.0335 0.0255 0.0299 0.0254 0.0219 0.0224 0.0395 0.0191 0.0240 0.0188 0.0230],[1.9569 4.7839 1.7098 0.8304 0.4295 0.3386 0.3747 0.2978 0.2587 0.2254 0.2169 0.2770 0.2042 0.2057 0.2607 0.1630 0.1631 0.2098 0.1698 0.1753 0.1535 0.1490 0.1561 0.1517 0.2002 0.1450 0.1522 0.1653 0.1464 0.1502 0.1275 0.1298 0.1725 0.1223 0.1267 0.1236 0.1370 0.1537 0.1231 0.1519 0.1274 0.1152 0.1289 0.1262 0.1369 0.1441 0.1662 0.1148 0.1220 0.1159 0.1378 0.0992 0.1759 0.1072 0.1201 0.1053 0.1262 0.1184 0.1032 0.1588 0.0984 0.1425 0.1333 0.1078 0.1238 0.1221 0.1385 0.1137 0.1590 0.1377 0.1220 0.1235 0.1109 0.1022 0.1083 0.1193 0.1271 0.1212 0.1078 0.1210 0.1184 0.1190 0.1261 0.1106 0.0983 0.1156 0.0986 0.1551 0.1432 0.1508 0.1242 0.1322 0.1280 0.1151 0.1073 0.1551 0.0933 0.1310 0.1185 0.1301],[2.0610 1.7877 1.3487 0.6653 0.4733 0.3951 0.3529 0.3248 0.3029 0.2837 0.2690 0.2565 0.2480 0.2372 0.2287 0.2193 0.2100 0.2051 0.1981 0.1955 0.1857 0.1785 0.1790 0.1730 0.1702 0.1653 0.1608 0.1606 0.1574 0.1531 0.1514 0.1479 0.1449 0.1413 0.1385 0.1355 0.1350 0.1329 0.1322 0.1298 0.1272 0.1248 0.1236 0.1221 0.1209 0.1192 0.1182 0.1124 0.1135 0.1132 0.1106 0.1093 0.1107 0.1081 0.1066 0.1046 0.1035 0.1017 0.1010 0.0991 0.0988 0.0980 0.0974 0.0956 0.0937 0.0937 0.0939 0.0911 0.0888 0.0909 0.0903 0.0888 0.0886 0.0852 0.0855 0.0837 0.0836 0.0841 0.0835 0.0805 0.0807 0.0798 0.0797 0.0803 0.0775 0.0767 0.0780 0.0765 0.0769 0.0762 0.0745 0.0736 0.0749 0.0711 0.0708 0.0724 0.0721 0.0694 0.0692 0.0683]
