train_acc,valid_acc,test_acc,train_loss,valid_loss,train_aug_loss
0.9821917414665222,0.966923713684082,0.9609203934669495,[2.6615 1.4038 0.3021 0.2188 0.2219 0.2072 0.1968 0.1628 0.1551 0.1305 0.1169 0.1183 0.1395 0.1212 0.1176 0.1114 0.1074 0.1015 0.1198 0.0989 0.0883 0.0942 0.1040 0.0852 0.1049 0.0961 0.0880 0.0979 0.0878 0.0831 0.1060 0.0887 0.0723 0.0743 0.0975 0.0674 0.0663 0.0811 0.0885 0.0694 0.0689 0.0505 0.0700 0.0730 0.0666 0.0655 0.0782 0.0630 0.0603 0.0509],[2.5555 1.5950 0.3272 0.2278 0.2512 0.2232 0.2292 0.2067 0.1953 0.1788 0.1557 0.1632 0.1806 0.1567 0.1593 0.1581 0.1581 0.1508 0.1638 0.1542 0.1440 0.1376 0.1425 0.1321 0.1549 0.1586 0.1427 0.1594 0.1485 0.1435 0.1712 0.1406 0.1317 0.1385 0.1503 0.1330 0.1377 0.1547 0.1554 0.1280 0.1400 0.1202 0.1365 0.1327 0.1345 0.1367 0.1451 0.1349 0.1288 0.1199],[1.9711 1.2693 0.5190 0.4052 0.3532 0.3199 0.2996 0.2794 0.2671 0.2599 0.2447 0.2389 0.2330 0.2236 0.2175 0.2136 0.2104 0.2016 0.1988 0.1915 0.1893 0.1895 0.1810 0.1771 0.1749 0.1741 0.1727 0.1690 0.1685 0.1658 0.1621 0.1585 0.1570 0.1559 0.1526 0.1511 0.1506 0.1456 0.1494 0.1484 0.1421 0.1416 0.1402 0.1409 0.1367 0.1365 0.1363 0.1352 0.1357 0.1295]
