train_acc,valid_acc,test_acc,train_loss,valid_loss,train_aug_loss
0.9827980995178223,0.9602272510528564,0.9620160460472107,[2.6711 0.5739 0.3583 0.2137 0.2064 0.1926 0.2324 0.1956 0.2249 0.1713 0.1675 0.1581 0.1107 0.1102 0.1300 0.1194 0.1929 0.1155 0.1031 0.1530 0.1114 0.0986 0.1087 0.1357 0.1098 0.0916 0.1143 0.0919 0.1390 0.0975 0.1284 0.0939 0.0990 0.1137 0.0991 0.1107 0.0817 0.0836 0.1055 0.0651 0.0997 0.0931 0.0806 0.0559 0.0678 0.0905 0.0929 0.0913 0.0824 0.0632],[2.7549 0.5578 0.3701 0.2394 0.2284 0.2059 0.2527 0.2184 0.2507 0.2129 0.2273 0.2205 0.1654 0.1656 0.1904 0.1828 0.2356 0.1708 0.1697 0.1926 0.1645 0.1590 0.1707 0.1955 0.1744 0.1551 0.1865 0.1489 0.1924 0.1562 0.1974 0.1578 0.1579 0.1742 0.1582 0.1757 0.1462 0.1589 0.1739 0.1351 0.1703 0.1658 0.1571 0.1323 0.1406 0.1647 0.1625 0.1678 0.1611 0.1362],[1.7547 0.9355 0.5821 0.4814 0.4216 0.3934 0.3635 0.3475 0.3271 0.3168 0.3069 0.2973 0.2883 0.2806 0.2765 0.2669 0.2621 0.2561 0.2500 0.2509 0.2424 0.2391 0.2352 0.2339 0.2308 0.2244 0.2193 0.2163 0.2124 0.2156 0.2114 0.2076 0.2064 0.2065 0.2011 0.1955 0.2004 0.1959 0.1914 0.1945 0.1885 0.1883 0.1880 0.1847 0.1827 0.1813 0.1836 0.1817 0.1762 0.1776]
