train_acc,valid_acc,test_acc,train_loss,valid_loss,train_aug_loss
0.9798740148544312,0.9584009647369385,0.9612855911254883,[1.8929 0.8543 0.4213 0.2681 0.3079 0.1920 0.2191 0.1709 0.2122 0.1723 0.1594 0.1576 0.1307 0.1322 0.1456 0.1079 0.1228 0.1234 0.1438 0.1434 0.1349 0.1315 0.1087 0.1250 0.1086 0.0979 0.1064 0.1156 0.1472 0.1037 0.1205 0.0939 0.1250 0.1294 0.0823 0.0772 0.1354 0.0959 0.1379 0.0752 0.0866 0.1101 0.0663 0.0799 0.1377 0.0802 0.0874 0.1176 0.0712 0.0725],[1.8126 0.7764 0.3889 0.2791 0.3194 0.2246 0.2436 0.1983 0.2344 0.2038 0.1973 0.1920 0.1750 0.1788 0.1842 0.1570 0.1772 0.1762 0.1886 0.1871 0.1850 0.1775 0.1641 0.1686 0.1618 0.1600 0.1590 0.1745 0.2007 0.1678 0.1743 0.1539 0.1860 0.1923 0.1434 0.1424 0.1987 0.1589 0.2073 0.1362 0.1520 0.1829 0.1356 0.1459 0.2108 0.1519 0.1605 0.1943 0.1400 0.1481],[1.8729 1.1316 0.6531 0.5079 0.4401 0.4048 0.3727 0.3515 0.3361 0.3153 0.3059 0.2978 0.2870 0.2763 0.2738 0.2637 0.2565 0.2495 0.2477 0.2414 0.2353 0.2352 0.2310 0.2276 0.2224 0.2194 0.2183 0.2120 0.2152 0.2067 0.2059 0.2035 0.1999 0.1976 0.1950 0.1936 0.1925 0.1920 0.1900 0.1856 0.1831 0.1845 0.1821 0.1782 0.1777 0.1750 0.1720 0.1735 0.1719 0.1687]
