train_acc,valid_acc,test_acc,train_loss,valid_loss,train_aug_loss
0.9708672165870667,0.9478490352630615,0.951972246170044,[2.0493 1.5250 0.8535 0.5853 0.4831 0.3285 0.3394 0.3067 0.2610 0.2910 0.1904 0.2535 0.2472 0.1848 0.2461 0.1742 0.1209 0.2201 0.2296 0.1622 0.1691 0.1369 0.1623 0.1184 0.1578 0.1113 0.1368 0.1422 0.1449 0.1414 0.1437 0.1629 0.1246 0.1035 0.1149 0.1144 0.1174 0.1392 0.1205 0.1211 0.1177 0.0991 0.0889 0.1041 0.1103 0.0970 0.0946 0.1097 0.1366 0.0924],[1.9889 1.5002 0.7914 0.5849 0.4686 0.3447 0.3546 0.3334 0.2882 0.3225 0.2335 0.2906 0.2980 0.2350 0.2924 0.2252 0.1749 0.2854 0.2843 0.2197 0.2226 0.1974 0.2269 0.1758 0.2273 0.1751 0.2010 0.2051 0.2204 0.2202 0.2236 0.2383 0.1953 0.1651 0.1910 0.1972 0.1984 0.2230 0.1967 0.1993 0.1954 0.1755 0.1638 0.1897 0.1964 0.1782 0.1834 0.1946 0.2293 0.1793],[1.9598 1.6942 1.0978 0.7388 0.5915 0.5100 0.4629 0.4173 0.3882 0.3656 0.3492 0.3348 0.3189 0.3029 0.2967 0.2869 0.2764 0.2671 0.2634 0.2526 0.2485 0.2454 0.2368 0.2349 0.2292 0.2219 0.2213 0.2154 0.2140 0.2106 0.2062 0.2050 0.2037 0.1995 0.1953 0.1930 0.1908 0.1885 0.1896 0.1864 0.1824 0.1781 0.1787 0.1791 0.1739 0.1716 0.1717 0.1720 0.1690 0.1666]
