train_acc,valid_acc,test_acc,train_loss,valid_loss,train_aug_loss
0.9820157289505005,0.9624594449996948,0.9603725075721741,[1.7819 0.4406 0.2952 0.2980 0.2244 0.2490 0.2258 0.2005 0.1797 0.1692 0.1420 0.1356 0.1428 0.1534 0.1207 0.1386 0.1145 0.1754 0.1490 0.1493 0.1227 0.1622 0.1024 0.1113 0.0988 0.0991 0.1164 0.0864 0.0833 0.0879 0.1468 0.0945 0.0662 0.1068 0.0725 0.0897 0.0696 0.0716 0.0696 0.0728 0.0673 0.0965 0.1331 0.0894 0.0753 0.0612 0.0873 0.0647 0.1197 0.0630],[1.8225 0.4302 0.2969 0.2984 0.2488 0.2619 0.2470 0.2383 0.2144 0.2078 0.1885 0.1864 0.1818 0.1973 0.1734 0.1854 0.1608 0.2242 0.1989 0.1944 0.1781 0.2131 0.1634 0.1725 0.1719 0.1707 0.1752 0.1505 0.1540 0.1622 0.2017 0.1578 0.1448 0.1709 0.1534 0.1605 0.1444 0.1448 0.1438 0.1549 0.1365 0.1663 0.1921 0.1608 0.1457 0.1340 0.1635 0.1388 0.1934 0.1425],[1.8197 0.9431 0.5739 0.4721 0.4196 0.3843 0.3556 0.3380 0.3243 0.3131 0.2978 0.2942 0.2886 0.2745 0.2686 0.2683 0.2582 0.2522 0.2450 0.2435 0.2374 0.2339 0.2335 0.2287 0.2233 0.2240 0.2194 0.2172 0.2110 0.2100 0.2077 0.2058 0.2034 0.2020 0.1998 0.1974 0.1980 0.1951 0.1923 0.1888 0.1885 0.1873 0.1857 0.1827 0.1798 0.1816 0.1795 0.1756 0.1787 0.1762]
