train_acc,valid_acc,test_acc,train_loss,valid_loss,train_aug_loss
0.9850180149078369,0.9642857313156128,0.9611030220985413,[9.0552 0.3200 0.2172 0.1873 0.1703 0.1881 0.1885 0.1352 0.2291 0.1522 0.1686 0.1474 0.1422 0.1309 0.1239 0.1185 0.1666 0.1105 0.1647 0.0829 0.1376 0.0729 0.0682 0.1448 0.0854 0.1387 0.0740 0.1035 0.0618 0.0644 0.0927 0.1213 0.0627 0.1674 0.0718 0.1765 0.0561 0.0640 0.0436 0.0518 0.0610 0.1319 0.0678 0.0539 0.0589 0.0834 0.1066 0.0821 0.0344 0.0299],[7.7850 0.3284 0.2323 0.2301 0.1947 0.2174 0.2087 0.1714 0.2720 0.2025 0.2185 0.2062 0.1999 0.1942 0.1868 0.1891 0.2352 0.1779 0.2477 0.1485 0.2237 0.1534 0.1491 0.2436 0.1732 0.2373 0.1557 0.2027 0.1495 0.1522 0.1940 0.2322 0.1629 0.2902 0.1702 0.3113 0.1585 0.1707 0.1314 0.1580 0.1777 0.2826 0.1989 0.1752 0.1877 0.2329 0.2431 0.2229 0.1396 0.1346],[1.6532 0.5150 0.3575 0.3099 0.2783 0.2573 0.2418 0.2313 0.2142 0.2091 0.2043 0.1973 0.1882 0.1835 0.1807 0.1752 0.1709 0.1663 0.1601 0.1611 0.1588 0.1534 0.1514 0.1475 0.1423 0.1451 0.1377 0.1375 0.1392 0.1305 0.1312 0.1279 0.1266 0.1256 0.1240 0.1219 0.1178 0.1202 0.1183 0.1138 0.1154 0.1138 0.1097 0.1100 0.1079 0.1095 0.1081 0.1056 0.1047 0.1036]
