train_acc,valid_acc,test_acc,train_loss,valid_loss,train_aug_loss
0.9762752056121826,0.9594155550003052,0.9603725075721741,[1.9782 3.2744 3.4951 0.5467 0.4260 0.3301 0.2708 0.2843 0.2382 0.2465 0.2562 0.2168 0.2051 0.2061 0.1875 0.1675 0.1552 0.1527 0.1608 0.1543 0.1315 0.1689 0.1191 0.1272 0.1428 0.1285 0.1255 0.1410 0.1071 0.1143 0.1060 0.1253 0.1126 0.1067 0.0979 0.0928 0.1021 0.0923 0.0957 0.1054 0.0985 0.0800 0.0884 0.0915 0.0813 0.0900 0.0953 0.0814 0.0751 0.0662 0.0896 0.0824 0.0857 0.0738 0.0918 0.0727 0.0761 0.0657 0.0690 0.0685 0.0622 0.0676 0.0671 0.0622 0.0744 0.0512 0.0750 0.0572 0.0656 0.0488 0.0571 0.0495 0.0491 0.0603 0.0506 0.0626 0.0427 0.0467 0.0754 0.0476 0.0442 0.0543 0.0583 0.0413 0.0516 0.0532 0.0394 0.0487 0.0447 0.0407 0.0424 0.0464 0.0384 0.0422 0.0381 0.0384 0.0421 0.0328 0.0452 0.0361],[1.9837 3.1463 3.3844 0.5584 0.4485 0.3643 0.2993 0.3141 0.2561 0.2749 0.2769 0.2522 0.2239 0.2409 0.2163 0.2023 0.1866 0.1854 0.1922 0.1873 0.1722 0.2079 0.1599 0.1671 0.1820 0.1634 0.1783 0.1808 0.1508 0.1664 0.1579 0.1762 0.1626 0.1504 0.1527 0.1463 0.1484 0.1465 0.1455 0.1617 0.1560 0.1374 0.1511 0.1514 0.1394 0.1470 0.1518 0.1462 0.1399 0.1298 0.1538 0.1497 0.1629 0.1434 0.1668 0.1454 0.1586 0.1335 0.1526 0.1385 0.1344 0.1419 0.1599 0.1367 0.1528 0.1322 0.1677 0.1410 0.1587 0.1353 0.1463 0.1330 0.1363 0.1494 0.1405 0.1518 0.1326 0.1341 0.1676 0.1345 0.1302 0.1476 0.1552 0.1364 0.1474 0.1498 0.1373 0.1482 0.1404 0.1337 0.1429 0.1450 0.1433 0.1463 0.1496 0.1363 0.1517 0.1388 0.1560 0.1555],[2.0662 1.8322 1.5557 0.8114 0.5391 0.4453 0.3954 0.3637 0.3394 0.3224 0.3034 0.2936 0.2794 0.2674 0.2619 0.2514 0.2393 0.2341 0.2295 0.2210 0.2143 0.2120 0.2055 0.1991 0.1972 0.1931 0.1905 0.1849 0.1804 0.1801 0.1736 0.1731 0.1704 0.1674 0.1675 0.1613 0.1607 0.1573 0.1565 0.1540 0.1504 0.1494 0.1468 0.1448 0.1453 0.1423 0.1396 0.1373 0.1366 0.1369 0.1320 0.1350 0.1284 0.1309 0.1288 0.1238 0.1239 0.1229 0.1226 0.1202 0.1192 0.1194 0.1181 0.1159 0.1146 0.1143 0.1128 0.1106 0.1089 0.1091 0.1094 0.1081 0.1066 0.1062 0.1060 0.1031 0.1032 0.1026 0.1015 0.1018 0.0993 0.0992 0.0994 0.0973 0.0984 0.0962 0.0962 0.0933 0.0923 0.0927 0.0911 0.0928 0.0893 0.0898 0.0895 0.0892 0.0881 0.0878 0.0882 0.0856]
