train_acc,valid_acc,test_acc,train_loss,valid_loss,train_aug_loss
0.9899370074272156,0.963676929473877,0.9621986746788025,[1.9517 3.6984 3.6739 0.6463 0.4202 0.3556 0.3546 0.2915 0.2678 0.2272 0.2504 0.1993 0.1715 0.1960 0.1938 0.1503 0.1520 0.1694 0.1501 0.1554 0.1379 0.1249 0.1367 0.1129 0.1090 0.1048 0.1044 0.1052 0.1478 0.1027 0.0958 0.0857 0.0904 0.0842 0.0893 0.0994 0.0950 0.0802 0.0814 0.0994 0.0684 0.0828 0.0935 0.0756 0.0920 0.0781 0.0856 0.0929 0.0762 0.0648 0.0749 0.0820 0.0723 0.0460 0.0645 0.0606 0.0670 0.0578 0.0836 0.0592 0.0619 0.0437 0.0460 0.0578 0.0557 0.0549 0.0564 0.0661 0.0447 0.0429 0.0488 0.0426 0.0620 0.0431 0.0449 0.0650 0.0460 0.0428 0.0384 0.0298 0.0355 0.0431 0.0375 0.0350 0.0358 0.0416 0.0370 0.0418 0.0264 0.0259 0.0322 0.0313 0.0285 0.0416 0.0298 0.0391 0.0449 0.0297 0.0525 0.0342],[1.9444 3.4440 3.3366 0.7148 0.4813 0.4157 0.4292 0.3419 0.3164 0.2887 0.3068 0.2455 0.2219 0.2641 0.2348 0.2008 0.2050 0.2232 0.2001 0.2251 0.1923 0.1752 0.1917 0.1618 0.1601 0.1619 0.1615 0.1611 0.2048 0.1682 0.1626 0.1432 0.1528 0.1434 0.1509 0.1646 0.1683 0.1468 0.1521 0.1692 0.1400 0.1622 0.1732 0.1443 0.1754 0.1631 0.1564 0.1778 0.1550 0.1456 0.1484 0.1576 0.1608 0.1337 0.1584 0.1524 0.1605 0.1359 0.1820 0.1470 0.1551 0.1339 0.1350 0.1592 0.1526 0.1570 0.1451 0.1641 0.1359 0.1414 0.1487 0.1341 0.1672 0.1401 0.1531 0.1805 0.1484 0.1512 0.1454 0.1221 0.1413 0.1582 0.1448 0.1390 0.1447 0.1593 0.1478 0.1581 0.1302 0.1346 0.1367 0.1394 0.1314 0.1628 0.1356 0.1540 0.1671 0.1406 0.1692 0.1634],[2.0761 1.8300 1.6067 0.8277 0.5135 0.4234 0.3724 0.3427 0.3227 0.2995 0.2853 0.2717 0.2621 0.2501 0.2392 0.2307 0.2213 0.2166 0.2087 0.2050 0.1983 0.1949 0.1893 0.1856 0.1808 0.1766 0.1725 0.1704 0.1666 0.1620 0.1606 0.1528 0.1523 0.1486 0.1498 0.1426 0.1424 0.1377 0.1375 0.1393 0.1348 0.1317 0.1306 0.1297 0.1271 0.1229 0.1212 0.1226 0.1202 0.1188 0.1148 0.1161 0.1123 0.1137 0.1101 0.1096 0.1073 0.1076 0.1065 0.1039 0.1019 0.1028 0.1006 0.1001 0.0982 0.0964 0.0972 0.0968 0.0945 0.0945 0.0943 0.0911 0.0921 0.0918 0.0895 0.0883 0.0894 0.0887 0.0864 0.0855 0.0845 0.0821 0.0828 0.0811 0.0814 0.0783 0.0819 0.0788 0.0771 0.0800 0.0789 0.0759 0.0758 0.0761 0.0771 0.0760 0.0712 0.0757 0.0724 0.0716]
