train_acc,valid_acc,test_acc,train_loss,valid_loss,train_aug_loss
0.9946304559707642,0.9700620770454407,0.9506350755691528,[2.3751 1.5765 0.4498 0.3661 0.2997 0.2863 0.3109 0.2424 0.1834 0.1629 0.1402 0.1439 0.1487 0.2328 0.1578 0.1506 0.1344 0.1081 0.0848 0.1877 0.0881 0.1137 0.1164 0.1473 0.0748 0.0682 0.0698 0.0949 0.0787 0.1279 0.0781 0.0610 0.0527 0.0597 0.0547 0.0570 0.0806 0.0629 0.0728 0.0467 0.0618 0.0724 0.0459 0.0921 0.0492 0.0547 0.0600 0.0551 0.0487 0.0624 0.0651 0.0401 0.0523 0.0426 0.0694 0.0407 0.0784 0.0432 0.0323 0.0332 0.0383 0.0706 0.0405 0.0567 0.0337 0.0676 0.0350 0.0322 0.0406 0.0329 0.0293 0.0339 0.0405 0.0530 0.0263 0.0350 0.0461 0.0283 0.0250 0.0245 0.0303 0.0240 0.0339 0.0427 0.0384 0.0293 0.0422 0.0200 0.0243 0.0228 0.0247 0.0250 0.0313 0.0303 0.0200 0.0240 0.0183 0.0361 0.0621 0.0307],[2.3682 1.5734 0.4946 0.4512 0.3493 0.3530 0.3630 0.3007 0.2297 0.2155 0.1882 0.2108 0.1896 0.2899 0.2462 0.2040 0.1900 0.1723 0.1280 0.2290 0.1287 0.1689 0.1759 0.2355 0.1301 0.1181 0.1183 0.1636 0.1394 0.1921 0.1392 0.1181 0.1132 0.1252 0.1024 0.1183 0.1534 0.1277 0.1510 0.1052 0.1249 0.1336 0.1041 0.1865 0.1102 0.1336 0.1320 0.1318 0.1214 0.1440 0.1388 0.0985 0.1287 0.1100 0.1527 0.1028 0.1790 0.1116 0.0964 0.0972 0.1066 0.1757 0.1107 0.1459 0.1063 0.1522 0.0995 0.0976 0.1204 0.1120 0.1009 0.1151 0.1337 0.1493 0.0997 0.1268 0.1398 0.1105 0.1009 0.1056 0.1215 0.0987 0.1315 0.1436 0.1378 0.1133 0.1543 0.0998 0.1141 0.1096 0.1169 0.1162 0.1290 0.1260 0.1126 0.1254 0.0956 0.1527 0.1952 0.1299],[2.0565 1.5858 0.7570 0.4511 0.3646 0.3205 0.2935 0.2752 0.2539 0.2430 0.2290 0.2182 0.2098 0.2034 0.1949 0.1929 0.1832 0.1775 0.1724 0.1667 0.1635 0.1614 0.1569 0.1499 0.1518 0.1441 0.1436 0.1406 0.1354 0.1357 0.1345 0.1302 0.1294 0.1269 0.1243 0.1202 0.1196 0.1191 0.1173 0.1154 0.1134 0.1106 0.1086 0.1070 0.1071 0.1054 0.1037 0.1047 0.1017 0.0997 0.0982 0.0983 0.0971 0.0960 0.0955 0.0936 0.0935 0.0929 0.0921 0.0886 0.0898 0.0857 0.0879 0.0869 0.0846 0.0849 0.0827 0.0823 0.0814 0.0808 0.0803 0.0794 0.0793 0.0766 0.0772 0.0756 0.0747 0.0759 0.0743 0.0728 0.0724 0.0720 0.0726 0.0701 0.0690 0.0710 0.0684 0.0701 0.0680 0.0677 0.0661 0.0652 0.0653 0.0673 0.0630 0.0623 0.0653 0.0626 0.0634 0.0616]
