train_acc,valid_acc,test_acc,train_loss,valid_loss,train_aug_loss
0.9756786823272705,0.9622564911842346,0.9605551362037659,[1.9543 0.5693 0.3079 0.2989 0.1886 0.2314 0.2103 0.2284 0.1975 0.1932 0.1715 0.1704 0.1625 0.1286 0.1534 0.1529 0.1483 0.1198 0.1001 0.1379 0.1424 0.1029 0.1322 0.0860 0.1209 0.1349 0.1224 0.0931 0.0880 0.1153 0.1093 0.0950 0.0918 0.1068 0.1019 0.1319 0.0818 0.1414 0.1157 0.1126 0.0899 0.0958 0.0957 0.0852 0.0987 0.1168 0.0740 0.0780 0.0851 0.0706],[1.9638 0.5883 0.3342 0.3204 0.2286 0.2509 0.2252 0.2486 0.2240 0.2252 0.1974 0.2448 0.2074 0.1681 0.1876 0.1957 0.1830 0.1632 0.1487 0.1788 0.1895 0.1525 0.1901 0.1299 0.1679 0.1738 0.1705 0.1398 0.1427 0.1651 0.1604 0.1441 0.1362 0.1560 0.1587 0.1782 0.1383 0.1894 0.1680 0.1602 0.1454 0.1535 0.1565 0.1432 0.1538 0.1765 0.1385 0.1359 0.1467 0.1336],[1.9101 1.1948 0.5934 0.4638 0.4024 0.3633 0.3468 0.3280 0.3120 0.2973 0.2866 0.2800 0.2706 0.2658 0.2595 0.2548 0.2495 0.2433 0.2399 0.2352 0.2307 0.2319 0.2221 0.2218 0.2179 0.2178 0.2132 0.2079 0.2090 0.2057 0.2040 0.2011 0.1974 0.2003 0.1949 0.1920 0.1911 0.1930 0.1852 0.1862 0.1848 0.1815 0.1809 0.1803 0.1773 0.1753 0.1745 0.1717 0.1722 0.1716]
