train_acc,valid_acc,test_acc,train_loss,valid_loss,train_aug_loss
0.986384391784668,0.9696969985961914,0.9471709132194519,[1.9613 5.8373 1.1286 0.4399 0.4163 0.3102 0.2432 0.2254 0.1910 0.2057 0.1516 0.2418 0.1983 0.1369 0.1251 0.1192 0.1054 0.1151 0.1077 0.1045 0.1328 0.0923 0.0910 0.1043 0.0828 0.0938 0.0762 0.0926 0.0670 0.0933 0.0676 0.0615 0.0658 0.0617 0.0590 0.0523 0.0646 0.0596 0.0615 0.0696 0.0551 0.1087 0.0736 0.0515 0.0570 0.0411 0.0466 0.0801 0.0431 0.0601 0.0444 0.0423 0.0477 0.0459 0.0383 0.0479 0.0682 0.0400 0.0413 0.0718 0.0746 0.0355 0.0306 0.0483 0.0334 0.0391 0.0404 0.0324 0.0298 0.0334 0.0277 0.0315 0.0676 0.0421 0.0677 0.0377 0.0293 0.0296 0.0411 0.0273 0.0332 0.0277 0.0380 0.0286 0.0256 0.0351 0.0274 0.0220 0.0279 0.0246 0.0211 0.0261 0.0359 0.0234 0.0308 0.0215 0.0279 0.0188 0.0222 0.0304],[1.9736 5.3558 1.1849 0.4574 0.4537 0.3502 0.2586 0.2510 0.2098 0.2529 0.1771 0.2987 0.2402 0.1828 0.1738 0.1701 0.1638 0.1597 0.1616 0.1583 0.2098 0.1429 0.1420 0.1837 0.1336 0.1494 0.1330 0.1658 0.1229 0.1736 0.1221 0.1215 0.1312 0.1225 0.1209 0.1162 0.1297 0.1215 0.1386 0.1433 0.1275 0.1901 0.1592 0.1224 0.1327 0.1019 0.1226 0.1855 0.1142 0.1492 0.1213 0.1212 0.1324 0.1227 0.1082 0.1460 0.1788 0.1235 0.1248 0.1875 0.1991 0.1139 0.1113 0.1265 0.1183 0.1225 0.1313 0.1186 0.1097 0.1345 0.1091 0.1204 0.1965 0.1444 0.2090 0.1437 0.1258 0.1285 0.1627 0.1300 0.1374 0.1310 0.1446 0.1307 0.1313 0.1570 0.1379 0.1174 0.1421 0.1256 0.1095 0.1257 0.1431 0.1233 0.1553 0.1238 0.1466 0.1187 0.1381 0.1562],[2.0705 1.8016 1.2862 0.6084 0.4462 0.3822 0.3449 0.3164 0.2955 0.2769 0.2655 0.2521 0.2433 0.2348 0.2265 0.2176 0.2106 0.2051 0.2001 0.1893 0.1863 0.1802 0.1766 0.1722 0.1679 0.1655 0.1612 0.1578 0.1539 0.1518 0.1472 0.1456 0.1417 0.1394 0.1390 0.1360 0.1334 0.1317 0.1296 0.1284 0.1291 0.1232 0.1218 0.1203 0.1186 0.1165 0.1147 0.1173 0.1134 0.1096 0.1096 0.1079 0.1086 0.1054 0.1052 0.1039 0.1027 0.1012 0.0991 0.1004 0.0965 0.0973 0.0965 0.0929 0.0937 0.0946 0.0912 0.0897 0.0900 0.0895 0.0878 0.0882 0.0869 0.0845 0.0852 0.0835 0.0844 0.0825 0.0811 0.0799 0.0777 0.0815 0.0799 0.0775 0.0762 0.0750 0.0757 0.0752 0.0762 0.0745 0.0744 0.0732 0.0723 0.0707 0.0706 0.0701 0.0692 0.0712 0.0689 0.0679]
