train_acc,valid_acc,test_acc,train_loss,valid_loss,train_aug_loss
0.9801380634307861,0.9638798832893372,0.9600073099136353,[1.9861 1.0539 0.4433 0.2954 0.2229 0.2088 0.2981 0.2647 0.2145 0.2023 0.1712 0.2103 0.1311 0.1559 0.1995 0.1295 0.1338 0.1478 0.1298 0.1652 0.1428 0.1288 0.1502 0.0941 0.1468 0.1072 0.0921 0.1148 0.1102 0.0849 0.1065 0.1105 0.0848 0.1102 0.1076 0.0957 0.1497 0.1080 0.0850 0.1085 0.0639 0.1128 0.1092 0.0855 0.0868 0.0780 0.0614 0.0709 0.0765 0.0816],[2.0186 0.9410 0.4311 0.3167 0.2571 0.2300 0.3031 0.2857 0.2315 0.2286 0.1873 0.2312 0.1672 0.1878 0.2251 0.1659 0.1701 0.1870 0.1621 0.1915 0.1826 0.1624 0.1818 0.1394 0.1744 0.1472 0.1335 0.1611 0.1517 0.1339 0.1575 0.1518 0.1343 0.1581 0.1530 0.1402 0.1898 0.1593 0.1381 0.1566 0.1169 0.1650 0.1668 0.1368 0.1446 0.1397 0.1176 0.1289 0.1414 0.1427],[1.8805 1.2904 0.7261 0.5579 0.4633 0.4166 0.3859 0.3500 0.3344 0.3252 0.3097 0.3014 0.2902 0.2786 0.2743 0.2660 0.2583 0.2509 0.2447 0.2428 0.2408 0.2339 0.2316 0.2243 0.2208 0.2218 0.2153 0.2148 0.2082 0.2064 0.2044 0.2009 0.1983 0.1995 0.1942 0.1928 0.1896 0.1887 0.1854 0.1846 0.1799 0.1786 0.1805 0.1774 0.1752 0.1768 0.1743 0.1727 0.1703 0.1713]
