train_acc,valid_acc,test_acc,train_loss,valid_loss,train_aug_loss
0.9787005186080933,0.9598214030265808,0.9634770154953003,[2.0045 0.4981 0.3002 0.2176 0.2205 0.1930 0.1663 0.1638 0.1444 0.1337 0.1467 0.1286 0.1734 0.1213 0.1686 0.1498 0.1368 0.1096 0.0890 0.1193 0.1442 0.0954 0.1327 0.0889 0.0981 0.1054 0.1050 0.1070 0.0938 0.0993 0.0788 0.1864 0.1070 0.0725 0.0880 0.0717 0.0951 0.0916 0.0926 0.0747 0.0709 0.1026 0.0650 0.0948 0.0612 0.0959 0.0813 0.0874 0.0689 0.0647],[2.0790 0.5154 0.3249 0.2532 0.2422 0.2220 0.2009 0.2084 0.1882 0.1785 0.1941 0.1756 0.2180 0.1751 0.2204 0.2054 0.1949 0.1636 0.1547 0.1757 0.2023 0.1571 0.1942 0.1511 0.1614 0.1697 0.1806 0.1727 0.1656 0.1623 0.1443 0.2684 0.1808 0.1391 0.1590 0.1423 0.1667 0.1667 0.1620 0.1535 0.1478 0.1782 0.1338 0.1801 0.1360 0.1799 0.1652 0.1736 0.1455 0.1431],[1.7570 0.9313 0.5682 0.4617 0.4083 0.3808 0.3472 0.3362 0.3208 0.3099 0.2978 0.2912 0.2785 0.2759 0.2682 0.2593 0.2595 0.2509 0.2503 0.2420 0.2395 0.2392 0.2325 0.2322 0.2248 0.2290 0.2190 0.2217 0.2145 0.2131 0.2134 0.2078 0.2055 0.2075 0.1983 0.1978 0.1977 0.1965 0.1934 0.1950 0.1926 0.1874 0.1867 0.1881 0.1849 0.1825 0.1818 0.1797 0.1771 0.1756]
