train_acc,valid_acc,test_acc,train_loss,valid_loss,train_aug_loss
0.9821624159812927,0.9685471057891846,0.9598246812820435,[1.8690 0.7140 0.3245 0.3125 0.2438 0.1976 0.2295 0.2131 0.2023 0.1508 0.1600 0.1685 0.1348 0.1665 0.1669 0.1393 0.1785 0.1571 0.1447 0.1254 0.1322 0.1331 0.1370 0.1166 0.1037 0.1228 0.1010 0.1070 0.1168 0.1115 0.0811 0.0760 0.1221 0.0872 0.0874 0.1413 0.0875 0.0847 0.1104 0.0814 0.0855 0.1013 0.0852 0.1074 0.0902 0.0899 0.0788 0.1043 0.0791 0.0659],[1.8744 0.7353 0.3575 0.3176 0.2614 0.2106 0.2418 0.2274 0.2160 0.1679 0.1745 0.1930 0.1652 0.2057 0.1878 0.1616 0.1976 0.1869 0.1738 0.1538 0.1604 0.1669 0.1641 0.1510 0.1449 0.1619 0.1382 0.1475 0.1492 0.1569 0.1234 0.1253 0.1620 0.1263 0.1280 0.1769 0.1191 0.1214 0.1545 0.1271 0.1239 0.1542 0.1276 0.1610 0.1374 0.1312 0.1232 0.1566 0.1259 0.1093],[1.9132 1.2206 0.6102 0.4659 0.4043 0.3631 0.3419 0.3194 0.3064 0.2937 0.2823 0.2751 0.2677 0.2612 0.2514 0.2518 0.2475 0.2372 0.2320 0.2296 0.2247 0.2215 0.2236 0.2156 0.2128 0.2093 0.2095 0.2043 0.2044 0.2010 0.1978 0.1904 0.1949 0.1894 0.1889 0.1866 0.1862 0.1840 0.1890 0.1822 0.1814 0.1759 0.1754 0.1776 0.1728 0.1688 0.1724 0.1705 0.1685 0.1688]
