train_acc,valid_acc,test_acc,train_loss,valid_loss,train_aug_loss
0.9938050508499146,0.9696969985961914,0.9486142992973328,[2.4600 1.1640 0.3715 0.2662 0.2667 0.1893 0.2130 0.1570 0.2685 0.1254 0.1844 0.1232 0.1179 0.1493 0.1028 0.1186 0.1061 0.0902 0.0831 0.0911 0.0882 0.0799 0.1156 0.0723 0.1279 0.0672 0.0791 0.0690 0.0532 0.1163 0.0617 0.0507 0.0557 0.0544 0.0606 0.0634 0.0655 0.0470 0.0485 0.0615 0.0628 0.1057 0.0381 0.0473 0.0562 0.0478 0.0600 0.0446 0.0442 0.0350 0.0362 0.0545 0.0448 0.0398 0.0288 0.0375 0.0525 0.0370 0.0316 0.0276 0.0425 0.0316 0.0330 0.0375 0.0596 0.0543 0.0344 0.0424 0.0383 0.0196 0.0283 0.0228 0.0218 0.0191 0.0495 0.0327 0.0308 0.0232 0.0280 0.0185 0.0244 0.0225 0.0358 0.0367 0.0431 0.0272 0.0240 0.0183 0.0188 0.0183 0.0217 0.0157 0.0239 0.0267 0.0210 0.0214 0.0145 0.0159 0.0196 0.0172],[2.3741 1.1947 0.3854 0.3345 0.3321 0.2372 0.2649 0.2021 0.3259 0.1697 0.2600 0.1785 0.1707 0.2453 0.1662 0.1888 0.1747 0.1300 0.1599 0.1683 0.1483 0.1509 0.2152 0.1281 0.2406 0.1524 0.1433 0.1303 0.1195 0.2508 0.1443 0.1119 0.1307 0.1212 0.1497 0.1605 0.1797 0.1300 0.1269 0.1679 0.1753 0.2338 0.1258 0.1464 0.1768 0.1501 0.1857 0.1462 0.1497 0.1220 0.1123 0.1810 0.1546 0.1559 0.1091 0.1516 0.1837 0.1328 0.1281 0.1152 0.1896 0.1503 0.1534 0.1589 0.1989 0.2110 0.1638 0.1941 0.1465 0.1051 0.1423 0.1155 0.1193 0.1072 0.1930 0.1694 0.1621 0.1371 0.1726 0.1230 0.1498 0.1296 0.1651 0.1912 0.2084 0.1672 0.1457 0.1350 0.1300 0.1365 0.1500 0.1334 0.1666 0.1557 0.1569 0.1447 0.1300 0.1434 0.1509 0.1515],[2.0090 1.3522 0.5312 0.3890 0.3320 0.3045 0.2808 0.2608 0.2441 0.2333 0.2235 0.2112 0.2079 0.1966 0.1917 0.1848 0.1789 0.1751 0.1717 0.1649 0.1608 0.1557 0.1545 0.1512 0.1464 0.1439 0.1413 0.1403 0.1354 0.1338 0.1310 0.1310 0.1277 0.1261 0.1241 0.1277 0.1190 0.1193 0.1184 0.1119 0.1124 0.1129 0.1100 0.1095 0.1088 0.1060 0.1052 0.1040 0.1031 0.0996 0.1013 0.0979 0.0983 0.0972 0.0969 0.0941 0.0939 0.0927 0.0926 0.0905 0.0900 0.0866 0.0889 0.0863 0.0870 0.0857 0.0841 0.0834 0.0821 0.0823 0.0806 0.0806 0.0798 0.0788 0.0763 0.0772 0.0787 0.0740 0.0736 0.0738 0.0737 0.0741 0.0737 0.0724 0.0745 0.0713 0.0703 0.0704 0.0702 0.0703 0.0685 0.0668 0.0666 0.0662 0.0658 0.0660 0.0635 0.0628 0.0649 0.0646]
