train_acc,valid_acc,test_acc,train_loss,valid_loss,train_aug_loss
0.9914954900741577,0.9711573719978333,0.9500577449798584,[2.0998 1.8600 0.6674 0.5948 0.4798 0.3996 0.3208 0.3200 0.2405 0.2788 0.1994 0.1679 0.2505 0.3943 0.1169 0.1418 0.2258 0.2574 0.2085 0.1718 0.2304 0.1500 0.3146 0.1291 0.2211 0.1506 0.1391 0.0740 0.2670 0.1557 0.0829 0.1674 0.0867 0.3349 0.1064 0.1357 0.1485 0.0764 0.1122 0.1263 0.0612 0.2835 0.1030 0.0604 0.1906 0.2214 0.0787 0.0751 0.0446 0.0630 0.0761 0.0746 0.0508 0.0985 0.0502 0.1274 0.1720 0.0976 0.0889 0.0371 0.1879 0.0737 0.0485 0.0882 0.0535 0.0747 0.1461 0.1186 0.0319 0.0291 0.0899 0.0732 0.0697 0.0538 0.0251 0.1279 0.0377 0.0620 0.0565 0.0336 0.0344 0.0557 0.0274 0.0248 0.0311 0.0324 0.0426 0.0376 0.0555 0.0298 0.0230 0.0180 0.0207 0.0197 0.0774 0.0170 0.0269 0.0423 0.0327 0.0715],[2.1056 1.9980 0.8464 0.6069 0.5449 0.4530 0.3602 0.3635 0.2914 0.2940 0.2254 0.2187 0.2945 0.4072 0.1516 0.1745 0.2939 0.2897 0.2487 0.2146 0.3042 0.1853 0.3792 0.1829 0.2691 0.2033 0.1877 0.1256 0.3197 0.1978 0.1305 0.2351 0.1325 0.3785 0.1727 0.1919 0.2165 0.1370 0.1784 0.1891 0.1215 0.3508 0.1697 0.1204 0.2789 0.2948 0.1584 0.1453 0.1072 0.1346 0.1545 0.1555 0.1237 0.1770 0.1220 0.2103 0.2729 0.1809 0.1585 0.1155 0.2762 0.1736 0.1198 0.1807 0.1379 0.1639 0.2747 0.2170 0.1116 0.1059 0.1932 0.1751 0.1738 0.1425 0.1029 0.2512 0.1131 0.1592 0.1512 0.1155 0.1117 0.1540 0.1171 0.1175 0.1295 0.1228 0.1464 0.1372 0.1558 0.1284 0.1400 0.1292 0.1122 0.1203 0.2086 0.1098 0.1098 0.1572 0.1467 0.2053],[1.9828 1.2775 0.5186 0.3691 0.3106 0.2804 0.2600 0.2408 0.2304 0.2213 0.2126 0.2014 0.1939 0.1862 0.1781 0.1745 0.1687 0.1633 0.1577 0.1557 0.1515 0.1482 0.1443 0.1432 0.1400 0.1367 0.1355 0.1319 0.1289 0.1282 0.1255 0.1219 0.1207 0.1197 0.1166 0.1162 0.1137 0.1114 0.1101 0.1077 0.1054 0.1034 0.1039 0.1044 0.0987 0.0992 0.0980 0.0975 0.0952 0.0929 0.0947 0.0930 0.0927 0.0907 0.0891 0.0901 0.0889 0.0871 0.0873 0.0838 0.0854 0.0822 0.0820 0.0788 0.0809 0.0781 0.0773 0.0773 0.0787 0.0779 0.0785 0.0769 0.0770 0.0746 0.0751 0.0719 0.0739 0.0708 0.0709 0.0696 0.0702 0.0704 0.0704 0.0696 0.0660 0.0662 0.0688 0.0655 0.0668 0.0662 0.0651 0.0635 0.0640 0.0614 0.0634 0.0621 0.0624 0.0615 0.0611 0.0591]
