train_acc,valid_acc,test_acc,train_loss,valid_loss,train_aug_loss
0.9849886298179626,0.9630681872367859,0.9572680592536926,[2.5014 0.7170 0.4786 0.3701 0.3020 0.2808 0.2786 0.2831 0.1954 0.2141 0.2034 0.2021 0.1951 0.1548 0.2092 0.1756 0.1677 0.1825 0.1616 0.1682 0.1278 0.1485 0.1342 0.2009 0.1426 0.1308 0.1334 0.1728 0.1333 0.1650 0.1277 0.1080 0.1175 0.1128 0.2011 0.0984 0.1094 0.1339 0.0999 0.1438 0.0904 0.1005 0.0719 0.0792 0.0781 0.0664 0.0748 0.1035 0.0926 0.0785 0.0883 0.1122 0.1034 0.0732 0.0834 0.0836 0.0721 0.0405 0.0614 0.0736 0.0696 0.0802 0.0587 0.0513 0.0660 0.0533 0.0434 0.0433 0.0334 0.0568 0.0562 0.0496 0.0388 0.0501 0.0407 0.0311 0.0327 0.0498 0.0294 0.0852 0.0526 0.0382 0.0831 0.0423 0.0359 0.0387 0.0349 0.0441 0.0349 0.0480 0.0293 0.0733 0.0419 0.0396 0.0273 0.0348 0.0669 0.0352 0.0546 0.0218],[2.4457 0.7503 0.4752 0.3371 0.2932 0.2806 0.2738 0.2842 0.2087 0.2297 0.2268 0.2244 0.2173 0.1936 0.2354 0.2042 0.1998 0.2150 0.1998 0.2192 0.1621 0.1977 0.1840 0.2477 0.1941 0.1826 0.1763 0.2277 0.1924 0.2302 0.1871 0.1804 0.1777 0.1833 0.2691 0.1658 0.1808 0.2139 0.1663 0.2196 0.1695 0.1725 0.1462 0.1615 0.1669 0.1461 0.1705 0.2045 0.1747 0.1683 0.1760 0.2107 0.1967 0.1612 0.1925 0.1892 0.1858 0.1375 0.1645 0.1795 0.1803 0.1972 0.1691 0.1655 0.1750 0.1634 0.1467 0.1558 0.1375 0.1725 0.1668 0.1676 0.1491 0.1590 0.1482 0.1408 0.1454 0.1792 0.1424 0.2202 0.1854 0.1532 0.2179 0.1850 0.1651 0.1661 0.1653 0.1743 0.1710 0.1837 0.1487 0.2151 0.1720 0.1745 0.1487 0.1654 0.2126 0.1731 0.1900 0.1466],[1.9097 1.0825 0.5575 0.4286 0.3656 0.3330 0.3070 0.2842 0.2705 0.2535 0.2399 0.2310 0.2202 0.2136 0.2047 0.1974 0.1940 0.1849 0.1811 0.1743 0.1731 0.1688 0.1629 0.1613 0.1516 0.1526 0.1497 0.1461 0.1431 0.1393 0.1389 0.1326 0.1316 0.1316 0.1244 0.1281 0.1227 0.1213 0.1175 0.1172 0.1147 0.1135 0.1110 0.1095 0.1110 0.1077 0.1055 0.1039 0.1041 0.1016 0.1007 0.1000 0.0975 0.0966 0.0942 0.0939 0.0903 0.0915 0.0902 0.0890 0.0897 0.0862 0.0842 0.0863 0.0845 0.0845 0.0822 0.0837 0.0808 0.0812 0.0797 0.0777 0.0757 0.0782 0.0743 0.0758 0.0728 0.0725 0.0752 0.0731 0.0729 0.0710 0.0713 0.0672 0.0693 0.0698 0.0677 0.0674 0.0667 0.0658 0.0631 0.0644 0.0649 0.0643 0.0643 0.0620 0.0632 0.0600 0.0631 0.0589]
