train_acc,valid_acc,test_acc,train_loss,valid_loss,train_aug_loss
0.9920395612716675,0.9634740352630615,0.9667640328407288,[2.0510 5.3346 4.2377 1.5327 0.5855 0.4671 0.3996 0.2779 0.2862 0.2524 0.2558 0.1927 0.1807 0.2069 0.1892 0.1814 0.1797 0.1912 0.1402 0.1348 0.1467 0.1300 0.1289 0.1278 0.1361 0.1227 0.1165 0.1274 0.1210 0.1233 0.1007 0.0925 0.1120 0.0915 0.0857 0.0853 0.0920 0.0928 0.0855 0.0801 0.0827 0.0799 0.0758 0.0829 0.0896 0.0743 0.0923 0.0615 0.0638 0.0727 0.0737 0.0673 0.0756 0.0691 0.0627 0.0670 0.0614 0.0644 0.0544 0.0529 0.0594 0.0630 0.0639 0.0496 0.0626 0.0543 0.0499 0.0507 0.0618 0.0462 0.0571 0.0444 0.0554 0.0476 0.0458 0.0544 0.0502 0.0452 0.0425 0.0467 0.0466 0.0392 0.0429 0.0493 0.0532 0.0372 0.0347 0.0359 0.0476 0.0460 0.0380 0.0410 0.0439 0.0401 0.0260 0.0424 0.0376 0.0573 0.0459 0.0403],[2.0449 4.7949 3.7945 1.4712 0.6689 0.5263 0.4688 0.3394 0.3408 0.3091 0.3130 0.2433 0.2321 0.2548 0.2340 0.2363 0.2443 0.2492 0.2077 0.1966 0.2101 0.1915 0.1960 0.2042 0.2057 0.1971 0.1870 0.1955 0.1904 0.1925 0.1749 0.1674 0.1974 0.1735 0.1638 0.1635 0.1754 0.1808 0.1678 0.1642 0.1694 0.1688 0.1677 0.1889 0.1810 0.1682 0.1972 0.1525 0.1561 0.1662 0.1699 0.1650 0.1876 0.1628 0.1619 0.1653 0.1668 0.1635 0.1607 0.1592 0.1645 0.1700 0.1714 0.1566 0.1658 0.1541 0.1590 0.1550 0.1744 0.1502 0.1772 0.1574 0.1756 0.1678 0.1558 0.1776 0.1796 0.1597 0.1564 0.1700 0.1734 0.1564 0.1653 0.1815 0.1826 0.1539 0.1507 0.1645 0.1804 0.1766 0.1669 0.1720 0.1774 0.1681 0.1431 0.1740 0.1684 0.1927 0.1882 0.1743],[2.0765 1.8380 1.4766 0.8469 0.5587 0.4663 0.4047 0.3664 0.3385 0.3270 0.3020 0.2896 0.2794 0.2654 0.2582 0.2500 0.2366 0.2331 0.2285 0.2248 0.2177 0.2088 0.2048 0.1971 0.1973 0.1903 0.1859 0.1845 0.1805 0.1746 0.1719 0.1710 0.1687 0.1657 0.1631 0.1576 0.1590 0.1543 0.1527 0.1515 0.1504 0.1450 0.1430 0.1437 0.1404 0.1397 0.1380 0.1350 0.1354 0.1353 0.1345 0.1301 0.1282 0.1277 0.1243 0.1262 0.1233 0.1233 0.1201 0.1208 0.1188 0.1172 0.1156 0.1152 0.1149 0.1125 0.1125 0.1087 0.1110 0.1070 0.1087 0.1080 0.1043 0.1062 0.1020 0.1040 0.1026 0.1029 0.0999 0.1007 0.0989 0.0985 0.0984 0.0983 0.0969 0.0962 0.0917 0.0946 0.0951 0.0927 0.0933 0.0903 0.0897 0.0876 0.0893 0.0870 0.0879 0.0888 0.0876 0.0872]
