train_acc,valid_acc,test_acc,train_loss,valid_loss,train_aug_loss
0.982504665851593,0.9602272510528564,0.9651205539703369,[2.4302 0.6161 0.2534 0.1991 0.1799 0.1639 0.1583 0.1467 0.1431 0.1346 0.1302 0.1307 0.1177 0.1158 0.1010 0.1085 0.0974 0.1079 0.1217 0.1262 0.1129 0.1094 0.0916 0.0726 0.0661 0.0994 0.0905 0.0905 0.0747 0.0959 0.0596 0.0535 0.0784 0.0734 0.0695 0.0598 0.0738 0.0726 0.0969 0.0779 0.0522 0.0690 0.0529 0.0707 0.0542 0.0629 0.0461 0.0558 0.0682 0.0513],[2.3580 0.6522 0.2948 0.2279 0.2131 0.2070 0.2192 0.1984 0.1965 0.1878 0.2010 0.1801 0.1706 0.1693 0.1622 0.1745 0.1633 0.1714 0.1892 0.2023 0.1872 0.1862 0.1681 0.1412 0.1376 0.1833 0.1646 0.1744 0.1590 0.1828 0.1396 0.1364 0.1706 0.1620 0.1463 0.1447 0.1531 0.1658 0.1984 0.1704 0.1419 0.1759 0.1451 0.1713 0.1495 0.1640 0.1408 0.1565 0.1740 0.1553],[1.9457 1.1885 0.4893 0.3856 0.3361 0.3043 0.2876 0.2711 0.2584 0.2436 0.2372 0.2297 0.2247 0.2162 0.2111 0.2076 0.2020 0.1985 0.1908 0.1925 0.1896 0.1832 0.1788 0.1753 0.1692 0.1703 0.1656 0.1656 0.1620 0.1584 0.1605 0.1557 0.1523 0.1512 0.1517 0.1484 0.1483 0.1465 0.1401 0.1408 0.1384 0.1377 0.1353 0.1370 0.1357 0.1313 0.1302 0.1271 0.1286 0.1240]
