train_acc,valid_acc,test_acc,train_loss,valid_loss,train_aug_loss
0.9878442287445068,0.9663149118423462,0.9696859121322632,[2.5622 0.6154 0.3327 0.2525 0.2144 0.1831 0.2036 0.1572 0.1470 0.1472 0.1264 0.1291 0.1195 0.1229 0.1147 0.1143 0.0971 0.0970 0.0891 0.0993 0.0987 0.0993 0.0857 0.0941 0.0831 0.0860 0.0970 0.0795 0.0897 0.0714 0.0758 0.0692 0.0908 0.0619 0.0730 0.0704 0.0724 0.0733 0.0675 0.0722 0.0570 0.0885 0.0578 0.0677 0.0594 0.0686 0.0646 0.0649 0.0683 0.0387],[2.4382 0.6587 0.3803 0.2901 0.2485 0.2103 0.2375 0.1893 0.1952 0.2002 0.1706 0.1721 0.1626 0.1762 0.1716 0.1509 0.1480 0.1502 0.1488 0.1589 0.1565 0.1543 0.1439 0.1479 0.1413 0.1445 0.1488 0.1377 0.1530 0.1379 0.1315 0.1356 0.1615 0.1306 0.1412 0.1336 0.1467 0.1372 0.1308 0.1379 0.1218 0.1598 0.1262 0.1487 0.1306 0.1529 0.1358 0.1356 0.1431 0.1090],[1.9643 1.2448 0.5429 0.4155 0.3549 0.3161 0.3008 0.2789 0.2685 0.2529 0.2438 0.2345 0.2271 0.2227 0.2162 0.2122 0.2065 0.2018 0.1972 0.1950 0.1858 0.1854 0.1809 0.1788 0.1800 0.1727 0.1705 0.1654 0.1666 0.1626 0.1641 0.1606 0.1541 0.1545 0.1523 0.1520 0.1501 0.1482 0.1479 0.1445 0.1423 0.1429 0.1427 0.1393 0.1347 0.1341 0.1354 0.1316 0.1321 0.1312]
