train_acc,valid_acc,test_acc,train_loss,valid_loss,train_aug_loss
0.9794926643371582,0.9630681872367859,0.9623813033103943,[1.8049 0.6883 0.3418 0.2321 0.1804 0.2319 0.2051 0.1934 0.2068 0.1865 0.1757 0.1452 0.1499 0.1691 0.1632 0.1853 0.1475 0.1576 0.1353 0.1383 0.1154 0.1197 0.1179 0.1649 0.1266 0.1215 0.1065 0.1147 0.1476 0.1076 0.0933 0.0965 0.1267 0.1170 0.1283 0.1100 0.0995 0.0857 0.0805 0.1328 0.1194 0.0760 0.0826 0.0901 0.0978 0.0715 0.0701 0.0734 0.0906 0.0929],[1.6514 0.7486 0.3715 0.2601 0.2066 0.2502 0.2282 0.2209 0.2617 0.2269 0.2076 0.1969 0.2007 0.2079 0.2174 0.2338 0.1897 0.1999 0.1841 0.1769 0.1584 0.1642 0.1600 0.2107 0.1789 0.1720 0.1624 0.1661 0.2007 0.1680 0.1504 0.1508 0.1801 0.1715 0.1843 0.1739 0.1588 0.1471 0.1392 0.1953 0.1793 0.1436 0.1485 0.1532 0.1625 0.1331 0.1306 0.1385 0.1632 0.1633],[1.8787 1.1320 0.5688 0.4537 0.3915 0.3641 0.3369 0.3276 0.3069 0.2947 0.2861 0.2738 0.2682 0.2601 0.2582 0.2552 0.2453 0.2441 0.2388 0.2409 0.2302 0.2249 0.2291 0.2181 0.2178 0.2119 0.2091 0.2070 0.2063 0.2026 0.2032 0.1957 0.1975 0.1942 0.1932 0.1906 0.1924 0.1868 0.1871 0.1851 0.1801 0.1825 0.1780 0.1749 0.1753 0.1751 0.1752 0.1757 0.1713 0.1711]
