train_acc,valid_acc,test_acc,train_loss,valid_loss,train_aug_loss
0.9867293834686279,0.9675324559211731,0.9632943868637085,[2.0107 4.6009 1.9303 0.6373 0.3296 0.3123 0.2375 0.2269 0.2156 0.2222 0.1733 0.2017 0.1676 0.1664 0.1321 0.1293 0.1195 0.1055 0.1299 0.1157 0.0929 0.0867 0.0965 0.1105 0.0860 0.0976 0.0876 0.0763 0.0804 0.0813 0.0844 0.0708 0.0692 0.0724 0.0720 0.0767 0.0623 0.0702 0.0745 0.0620 0.0705 0.0599 0.0562 0.0513 0.0528 0.0487 0.0557 0.0527 0.0444 0.0624 0.0446 0.0459 0.0404 0.0389 0.0394 0.0392 0.0426 0.0390 0.0378 0.0339 0.0390 0.0378 0.0359 0.0598 0.0353 0.0395 0.0490 0.0376 0.0304 0.0379 0.0300 0.0303 0.0444 0.0280 0.0323 0.0250 0.0299 0.0254 0.0295 0.0288 0.0328 0.0364 0.0223 0.0456 0.0327 0.0362 0.0224 0.0284 0.0326 0.0311 0.0288 0.0201 0.0220 0.0182 0.0210 0.0285 0.0268 0.0399 0.0212 0.0222],[2.0085 4.2605 2.0072 0.7016 0.3917 0.3627 0.2788 0.2838 0.2499 0.2687 0.2149 0.2644 0.2121 0.2253 0.1768 0.1770 0.1767 0.1593 0.2074 0.1892 0.1413 0.1448 0.1632 0.1685 0.1503 0.1730 0.1682 0.1408 0.1475 0.1549 0.1683 0.1423 0.1426 0.1281 0.1621 0.1665 0.1325 0.1521 0.1631 0.1332 0.1634 0.1408 0.1319 0.1333 0.1306 0.1299 0.1431 0.1442 0.1246 0.1690 0.1347 0.1306 0.1237 0.1280 0.1152 0.1234 0.1336 0.1164 0.1268 0.1153 0.1280 0.1287 0.1317 0.1779 0.1294 0.1346 0.1682 0.1490 0.1294 0.1480 0.1293 0.1314 0.1636 0.1244 0.1426 0.1256 0.1313 0.1230 0.1427 0.1340 0.1449 0.1500 0.1261 0.1859 0.1611 0.1602 0.1213 0.1402 0.1698 0.1596 0.1597 0.1278 0.1308 0.1219 0.1423 0.1531 0.1516 0.1876 0.1312 0.1461],[2.0777 1.7931 1.3141 0.7158 0.5253 0.4344 0.3937 0.3517 0.3321 0.3069 0.2961 0.2769 0.2643 0.2521 0.2497 0.2376 0.2296 0.2209 0.2150 0.2093 0.2018 0.1980 0.1950 0.1866 0.1871 0.1800 0.1769 0.1733 0.1682 0.1679 0.1615 0.1576 0.1578 0.1543 0.1543 0.1475 0.1477 0.1443 0.1423 0.1391 0.1392 0.1345 0.1337 0.1306 0.1314 0.1286 0.1270 0.1260 0.1233 0.1244 0.1165 0.1215 0.1210 0.1157 0.1167 0.1127 0.1105 0.1125 0.1113 0.1071 0.1069 0.1066 0.1045 0.1053 0.1035 0.1049 0.1029 0.0995 0.0997 0.0980 0.0986 0.0971 0.0973 0.0958 0.0918 0.0943 0.0932 0.0895 0.0906 0.0890 0.0896 0.0883 0.0881 0.0875 0.0856 0.0859 0.0854 0.0843 0.0826 0.0798 0.0814 0.0809 0.0810 0.0791 0.0758 0.0757 0.0771 0.0765 0.0763 0.0752]
