train_acc,valid_acc,test_acc,train_loss,valid_loss,train_aug_loss
0.9805781841278076,0.9616477489471436,0.9594594836235046,[6.7239 0.3623 0.2301 0.1567 0.1887 0.1177 0.1389 0.1863 0.1002 0.1463 0.1089 0.1464 0.1347 0.1566 0.1331 0.0913 0.1232 0.1578 0.0875 0.1919 0.1059 0.0853 0.0581 0.0695 0.0624 0.1318 0.1073 0.1141 0.0967 0.1111 0.0858 0.0871 0.1105 0.0849 0.1044 0.1038 0.0851 0.0498 0.0642 0.0629 0.0853 0.0769 0.1132 0.0953 0.0398 0.0528 0.0771 0.0746 0.0734 0.0766],[5.8251 0.3679 0.2565 0.2242 0.2224 0.1658 0.1887 0.2459 0.1543 0.1980 0.1634 0.1903 0.1926 0.2208 0.1964 0.1647 0.1950 0.2259 0.1611 0.2619 0.1778 0.1617 0.1284 0.1588 0.1389 0.2210 0.1993 0.2107 0.1980 0.2063 0.1861 0.1806 0.2203 0.1903 0.2108 0.2143 0.1930 0.1456 0.1620 0.1718 0.2038 0.1903 0.2389 0.2290 0.1415 0.1575 0.2017 0.1945 0.2044 0.1983],[1.8077 0.6190 0.3728 0.3175 0.2794 0.2630 0.2423 0.2308 0.2195 0.2079 0.2027 0.1943 0.1878 0.1865 0.1790 0.1719 0.1693 0.1672 0.1593 0.1593 0.1518 0.1521 0.1471 0.1442 0.1430 0.1406 0.1394 0.1372 0.1355 0.1341 0.1269 0.1264 0.1265 0.1253 0.1238 0.1194 0.1196 0.1179 0.1137 0.1113 0.1118 0.1113 0.1127 0.1081 0.1089 0.1071 0.1072 0.1060 0.1033 0.1011]
