train_acc,valid_acc,test_acc,train_loss,valid_loss,train_aug_loss
0.985154926776886,0.9592126607894897,0.9589115977287292,[2.3026 0.4530 0.3195 0.2742 0.3075 0.2490 0.2264 0.2138 0.2294 0.2490 0.1905 0.1964 0.1407 0.1558 0.2042 0.0976 0.2534 0.1349 0.1557 0.1441 0.1209 0.1480 0.1297 0.0818 0.0841 0.0820 0.1092 0.0761 0.1061 0.1288 0.1210 0.1298 0.0915 0.0936 0.0976 0.0852 0.0553 0.0642 0.0958 0.0404 0.0618 0.0796 0.0382 0.0472 0.0663 0.0940 0.0451 0.0412 0.0808 0.0665 0.0675 0.0448 0.0696 0.0275 0.0545 0.0495 0.0898 0.0394 0.0494 0.0301 0.0509 0.0281 0.0487 0.0402 0.0306 0.0647 0.0697 0.0496 0.0430 0.0379 0.0363 0.0439 0.0249 0.0328 0.0254 0.0380 0.0351 0.0307 0.0183 0.0286 0.0320 0.0271 0.0433 0.0294 0.0607 0.0414 0.0288 0.0275 0.0177 0.0726 0.0330 0.0278 0.0260 0.0194 0.0400 0.0170 0.0390 0.0409 0.0419 0.0398],[2.4659 0.4247 0.3163 0.2842 0.3270 0.2603 0.2579 0.2569 0.2706 0.2801 0.2525 0.2441 0.1978 0.2218 0.2685 0.1635 0.3290 0.2169 0.2390 0.2234 0.1970 0.2396 0.2141 0.1710 0.1815 0.1788 0.2215 0.1704 0.2010 0.2411 0.2363 0.2467 0.2060 0.2088 0.2074 0.1909 0.1531 0.1826 0.2161 0.1416 0.1737 0.1965 0.1429 0.1558 0.1930 0.2335 0.1659 0.1601 0.2165 0.2125 0.1998 0.1752 0.2054 0.1442 0.1831 0.1838 0.2402 0.1712 0.1918 0.1546 0.2000 0.1641 0.1934 0.1839 0.1619 0.2136 0.2294 0.2018 0.1950 0.1762 0.1713 0.1982 0.1737 0.1953 0.1715 0.1984 0.1857 0.1744 0.1524 0.1875 0.1940 0.1846 0.2140 0.1942 0.2453 0.2077 0.1899 0.1832 0.1707 0.2745 0.2114 0.2095 0.2032 0.1809 0.2167 0.1668 0.2188 0.2325 0.2190 0.2202],[1.8066 0.6887 0.4169 0.3424 0.3021 0.2757 0.2535 0.2357 0.2222 0.2129 0.2026 0.1939 0.1875 0.1810 0.1738 0.1725 0.1657 0.1591 0.1600 0.1529 0.1498 0.1453 0.1405 0.1361 0.1354 0.1295 0.1302 0.1271 0.1284 0.1229 0.1219 0.1219 0.1157 0.1174 0.1128 0.1105 0.1108 0.1062 0.1058 0.1057 0.1016 0.0993 0.0996 0.0996 0.0972 0.0958 0.0957 0.0922 0.0931 0.0895 0.0909 0.0872 0.0878 0.0860 0.0893 0.0843 0.0827 0.0830 0.0826 0.0805 0.0813 0.0779 0.0790 0.0771 0.0773 0.0769 0.0736 0.0743 0.0729 0.0727 0.0754 0.0712 0.0709 0.0697 0.0711 0.0681 0.0692 0.0656 0.0658 0.0656 0.0661 0.0647 0.0644 0.0645 0.0631 0.0633 0.0625 0.0617 0.0605 0.0609 0.0586 0.0618 0.0605 0.0579 0.0613 0.0577 0.0580 0.0557 0.0551 0.0576]
