train_acc,valid_acc,test_acc,train_loss,valid_loss,train_aug_loss
0.9791112542152405,0.9547483921051025,0.9631117582321167,[2.0660 1.9233 1.9178 1.9905 1.9454 1.5908 0.7952 0.6335 0.6034 0.4728 0.4264 0.4059 0.3207 0.3451 0.3449 0.3280 0.2904 0.2651 0.2752 0.2443 0.2183 0.2261 0.2694 0.2369 0.1966 0.2103 0.2125 0.1878 0.1978 0.1950 0.1932 0.2200 0.1814 0.1923 0.2020 0.1740 0.1593 0.1698 0.1661 0.1607 0.1711 0.1439 0.1487 0.1550 0.1331 0.1763 0.1443 0.1382 0.1267 0.1373 0.1379 0.1150 0.1282 0.1273 0.1275 0.1250 0.1263 0.0947 0.1075 0.1368 0.1215 0.1094 0.1153 0.1001 0.1070 0.1290 0.1071 0.1030 0.1023 0.0921 0.1057 0.1030 0.1004 0.1020 0.0994 0.0889 0.0862 0.0926 0.0873 0.0920 0.0818 0.0960 0.0944 0.1032 0.0886 0.0619 0.0919 0.0968 0.0725 0.0744 0.0768 0.0774 0.0659 0.0904 0.0823 0.0702 0.0703 0.0698 0.0726 0.0799],[2.0653 1.9142 1.9262 1.9873 1.9590 1.5594 0.7958 0.6776 0.6380 0.5042 0.4611 0.4388 0.3552 0.3758 0.3872 0.3655 0.3305 0.3014 0.3116 0.2847 0.2618 0.2651 0.3186 0.2815 0.2492 0.2593 0.2585 0.2394 0.2521 0.2405 0.2494 0.2768 0.2340 0.2522 0.2538 0.2360 0.2069 0.2264 0.2276 0.2183 0.2320 0.2063 0.2155 0.2169 0.2007 0.2551 0.2144 0.2033 0.2036 0.2087 0.2144 0.1865 0.1993 0.2054 0.2027 0.1986 0.1985 0.1708 0.1857 0.2096 0.1955 0.1843 0.1879 0.1793 0.1892 0.2133 0.1918 0.1903 0.1865 0.1779 0.1918 0.1910 0.1874 0.1854 0.1863 0.1720 0.1696 0.1775 0.1743 0.1825 0.1689 0.1779 0.1862 0.1954 0.1780 0.1476 0.1930 0.1920 0.1655 0.1725 0.1675 0.1804 0.1588 0.1887 0.1793 0.1645 0.1770 0.1707 0.1739 0.1950],[2.1753 1.9964 1.8690 1.8134 1.7013 1.2148 0.8502 0.6435 0.5550 0.4959 0.4516 0.4162 0.3952 0.3738 0.3586 0.3444 0.3280 0.3181 0.3085 0.2984 0.2908 0.2788 0.2745 0.2664 0.2588 0.2551 0.2503 0.2448 0.2407 0.2332 0.2318 0.2266 0.2214 0.2224 0.2146 0.2102 0.2072 0.2070 0.2024 0.1986 0.1966 0.1944 0.1894 0.1889 0.1862 0.1839 0.1812 0.1789 0.1772 0.1779 0.1701 0.1696 0.1684 0.1677 0.1653 0.1637 0.1618 0.1613 0.1586 0.1573 0.1539 0.1523 0.1517 0.1526 0.1473 0.1478 0.1461 0.1438 0.1451 0.1430 0.1385 0.1391 0.1400 0.1378 0.1357 0.1355 0.1340 0.1344 0.1314 0.1315 0.1300 0.1301 0.1261 0.1274 0.1260 0.1260 0.1257 0.1232 0.1208 0.1193 0.1223 0.1186 0.1194 0.1190 0.1176 0.1158 0.1164 0.1146 0.1138 0.1140]
