train_acc,valid_acc,test_acc,train_loss,valid_loss,train_aug_loss
0.9837858080863953,0.9648944735527039,0.9607377648353577,[2.2514 2.7620 2.0088 0.5667 0.4278 0.3404 0.2541 0.2341 0.2259 0.2090 0.1860 0.1875 0.1692 0.1635 0.1503 0.1430 0.1519 0.1393 0.1402 0.1468 0.1288 0.1253 0.1226 0.1263 0.1284 0.1296 0.1156 0.1082 0.1011 0.0964 0.1069 0.1170 0.1024 0.0957 0.0868 0.1010 0.0783 0.0952 0.0878 0.0916 0.0877 0.0820 0.0946 0.0775 0.0726 0.0711 0.0775 0.0750 0.0788 0.0712 0.0784 0.0707 0.0643 0.0795 0.0709 0.0673 0.0678 0.0561 0.0664 0.0622 0.0478 0.0565 0.0595 0.0776 0.0633 0.0612 0.0544 0.0578 0.0512 0.0543 0.0479 0.0441 0.0472 0.0611 0.0584 0.0472 0.0475 0.0473 0.0464 0.0491 0.0490 0.0376 0.0533 0.0462 0.0512 0.0596 0.0394 0.0531 0.0466 0.0449 0.0429 0.0425 0.0455 0.0368 0.0396 0.0406 0.0343 0.0354 0.0415 0.0467],[2.2288 2.6739 2.0379 0.6073 0.4678 0.3748 0.2777 0.2563 0.2623 0.2432 0.2016 0.2134 0.1885 0.1930 0.1709 0.1683 0.1750 0.1725 0.1760 0.1760 0.1587 0.1481 0.1520 0.1622 0.1730 0.1755 0.1534 0.1531 0.1390 0.1397 0.1577 0.1664 0.1476 0.1478 0.1345 0.1476 0.1279 0.1433 0.1414 0.1461 0.1391 0.1390 0.1425 0.1293 0.1335 0.1326 0.1320 0.1373 0.1334 0.1325 0.1495 0.1339 0.1305 0.1430 0.1426 0.1433 0.1341 0.1228 0.1454 0.1353 0.1195 0.1376 0.1398 0.1552 0.1399 0.1438 0.1347 0.1375 0.1383 0.1392 0.1314 0.1296 0.1378 0.1532 0.1489 0.1373 0.1407 0.1422 0.1391 0.1370 0.1466 0.1317 0.1629 0.1464 0.1563 0.1530 0.1371 0.1548 0.1403 0.1495 0.1503 0.1445 0.1501 0.1353 0.1320 0.1406 0.1366 0.1454 0.1460 0.1454],[2.0544 1.8196 1.3898 0.7410 0.5306 0.4464 0.3952 0.3663 0.3405 0.3190 0.3025 0.2892 0.2755 0.2650 0.2564 0.2467 0.2409 0.2323 0.2285 0.2207 0.2155 0.2107 0.2029 0.1966 0.1963 0.1926 0.1901 0.1833 0.1844 0.1784 0.1760 0.1704 0.1701 0.1676 0.1626 0.1599 0.1573 0.1560 0.1514 0.1508 0.1523 0.1501 0.1434 0.1444 0.1396 0.1425 0.1391 0.1348 0.1342 0.1296 0.1311 0.1320 0.1297 0.1257 0.1292 0.1243 0.1250 0.1214 0.1198 0.1200 0.1171 0.1159 0.1152 0.1164 0.1143 0.1140 0.1137 0.1096 0.1079 0.1106 0.1082 0.1051 0.1055 0.1056 0.1022 0.1019 0.1026 0.0987 0.1000 0.1016 0.0992 0.0991 0.0985 0.0958 0.0964 0.0969 0.0945 0.0945 0.0917 0.0939 0.0940 0.0916 0.0900 0.0908 0.0893 0.0878 0.0854 0.0860 0.0840 0.0859]
