train_acc,valid_acc,test_acc,train_loss,valid_loss,train_aug_loss
0.9894871711730957,0.9646915793418884,0.9689554572105408,[2.6801 0.4476 0.2407 0.2062 0.2849 0.1838 0.1388 0.1413 0.1239 0.1820 0.1964 0.1451 0.1285 0.1713 0.1108 0.0689 0.1283 0.0705 0.1069 0.1259 0.1110 0.0761 0.0768 0.0863 0.0528 0.0690 0.1421 0.1365 0.0686 0.0860 0.0807 0.0868 0.1121 0.0535 0.0579 0.0888 0.0639 0.0567 0.0722 0.0454 0.0733 0.0693 0.1100 0.0396 0.0679 0.0475 0.0349 0.0474 0.0298 0.0445],[2.4516 0.4390 0.2785 0.2588 0.3281 0.2503 0.1957 0.2165 0.1822 0.2740 0.2704 0.2084 0.1952 0.2561 0.1854 0.1457 0.2143 0.1504 0.1966 0.2125 0.1995 0.1658 0.1641 0.1757 0.1417 0.1598 0.2540 0.2424 0.1675 0.1918 0.1800 0.1987 0.2286 0.1727 0.1664 0.2036 0.1648 0.1649 0.1986 0.1550 0.2050 0.1953 0.2484 0.1539 0.1888 0.1709 0.1457 0.1813 0.1394 0.1720],[1.8078 0.6103 0.3853 0.3213 0.2873 0.2616 0.2486 0.2312 0.2205 0.2121 0.2033 0.1952 0.1927 0.1851 0.1781 0.1733 0.1708 0.1697 0.1609 0.1583 0.1559 0.1535 0.1486 0.1504 0.1437 0.1448 0.1405 0.1373 0.1339 0.1296 0.1299 0.1281 0.1268 0.1240 0.1221 0.1207 0.1208 0.1224 0.1197 0.1160 0.1131 0.1166 0.1097 0.1106 0.1102 0.1072 0.1060 0.1065 0.1062 0.1041]
