train_acc,valid_acc,test_acc,train_loss,valid_loss,train_aug_loss
0.9799522757530212,0.9646915793418884,0.9618334770202637,[2.4853 2.8439 0.4056 0.2600 0.1830 0.1861 0.1707 0.1733 0.1388 0.1439 0.1252 0.1211 0.1253 0.1126 0.1068 0.1058 0.1148 0.1049 0.0915 0.0958 0.1043 0.0876 0.0828 0.0891 0.0948 0.0976 0.0804 0.0785 0.0729 0.0786 0.0757 0.0763 0.0693 0.0711 0.0709 0.0670 0.0684 0.0697 0.0666 0.0648 0.0620 0.0618 0.0648 0.0627 0.0617 0.0585 0.0607 0.0653 0.0590 0.0639],[2.3926 2.6777 0.4532 0.3056 0.2202 0.2173 0.2013 0.2202 0.1767 0.1837 0.1636 0.1542 0.1704 0.1547 0.1511 0.1502 0.1656 0.1520 0.1394 0.1435 0.1535 0.1351 0.1327 0.1499 0.1474 0.1418 0.1384 0.1279 0.1241 0.1273 0.1365 0.1374 0.1286 0.1383 0.1344 0.1265 0.1360 0.1330 0.1169 0.1253 0.1240 0.1192 0.1249 0.1276 0.1235 0.1189 0.1259 0.1270 0.1239 0.1279],[1.9842 1.7289 0.8086 0.4571 0.3857 0.3473 0.3256 0.3070 0.2931 0.2810 0.2706 0.2579 0.2582 0.2467 0.2422 0.2373 0.2328 0.2279 0.2246 0.2218 0.2165 0.2157 0.2122 0.2046 0.2028 0.2004 0.1958 0.1934 0.1913 0.1900 0.1873 0.1857 0.1822 0.1805 0.1790 0.1800 0.1745 0.1712 0.1717 0.1735 0.1684 0.1630 0.1655 0.1646 0.1625 0.1609 0.1594 0.1579 0.1590 0.1569]
