train_acc,valid_acc,test_acc,train_loss,valid_loss,train_aug_loss
0.9924307465553284,0.9663149118423462,0.9645726680755615,[2.0880 2.9863 0.5609 0.3288 0.2624 0.2671 0.2165 0.2181 0.1781 0.1572 0.1483 0.1548 0.1386 0.1683 0.1382 0.1268 0.1307 0.1094 0.1054 0.0987 0.0964 0.1154 0.0919 0.0913 0.1035 0.0925 0.1066 0.0788 0.0839 0.0934 0.0926 0.0892 0.0836 0.0739 0.0825 0.1042 0.0834 0.0773 0.0709 0.0843 0.0701 0.0686 0.0663 0.0747 0.0718 0.0826 0.0607 0.0627 0.0630 0.0670 0.0584 0.0597 0.0516 0.0548 0.0498 0.0565 0.0518 0.0473 0.0628 0.0564 0.0617 0.0672 0.0524 0.0396 0.0429 0.0475 0.0394 0.0437 0.0469 0.0386 0.0442 0.0449 0.0374 0.0355 0.0515 0.0398 0.0409 0.0438 0.0503 0.0421 0.0343 0.0323 0.0338 0.0398 0.0306 0.0351 0.0415 0.0317 0.0370 0.0277 0.0356 0.0294 0.0260 0.0264 0.0219 0.0324 0.0317 0.0307 0.0353 0.0245],[2.0608 3.0754 0.6382 0.3432 0.2997 0.3084 0.2229 0.2489 0.1995 0.1878 0.1760 0.1887 0.1710 0.1967 0.1684 0.1577 0.1747 0.1565 0.1443 0.1470 0.1456 0.1684 0.1497 0.1445 0.1569 0.1445 0.1596 0.1388 0.1442 0.1608 0.1557 0.1566 0.1535 0.1484 0.1480 0.1874 0.1541 0.1447 0.1433 0.1675 0.1502 0.1518 0.1369 0.1615 0.1612 0.1839 0.1430 0.1370 0.1577 0.1607 0.1524 0.1416 0.1377 0.1559 0.1500 0.1466 0.1401 0.1416 0.1710 0.1487 0.1618 0.1796 0.1578 0.1383 0.1422 0.1558 0.1439 0.1498 0.1475 0.1529 0.1513 0.1443 0.1473 0.1437 0.1654 0.1540 0.1542 0.1586 0.1603 0.1623 0.1491 0.1481 0.1456 0.1674 0.1457 0.1577 0.1693 0.1561 0.1679 0.1545 0.1643 0.1374 0.1492 0.1428 0.1354 0.1621 0.1702 0.1587 0.1655 0.1423],[2.0296 1.6653 0.7356 0.4704 0.3881 0.3484 0.3204 0.2978 0.2797 0.2667 0.2552 0.2481 0.2359 0.2288 0.2184 0.2138 0.2075 0.1998 0.1956 0.1899 0.1881 0.1820 0.1775 0.1760 0.1711 0.1704 0.1662 0.1634 0.1597 0.1586 0.1532 0.1537 0.1488 0.1464 0.1450 0.1429 0.1415 0.1414 0.1412 0.1339 0.1339 0.1328 0.1315 0.1294 0.1277 0.1276 0.1237 0.1260 0.1225 0.1209 0.1204 0.1179 0.1163 0.1134 0.1163 0.1124 0.1154 0.1107 0.1093 0.1089 0.1094 0.1065 0.1064 0.1038 0.1031 0.1008 0.1022 0.1012 0.1007 0.0967 0.1019 0.0982 0.0950 0.0964 0.0949 0.0942 0.0926 0.0948 0.0919 0.0902 0.0920 0.0884 0.0888 0.0906 0.0893 0.0858 0.0870 0.0875 0.0839 0.0850 0.0830 0.0886 0.0842 0.0825 0.0816 0.0833 0.0822 0.0788 0.0795 0.0802]
