train_acc,valid_acc,test_acc,train_loss,valid_loss,train_aug_loss
0.9819374680519104,0.9620535969734192,0.9609203934669495,[2.0339 1.3469 1.1681 1.0096 0.4614 0.6365 0.3743 0.3762 0.3422 0.3529 0.2693 0.2654 0.2198 0.2241 0.2255 0.2677 0.1733 0.1741 0.1715 0.2374 0.1598 0.1273 0.1758 0.1855 0.1399 0.1379 0.1301 0.1059 0.1534 0.1304 0.0815 0.1403 0.1328 0.0850 0.1059 0.1153 0.1083 0.0729 0.1456 0.1590 0.1009 0.1139 0.0794 0.1003 0.0832 0.1132 0.0579 0.0905 0.0676 0.0989],[1.9431 1.2004 1.0086 0.9122 0.4416 0.5965 0.3810 0.3893 0.3594 0.3638 0.2885 0.2970 0.2577 0.2612 0.2685 0.3081 0.2229 0.2223 0.2231 0.2873 0.2048 0.1866 0.2376 0.2378 0.1910 0.1956 0.1893 0.1606 0.2227 0.1903 0.1429 0.2041 0.1983 0.1452 0.1726 0.1900 0.1767 0.1350 0.2185 0.2381 0.1705 0.1905 0.1397 0.1665 0.1479 0.1919 0.1236 0.1610 0.1442 0.1784],[1.9494 1.5707 1.0521 0.7487 0.6096 0.5268 0.4680 0.4317 0.3961 0.3651 0.3476 0.3325 0.3139 0.3013 0.2920 0.2786 0.2734 0.2688 0.2609 0.2506 0.2438 0.2408 0.2322 0.2273 0.2270 0.2193 0.2151 0.2110 0.2099 0.2050 0.2040 0.2005 0.1979 0.1902 0.1911 0.1878 0.1849 0.1816 0.1818 0.1798 0.1771 0.1746 0.1725 0.1705 0.1708 0.1692 0.1683 0.1640 0.1657 0.1630]
