train_acc,valid_acc,test_acc,train_loss,valid_loss,train_aug_loss
0.9863577485084534,0.9657061696052551,0.9663988351821899,[2.1855 5.9158 4.6087 2.8056 0.8959 0.5025 0.5509 0.2879 0.2895 0.2677 0.1890 0.2121 0.1934 0.1832 0.1524 0.1518 0.1544 0.1467 0.1371 0.1381 0.1162 0.1214 0.1143 0.1124 0.1053 0.1019 0.1028 0.1083 0.1007 0.0986 0.0964 0.0909 0.0886 0.1006 0.0808 0.0852 0.0838 0.0891 0.0797 0.0770 0.0809 0.0744 0.0679 0.0755 0.0705 0.0701 0.0679 0.0651 0.0662 0.0703 0.0707 0.0687 0.0626 0.0645 0.0628 0.0609 0.0582 0.0611 0.0637 0.0535 0.0519 0.0617 0.0567 0.0533 0.0526 0.0513 0.0520 0.0503 0.0522 0.0560 0.0489 0.0484 0.0524 0.0481 0.0477 0.0479 0.0475 0.0411 0.0429 0.0459 0.0431 0.0432 0.0417 0.0407 0.0448 0.0390 0.0378 0.0474 0.0410 0.0432 0.0448 0.0388 0.0421 0.0399 0.0478 0.0355 0.0322 0.0361 0.0325 0.0353],[2.2067 5.4099 4.2032 2.6714 1.0598 0.5845 0.6342 0.3282 0.3506 0.3158 0.2262 0.2519 0.2245 0.2295 0.1991 0.1917 0.2030 0.1892 0.1697 0.1910 0.1592 0.1689 0.1580 0.1530 0.1450 0.1547 0.1573 0.1641 0.1476 0.1558 0.1464 0.1406 0.1446 0.1553 0.1412 0.1349 0.1466 0.1403 0.1353 0.1329 0.1417 0.1336 0.1255 0.1365 0.1313 0.1285 0.1378 0.1326 0.1267 0.1337 0.1391 0.1272 0.1263 0.1305 0.1316 0.1246 0.1231 0.1352 0.1341 0.1233 0.1173 0.1345 0.1326 0.1274 0.1246 0.1197 0.1243 0.1234 0.1296 0.1331 0.1180 0.1245 0.1320 0.1206 0.1259 0.1213 0.1258 0.1152 0.1280 0.1221 0.1262 0.1201 0.1228 0.1181 0.1330 0.1210 0.1163 0.1386 0.1267 0.1268 0.1261 0.1198 0.1233 0.1222 0.1368 0.1204 0.1164 0.1258 0.1169 0.1258],[2.0703 1.8425 1.7756 1.4385 0.7403 0.5413 0.4622 0.4194 0.3889 0.3667 0.3488 0.3311 0.3208 0.3045 0.2950 0.2866 0.2780 0.2708 0.2642 0.2574 0.2485 0.2427 0.2366 0.2320 0.2264 0.2234 0.2184 0.2132 0.2117 0.2100 0.2034 0.2017 0.1973 0.1965 0.1920 0.1902 0.1910 0.1866 0.1842 0.1791 0.1811 0.1770 0.1763 0.1710 0.1690 0.1681 0.1657 0.1671 0.1641 0.1605 0.1590 0.1609 0.1577 0.1545 0.1512 0.1510 0.1510 0.1491 0.1497 0.1479 0.1453 0.1451 0.1417 0.1414 0.1391 0.1397 0.1399 0.1377 0.1367 0.1354 0.1344 0.1347 0.1316 0.1311 0.1324 0.1313 0.1263 0.1282 0.1267 0.1271 0.1238 0.1221 0.1223 0.1211 0.1196 0.1224 0.1180 0.1223 0.1177 0.1187 0.1157 0.1171 0.1172 0.1178 0.1147 0.1141 0.1112 0.1116 0.1093 0.1103]
