train_acc,valid_acc,test_acc,train_loss,valid_loss,train_aug_loss
0.9867293834686279,0.9592126607894897,0.9642074704170227,[6.1838 0.3918 0.3852 0.2285 0.2028 0.1529 0.1718 0.1714 0.1234 0.1210 0.1623 0.0915 0.1108 0.1086 0.1029 0.1056 0.0928 0.0938 0.0922 0.0876 0.0762 0.0861 0.1159 0.0873 0.1002 0.0727 0.0606 0.0696 0.0603 0.0605 0.0702 0.0688 0.1253 0.0904 0.0647 0.0727 0.0640 0.0615 0.0638 0.0564 0.0530 0.0595 0.0552 0.0486 0.1310 0.0955 0.0715 0.0565 0.0413 0.0721],[5.4475 0.3901 0.3922 0.2599 0.2446 0.2023 0.2264 0.2323 0.1817 0.1861 0.2248 0.1573 0.1711 0.1815 0.1673 0.1799 0.1656 0.1752 0.1739 0.1628 0.1523 0.1664 0.1934 0.1716 0.1849 0.1510 0.1424 0.1542 0.1439 0.1438 0.1594 0.1584 0.2317 0.1836 0.1489 0.1652 0.1551 0.1448 0.1500 0.1424 0.1391 0.1517 0.1416 0.1336 0.2357 0.1981 0.1693 0.1511 0.1321 0.1645],[1.3988 0.5896 0.4352 0.3767 0.3433 0.3155 0.3014 0.2857 0.2728 0.2641 0.2589 0.2448 0.2415 0.2398 0.2338 0.2257 0.2219 0.2212 0.2166 0.2116 0.2096 0.2076 0.2044 0.2007 0.1969 0.1974 0.1942 0.1897 0.1900 0.1877 0.1849 0.1880 0.1842 0.1811 0.1815 0.1782 0.1757 0.1748 0.1752 0.1723 0.1704 0.1718 0.1663 0.1668 0.1681 0.1669 0.1648 0.1604 0.1604 0.1610]
