train_acc,valid_acc,test_acc,train_loss,valid_loss,train_aug_loss
0.9919957518577576,0.9718875288963318,0.943418025970459,[2.1020 2.3812 0.3276 1.0345 0.3978 0.2100 0.1985 0.2330 0.1465 0.1691 0.1780 0.1576 0.0954 0.1084 0.1155 0.1133 0.1006 0.0788 0.0989 0.0808 0.0714 0.0808 0.0730 0.1201 0.0614 0.0947 0.0643 0.0664 0.0977 0.0563 0.1057 0.0604 0.0696 0.0579 0.0447 0.0570 0.0591 0.0862 0.0661 0.0577 0.0511 0.0428 0.0472 0.0834 0.0464 0.0348 0.0432 0.0393 0.0411 0.0374 0.0352 0.0367 0.0302 0.0427 0.0388 0.0489 0.0607 0.0457 0.0385 0.0427 0.0303 0.0287 0.0632 0.0305 0.0293 0.0303 0.0245 0.0356 0.0258 0.0355 0.0261 0.0272 0.0287 0.0345 0.0308 0.0222 0.0296 0.0291 0.0260 0.0493 0.0260 0.0176 0.0230 0.0284 0.0176 0.0416 0.0171 0.0588 0.0188 0.0166 0.0308 0.0269 0.0188 0.0200 0.0255 0.0213 0.0173 0.0256 0.0177 0.0172],[2.1125 2.7367 0.3836 1.1178 0.4619 0.2398 0.2500 0.2602 0.1960 0.2171 0.2275 0.1974 0.1392 0.1572 0.1578 0.1636 0.1412 0.1202 0.1446 0.1169 0.1091 0.1270 0.1302 0.1824 0.1120 0.1744 0.1290 0.1204 0.1656 0.1127 0.1946 0.1297 0.1356 0.1256 0.1116 0.1254 0.1268 0.1894 0.1532 0.1216 0.1132 0.1101 0.1207 0.1603 0.1240 0.1022 0.1165 0.1063 0.1172 0.1133 0.1118 0.1002 0.1002 0.1135 0.1285 0.1334 0.1623 0.1329 0.1216 0.1249 0.1123 0.1098 0.1912 0.1173 0.1229 0.1131 0.1105 0.1214 0.1000 0.1206 0.1201 0.1205 0.1133 0.1293 0.1227 0.1116 0.1207 0.1261 0.1146 0.1835 0.1241 0.1141 0.1139 0.1434 0.1110 0.1614 0.1133 0.2038 0.1049 0.1112 0.1232 0.1300 0.1158 0.1200 0.1211 0.1228 0.1177 0.1364 0.1147 0.1312],[2.0093 1.2424 0.5077 0.3763 0.3197 0.2841 0.2584 0.2440 0.2261 0.2139 0.2048 0.1962 0.1907 0.1825 0.1782 0.1733 0.1666 0.1612 0.1578 0.1572 0.1507 0.1485 0.1433 0.1422 0.1367 0.1362 0.1335 0.1296 0.1261 0.1270 0.1238 0.1216 0.1206 0.1172 0.1164 0.1141 0.1124 0.1112 0.1102 0.1081 0.1060 0.1063 0.1051 0.1031 0.1032 0.1008 0.0975 0.0959 0.0975 0.0966 0.0952 0.0928 0.0906 0.0905 0.0907 0.0875 0.0889 0.0872 0.0844 0.0862 0.0857 0.0861 0.0821 0.0813 0.0798 0.0801 0.0801 0.0772 0.0794 0.0762 0.0769 0.0753 0.0761 0.0736 0.0749 0.0710 0.0729 0.0738 0.0716 0.0697 0.0690 0.0699 0.0676 0.0669 0.0673 0.0663 0.0667 0.0655 0.0644 0.0651 0.0648 0.0632 0.0622 0.0611 0.0626 0.0620 0.0606 0.0617 0.0608 0.0595]
