train_acc,valid_acc,test_acc,train_loss,valid_loss,train_aug_loss
0.9772922992706299,0.9588068127632141,0.9605551362037659,[2.1180 0.6547 0.3408 0.2852 0.1974 0.2809 0.2262 0.1811 0.1943 0.1644 0.1703 0.2073 0.1511 0.1574 0.1502 0.1445 0.1286 0.1420 0.1219 0.1421 0.1229 0.0970 0.1159 0.1312 0.1020 0.1047 0.1300 0.1054 0.1204 0.0936 0.1212 0.1012 0.1010 0.0996 0.0998 0.1240 0.0844 0.1204 0.1012 0.0815 0.0721 0.0737 0.0876 0.1005 0.0907 0.0828 0.0777 0.0868 0.1047 0.0835],[1.9708 0.6239 0.3481 0.2943 0.2262 0.2875 0.2436 0.2070 0.2046 0.1788 0.1908 0.2287 0.1760 0.1849 0.1778 0.1723 0.1490 0.1643 0.1549 0.1658 0.1559 0.1390 0.1534 0.1658 0.1409 0.1471 0.1670 0.1492 0.1609 0.1359 0.1732 0.1452 0.1466 0.1413 0.1470 0.1642 0.1382 0.1634 0.1476 0.1283 0.1272 0.1230 0.1363 0.1487 0.1357 0.1288 0.1232 0.1383 0.1454 0.1327],[1.9126 1.2055 0.5869 0.4602 0.3993 0.3666 0.3437 0.3253 0.3119 0.3012 0.2880 0.2791 0.2767 0.2676 0.2600 0.2543 0.2491 0.2411 0.2377 0.2356 0.2296 0.2271 0.2271 0.2203 0.2187 0.2138 0.2139 0.2098 0.2069 0.2077 0.1997 0.1998 0.1955 0.1965 0.1934 0.1904 0.1909 0.1873 0.1870 0.1848 0.1800 0.1799 0.1788 0.1799 0.1777 0.1755 0.1720 0.1731 0.1744 0.1718]
