train_acc,valid_acc,test_acc,train_loss,valid_loss,train_aug_loss
0.9769402146339417,0.9648944735527039,0.9660335779190063,[2.0144 1.5531 1.2361 0.8091 0.5170 0.4528 0.4216 0.2506 0.2852 0.2411 0.2829 0.2573 0.2074 0.2250 0.1976 0.2091 0.1761 0.1855 0.1899 0.2235 0.1564 0.1373 0.1619 0.1523 0.1227 0.1357 0.1107 0.1483 0.1423 0.1236 0.1503 0.1387 0.1055 0.1511 0.0988 0.1609 0.1197 0.1253 0.0729 0.1000 0.1248 0.1015 0.1181 0.0766 0.1003 0.1786 0.1248 0.0844 0.0917 0.0902],[1.9469 1.5080 1.1337 0.7373 0.5006 0.4332 0.3938 0.2667 0.2897 0.2648 0.2936 0.2753 0.2355 0.2497 0.2256 0.2352 0.2155 0.2189 0.2271 0.2535 0.1898 0.1798 0.2085 0.1945 0.1598 0.1881 0.1574 0.1962 0.1871 0.1710 0.1931 0.1826 0.1632 0.2059 0.1518 0.2088 0.1812 0.1826 0.1209 0.1624 0.1810 0.1596 0.1761 0.1359 0.1654 0.2502 0.1873 0.1486 0.1527 0.1553],[1.9525 1.6027 1.0919 0.7650 0.6077 0.5142 0.4637 0.4263 0.3916 0.3686 0.3504 0.3313 0.3170 0.3085 0.2944 0.2867 0.2817 0.2701 0.2627 0.2558 0.2523 0.2452 0.2395 0.2344 0.2303 0.2251 0.2202 0.2182 0.2167 0.2108 0.2111 0.2087 0.2035 0.1982 0.1967 0.1952 0.1917 0.1884 0.1891 0.1870 0.1807 0.1815 0.1769 0.1785 0.1744 0.1721 0.1680 0.1680 0.1687 0.1675]
