train_acc,valid_acc,test_acc,train_loss,valid_loss,train_aug_loss
0.9769989252090454,0.9612419009208679,0.957998514175415,[2.0007 3.7770 2.7740 0.6568 0.4338 0.3676 0.3446 0.2532 0.2437 0.2432 0.2972 0.1971 0.1852 0.2241 0.1944 0.1741 0.1675 0.1557 0.1963 0.1552 0.1577 0.1425 0.1209 0.1513 0.1443 0.1707 0.1379 0.1354 0.1266 0.1065 0.1042 0.1327 0.1198 0.1067 0.0914 0.0946 0.1109 0.0869 0.0887 0.0953 0.0983 0.1161 0.0982 0.0870 0.0873 0.0976 0.0798 0.0799 0.0757 0.0879 0.0688 0.0836 0.0747 0.0987 0.0751 0.0694 0.0788 0.0629 0.0637 0.0680 0.0665 0.0674 0.0677 0.0836 0.0666 0.0752 0.0710 0.0616 0.0705 0.0730 0.0630 0.0563 0.0656 0.0630 0.0579 0.0531 0.0466 0.0828 0.0559 0.0719 0.0537 0.0637 0.0593 0.0511 0.0475 0.0561 0.0539 0.0638 0.0506 0.0458 0.0484 0.0497 0.0495 0.0533 0.0542 0.0405 0.0463 0.0467 0.0617 0.0429],[1.9967 3.5992 2.7430 0.6962 0.4585 0.3876 0.3559 0.2663 0.2633 0.2533 0.3218 0.2224 0.2148 0.2465 0.2206 0.2059 0.1898 0.1926 0.2172 0.1980 0.1938 0.1732 0.1722 0.1864 0.1887 0.2147 0.1855 0.1796 0.1736 0.1503 0.1524 0.1898 0.1758 0.1630 0.1481 0.1511 0.1635 0.1493 0.1525 0.1613 0.1613 0.1792 0.1700 0.1550 0.1561 0.1632 0.1446 0.1582 0.1526 0.1615 0.1390 0.1612 0.1536 0.1716 0.1523 0.1516 0.1578 0.1475 0.1459 0.1497 0.1460 0.1505 0.1495 0.1672 0.1502 0.1665 0.1583 0.1508 0.1574 0.1575 0.1491 0.1428 0.1552 0.1536 0.1489 0.1448 0.1510 0.1777 0.1493 0.1734 0.1501 0.1688 0.1615 0.1435 0.1441 0.1536 0.1607 0.1723 0.1528 0.1471 0.1582 0.1551 0.1545 0.1622 0.1613 0.1531 0.1575 0.1610 0.1745 0.1580],[2.0816 1.8517 1.5430 0.8504 0.5708 0.4770 0.4174 0.3854 0.3590 0.3397 0.3267 0.3087 0.2983 0.2855 0.2781 0.2723 0.2625 0.2533 0.2488 0.2405 0.2366 0.2302 0.2292 0.2214 0.2209 0.2132 0.2094 0.2059 0.1999 0.1964 0.1923 0.1886 0.1883 0.1874 0.1803 0.1815 0.1788 0.1757 0.1729 0.1705 0.1693 0.1669 0.1668 0.1624 0.1645 0.1582 0.1579 0.1535 0.1554 0.1521 0.1499 0.1492 0.1480 0.1466 0.1449 0.1390 0.1427 0.1395 0.1385 0.1381 0.1374 0.1346 0.1313 0.1315 0.1321 0.1325 0.1289 0.1277 0.1278 0.1285 0.1265 0.1217 0.1226 0.1225 0.1214 0.1196 0.1188 0.1177 0.1178 0.1160 0.1177 0.1155 0.1136 0.1125 0.1134 0.1113 0.1123 0.1119 0.1096 0.1104 0.1088 0.1072 0.1068 0.1032 0.1063 0.1028 0.1040 0.1031 0.1036 0.1017]
