train_acc,valid_acc,test_acc,train_loss,valid_loss,train_aug_loss
0.9725981950759888,0.9547483921051025,0.9541636109352112,[1.9883 1.0860 0.4869 0.4139 0.2707 0.2338 0.2860 0.2813 0.2182 0.2783 0.2044 0.2015 0.1440 0.2046 0.1649 0.1337 0.1181 0.0959 0.1811 0.1387 0.1273 0.0996 0.1163 0.1242 0.1058 0.1245 0.1279 0.1458 0.1008 0.1199 0.0926 0.0977 0.1003 0.1154 0.1140 0.1364 0.1240 0.1035 0.0945 0.1195 0.0864 0.0995 0.0981 0.0818 0.0831 0.0908 0.0753 0.0862 0.0908 0.0897],[1.9908 0.9118 0.5168 0.4452 0.3014 0.2617 0.3118 0.3014 0.2385 0.3036 0.2381 0.2283 0.1872 0.2431 0.2073 0.1797 0.1693 0.1527 0.2287 0.1929 0.1841 0.1573 0.1789 0.1861 0.1729 0.1909 0.1868 0.2189 0.1666 0.1957 0.1679 0.1698 0.1746 0.1840 0.1876 0.2130 0.1987 0.1702 0.1707 0.1952 0.1627 0.1877 0.1800 0.1536 0.1688 0.1767 0.1621 0.1786 0.1740 0.1765],[1.9002 1.2869 0.7326 0.5543 0.4769 0.4244 0.3891 0.3643 0.3443 0.3273 0.3122 0.3004 0.2902 0.2825 0.2728 0.2657 0.2619 0.2541 0.2492 0.2422 0.2414 0.2332 0.2295 0.2243 0.2181 0.2222 0.2190 0.2120 0.2104 0.2051 0.2026 0.1995 0.1978 0.1942 0.1921 0.1922 0.1919 0.1880 0.1840 0.1837 0.1807 0.1791 0.1802 0.1770 0.1722 0.1721 0.1710 0.1685 0.1690 0.1666]
