train_acc,valid_acc,test_acc,train_loss,valid_loss,train_aug_loss
0.9784657955169678,0.9571834206581116,0.9592768549919128,[2.0259 1.9723 1.9049 1.1684 0.4920 0.4785 0.3122 0.2696 0.2527 0.2427 0.1932 0.2024 0.1912 0.1732 0.1946 0.1603 0.1521 0.1517 0.1465 0.1407 0.1314 0.1387 0.1401 0.1277 0.1236 0.1145 0.1176 0.1187 0.1317 0.1162 0.0978 0.1183 0.1452 0.1115 0.1103 0.1017 0.1027 0.0960 0.0886 0.0895 0.0973 0.0980 0.0802 0.0916 0.0714 0.0787 0.1039 0.0707 0.0762 0.0843 0.0674 0.0758 0.0711 0.0717 0.0665 0.0723 0.0842 0.0733 0.0673 0.0823 0.0658 0.0599 0.0717 0.0577 0.0608 0.0609 0.0670 0.0657 0.0592 0.0630 0.0557 0.0592 0.0677 0.0490 0.0573 0.0541 0.0545 0.0618 0.0497 0.0604 0.0614 0.0465 0.0479 0.0438 0.0512 0.0484 0.0464 0.0477 0.0555 0.0439 0.0571 0.0512 0.0409 0.0613 0.0597 0.0403 0.0416 0.0410 0.0477 0.0476],[2.0221 1.9301 1.9210 1.2213 0.5158 0.5490 0.3568 0.3116 0.2949 0.3030 0.2423 0.2497 0.2419 0.2096 0.2489 0.2110 0.2036 0.2114 0.2048 0.2010 0.1883 0.1931 0.1949 0.1802 0.1838 0.1665 0.1759 0.1740 0.1929 0.1754 0.1608 0.1806 0.2016 0.1821 0.1738 0.1699 0.1665 0.1593 0.1548 0.1499 0.1635 0.1672 0.1566 0.1646 0.1406 0.1487 0.1758 0.1440 0.1468 0.1601 0.1378 0.1519 0.1461 0.1506 0.1398 0.1498 0.1674 0.1585 0.1481 0.1651 0.1487 0.1436 0.1639 0.1425 0.1473 0.1455 0.1542 0.1503 0.1520 0.1505 0.1416 0.1464 0.1577 0.1418 0.1463 0.1395 0.1435 0.1546 0.1422 0.1552 0.1523 0.1443 0.1382 0.1401 0.1491 0.1425 0.1459 0.1467 0.1551 0.1522 0.1576 0.1599 0.1429 0.1603 0.1621 0.1446 0.1402 0.1493 0.1568 0.1500],[2.0855 1.8622 1.7799 1.3848 0.7505 0.5590 0.4795 0.4244 0.3927 0.3709 0.3445 0.3319 0.3208 0.3064 0.2960 0.2846 0.2727 0.2682 0.2581 0.2536 0.2419 0.2401 0.2353 0.2295 0.2243 0.2228 0.2151 0.2132 0.2112 0.2027 0.2014 0.1982 0.1969 0.1923 0.1895 0.1893 0.1840 0.1843 0.1770 0.1789 0.1747 0.1725 0.1719 0.1701 0.1673 0.1668 0.1633 0.1634 0.1600 0.1574 0.1574 0.1532 0.1557 0.1528 0.1516 0.1495 0.1483 0.1484 0.1466 0.1448 0.1463 0.1434 0.1397 0.1377 0.1378 0.1369 0.1357 0.1362 0.1349 0.1322 0.1320 0.1288 0.1317 0.1279 0.1313 0.1286 0.1239 0.1233 0.1239 0.1238 0.1204 0.1243 0.1231 0.1199 0.1178 0.1190 0.1185 0.1179 0.1170 0.1153 0.1159 0.1144 0.1162 0.1134 0.1133 0.1112 0.1127 0.1092 0.1102 0.1096]
