train_acc,valid_acc,test_acc,train_loss,valid_loss,train_aug_loss
0.9901614189147949,0.9722526669502258,0.9489030241966248,[2.4103 2.4685 1.2543 0.3814 0.6492 0.2941 0.1820 0.1756 0.2365 0.2264 0.2419 0.1882 0.2034 0.1154 0.1656 0.1181 0.0796 0.1297 0.0863 0.0768 0.1398 0.0797 0.0779 0.0740 0.0653 0.0911 0.0582 0.0606 0.0645 0.0607 0.0790 0.0545 0.0718 0.0641 0.0494 0.0614 0.0773 0.0659 0.0481 0.1224 0.0573 0.0611 0.0677 0.0609 0.0485 0.0798 0.0439 0.0429 0.0386 0.0413 0.0769 0.0367 0.0312 0.0386 0.0358 0.0328 0.1352 0.0325 0.0693 0.0313 0.0407 0.0474 0.0603 0.0299 0.0319 0.0447 0.0285 0.0271 0.0263 0.0334 0.0271 0.0427 0.0243 0.0233 0.0311 0.0341 0.0309 0.0623 0.0302 0.0517 0.0275 0.0192 0.0575 0.0271 0.0283 0.0287 0.0327 0.0187 0.0359 0.0251 0.0228 0.0199 0.0211 0.0260 0.0200 0.0392 0.0305 0.0369 0.0244 0.0154],[2.6888 2.5245 1.3468 0.3974 0.6307 0.3587 0.2101 0.1965 0.2492 0.2374 0.2968 0.2133 0.2573 0.1569 0.2144 0.1470 0.1172 0.1543 0.1286 0.1164 0.2031 0.1256 0.1267 0.1210 0.1053 0.1637 0.1037 0.1067 0.1218 0.1106 0.1451 0.1074 0.1391 0.1253 0.1059 0.1233 0.1366 0.1271 0.1051 0.2260 0.1279 0.1346 0.1545 0.1257 0.1135 0.1540 0.1266 0.1233 0.1127 0.1169 0.1836 0.1083 0.0953 0.1082 0.1136 0.1027 0.2467 0.1020 0.1645 0.1069 0.1270 0.1415 0.1656 0.1070 0.1073 0.1411 0.1051 0.1095 0.1023 0.1224 0.1106 0.1397 0.1079 0.1015 0.1352 0.1302 0.1130 0.1810 0.1205 0.1773 0.1146 0.0953 0.1809 0.1187 0.1263 0.1179 0.1297 0.1113 0.1500 0.1220 0.1085 0.1071 0.1295 0.1255 0.1221 0.1654 0.1485 0.1528 0.1328 0.1071],[1.9511 1.1752 0.4649 0.3547 0.3042 0.2741 0.2526 0.2363 0.2235 0.2117 0.2048 0.1967 0.1884 0.1831 0.1773 0.1692 0.1637 0.1629 0.1580 0.1547 0.1509 0.1458 0.1438 0.1393 0.1390 0.1379 0.1325 0.1274 0.1271 0.1270 0.1232 0.1220 0.1202 0.1160 0.1169 0.1144 0.1110 0.1099 0.1111 0.1057 0.1046 0.1031 0.1054 0.1021 0.0992 0.1002 0.1005 0.0997 0.0956 0.0948 0.0922 0.0928 0.0936 0.0910 0.0908 0.0898 0.0891 0.0871 0.0862 0.0856 0.0843 0.0830 0.0839 0.0812 0.0811 0.0814 0.0808 0.0773 0.0811 0.0767 0.0772 0.0757 0.0755 0.0741 0.0741 0.0727 0.0726 0.0721 0.0722 0.0702 0.0708 0.0685 0.0701 0.0682 0.0692 0.0675 0.0667 0.0667 0.0682 0.0659 0.0641 0.0633 0.0625 0.0640 0.0622 0.0619 0.0616 0.0621 0.0622 0.0597]
