train_acc,valid_acc,test_acc,train_loss,valid_loss,train_aug_loss
0.9766272902488708,0.958198070526123,0.9528853297233582,[2.0000 1.3397 0.7167 0.5081 0.4463 0.3539 0.3307 0.2439 0.2362 0.2410 0.2402 0.2255 0.1965 0.1849 0.2193 0.1410 0.1979 0.1392 0.1694 0.1533 0.2012 0.1781 0.1407 0.1943 0.1485 0.1382 0.1293 0.1387 0.1650 0.1325 0.1456 0.1042 0.1250 0.1628 0.0934 0.1103 0.1125 0.0867 0.1339 0.0885 0.0970 0.0975 0.1294 0.0998 0.1002 0.0844 0.1051 0.0706 0.0865 0.0823],[1.9467 1.2244 0.6652 0.5098 0.4437 0.3474 0.3408 0.2688 0.2595 0.2633 0.2633 0.2537 0.2271 0.2097 0.2546 0.1824 0.2250 0.1785 0.2072 0.2030 0.2446 0.2213 0.1913 0.2402 0.2022 0.1986 0.1829 0.1959 0.2291 0.1871 0.2174 0.1727 0.1883 0.2235 0.1557 0.1702 0.1758 0.1568 0.1956 0.1534 0.1723 0.1676 0.1952 0.1764 0.1703 0.1627 0.1760 0.1377 0.1652 0.1586],[1.9363 1.6090 1.0146 0.7011 0.5633 0.4926 0.4523 0.4139 0.3844 0.3601 0.3431 0.3275 0.3098 0.3000 0.2900 0.2791 0.2706 0.2624 0.2542 0.2503 0.2445 0.2402 0.2307 0.2266 0.2261 0.2221 0.2168 0.2140 0.2127 0.2073 0.2041 0.2017 0.2016 0.1947 0.1904 0.1921 0.1914 0.1875 0.1853 0.1847 0.1783 0.1814 0.1781 0.1753 0.1730 0.1695 0.1697 0.1714 0.1672 0.1621]
