train_acc,valid_acc,test_acc,train_loss,valid_loss,train_aug_loss
0.9855656623840332,0.9624594449996948,0.9638422131538391,[6.4198 0.8902 0.6722 0.4536 0.4438 0.5097 0.4214 0.3665 0.3587 0.3626 0.3331 0.3773 0.3595 0.3174 0.3364 0.3409 0.3207 0.3382 0.3990 0.2671 0.3182 0.2868 0.2262 0.2297 0.2741 0.2572 0.2685 0.2327 0.2426 0.1861 0.1824 0.1853 0.1678 0.1730 0.1429 0.2002 0.1361 0.1508 0.1440 0.1723 0.1174 0.1515 0.1630 0.1279 0.1205 0.1299 0.1047 0.1190 0.1064 0.1350 0.1120 0.1329 0.1399 0.1235 0.1532 0.1539 0.1630 0.0920 0.0840 0.1060 0.0917 0.1366 0.1457 0.0860 0.0878 0.0839 0.0846 0.0865 0.0724 0.0810 0.0816 0.0677 0.0795 0.0662 0.0686 0.1009 0.0838 0.0813 0.0603 0.0787 0.0800 0.1005 0.0651 0.0678 0.0943 0.0760 0.0955 0.0767 0.0970 0.0752 0.0772 0.0747 0.0804 0.0631 0.0835 0.0609 0.0580 0.0693 0.0587 0.0569],[5.5839 0.8267 0.7788 0.4851 0.4825 0.5002 0.4358 0.3947 0.3778 0.3708 0.3765 0.4028 0.3798 0.3262 0.3686 0.3637 0.3657 0.3583 0.4022 0.3031 0.3446 0.3026 0.2664 0.2669 0.2916 0.2884 0.2992 0.2528 0.2638 0.2230 0.2216 0.2306 0.2073 0.2125 0.1892 0.2439 0.1955 0.1982 0.1940 0.2106 0.1683 0.2049 0.2037 0.1755 0.1708 0.1783 0.1609 0.1724 0.1658 0.1922 0.1703 0.1881 0.1921 0.1798 0.2090 0.2123 0.2201 0.1563 0.1442 0.1708 0.1521 0.1915 0.2076 0.1518 0.1555 0.1466 0.1523 0.1511 0.1394 0.1482 0.1545 0.1343 0.1453 0.1335 0.1385 0.1726 0.1614 0.1604 0.1377 0.1482 0.1514 0.1758 0.1356 0.1441 0.1718 0.1541 0.1718 0.1515 0.1752 0.1566 0.1540 0.1467 0.1585 0.1467 0.1651 0.1389 0.1308 0.1476 0.1339 0.1296],[1.7922 1.3040 0.9710 0.7917 0.6942 0.6255 0.5849 0.5425 0.5111 0.4850 0.4660 0.4497 0.4332 0.4182 0.4086 0.3912 0.3827 0.3670 0.3566 0.3410 0.3309 0.3249 0.3140 0.3060 0.2982 0.2899 0.2875 0.2794 0.2707 0.2663 0.2589 0.2614 0.2520 0.2494 0.2428 0.2388 0.2374 0.2335 0.2307 0.2255 0.2221 0.2267 0.2209 0.2170 0.2149 0.2095 0.2118 0.2083 0.2038 0.2000 0.2006 0.1983 0.1951 0.1940 0.1905 0.1935 0.1851 0.1879 0.1870 0.1867 0.1846 0.1839 0.1805 0.1814 0.1749 0.1776 0.1783 0.1706 0.1732 0.1718 0.1700 0.1665 0.1647 0.1671 0.1651 0.1636 0.1634 0.1627 0.1633 0.1601 0.1586 0.1546 0.1572 0.1577 0.1572 0.1538 0.1545 0.1540 0.1498 0.1500 0.1525 0.1493 0.1497 0.1476 0.1481 0.1455 0.1497 0.1460 0.1453 0.1429]
