train_acc,valid_acc,test_acc,train_loss,valid_loss,train_aug_loss
0.9826122522354126,0.9569805264472961,0.9620160460472107,[2.0386 1.1173 0.6092 0.4179 0.3957 0.3389 0.2797 0.1919 0.2468 0.2120 0.1547 0.2228 0.2013 0.1794 0.1965 0.1721 0.1818 0.1455 0.1619 0.1121 0.1394 0.1726 0.1753 0.1321 0.0880 0.0928 0.1315 0.0830 0.0924 0.1068 0.1410 0.0965 0.0907 0.0939 0.0925 0.1032 0.1320 0.0921 0.0832 0.0933 0.0870 0.0790 0.0787 0.1158 0.0906 0.0594 0.0809 0.0947 0.0981 0.1248],[2.0677 0.9657 0.5676 0.4239 0.3988 0.3764 0.3066 0.2406 0.2969 0.2543 0.2097 0.2707 0.2463 0.2298 0.2494 0.2279 0.2406 0.2018 0.2209 0.1820 0.2044 0.2312 0.2353 0.2006 0.1627 0.1583 0.2096 0.1530 0.1592 0.1871 0.2179 0.1760 0.1606 0.1739 0.1672 0.1788 0.2086 0.1709 0.1703 0.1779 0.1762 0.1673 0.1645 0.2089 0.1788 0.1441 0.1705 0.1779 0.1858 0.2151],[1.9097 1.4155 0.8735 0.6263 0.5161 0.4589 0.4122 0.3797 0.3558 0.3361 0.3218 0.3100 0.2985 0.2921 0.2823 0.2762 0.2679 0.2598 0.2530 0.2483 0.2436 0.2407 0.2363 0.2339 0.2278 0.2263 0.2211 0.2171 0.2148 0.2116 0.2070 0.2060 0.2026 0.2017 0.1971 0.1982 0.1938 0.1911 0.1875 0.1839 0.1855 0.1813 0.1840 0.1829 0.1756 0.1783 0.1755 0.1735 0.1702 0.1730]
