train_acc,valid_acc,test_acc,train_loss,valid_loss,train_aug_loss
0.9841085076332092,0.963676929473877,0.9667640328407288,[1.9084 1.3731 0.5027 0.3454 0.2386 0.2438 0.2086 0.2307 0.2057 0.1792 0.1601 0.1780 0.1557 0.1400 0.1828 0.1410 0.1289 0.1740 0.1897 0.1622 0.2026 0.1307 0.1046 0.1642 0.1562 0.1299 0.1477 0.1277 0.1220 0.1244 0.1175 0.0979 0.1157 0.1265 0.0981 0.0983 0.0972 0.1129 0.1030 0.1025 0.0993 0.1026 0.0879 0.0805 0.0693 0.1371 0.0883 0.0570 0.0635 0.0638],[1.8656 1.1979 0.4823 0.3619 0.2664 0.2654 0.2306 0.2437 0.2275 0.2033 0.1866 0.1960 0.1967 0.1745 0.2142 0.1813 0.1711 0.2114 0.2244 0.1991 0.2424 0.1759 0.1503 0.2053 0.2018 0.1775 0.1946 0.1782 0.1647 0.1753 0.1636 0.1429 0.1621 0.1743 0.1492 0.1492 0.1488 0.1707 0.1553 0.1556 0.1564 0.1535 0.1433 0.1350 0.1237 0.1906 0.1402 0.1136 0.1198 0.1216],[1.8929 1.3380 0.7667 0.5677 0.4829 0.4333 0.4040 0.3737 0.3517 0.3368 0.3225 0.3130 0.2976 0.2876 0.2772 0.2763 0.2660 0.2607 0.2529 0.2489 0.2412 0.2421 0.2335 0.2323 0.2252 0.2261 0.2192 0.2167 0.2131 0.2099 0.2104 0.2058 0.2078 0.1993 0.1967 0.1987 0.1939 0.1970 0.1896 0.1874 0.1876 0.1869 0.1805 0.1842 0.1760 0.1784 0.1767 0.1731 0.1727 0.1754]
