train_acc,valid_acc,test_acc,train_loss,valid_loss,train_aug_loss
0.9830132126808167,0.9608360528945923,0.968772828578949,[2.0928 0.5570 0.2517 0.2663 0.2349 0.1616 0.1631 0.1487 0.1546 0.1569 0.1244 0.1192 0.1511 0.1003 0.1894 0.0957 0.1350 0.1195 0.1142 0.1099 0.1126 0.1576 0.1214 0.1146 0.1029 0.0896 0.0872 0.0984 0.1010 0.0939 0.0863 0.1250 0.0818 0.0672 0.0951 0.0759 0.0844 0.0988 0.0923 0.0753 0.0833 0.0806 0.0740 0.0558 0.0982 0.0817 0.0889 0.0766 0.0797 0.0710],[2.1281 0.5545 0.2617 0.2613 0.2585 0.1845 0.1834 0.1844 0.1902 0.1919 0.1688 0.1505 0.1963 0.1491 0.2233 0.1398 0.1808 0.1776 0.1625 0.1667 0.1693 0.2129 0.1657 0.1566 0.1606 0.1321 0.1428 0.1587 0.1591 0.1549 0.1481 0.1861 0.1506 0.1268 0.1621 0.1384 0.1509 0.1659 0.1545 0.1377 0.1516 0.1460 0.1367 0.1201 0.1703 0.1494 0.1608 0.1453 0.1542 0.1412],[1.7835 0.8751 0.5450 0.4594 0.4003 0.3677 0.3482 0.3345 0.3157 0.3042 0.2959 0.2893 0.2808 0.2732 0.2641 0.2621 0.2547 0.2516 0.2476 0.2376 0.2362 0.2353 0.2305 0.2283 0.2211 0.2187 0.2191 0.2147 0.2145 0.2063 0.2105 0.2041 0.2016 0.1997 0.1985 0.1979 0.1944 0.1934 0.1912 0.1848 0.1863 0.1863 0.1836 0.1797 0.1779 0.1800 0.1773 0.1797 0.1787 0.1765]
