train_acc,valid_acc,test_acc,train_loss,valid_loss,train_aug_loss
0.9828372001647949,0.96875,0.9654857516288757,[2.7457 2.7383 0.4214 0.3293 0.2167 0.2018 0.1772 0.1559 0.1701 0.1432 0.1368 0.1323 0.1305 0.1150 0.1194 0.1150 0.1299 0.1298 0.1155 0.1023 0.1163 0.0872 0.0995 0.1114 0.0888 0.1000 0.0846 0.0876 0.1042 0.0925 0.0727 0.0908 0.0857 0.0911 0.0868 0.0807 0.0926 0.0787 0.0763 0.0774 0.0787 0.0805 0.0780 0.0637 0.0840 0.0747 0.0757 0.0759 0.0816 0.0599],[2.5858 2.5382 0.4445 0.3261 0.2224 0.2255 0.2167 0.1797 0.1812 0.1682 0.1530 0.1609 0.1431 0.1550 0.1478 0.1448 0.1756 0.1527 0.1410 0.1408 0.1452 0.1271 0.1304 0.1362 0.1259 0.1363 0.1279 0.1294 0.1378 0.1319 0.1109 0.1325 0.1277 0.1292 0.1255 0.1244 0.1452 0.1239 0.1205 0.1241 0.1252 0.1215 0.1231 0.1128 0.1383 0.1233 0.1345 0.1297 0.1248 0.1108],[1.9568 1.6134 0.7056 0.4470 0.3869 0.3488 0.3223 0.3040 0.2902 0.2801 0.2733 0.2625 0.2561 0.2509 0.2419 0.2387 0.2351 0.2254 0.2200 0.2197 0.2180 0.2105 0.2076 0.2053 0.2065 0.1964 0.1954 0.1957 0.1921 0.1847 0.1913 0.1851 0.1816 0.1832 0.1730 0.1761 0.1759 0.1757 0.1744 0.1708 0.1709 0.1666 0.1681 0.1657 0.1623 0.1645 0.1618 0.1574 0.1600 0.1537]
