train_acc,valid_acc,test_acc,train_loss,valid_loss,train_aug_loss
0.975972056388855,0.963676929473877,0.9596420526504517,[4.2894 5.5231 0.5737 0.2951 0.2380 0.2609 0.2378 0.2130 0.1785 0.1587 0.1557 0.1446 0.1631 0.1378 0.1408 0.1460 0.1002 0.1199 0.1256 0.1224 0.1253 0.0977 0.1204 0.0968 0.0796 0.0979 0.1207 0.0734 0.0889 0.0862 0.0796 0.0941 0.0740 0.0945 0.0670 0.0941 0.0565 0.0749 0.0630 0.0697 0.0701 0.0907 0.0741 0.0666 0.0672 0.0648 0.0586 0.0532 0.0498 0.0496 0.0555 0.0606 0.0562 0.0657 0.0609 0.0614 0.0550 0.0537 0.0543 0.0586 0.0479 0.0353 0.0499 0.0586 0.0603 0.0512 0.0573 0.0681 0.0480 0.0487 0.0497 0.0500 0.0514 0.0471 0.0365 0.0406 0.0538 0.0322 0.0422 0.0227 0.0309 0.0361 0.0507 0.0525 0.0346 0.0254 0.0314 0.0344 0.0404 0.0361 0.0364 0.0491 0.0289 0.0298 0.0269 0.0385 0.0215 0.0307 0.0264 0.0300],[4.0050 5.1468 0.6553 0.3198 0.2475 0.3104 0.2816 0.2187 0.1983 0.1811 0.1971 0.1672 0.2061 0.1730 0.1760 0.1906 0.1359 0.1521 0.1677 0.1539 0.1680 0.1454 0.1698 0.1474 0.1283 0.1445 0.1774 0.1257 0.1419 0.1493 0.1343 0.1621 0.1423 0.1574 0.1405 0.1694 0.1273 0.1372 0.1358 0.1459 0.1590 0.1690 0.1477 0.1371 0.1545 0.1440 0.1413 0.1322 0.1317 0.1342 0.1458 0.1522 0.1527 0.1580 0.1624 0.1540 0.1468 0.1465 0.1467 0.1570 0.1410 0.1316 0.1531 0.1519 0.1598 0.1573 0.1834 0.1744 0.1568 0.1615 0.1645 0.1682 0.1656 0.1681 0.1527 0.1699 0.1824 0.1475 0.1671 0.1369 0.1509 0.1525 0.1827 0.1806 0.1512 0.1391 0.1441 0.1492 0.1620 0.1625 0.1692 0.1857 0.1442 0.1456 0.1517 0.1749 0.1420 0.1626 0.1528 0.1608],[2.0104 1.7658 1.0035 0.5170 0.4098 0.3570 0.3240 0.3027 0.2873 0.2688 0.2523 0.2498 0.2386 0.2284 0.2212 0.2128 0.2083 0.2060 0.1985 0.1930 0.1879 0.1836 0.1846 0.1758 0.1747 0.1711 0.1636 0.1649 0.1633 0.1588 0.1574 0.1530 0.1494 0.1489 0.1474 0.1424 0.1437 0.1359 0.1383 0.1353 0.1346 0.1317 0.1337 0.1302 0.1288 0.1261 0.1247 0.1211 0.1226 0.1201 0.1191 0.1186 0.1179 0.1173 0.1137 0.1147 0.1117 0.1109 0.1144 0.1083 0.1084 0.1075 0.1055 0.1042 0.1043 0.1028 0.1016 0.1018 0.0993 0.0994 0.0985 0.0978 0.0955 0.0952 0.0951 0.0943 0.0955 0.0926 0.0931 0.0902 0.0905 0.0905 0.0886 0.0877 0.0877 0.0865 0.0870 0.0859 0.0850 0.0841 0.0828 0.0835 0.0843 0.0833 0.0827 0.0827 0.0802 0.0794 0.0796 0.0792]
