train_acc,valid_acc,test_acc,train_loss,valid_loss,train_aug_loss
0.9889023900032043,0.9718875288963318,0.9598729610443115,[2.1398 1.6772 0.4769 0.2654 0.2342 0.4216 0.2906 0.1473 0.1687 0.1794 0.1310 0.1413 0.1576 0.0881 0.1686 0.1122 0.0866 0.1011 0.1262 0.0992 0.0883 0.0754 0.0690 0.0824 0.1028 0.0613 0.0615 0.0617 0.0579 0.1043 0.0714 0.0546 0.0808 0.0605 0.0887 0.0592 0.0632 0.0584 0.0693 0.0784 0.0507 0.0518 0.0502 0.0787 0.0723 0.0357 0.0403 0.0438 0.0760 0.0405 0.0647 0.1568 0.0799 0.0338 0.0355 0.0706 0.0394 0.0361 0.0371 0.0278 0.0646 0.0388 0.0441 0.0359 0.0264 0.0681 0.0310 0.0320 0.0340 0.0338 0.0299 0.0247 0.0516 0.0232 0.0280 0.0228 0.0572 0.0328 0.0325 0.0277 0.0422 0.0466 0.0243 0.0308 0.0206 0.0926 0.0314 0.0644 0.0569 0.0201 0.0198 0.0245 0.0175 0.0204 0.0266 0.0239 0.0196 0.0293 0.0379 0.0189],[2.1087 1.8766 0.5697 0.3346 0.2843 0.4744 0.3261 0.1788 0.2027 0.2149 0.1687 0.1855 0.2112 0.1101 0.2201 0.1458 0.1282 0.1569 0.1984 0.1467 0.1392 0.1145 0.1094 0.1287 0.1874 0.1121 0.1031 0.1051 0.1006 0.1889 0.1279 0.1019 0.1579 0.1268 0.1779 0.1228 0.1397 0.1398 0.1480 0.1800 0.1137 0.1088 0.1104 0.1680 0.1554 0.0868 0.1038 0.1239 0.1916 0.1100 0.1657 0.3039 0.1882 0.0946 0.1096 0.1938 0.1211 0.1369 0.1107 0.0975 0.1692 0.1216 0.1304 0.1091 0.1049 0.2010 0.1063 0.1239 0.1290 0.1237 0.1320 0.1140 0.1891 0.1027 0.1264 0.0993 0.1980 0.1330 0.1310 0.1263 0.1613 0.1806 0.1138 0.1524 0.1124 0.2520 0.1406 0.2004 0.2049 0.1130 0.1232 0.1333 0.1086 0.1260 0.1390 0.1424 0.1251 0.1584 0.1818 0.1245],[2.0211 1.5261 0.6545 0.3867 0.3200 0.2831 0.2620 0.2422 0.2290 0.2174 0.2077 0.2001 0.1902 0.1867 0.1764 0.1737 0.1670 0.1634 0.1593 0.1562 0.1514 0.1450 0.1452 0.1424 0.1380 0.1380 0.1327 0.1313 0.1275 0.1245 0.1243 0.1241 0.1187 0.1200 0.1177 0.1155 0.1126 0.1094 0.1092 0.1051 0.1065 0.1043 0.1032 0.1014 0.0988 0.1011 0.0988 0.0961 0.0956 0.0956 0.0935 0.0934 0.0920 0.0913 0.0878 0.0910 0.0871 0.0859 0.0843 0.0799 0.0845 0.0837 0.0812 0.0820 0.0803 0.0796 0.0789 0.0757 0.0777 0.0773 0.0759 0.0733 0.0730 0.0727 0.0713 0.0741 0.0705 0.0719 0.0710 0.0697 0.0686 0.0690 0.0671 0.0684 0.0664 0.0682 0.0648 0.0657 0.0636 0.0629 0.0641 0.0626 0.0631 0.0612 0.0603 0.0608 0.0606 0.0595 0.0612 0.0585]
