train_acc,valid_acc,test_acc,train_loss,valid_loss,train_aug_loss
0.9830576181411743,0.9664111137390137,0.951212465763092,[2.0891 1.5475 0.4338 0.3272 0.2227 0.1870 0.1681 0.1692 0.1409 0.1332 0.1531 0.1371 0.0998 0.1022 0.1207 0.1185 0.0845 0.1389 0.1287 0.1406 0.0723 0.0820 0.0943 0.1127 0.0648 0.0693 0.0854 0.0613 0.0557 0.0612 0.0719 0.0706 0.0524 0.1689 0.0664 0.0522 0.0541 0.0822 0.1362 0.0566 0.0689 0.0386 0.0430 0.0921 0.1128 0.0717 0.1279 0.0428 0.1351 0.0352 0.0490 0.0627 0.0377 0.0505 0.0596 0.0462 0.0507 0.0388 0.1036 0.0662 0.0648 0.0363 0.0286 0.0694 0.0491 0.1348 0.0419 0.0344 0.0329 0.0286 0.0343 0.0277 0.0259 0.0450 0.0338 0.0276 0.0417 0.0318 0.0265 0.0691 0.0559 0.0272 0.0295 0.0209 0.0664 0.0188 0.1343 0.0197 0.0228 0.0535 0.0359 0.0291 0.0310 0.0346 0.0278 0.0516 0.0258 0.0210 0.0255 0.0249],[2.0340 1.4574 0.4603 0.3375 0.2538 0.1980 0.2085 0.1821 0.1808 0.1485 0.1631 0.1590 0.1310 0.1489 0.1682 0.1648 0.1361 0.2310 0.1724 0.1965 0.1236 0.1265 0.1596 0.2058 0.1162 0.1163 0.1652 0.1190 0.1029 0.1160 0.1483 0.1329 0.1119 0.2608 0.1502 0.1291 0.1239 0.1440 0.2364 0.1319 0.1526 0.1038 0.1212 0.2011 0.2658 0.1546 0.2534 0.1168 0.2491 0.1109 0.1319 0.1718 0.1198 0.1485 0.1825 0.1415 0.1478 0.1228 0.1962 0.1931 0.1891 0.1184 0.1077 0.1825 0.1583 0.3022 0.1520 0.1339 0.1230 0.1214 0.1165 0.1317 0.1154 0.1749 0.1439 0.1377 0.1583 0.1421 0.1308 0.1979 0.1908 0.1379 0.1497 0.1222 0.2056 0.1088 0.3299 0.1190 0.1327 0.2092 0.1626 0.1499 0.1346 0.1627 0.1577 0.2020 0.1415 0.1435 0.1432 0.1500],[1.9928 1.3608 0.5464 0.3667 0.3090 0.2775 0.2558 0.2402 0.2249 0.2165 0.2037 0.1952 0.1894 0.1846 0.1777 0.1697 0.1664 0.1599 0.1583 0.1527 0.1506 0.1473 0.1437 0.1412 0.1387 0.1361 0.1329 0.1295 0.1273 0.1260 0.1237 0.1211 0.1191 0.1178 0.1126 0.1160 0.1108 0.1098 0.1087 0.1075 0.1051 0.1037 0.1032 0.1026 0.1016 0.0989 0.0968 0.0954 0.0954 0.0946 0.0932 0.0915 0.0918 0.0924 0.0888 0.0909 0.0873 0.0862 0.0867 0.0837 0.0833 0.0821 0.0830 0.0798 0.0837 0.0792 0.0784 0.0776 0.0778 0.0757 0.0764 0.0748 0.0762 0.0743 0.0732 0.0718 0.0714 0.0702 0.0707 0.0698 0.0683 0.0682 0.0675 0.0658 0.0662 0.0667 0.0652 0.0665 0.0671 0.0646 0.0639 0.0646 0.0631 0.0622 0.0610 0.0622 0.0599 0.0601 0.0606 0.0612]
