train_acc,valid_acc,test_acc,train_loss,valid_loss,train_aug_loss
0.9812040328979492,0.9616477489471436,0.9585464000701904,[3.3263 0.3266 0.3383 0.2266 0.2114 0.2582 0.1094 0.1243 0.1168 0.2251 0.1006 0.1433 0.0947 0.0998 0.0950 0.1085 0.1113 0.1255 0.0753 0.1531 0.0833 0.1145 0.0924 0.0835 0.0692 0.0708 0.0713 0.1076 0.0947 0.0678 0.0837 0.0649 0.0591 0.0604 0.0656 0.0807 0.0694 0.0637 0.0642 0.0595 0.0509 0.0657 0.0561 0.0537 0.0549 0.0573 0.0801 0.0918 0.0686 0.0526],[3.2125 0.3479 0.3433 0.2624 0.2592 0.2965 0.1677 0.1849 0.1842 0.2805 0.1773 0.2117 0.1660 0.1728 0.1647 0.1747 0.1880 0.1973 0.1428 0.2240 0.1582 0.1868 0.1721 0.1633 0.1466 0.1546 0.1430 0.1934 0.1723 0.1448 0.1668 0.1434 0.1311 0.1378 0.1479 0.1636 0.1528 0.1537 0.1507 0.1423 0.1438 0.1500 0.1383 0.1432 0.1471 0.1498 0.1671 0.1835 0.1587 0.1364],[1.3552 0.5471 0.4160 0.3580 0.3298 0.3032 0.2934 0.2736 0.2724 0.2581 0.2489 0.2441 0.2391 0.2327 0.2307 0.2219 0.2205 0.2164 0.2111 0.2078 0.2053 0.2038 0.1996 0.1968 0.1953 0.1906 0.1930 0.1885 0.1876 0.1813 0.1841 0.1803 0.1800 0.1804 0.1757 0.1732 0.1737 0.1698 0.1682 0.1718 0.1669 0.1693 0.1623 0.1667 0.1626 0.1625 0.1634 0.1583 0.1616 0.1608]
