train_acc,valid_acc,test_acc,train_loss,valid_loss,train_aug_loss
0.9809889197349548,0.9653003215789795,0.9574506878852844,[1.7680 0.7874 0.4493 0.4140 0.2290 0.2595 0.2248 0.1756 0.1478 0.1702 0.2342 0.1774 0.2439 0.1778 0.2042 0.1464 0.1322 0.1826 0.1719 0.1447 0.1434 0.1992 0.1276 0.1708 0.0989 0.0823 0.1171 0.0885 0.0959 0.1377 0.1058 0.0943 0.0854 0.0784 0.0775 0.0760 0.0902 0.0718 0.0806 0.0915 0.0654 0.0740 0.0862 0.0967 0.0884 0.0710 0.0696 0.0753 0.1387 0.0933],[1.6542 0.7592 0.4469 0.3990 0.2387 0.2752 0.2381 0.1943 0.1718 0.1934 0.2566 0.2037 0.2595 0.2018 0.2285 0.1768 0.1617 0.2148 0.1997 0.1804 0.1848 0.2347 0.1600 0.2091 0.1390 0.1250 0.1505 0.1320 0.1337 0.1761 0.1454 0.1417 0.1331 0.1239 0.1201 0.1257 0.1448 0.1166 0.1348 0.1374 0.1110 0.1275 0.1420 0.1467 0.1408 0.1213 0.1225 0.1284 0.1964 0.1500],[1.8623 1.2146 0.7156 0.5428 0.4618 0.4080 0.3783 0.3569 0.3389 0.3240 0.3111 0.2991 0.2923 0.2868 0.2689 0.2672 0.2601 0.2535 0.2468 0.2418 0.2401 0.2309 0.2329 0.2298 0.2228 0.2181 0.2155 0.2114 0.2091 0.2079 0.2069 0.2005 0.2011 0.1997 0.1926 0.1920 0.1929 0.1912 0.1882 0.1838 0.1823 0.1824 0.1809 0.1771 0.1725 0.1804 0.1715 0.1731 0.1699 0.1697]
