train_acc,valid_acc,test_acc,train_loss,valid_loss,train_aug_loss
0.9913159012794495,0.9703733921051025,0.9656683802604675,[1.9937 4.8081 1.5048 0.4826 0.3532 0.3328 0.2572 0.2154 0.1908 0.2258 0.2592 0.1844 0.1545 0.1464 0.1451 0.1297 0.1069 0.1284 0.1136 0.1362 0.0961 0.0868 0.0912 0.1427 0.1008 0.0944 0.0754 0.0853 0.0907 0.0821 0.0724 0.0788 0.0689 0.0668 0.0706 0.0637 0.0634 0.0649 0.0698 0.0695 0.0568 0.0508 0.0736 0.0644 0.0537 0.0476 0.0490 0.0655 0.0456 0.0519 0.0482 0.0489 0.0463 0.0416 0.0390 0.0410 0.0436 0.0710 0.0394 0.0389 0.0346 0.0354 0.0453 0.0425 0.0471 0.0329 0.0443 0.0322 0.0612 0.0381 0.0322 0.0337 0.0500 0.0248 0.0308 0.0288 0.0381 0.0369 0.0245 0.0271 0.0358 0.0307 0.0276 0.0337 0.0266 0.0214 0.0229 0.0305 0.0208 0.0318 0.0249 0.0335 0.0255 0.0197 0.0338 0.0244 0.0212 0.0286 0.0297 0.0216],[1.9924 4.4157 1.6122 0.6314 0.4279 0.3976 0.3174 0.2622 0.2387 0.2888 0.3262 0.2358 0.2087 0.1939 0.2051 0.1879 0.1601 0.1866 0.1725 0.1927 0.1476 0.1339 0.1348 0.2229 0.1852 0.1670 0.1318 0.1557 0.1631 0.1438 0.1367 0.1427 0.1351 0.1272 0.1384 0.1180 0.1293 0.1328 0.1447 0.1496 0.1205 0.1104 0.1556 0.1446 0.1222 0.1144 0.1194 0.1596 0.1146 0.1305 0.1254 0.1292 0.1314 0.1210 0.1193 0.1188 0.1151 0.1864 0.1190 0.1300 0.1166 0.1119 0.1368 0.1356 0.1497 0.1170 0.1411 0.1171 0.1729 0.1392 0.1209 0.1294 0.1622 0.1089 0.1327 0.1204 0.1434 0.1457 0.1218 0.1300 0.1568 0.1351 0.1315 0.1359 0.1374 0.1166 0.1244 0.1466 0.1172 0.1533 0.1325 0.1589 0.1324 0.1229 0.1653 0.1400 0.1363 0.1492 0.1489 0.1284],[2.0740 1.7984 1.2924 0.6806 0.4990 0.4216 0.3767 0.3484 0.3225 0.3073 0.2912 0.2769 0.2623 0.2545 0.2456 0.2362 0.2308 0.2226 0.2159 0.2085 0.2055 0.2005 0.1919 0.1873 0.1843 0.1816 0.1755 0.1735 0.1717 0.1663 0.1649 0.1603 0.1524 0.1533 0.1542 0.1525 0.1491 0.1454 0.1457 0.1406 0.1383 0.1368 0.1339 0.1341 0.1299 0.1304 0.1281 0.1262 0.1239 0.1231 0.1207 0.1209 0.1171 0.1179 0.1144 0.1147 0.1109 0.1126 0.1105 0.1108 0.1083 0.1081 0.1055 0.1032 0.1019 0.1026 0.1008 0.0995 0.0986 0.0992 0.0969 0.0951 0.0960 0.0931 0.0952 0.0937 0.0915 0.0930 0.0905 0.0900 0.0883 0.0878 0.0874 0.0870 0.0866 0.0843 0.0871 0.0829 0.0816 0.0832 0.0802 0.0795 0.0791 0.0797 0.0763 0.0796 0.0786 0.0764 0.0780 0.0764]
