train_acc,valid_acc,test_acc,train_loss,valid_loss,train_aug_loss
0.9805096983909607,0.9567775726318359,0.957815945148468,[2.3692 0.6254 0.3457 0.3002 0.2239 0.2453 0.1544 0.1652 0.2062 0.1912 0.1510 0.1587 0.1658 0.1663 0.1290 0.1180 0.0933 0.1549 0.0889 0.0956 0.0979 0.0830 0.0862 0.0741 0.0829 0.0902 0.0859 0.0768 0.0981 0.0819 0.0783 0.0677 0.0947 0.0757 0.0581 0.0783 0.0639 0.0744 0.0596 0.0523 0.0632 0.0832 0.0834 0.0624 0.0801 0.0801 0.0589 0.0881 0.0602 0.0830],[2.4686 0.5920 0.3739 0.3386 0.2794 0.2932 0.2237 0.2300 0.2706 0.2577 0.2305 0.2385 0.2411 0.2451 0.2094 0.1942 0.1844 0.2382 0.1646 0.1850 0.1809 0.1830 0.1824 0.1721 0.1865 0.2042 0.1658 0.1845 0.2011 0.1899 0.1876 0.1678 0.1978 0.1860 0.1675 0.1981 0.1702 0.1797 0.1607 0.1648 0.1814 0.2003 0.1965 0.1735 0.1909 0.2059 0.1710 0.2091 0.1694 0.2092],[1.8677 0.9082 0.5385 0.4370 0.3905 0.3602 0.3366 0.3161 0.3033 0.2915 0.2782 0.2729 0.2595 0.2586 0.2531 0.2460 0.2364 0.2346 0.2289 0.2219 0.2223 0.2168 0.2149 0.2099 0.2099 0.2036 0.2034 0.1969 0.1948 0.1921 0.1900 0.1882 0.1904 0.1843 0.1851 0.1790 0.1815 0.1809 0.1731 0.1739 0.1731 0.1690 0.1707 0.1686 0.1649 0.1686 0.1650 0.1624 0.1632 0.1612]
