train_acc,valid_acc,test_acc,train_loss,valid_loss,train_aug_loss
0.9898588061332703,0.9657061696052551,0.9663988351821899,[2.1485 5.9043 1.5372 1.0949 0.5698 0.4339 0.3175 0.2391 0.2474 0.1712 0.1897 0.1633 0.1925 0.1682 0.1681 0.1632 0.1296 0.1255 0.1087 0.1082 0.0969 0.0992 0.0912 0.0991 0.0946 0.0835 0.0811 0.0795 0.0874 0.0797 0.0646 0.0649 0.0820 0.0604 0.0646 0.0711 0.0773 0.0625 0.0588 0.0538 0.0539 0.0710 0.0533 0.0651 0.0592 0.0498 0.0573 0.0480 0.0635 0.0405 0.0439 0.0493 0.0470 0.0495 0.0423 0.0390 0.0363 0.0434 0.0494 0.0389 0.0367 0.0316 0.0404 0.0330 0.0549 0.0370 0.0319 0.0291 0.0289 0.0318 0.0316 0.0291 0.0468 0.0298 0.0298 0.0259 0.0298 0.0336 0.0392 0.0375 0.0365 0.0343 0.0242 0.0230 0.0442 0.0230 0.0259 0.0252 0.0275 0.0225 0.0215 0.0189 0.0227 0.0199 0.0249 0.0211 0.0296 0.0327 0.0228 0.0190],[2.1242 5.5165 1.5504 1.1163 0.6352 0.5268 0.3629 0.2823 0.2889 0.2149 0.2225 0.2114 0.2404 0.2126 0.2218 0.2261 0.1818 0.1643 0.1617 0.1708 0.1542 0.1637 0.1505 0.1681 0.1514 0.1456 0.1506 0.1430 0.1733 0.1411 0.1290 0.1256 0.1632 0.1248 0.1294 0.1460 0.1595 0.1382 0.1369 0.1326 0.1262 0.1668 0.1323 0.1616 0.1482 0.1246 0.1482 0.1239 0.1627 0.1258 0.1412 0.1424 0.1442 0.1391 0.1365 0.1326 0.1223 0.1420 0.1543 0.1268 0.1307 0.1180 0.1425 0.1212 0.1731 0.1383 0.1335 0.1182 0.1217 0.1264 0.1318 0.1247 0.1685 0.1209 0.1391 0.1335 0.1419 0.1468 0.1574 0.1614 0.1490 0.1557 0.1247 0.1356 0.1834 0.1390 0.1435 0.1439 0.1427 0.1277 0.1295 0.1248 0.1407 0.1245 0.1392 0.1271 0.1473 0.1721 0.1413 0.1268],[2.0535 1.7774 1.2511 0.7000 0.5159 0.4318 0.3833 0.3462 0.3217 0.3034 0.2904 0.2738 0.2644 0.2520 0.2427 0.2326 0.2290 0.2214 0.2130 0.2072 0.1999 0.1989 0.1916 0.1886 0.1820 0.1808 0.1773 0.1715 0.1678 0.1654 0.1616 0.1582 0.1583 0.1532 0.1507 0.1508 0.1479 0.1442 0.1411 0.1403 0.1351 0.1386 0.1350 0.1320 0.1318 0.1286 0.1290 0.1274 0.1263 0.1243 0.1201 0.1201 0.1189 0.1169 0.1151 0.1143 0.1141 0.1112 0.1097 0.1113 0.1085 0.1062 0.1085 0.1058 0.1063 0.1038 0.1001 0.1018 0.1009 0.1003 0.0961 0.0993 0.0961 0.0964 0.0928 0.0937 0.0921 0.0930 0.0920 0.0912 0.0899 0.0874 0.0880 0.0868 0.0859 0.0862 0.0829 0.0839 0.0842 0.0837 0.0809 0.0810 0.0811 0.0788 0.0794 0.0792 0.0781 0.0783 0.0776 0.0775]
