train_acc,valid_acc,test_acc,train_loss,valid_loss,train_aug_loss
0.99128657579422,0.9648944735527039,0.9653031229972839,[2.0250 2.1959 1.7172 0.4624 0.3635 0.2933 0.2859 0.2610 0.2313 0.2394 0.2098 0.1983 0.1747 0.1705 0.1570 0.1656 0.1525 0.1409 0.1235 0.1260 0.1243 0.1463 0.1364 0.1181 0.1028 0.1048 0.1178 0.1055 0.0979 0.1127 0.1039 0.0934 0.0869 0.0902 0.0871 0.0793 0.0964 0.0855 0.0949 0.0742 0.0832 0.0888 0.0660 0.0742 0.0746 0.0688 0.0685 0.0675 0.0668 0.0714 0.0658 0.0708 0.0815 0.0660 0.0691 0.0657 0.0720 0.0596 0.0681 0.0520 0.0529 0.0633 0.0526 0.0463 0.0660 0.0537 0.0590 0.0527 0.0543 0.0552 0.0497 0.0570 0.0466 0.0485 0.0482 0.0431 0.0386 0.0467 0.0393 0.0427 0.0382 0.0401 0.0335 0.0447 0.0356 0.0468 0.0334 0.0412 0.0400 0.0418 0.0484 0.0570 0.0345 0.0236 0.0342 0.0364 0.0414 0.0344 0.0378 0.0333],[2.0107 2.1678 1.7037 0.4948 0.3852 0.3324 0.3481 0.3133 0.2726 0.2951 0.2633 0.2570 0.2310 0.2243 0.2027 0.2220 0.2071 0.1946 0.1765 0.1812 0.1784 0.1917 0.1969 0.1841 0.1657 0.1694 0.1838 0.1728 0.1586 0.1643 0.1686 0.1600 0.1565 0.1628 0.1549 0.1541 0.1679 0.1526 0.1685 0.1468 0.1563 0.1636 0.1378 0.1610 0.1535 0.1459 0.1498 0.1486 0.1457 0.1510 0.1464 0.1584 0.1724 0.1571 0.1586 0.1482 0.1585 0.1557 0.1537 0.1408 0.1478 0.1556 0.1513 0.1463 0.1601 0.1471 0.1660 0.1520 0.1589 0.1620 0.1493 0.1597 0.1524 0.1553 0.1516 0.1549 0.1422 0.1500 0.1454 0.1559 0.1496 0.1480 0.1434 0.1558 0.1464 0.1596 0.1422 0.1573 0.1570 0.1644 0.1712 0.1684 0.1586 0.1375 0.1458 0.1474 0.1591 0.1515 0.1559 0.1525],[2.0679 1.8234 1.3848 0.6918 0.4868 0.4091 0.3632 0.3359 0.3123 0.2927 0.2746 0.2628 0.2531 0.2439 0.2342 0.2288 0.2167 0.2118 0.2051 0.1981 0.1971 0.1891 0.1857 0.1828 0.1764 0.1726 0.1701 0.1663 0.1633 0.1615 0.1553 0.1570 0.1496 0.1502 0.1437 0.1425 0.1421 0.1398 0.1364 0.1336 0.1305 0.1310 0.1325 0.1271 0.1249 0.1222 0.1232 0.1195 0.1204 0.1188 0.1175 0.1126 0.1138 0.1134 0.1081 0.1118 0.1070 0.1052 0.1044 0.1040 0.1023 0.1023 0.0996 0.0996 0.0989 0.0965 0.0995 0.0958 0.0963 0.0942 0.0940 0.0927 0.0924 0.0887 0.0888 0.0880 0.0883 0.0883 0.0863 0.0842 0.0842 0.0827 0.0824 0.0840 0.0832 0.0816 0.0803 0.0802 0.0767 0.0797 0.0785 0.0792 0.0779 0.0747 0.0759 0.0763 0.0735 0.0739 0.0726 0.0717]
