train_acc,valid_acc,test_acc,train_loss,valid_loss,train_aug_loss
0.9900739192962646,0.963676929473877,0.9651205539703369,[1.9973 3.0614 1.8732 0.7198 0.3677 0.3073 0.2761 0.2495 0.2242 0.2006 0.1771 0.1668 0.1762 0.1499 0.1504 0.1422 0.1270 0.1241 0.1351 0.1290 0.1255 0.0991 0.1087 0.0940 0.1010 0.0966 0.1018 0.0863 0.0859 0.0941 0.0863 0.0881 0.0990 0.0734 0.0815 0.0797 0.0779 0.0808 0.0798 0.0683 0.0822 0.0671 0.0720 0.0699 0.0726 0.0711 0.0605 0.0595 0.0575 0.0477 0.0684 0.0544 0.0617 0.0584 0.0544 0.0574 0.0544 0.0476 0.0570 0.0494 0.0569 0.0481 0.0397 0.0493 0.0485 0.0491 0.0439 0.0407 0.0430 0.0390 0.0524 0.0408 0.0336 0.0350 0.0358 0.0388 0.0375 0.0328 0.0415 0.0281 0.0325 0.0391 0.0329 0.0312 0.0332 0.0308 0.0332 0.0306 0.0333 0.0285 0.0313 0.0268 0.0345 0.0335 0.0373 0.0366 0.0214 0.0275 0.0261 0.0270],[1.9952 2.8173 1.8262 0.6572 0.3738 0.3284 0.3030 0.2856 0.2625 0.2411 0.2064 0.2077 0.2170 0.1846 0.1886 0.1836 0.1769 0.1678 0.1824 0.1891 0.1859 0.1529 0.1582 0.1454 0.1551 0.1489 0.1527 0.1522 0.1446 0.1550 0.1391 0.1421 0.1686 0.1434 0.1427 0.1461 0.1435 0.1508 0.1459 0.1375 0.1493 0.1422 0.1454 0.1445 0.1567 0.1503 0.1477 0.1380 0.1390 0.1278 0.1515 0.1372 0.1471 0.1463 0.1412 0.1432 0.1560 0.1381 0.1428 0.1459 0.1504 0.1419 0.1340 0.1497 0.1428 0.1404 0.1371 0.1439 0.1433 0.1393 0.1573 0.1388 0.1317 0.1320 0.1387 0.1392 0.1432 0.1406 0.1526 0.1278 0.1363 0.1520 0.1485 0.1433 0.1448 0.1423 0.1419 0.1393 0.1492 0.1437 0.1457 0.1376 0.1633 0.1590 0.1602 0.1621 0.1303 0.1543 0.1520 0.1501],[2.0731 1.8359 1.4988 0.7653 0.4937 0.4049 0.3640 0.3338 0.3154 0.2959 0.2752 0.2674 0.2533 0.2461 0.2357 0.2257 0.2184 0.2136 0.2033 0.2010 0.1952 0.1909 0.1859 0.1802 0.1752 0.1742 0.1675 0.1652 0.1618 0.1606 0.1594 0.1529 0.1485 0.1464 0.1457 0.1406 0.1389 0.1404 0.1361 0.1349 0.1285 0.1294 0.1300 0.1271 0.1243 0.1220 0.1209 0.1194 0.1176 0.1175 0.1156 0.1146 0.1112 0.1106 0.1099 0.1083 0.1059 0.1070 0.1058 0.1033 0.1028 0.1017 0.1000 0.0996 0.0965 0.0951 0.0969 0.0952 0.0959 0.0924 0.0899 0.0907 0.0911 0.0890 0.0904 0.0877 0.0896 0.0861 0.0871 0.0841 0.0850 0.0849 0.0819 0.0828 0.0821 0.0798 0.0795 0.0782 0.0780 0.0783 0.0775 0.0740 0.0751 0.0747 0.0760 0.0751 0.0726 0.0736 0.0724 0.0720]
