train_acc,valid_acc,test_acc,train_loss,valid_loss,train_aug_loss
0.98892742395401,0.9642205238342285,0.9509238004684448,[4.0694 0.4293 0.2902 0.2557 0.2438 0.2017 0.1842 0.1435 0.1262 0.1256 0.1253 0.1517 0.1464 0.0998 0.1034 0.0835 0.0851 0.0937 0.1016 0.0807 0.0617 0.0996 0.1242 0.0678 0.0578 0.0584 0.0738 0.0603 0.0479 0.0739 0.0578 0.0576 0.0581 0.0742 0.0711 0.0976 0.0648 0.0615 0.0567 0.0355 0.0340 0.0691 0.0364 0.0370 0.0527 0.0372 0.0295 0.0301 0.0472 0.0355 0.0367 0.0391 0.0545 0.0384 0.0429 0.0217 0.0287 0.0246 0.0357 0.0304 0.0235 0.0280 0.0376 0.0287 0.0349 0.0199 0.0280 0.0280 0.0433 0.0347 0.0374 0.0152 0.0212 0.0176 0.0208 0.0134 0.0259 0.0189 0.0204 0.0146 0.0133 0.0149 0.0143 0.0310 0.0162 0.0240 0.0181 0.0252 0.0128 0.0115 0.0119 0.0179 0.0483 0.0237 0.0086 0.0212 0.0105 0.0180 0.0248 0.0145],[3.7119 0.5588 0.4010 0.3900 0.3435 0.3151 0.2753 0.2404 0.2225 0.2257 0.2261 0.2794 0.2911 0.2091 0.2250 0.1849 0.1757 0.1723 0.2174 0.1882 0.1545 0.2019 0.2464 0.1723 0.1605 0.1595 0.1911 0.1590 0.1492 0.1921 0.1685 0.1641 0.1770 0.1981 0.1888 0.2266 0.1976 0.1952 0.1792 0.1482 0.1392 0.2037 0.1530 0.1522 0.1902 0.1616 0.1504 0.1530 0.1860 0.1685 0.1612 0.1898 0.2116 0.1919 0.1866 0.1479 0.1542 0.1493 0.1649 0.1741 0.1574 0.1638 0.1935 0.1728 0.1985 0.1615 0.1881 0.1756 0.2314 0.1972 0.2136 0.1525 0.1693 0.1668 0.1602 0.1511 0.1839 0.1680 0.1695 0.1707 0.1522 0.1652 0.1717 0.2027 0.1819 0.2163 0.1769 0.2081 0.1747 0.1696 0.1622 0.1837 0.2486 0.2256 0.1606 0.1990 0.1755 0.1862 0.2114 0.2016],[1.9175 1.2107 0.4694 0.3566 0.3094 0.2746 0.2527 0.2340 0.2175 0.2063 0.1941 0.1885 0.1793 0.1765 0.1693 0.1606 0.1570 0.1513 0.1452 0.1405 0.1358 0.1357 0.1311 0.1263 0.1248 0.1229 0.1203 0.1162 0.1157 0.1092 0.1095 0.1060 0.1040 0.1011 0.1006 0.0984 0.0949 0.0951 0.0935 0.0920 0.0889 0.0899 0.0890 0.0866 0.0842 0.0844 0.0816 0.0806 0.0781 0.0783 0.0778 0.0756 0.0742 0.0731 0.0730 0.0706 0.0707 0.0700 0.0690 0.0681 0.0669 0.0650 0.0648 0.0632 0.0647 0.0637 0.0611 0.0614 0.0598 0.0597 0.0583 0.0584 0.0575 0.0585 0.0557 0.0547 0.0555 0.0537 0.0526 0.0528 0.0529 0.0522 0.0519 0.0527 0.0488 0.0484 0.0499 0.0490 0.0495 0.0464 0.0481 0.0454 0.0470 0.0453 0.0463 0.0452 0.0446 0.0439 0.0426 0.0433]
