train_acc,valid_acc,test_acc,train_loss,valid_loss,train_aug_loss
0.973732590675354,0.9555600881576538,0.9640248417854309,[2.0635 1.3586 0.9046 0.4954 0.4155 0.4133 0.2856 0.2850 0.2512 0.1867 0.2459 0.2517 0.2174 0.2611 0.2210 0.1556 0.2332 0.2231 0.2036 0.1757 0.1933 0.1658 0.1336 0.1658 0.1174 0.1147 0.1038 0.1474 0.1207 0.1366 0.1051 0.1390 0.2129 0.1083 0.1019 0.1341 0.1297 0.0844 0.1356 0.0801 0.1332 0.1209 0.0794 0.0985 0.1006 0.1096 0.1090 0.1105 0.0902 0.0750],[1.9459 1.2571 0.8359 0.4747 0.3921 0.3917 0.2805 0.2851 0.2604 0.2148 0.2566 0.2644 0.2305 0.2702 0.2413 0.1890 0.2521 0.2537 0.2337 0.2072 0.2391 0.2041 0.1803 0.2072 0.1633 0.1683 0.1512 0.1942 0.1748 0.1918 0.1562 0.1947 0.2638 0.1723 0.1570 0.1957 0.1877 0.1459 0.2019 0.1395 0.1967 0.1854 0.1427 0.1629 0.1608 0.1791 0.1745 0.1872 0.1600 0.1474],[1.9403 1.5662 0.9758 0.6967 0.5756 0.4970 0.4551 0.4178 0.3876 0.3644 0.3481 0.3312 0.3195 0.3020 0.2929 0.2836 0.2741 0.2648 0.2608 0.2526 0.2476 0.2432 0.2349 0.2306 0.2264 0.2244 0.2200 0.2144 0.2127 0.2087 0.2060 0.2021 0.1995 0.1977 0.1941 0.1936 0.1895 0.1878 0.1856 0.1850 0.1780 0.1748 0.1778 0.1776 0.1765 0.1713 0.1719 0.1672 0.1654 0.1641]
