train_acc,valid_acc,test_acc,train_loss,valid_loss,train_aug_loss
0.982768714427948,0.9612419009208679,0.9621986746788025,[3.1493 0.9049 0.3824 0.3438 0.2556 0.2143 0.1926 0.1527 0.1852 0.1295 0.2037 0.1744 0.1234 0.0956 0.1422 0.1197 0.1176 0.1037 0.1262 0.1021 0.1143 0.1014 0.0745 0.0841 0.1122 0.0878 0.1127 0.1109 0.0695 0.0717 0.0956 0.1044 0.0798 0.0936 0.0656 0.0897 0.0682 0.0874 0.0567 0.0970 0.0559 0.0820 0.0670 0.0731 0.0660 0.0748 0.0719 0.0701 0.0554 0.0494],[3.3135 0.7895 0.3897 0.3431 0.2910 0.2595 0.2501 0.2169 0.2547 0.2032 0.2560 0.2480 0.1790 0.1601 0.2018 0.1922 0.1969 0.1709 0.1993 0.1667 0.1870 0.1729 0.1447 0.1594 0.1845 0.1640 0.1895 0.1923 0.1471 0.1467 0.1718 0.1920 0.1698 0.1813 0.1508 0.1714 0.1412 0.1698 0.1365 0.1742 0.1376 0.1587 0.1552 0.1657 0.1549 0.1756 0.1690 0.1612 0.1385 0.1425],[1.7876 0.9655 0.5627 0.4503 0.3974 0.3629 0.3398 0.3205 0.3081 0.2907 0.2838 0.2766 0.2698 0.2585 0.2558 0.2485 0.2433 0.2409 0.2327 0.2277 0.2283 0.2272 0.2172 0.2178 0.2122 0.2092 0.2057 0.2015 0.2009 0.1955 0.1965 0.1948 0.1945 0.1891 0.1849 0.1857 0.1835 0.1820 0.1787 0.1758 0.1779 0.1741 0.1749 0.1746 0.1755 0.1663 0.1694 0.1685 0.1692 0.1657]
