train_acc,valid_acc,test_acc,train_loss,valid_loss,train_aug_loss
0.9786027073860168,0.9401379823684692,0.9486851692199707,[2.0239 6.9335 2.2853 0.6747 0.9956 0.5231 0.4568 0.3565 0.3077 0.3251 0.3799 0.3034 0.2472 0.3299 0.3099 0.2601 0.3045 0.2497 0.1831 0.4049 0.1589 0.1558 0.2005 0.1245 0.1318 0.2524 0.2098 0.2432 0.1869 0.2039 0.1308 0.1768 0.1831 0.1626 0.1280 0.3470 0.1985 0.3047 0.2038 0.2822 0.1331 0.1654 0.1247 0.1048 0.0845 0.3685 0.1703 0.2019 0.1298 0.1224 0.3318 0.2332 0.1819 0.1243 0.1448 0.0921 0.0847 0.0971 0.2578 0.1577 0.1486 0.1265 0.0713 0.1340 0.0921 0.1784 0.0773 0.1767 0.1081 0.1141 0.2450 0.1559 0.1401 0.1282 0.0606 0.1463 0.2570 0.0849 0.2593 0.0656 0.1413 0.1600 0.1008 0.0978 0.0902 0.0941 0.0601 0.0875 0.2167 0.0775 0.0686 0.0730 0.0744 0.1285 0.0976 0.1444 0.0753 0.1322 0.0812 0.0494],[2.0424 6.8885 2.2885 0.8704 1.2706 0.6456 0.5063 0.4801 0.3862 0.4356 0.4832 0.3999 0.3159 0.4463 0.3885 0.3539 0.4118 0.3451 0.2918 0.5102 0.2617 0.2459 0.3144 0.2255 0.2303 0.3692 0.3425 0.3793 0.3140 0.3059 0.2349 0.3100 0.3175 0.2944 0.2539 0.4824 0.3182 0.4384 0.3674 0.4292 0.2700 0.3095 0.2648 0.2344 0.2080 0.5676 0.3177 0.3511 0.2776 0.2785 0.4475 0.3690 0.3460 0.2834 0.2813 0.2270 0.2252 0.2490 0.4400 0.3348 0.3458 0.2951 0.2142 0.3062 0.2516 0.3909 0.2268 0.3679 0.2864 0.2918 0.4541 0.3254 0.3458 0.3213 0.2066 0.3297 0.4798 0.2530 0.4675 0.2264 0.3324 0.3689 0.2742 0.2917 0.2825 0.2604 0.2315 0.2670 0.4734 0.2624 0.2549 0.2625 0.2611 0.3671 0.3296 0.3867 0.2762 0.3211 0.2780 0.2343],[2.0544 1.7430 1.1302 0.6239 0.4658 0.4003 0.3615 0.3307 0.3090 0.2894 0.2745 0.2676 0.2565 0.2468 0.2356 0.2262 0.2209 0.2165 0.2047 0.2055 0.1947 0.1946 0.1892 0.1823 0.1783 0.1725 0.1705 0.1693 0.1640 0.1605 0.1597 0.1581 0.1491 0.1488 0.1472 0.1439 0.1444 0.1384 0.1370 0.1345 0.1332 0.1307 0.1287 0.1278 0.1275 0.1237 0.1207 0.1178 0.1199 0.1178 0.1159 0.1136 0.1130 0.1121 0.1097 0.1084 0.1064 0.1045 0.1045 0.1017 0.1021 0.0995 0.0997 0.0983 0.0978 0.0942 0.0962 0.0954 0.0928 0.0929 0.0926 0.0886 0.0889 0.0891 0.0902 0.0868 0.0853 0.0855 0.0845 0.0822 0.0852 0.0812 0.0839 0.0806 0.0790 0.0778 0.0782 0.0791 0.0774 0.0745 0.0748 0.0749 0.0759 0.0715 0.0748 0.0727 0.0716 0.0704 0.0709 0.0706]
