train_acc,valid_acc,test_acc,train_loss,valid_loss,train_aug_loss
0.9887145757675171,0.9606330990791321,0.9678597450256348,[2.0005 1.9631 1.9188 1.1628 0.6416 0.4591 0.3684 0.3508 0.3961 0.2680 0.2500 0.2537 0.2411 0.2245 0.2304 0.2388 0.2168 0.2033 0.1883 0.2049 0.1785 0.1950 0.1626 0.1705 0.1479 0.1657 0.1606 0.1621 0.1420 0.1546 0.1590 0.1494 0.1586 0.1446 0.1137 0.1424 0.1473 0.1566 0.1240 0.1354 0.1319 0.1327 0.1112 0.1113 0.1033 0.0972 0.1166 0.0915 0.1092 0.1046 0.1074 0.1144 0.0787 0.0875 0.0860 0.0914 0.0845 0.0865 0.1024 0.0870 0.0986 0.0711 0.0992 0.0961 0.0850 0.0719 0.0723 0.0632 0.0636 0.0731 0.0698 0.0714 0.0660 0.0597 0.0587 0.0673 0.0509 0.0762 0.0721 0.0500 0.0503 0.0851 0.0684 0.0698 0.0529 0.0521 0.0665 0.0524 0.0598 0.0599 0.0634 0.0451 0.0590 0.0630 0.0498 0.0310 0.0404 0.0441 0.0445 0.0610],[1.9940 1.9403 1.8790 1.0747 0.6297 0.4688 0.3957 0.3597 0.4085 0.2833 0.2719 0.2758 0.2544 0.2496 0.2590 0.2639 0.2468 0.2326 0.2145 0.2383 0.2149 0.2274 0.2034 0.2111 0.1971 0.2071 0.2066 0.2092 0.1962 0.2083 0.2141 0.2012 0.2197 0.2100 0.1658 0.2075 0.2149 0.2301 0.1852 0.2037 0.2019 0.2086 0.1895 0.1842 0.1739 0.1617 0.1979 0.1663 0.1861 0.1826 0.1894 0.2043 0.1551 0.1609 0.1679 0.1714 0.1689 0.1697 0.1984 0.1749 0.1919 0.1570 0.1876 0.1824 0.1836 0.1570 0.1633 0.1452 0.1466 0.1643 0.1631 0.1629 0.1591 0.1557 0.1480 0.1602 0.1424 0.1784 0.1768 0.1357 0.1448 0.1987 0.1732 0.1781 0.1526 0.1488 0.1808 0.1609 0.1621 0.1743 0.1795 0.1556 0.1764 0.1842 0.1635 0.1292 0.1446 0.1581 0.1519 0.1787],[2.0738 1.8589 1.7625 1.3875 0.7568 0.5390 0.4497 0.4028 0.3720 0.3461 0.3233 0.3101 0.2938 0.2858 0.2687 0.2643 0.2542 0.2468 0.2386 0.2294 0.2268 0.2219 0.2153 0.2126 0.2068 0.2004 0.1960 0.1965 0.1886 0.1877 0.1831 0.1774 0.1761 0.1756 0.1692 0.1710 0.1674 0.1646 0.1602 0.1586 0.1565 0.1554 0.1501 0.1523 0.1500 0.1471 0.1456 0.1458 0.1430 0.1401 0.1401 0.1366 0.1346 0.1322 0.1334 0.1325 0.1300 0.1265 0.1245 0.1238 0.1240 0.1232 0.1219 0.1216 0.1200 0.1185 0.1184 0.1160 0.1159 0.1173 0.1132 0.1126 0.1123 0.1107 0.1087 0.1107 0.1036 0.1084 0.1057 0.1051 0.1051 0.1042 0.1022 0.1015 0.1025 0.1005 0.0990 0.0995 0.0985 0.0967 0.0960 0.0969 0.0970 0.0948 0.0936 0.0933 0.0926 0.0906 0.0891 0.0904]
