train_acc,valid_acc,test_acc,train_loss,valid_loss,train_aug_loss
0.9806075096130371,0.9624594449996948,0.9581811428070068,[1.9548 0.8118 0.3806 0.2483 0.2208 0.1912 0.1858 0.1927 0.2284 0.1904 0.1389 0.1805 0.1380 0.1713 0.1130 0.1247 0.1349 0.1191 0.1573 0.1054 0.0891 0.1169 0.1616 0.1763 0.1083 0.1229 0.1298 0.1267 0.1076 0.1330 0.1050 0.0860 0.0994 0.0867 0.0886 0.0893 0.1260 0.0804 0.1272 0.0673 0.1353 0.1543 0.0778 0.1232 0.0850 0.0867 0.1162 0.0918 0.1022 0.0666],[1.9933 0.7668 0.3817 0.2652 0.2389 0.2149 0.2009 0.2167 0.2527 0.2028 0.1773 0.2072 0.1821 0.1990 0.1568 0.1641 0.1749 0.1644 0.2044 0.1519 0.1382 0.1679 0.2054 0.2256 0.1589 0.1779 0.1769 0.1678 0.1636 0.1865 0.1617 0.1400 0.1573 0.1428 0.1462 0.1431 0.1810 0.1353 0.1877 0.1306 0.1936 0.2200 0.1390 0.1831 0.1479 0.1412 0.1809 0.1548 0.1644 0.1327],[1.9034 1.3199 0.7356 0.5448 0.4652 0.4231 0.3875 0.3621 0.3417 0.3291 0.3120 0.3009 0.2882 0.2821 0.2722 0.2683 0.2604 0.2530 0.2487 0.2428 0.2379 0.2375 0.2324 0.2272 0.2214 0.2192 0.2177 0.2150 0.2111 0.2100 0.2056 0.2040 0.2006 0.2006 0.1943 0.1928 0.1925 0.1915 0.1894 0.1859 0.1862 0.1844 0.1828 0.1797 0.1798 0.1778 0.1759 0.1766 0.1713 0.1720]
