train_acc,valid_acc,test_acc,train_loss,valid_loss,train_aug_loss
0.9935632348060608,0.9715224504470825,0.9486142992973328,[3.3523 1.0877 0.6179 0.2351 0.3379 0.2091 0.1616 0.1305 0.1424 0.1680 0.1315 0.1256 0.1286 0.1168 0.1073 0.0762 0.1005 0.0957 0.0661 0.0772 0.0655 0.0660 0.0614 0.0703 0.0541 0.0638 0.0583 0.0664 0.0477 0.0462 0.0519 0.0565 0.0482 0.0761 0.0505 0.0439 0.0420 0.0792 0.0423 0.0677 0.0403 0.0560 0.0607 0.0288 0.0288 0.0295 0.0354 0.0359 0.0457 0.0202 0.0490 0.0265 0.0277 0.0229 0.0344 0.0246 0.0390 0.0335 0.0203 0.0553 0.0408 0.0174 0.0192 0.0364 0.0383 0.0357 0.0224 0.0328 0.0139 0.0158 0.0265 0.0114 0.0327 0.0960 0.0145 0.0255 0.0138 0.0151 0.0521 0.0145 0.0386 0.0138 0.0123 0.0166 0.0129 0.0233 0.0083 0.0162 0.0111 0.0111 0.0208 0.0154 0.0308 0.0304 0.0069 0.0161 0.0086 0.0455 0.0098 0.0236],[2.9950 1.3227 0.7776 0.2771 0.4252 0.2729 0.2138 0.1758 0.1884 0.2184 0.1755 0.1857 0.1862 0.1834 0.1680 0.1233 0.1622 0.1685 0.1228 0.1361 0.1262 0.1196 0.1295 0.1407 0.1202 0.1512 0.1383 0.1545 0.1204 0.1220 0.1323 0.1377 0.1301 0.1922 0.1472 0.1371 0.1273 0.2022 0.1396 0.1813 0.1367 0.1766 0.1865 0.1239 0.1233 0.1342 0.1488 0.1454 0.1672 0.1082 0.1543 0.1254 0.1467 0.1102 0.1464 0.1394 0.1707 0.1574 0.1267 0.2024 0.1709 0.1286 0.1235 0.1706 0.1802 0.1663 0.1425 0.1755 0.1249 0.1421 0.1555 0.1281 0.1749 0.2766 0.1355 0.1773 0.1366 0.1341 0.2192 0.1516 0.1978 0.1324 0.1403 0.1602 0.1338 0.1630 0.1302 0.1594 0.1464 0.1454 0.1827 0.1524 0.1967 0.1848 0.1383 0.1752 0.1404 0.2440 0.1651 0.1832],[1.9277 1.3695 0.5289 0.3835 0.3294 0.2886 0.2637 0.2426 0.2280 0.2131 0.2006 0.1919 0.1828 0.1768 0.1722 0.1622 0.1541 0.1507 0.1467 0.1429 0.1402 0.1322 0.1325 0.1309 0.1231 0.1207 0.1198 0.1160 0.1121 0.1110 0.1088 0.1072 0.1025 0.1025 0.1000 0.0983 0.0964 0.0933 0.0928 0.0926 0.0903 0.0877 0.0866 0.0844 0.0855 0.0836 0.0808 0.0791 0.0771 0.0768 0.0785 0.0757 0.0722 0.0752 0.0732 0.0685 0.0694 0.0685 0.0682 0.0683 0.0650 0.0664 0.0661 0.0624 0.0635 0.0628 0.0619 0.0603 0.0581 0.0589 0.0583 0.0564 0.0548 0.0564 0.0553 0.0547 0.0543 0.0550 0.0519 0.0519 0.0520 0.0509 0.0517 0.0499 0.0485 0.0490 0.0474 0.0476 0.0468 0.0469 0.0476 0.0453 0.0455 0.0452 0.0446 0.0425 0.0427 0.0423 0.0422 0.0432]
