train_acc,valid_acc,test_acc,train_loss,valid_loss,train_aug_loss
0.9792677164077759,0.9644886255264282,0.960189938545227,[2.0654 1.4397 1.0002 0.7612 0.5722 0.3892 0.3402 0.2756 0.2680 0.2897 0.2089 0.1937 0.2069 0.2208 0.1721 0.1770 0.1427 0.2337 0.1465 0.1352 0.1443 0.1478 0.1467 0.1710 0.1261 0.1378 0.1289 0.1420 0.1672 0.1338 0.1952 0.1389 0.1342 0.1253 0.1313 0.1191 0.1170 0.0765 0.1028 0.1066 0.1345 0.1039 0.0810 0.0916 0.0918 0.1008 0.0763 0.0904 0.1048 0.0638],[1.9535 1.3367 0.8661 0.6800 0.5261 0.3792 0.3124 0.2716 0.2673 0.2846 0.2089 0.2054 0.2152 0.2246 0.1810 0.1895 0.1676 0.2465 0.1674 0.1630 0.1717 0.1758 0.1712 0.1940 0.1590 0.1662 0.1613 0.1771 0.1948 0.1643 0.2241 0.1793 0.1726 0.1601 0.1638 0.1625 0.1567 0.1227 0.1475 0.1486 0.1769 0.1534 0.1286 0.1344 0.1421 0.1500 0.1234 0.1386 0.1585 0.1089],[1.9586 1.6360 1.0861 0.7480 0.5993 0.5214 0.4617 0.4244 0.3963 0.3734 0.3487 0.3274 0.3185 0.3062 0.2933 0.2847 0.2780 0.2703 0.2622 0.2550 0.2506 0.2444 0.2425 0.2351 0.2286 0.2269 0.2210 0.2205 0.2140 0.2118 0.2082 0.2092 0.2021 0.1971 0.1964 0.1933 0.1931 0.1902 0.1853 0.1875 0.1849 0.1818 0.1825 0.1783 0.1776 0.1735 0.1734 0.1698 0.1711 0.1672]
