train_acc,valid_acc,test_acc,train_loss,valid_loss,train_aug_loss
0.9850864410400391,0.9642857313156128,0.9616508483886719,[2.9476 1.2217 0.5184 0.4362 0.4018 0.3919 0.3695 0.3404 0.4138 0.4141 0.3971 0.3322 0.3088 0.3015 0.2436 0.2955 0.2781 0.2514 0.2976 0.2285 0.1842 0.2331 0.2786 0.2526 0.2103 0.2065 0.2465 0.2145 0.1805 0.2126 0.2582 0.1633 0.1426 0.1873 0.1393 0.1792 0.1872 0.1492 0.1588 0.1260 0.1444 0.1239 0.2124 0.2238 0.1534 0.1611 0.1025 0.1528 0.1739 0.1910 0.0936 0.0951 0.1021 0.1477 0.1200 0.0939 0.0930 0.1328 0.1325 0.1020 0.0992 0.1011 0.1829 0.0997 0.0962 0.1181 0.0889 0.1336 0.0751 0.1397 0.1119 0.1206 0.1390 0.1004 0.0885 0.0960 0.0773 0.0882 0.1164 0.0693 0.0711 0.0780 0.0825 0.0830 0.0861 0.0596 0.0780 0.0738 0.0951 0.0741 0.0904 0.0821 0.1268 0.0943 0.1209 0.0767 0.0637 0.0860 0.0586 0.1195],[2.5839 1.1831 0.5658 0.4403 0.4535 0.4178 0.3876 0.3829 0.4102 0.4031 0.4021 0.3481 0.3291 0.3210 0.2802 0.3317 0.3039 0.3022 0.3267 0.2642 0.2227 0.2756 0.3019 0.2807 0.2427 0.2448 0.2722 0.2497 0.2229 0.2489 0.2922 0.2110 0.1913 0.2333 0.1907 0.2258 0.2226 0.1995 0.2052 0.1687 0.1857 0.1731 0.2551 0.2653 0.2010 0.2110 0.1617 0.1951 0.2264 0.2431 0.1487 0.1480 0.1589 0.2016 0.1743 0.1515 0.1495 0.1888 0.1923 0.1622 0.1598 0.1602 0.2446 0.1617 0.1550 0.1860 0.1511 0.2038 0.1467 0.2035 0.1795 0.1903 0.2081 0.1795 0.1581 0.1669 0.1461 0.1575 0.1844 0.1358 0.1412 0.1504 0.1557 0.1556 0.1608 0.1287 0.1512 0.1497 0.1717 0.1539 0.1652 0.1573 0.2023 0.1745 0.2077 0.1533 0.1402 0.1677 0.1357 0.2043],[1.8196 1.4003 1.0032 0.7665 0.6607 0.6057 0.5496 0.5168 0.4846 0.4680 0.4506 0.4287 0.4065 0.3962 0.3791 0.3671 0.3500 0.3533 0.3380 0.3290 0.3195 0.3084 0.3019 0.2978 0.2930 0.2853 0.2784 0.2680 0.2687 0.2649 0.2555 0.2541 0.2489 0.2468 0.2421 0.2403 0.2352 0.2333 0.2293 0.2252 0.2245 0.2195 0.2183 0.2124 0.2122 0.2091 0.2075 0.2063 0.1995 0.2011 0.1984 0.1973 0.1959 0.1955 0.1903 0.1900 0.1898 0.1885 0.1850 0.1843 0.1823 0.1839 0.1812 0.1759 0.1793 0.1752 0.1731 0.1744 0.1755 0.1695 0.1695 0.1708 0.1679 0.1644 0.1633 0.1660 0.1650 0.1597 0.1613 0.1595 0.1602 0.1559 0.1599 0.1544 0.1566 0.1561 0.1535 0.1550 0.1530 0.1490 0.1512 0.1512 0.1485 0.1494 0.1478 0.1486 0.1458 0.1497 0.1467 0.1455]
