train_acc,valid_acc,test_acc,train_loss,valid_loss,train_aug_loss
0.9900152683258057,0.9535308480262756,0.9638422131538391,[2.9132 1.0817 0.4267 0.4414 0.3254 0.2807 0.2742 0.2712 0.2576 0.2159 0.1829 0.1886 0.2007 0.2143 0.1345 0.1276 0.1693 0.1827 0.1523 0.1710 0.1575 0.1182 0.1569 0.1508 0.1134 0.1081 0.1741 0.1179 0.1219 0.1284 0.1100 0.1203 0.1545 0.1134 0.1109 0.1276 0.0753 0.0756 0.0844 0.1690 0.0721 0.1313 0.1109 0.0902 0.1025 0.0992 0.1027 0.1073 0.0650 0.1242 0.0881 0.0556 0.0622 0.0957 0.0662 0.1003 0.1585 0.1393 0.0613 0.0780 0.0621 0.0518 0.0479 0.0685 0.0572 0.0474 0.0825 0.0617 0.0629 0.0424 0.0520 0.0726 0.0716 0.0603 0.1664 0.0612 0.0468 0.0924 0.0910 0.0299 0.0408 0.0371 0.0399 0.0623 0.0382 0.0492 0.0266 0.0584 0.0417 0.0575 0.0777 0.0526 0.0419 0.0422 0.0403 0.0330 0.0431 0.0214 0.0353 0.0433],[2.8374 1.2059 0.4572 0.4867 0.3675 0.3363 0.3259 0.3232 0.3049 0.2768 0.2516 0.2617 0.2692 0.2779 0.2040 0.2019 0.2418 0.2555 0.2285 0.2477 0.2375 0.2015 0.2459 0.2349 0.1972 0.1933 0.2665 0.2003 0.2133 0.2262 0.1962 0.2114 0.2527 0.2208 0.2139 0.2419 0.1808 0.1843 0.1968 0.2872 0.1839 0.2550 0.2371 0.2034 0.2237 0.2270 0.2299 0.2331 0.1802 0.2557 0.2111 0.1767 0.1926 0.2299 0.2058 0.2357 0.3205 0.2866 0.1929 0.2147 0.1965 0.1783 0.1754 0.2184 0.1994 0.1816 0.2382 0.2071 0.2075 0.1950 0.1956 0.2241 0.2231 0.2134 0.3478 0.2124 0.1999 0.2598 0.2542 0.1704 0.1927 0.1911 0.2013 0.2396 0.2083 0.2209 0.1838 0.2268 0.2003 0.2371 0.2714 0.2181 0.2251 0.2160 0.2164 0.1999 0.2316 0.1753 0.2053 0.2240],[1.9107 1.1106 0.5508 0.4240 0.3692 0.3298 0.3058 0.2858 0.2670 0.2536 0.2381 0.2308 0.2196 0.2146 0.2033 0.1983 0.1920 0.1854 0.1802 0.1755 0.1700 0.1635 0.1611 0.1572 0.1547 0.1470 0.1467 0.1437 0.1418 0.1371 0.1357 0.1336 0.1289 0.1281 0.1260 0.1231 0.1222 0.1178 0.1175 0.1154 0.1148 0.1113 0.1103 0.1098 0.1062 0.1077 0.1029 0.1015 0.1024 0.0988 0.0996 0.0953 0.0964 0.0943 0.0909 0.0924 0.0909 0.0920 0.0904 0.0876 0.0899 0.0872 0.0878 0.0824 0.0821 0.0827 0.0812 0.0819 0.0793 0.0780 0.0789 0.0767 0.0785 0.0752 0.0753 0.0757 0.0744 0.0738 0.0735 0.0706 0.0722 0.0694 0.0683 0.0680 0.0684 0.0692 0.0671 0.0675 0.0652 0.0663 0.0664 0.0650 0.0634 0.0637 0.0619 0.0605 0.0604 0.0624 0.0592 0.0601]
