train_acc,valid_acc,test_acc,train_loss,valid_loss,train_aug_loss
0.9857123494148254,0.9622564911842346,0.9665814638137817,[6.0981 0.3981 0.2968 0.2592 0.1862 0.2204 0.1324 0.1261 0.1433 0.1251 0.1452 0.1192 0.1658 0.1114 0.1248 0.0815 0.1032 0.0966 0.1058 0.1169 0.1025 0.1171 0.1023 0.1023 0.1381 0.0951 0.0926 0.0869 0.0775 0.0666 0.0889 0.0743 0.1017 0.0700 0.0778 0.0758 0.0802 0.0627 0.0646 0.0947 0.0973 0.0798 0.0649 0.0607 0.0504 0.0453 0.0557 0.0761 0.0574 0.0426],[5.7798 0.3981 0.3147 0.2944 0.2341 0.2657 0.1890 0.1838 0.2039 0.1927 0.2150 0.1884 0.2418 0.1868 0.1997 0.1611 0.1878 0.1844 0.1835 0.2100 0.1855 0.2192 0.2009 0.1975 0.2321 0.1870 0.1953 0.1831 0.1718 0.1720 0.1876 0.1660 0.2100 0.1777 0.1778 0.1839 0.1947 0.1743 0.1749 0.2019 0.2058 0.1858 0.1726 0.1640 0.1582 0.1495 0.1621 0.1898 0.1627 0.1442],[1.4200 0.5838 0.4314 0.3711 0.3326 0.3069 0.2923 0.2813 0.2770 0.2613 0.2506 0.2448 0.2417 0.2364 0.2269 0.2236 0.2215 0.2182 0.2138 0.2089 0.2050 0.2045 0.2025 0.1981 0.1988 0.1930 0.1911 0.1858 0.1901 0.1874 0.1833 0.1828 0.1820 0.1796 0.1778 0.1770 0.1733 0.1731 0.1728 0.1727 0.1709 0.1679 0.1655 0.1668 0.1661 0.1629 0.1637 0.1611 0.1607 0.1614]
