train_acc,valid_acc,test_acc,train_loss,valid_loss,train_aug_loss
0.9858688116073608,0.9642857313156128,0.9642074704170227,[2.1084 0.8269 0.3444 0.2485 0.2337 0.1632 0.2271 0.1917 0.1576 0.1566 0.1579 0.1488 0.1548 0.1307 0.1136 0.1009 0.0835 0.1186 0.1104 0.0968 0.0989 0.1241 0.0655 0.0923 0.0808 0.0807 0.0775 0.0947 0.0698 0.0825 0.0967 0.0700 0.0831 0.0769 0.0875 0.0813 0.1093 0.0757 0.0640 0.0688 0.0678 0.0729 0.0721 0.0456 0.0475 0.0650 0.0799 0.0442 0.0443 0.0681],[2.2094 0.7792 0.3389 0.2616 0.2741 0.1825 0.2323 0.2185 0.1861 0.2030 0.1959 0.1838 0.1902 0.1765 0.1561 0.1537 0.1321 0.1646 0.1676 0.1501 0.1618 0.1687 0.1230 0.1527 0.1396 0.1433 0.1476 0.1550 0.1404 0.1457 0.1660 0.1435 0.1624 0.1523 0.1650 0.1516 0.1842 0.1637 0.1429 0.1468 0.1474 0.1482 0.1468 0.1152 0.1223 0.1493 0.1591 0.1157 0.1249 0.1564],[1.8441 0.8864 0.5300 0.4354 0.3878 0.3516 0.3333 0.3097 0.3002 0.2837 0.2768 0.2649 0.2592 0.2463 0.2450 0.2381 0.2345 0.2317 0.2257 0.2200 0.2187 0.2152 0.2114 0.2053 0.2019 0.1983 0.2006 0.1957 0.1931 0.1911 0.1897 0.1846 0.1848 0.1829 0.1822 0.1774 0.1743 0.1695 0.1745 0.1708 0.1675 0.1668 0.1651 0.1646 0.1655 0.1612 0.1604 0.1576 0.1596 0.1557]
