train_acc,valid_acc,test_acc,train_loss,valid_loss,train_aug_loss
0.9942135810852051,0.9748083353042603,0.951212465763092,[1.9653 3.4197 0.6670 0.3962 0.2879 0.2909 0.2460 0.2991 0.2041 0.2137 0.1707 0.1385 0.1428 0.1301 0.1470 0.1282 0.1311 0.1068 0.1177 0.0911 0.0907 0.1041 0.0892 0.0909 0.0875 0.0994 0.0806 0.0998 0.0691 0.0829 0.1058 0.0680 0.0683 0.0591 0.0793 0.0540 0.0549 0.0766 0.0634 0.0518 0.0526 0.0619 0.0484 0.0491 0.0503 0.0499 0.0449 0.0425 0.0549 0.0458 0.0504 0.0477 0.0426 0.0558 0.0431 0.0396 0.0444 0.0525 0.0373 0.0412 0.0395 0.0358 0.0333 0.0392 0.0377 0.0393 0.0356 0.0310 0.0278 0.0293 0.0312 0.0263 0.0301 0.0419 0.0274 0.0269 0.0299 0.0267 0.0344 0.0391 0.0279 0.0263 0.0320 0.0219 0.0238 0.0260 0.0301 0.0198 0.0237 0.0321 0.0345 0.0232 0.0173 0.0175 0.0194 0.0182 0.0287 0.0321 0.0330 0.0166],[1.9518 3.2629 0.7360 0.4178 0.2986 0.2848 0.2483 0.3234 0.2048 0.2215 0.1984 0.1674 0.1591 0.1472 0.1854 0.1626 0.1690 0.1485 0.1688 0.1232 0.1288 0.1411 0.1326 0.1371 0.1368 0.1519 0.1295 0.1598 0.1158 0.1390 0.1678 0.1200 0.1289 0.1108 0.1350 0.1083 0.1172 0.1420 0.1291 0.1033 0.1078 0.1202 0.1040 0.1130 0.1167 0.1150 0.1126 0.1036 0.1358 0.1197 0.1283 0.1155 0.0975 0.1318 0.1130 0.1038 0.1207 0.1471 0.1163 0.1207 0.1085 0.1089 0.1073 0.1172 0.1177 0.1240 0.1214 0.1094 0.1022 0.1059 0.1174 0.1011 0.1150 0.1359 0.1168 0.1129 0.1101 0.1142 0.1267 0.1476 0.1166 0.1215 0.1248 0.1135 0.1021 0.1224 0.1231 0.0985 0.1123 0.1248 0.1444 0.0996 0.1004 0.1002 0.1027 0.0966 0.1271 0.1230 0.1321 0.0975],[2.0601 1.7693 1.0111 0.5605 0.4405 0.3862 0.3426 0.3176 0.2967 0.2787 0.2658 0.2538 0.2442 0.2318 0.2267 0.2180 0.2086 0.2052 0.1988 0.1930 0.1851 0.1812 0.1790 0.1735 0.1691 0.1660 0.1599 0.1585 0.1558 0.1521 0.1497 0.1457 0.1454 0.1436 0.1375 0.1373 0.1334 0.1345 0.1297 0.1291 0.1268 0.1247 0.1230 0.1240 0.1224 0.1158 0.1171 0.1130 0.1155 0.1113 0.1113 0.1096 0.1111 0.1088 0.1066 0.1054 0.1032 0.1028 0.1012 0.1006 0.0995 0.0980 0.0965 0.0980 0.0919 0.0938 0.0945 0.0921 0.0905 0.0904 0.0864 0.0893 0.0876 0.0876 0.0862 0.0846 0.0845 0.0832 0.0831 0.0822 0.0819 0.0805 0.0798 0.0797 0.0793 0.0778 0.0775 0.0772 0.0762 0.0737 0.0741 0.0757 0.0740 0.0733 0.0732 0.0715 0.0710 0.0725 0.0704 0.0683]
