train_acc,valid_acc,test_acc,train_loss,valid_loss,train_aug_loss
0.986584484577179,0.9682365655899048,0.9405311942100525,[2.0654 2.0247 3.0533 3.1435 1.9929 1.0630 0.6891 0.5394 0.4764 0.4256 0.3968 0.3980 0.3500 0.3413 0.2978 0.2836 0.2683 0.2535 0.2448 0.2399 0.2764 0.2259 0.2155 0.2267 0.1855 0.1860 0.1893 0.1854 0.1641 0.1669 0.1626 0.1477 0.1601 0.1544 0.1321 0.1305 0.1330 0.1278 0.1243 0.1234 0.1181 0.1200 0.1248 0.1071 0.1079 0.0933 0.1182 0.1010 0.1117 0.0959 0.0960 0.0952 0.1008 0.0837 0.0818 0.0868 0.0754 0.0811 0.0773 0.0792 0.0762 0.0759 0.0742 0.0653 0.0704 0.0777 0.0701 0.0689 0.0662 0.0696 0.0701 0.0748 0.0625 0.0614 0.0600 0.0543 0.0580 0.0589 0.0552 0.0558 0.0540 0.0554 0.0558 0.0504 0.0535 0.0486 0.0479 0.0520 0.0454 0.0505 0.0500 0.0438 0.0521 0.0427 0.0465 0.0412 0.0520 0.0498 0.0429 0.0445],[2.0635 2.0313 2.9470 3.2292 2.0474 1.1280 0.7815 0.5848 0.5197 0.4699 0.4245 0.4231 0.3736 0.3639 0.3247 0.3188 0.2987 0.2981 0.2834 0.2804 0.3106 0.2688 0.2604 0.2851 0.2282 0.2295 0.2382 0.2287 0.2085 0.2146 0.2129 0.1938 0.2112 0.2034 0.1790 0.1815 0.1946 0.1863 0.1829 0.1821 0.1828 0.1770 0.1884 0.1680 0.1716 0.1602 0.1856 0.1694 0.1770 0.1632 0.1633 0.1597 0.1637 0.1465 0.1436 0.1519 0.1395 0.1526 0.1469 0.1460 0.1434 0.1470 0.1434 0.1320 0.1417 0.1545 0.1426 0.1391 0.1365 0.1432 0.1453 0.1486 0.1381 0.1401 0.1310 0.1256 0.1301 0.1379 0.1265 0.1323 0.1230 0.1313 0.1342 0.1222 0.1343 0.1212 0.1254 0.1298 0.1203 0.1241 0.1331 0.1194 0.1342 0.1221 0.1287 0.1169 0.1397 0.1371 0.1246 0.1337],[2.1755 1.9999 1.8824 1.7186 1.3294 1.0001 0.7498 0.6280 0.5559 0.5048 0.4649 0.4342 0.4084 0.3880 0.3673 0.3546 0.3401 0.3324 0.3190 0.3077 0.2962 0.2892 0.2811 0.2760 0.2681 0.2634 0.2539 0.2492 0.2436 0.2358 0.2357 0.2263 0.2262 0.2217 0.2198 0.2124 0.2089 0.2059 0.2005 0.2004 0.1997 0.1945 0.1919 0.1897 0.1874 0.1833 0.1792 0.1784 0.1791 0.1739 0.1708 0.1709 0.1655 0.1678 0.1657 0.1607 0.1592 0.1575 0.1554 0.1535 0.1517 0.1522 0.1488 0.1480 0.1492 0.1465 0.1425 0.1410 0.1413 0.1376 0.1399 0.1366 0.1362 0.1338 0.1358 0.1312 0.1324 0.1294 0.1283 0.1268 0.1274 0.1262 0.1258 0.1239 0.1212 0.1205 0.1243 0.1200 0.1175 0.1173 0.1179 0.1155 0.1163 0.1143 0.1122 0.1129 0.1110 0.1121 0.1083 0.1092]
