train_acc,valid_acc,test_acc,train_loss,valid_loss,train_aug_loss
0.9853838682174683,0.9645856022834778,0.9500577449798584,[2.0873 1.3981 0.4782 0.7087 0.5061 0.2568 0.2674 0.2765 0.2840 0.2288 0.2226 0.1827 0.1405 0.2131 0.2094 0.1332 0.3022 0.1658 0.1444 0.1242 0.0866 0.1467 0.1021 0.1262 0.1256 0.1352 0.1030 0.1789 0.0764 0.0904 0.0918 0.1313 0.0669 0.1765 0.0908 0.0777 0.0840 0.1089 0.1311 0.1472 0.0833 0.0934 0.0916 0.0773 0.1575 0.0666 0.1647 0.0570 0.1386 0.1628 0.0431 0.0738 0.0469 0.0745 0.0635 0.0532 0.0525 0.0996 0.0698 0.0623 0.0438 0.0471 0.0414 0.0608 0.0682 0.0432 0.0341 0.0404 0.0894 0.0405 0.0628 0.0540 0.0465 0.0568 0.0995 0.0641 0.0634 0.0498 0.0338 0.0649 0.0302 0.0544 0.0393 0.0298 0.0299 0.0413 0.0508 0.0462 0.0453 0.0343 0.0305 0.0590 0.0286 0.0382 0.0586 0.0251 0.0541 0.0471 0.0268 0.0339],[2.1113 1.6403 0.5456 0.8209 0.6009 0.3192 0.3407 0.3369 0.3697 0.2962 0.2816 0.2321 0.1908 0.2855 0.2728 0.1917 0.3992 0.2321 0.2198 0.1967 0.1303 0.2277 0.1679 0.1991 0.2204 0.2232 0.1791 0.2693 0.1463 0.1817 0.1724 0.2138 0.1433 0.2790 0.1825 0.1497 0.1831 0.1943 0.2328 0.2581 0.1881 0.1898 0.1970 0.1811 0.2625 0.1507 0.2998 0.1572 0.2392 0.3086 0.1251 0.1795 0.1373 0.1710 0.1633 0.1620 0.1516 0.2362 0.1756 0.1790 0.1291 0.1427 0.1456 0.1713 0.1826 0.1556 0.1273 0.1439 0.2231 0.1436 0.1773 0.1617 0.1643 0.1803 0.2525 0.2003 0.1733 0.1489 0.1289 0.1995 0.1323 0.1754 0.1592 0.1418 0.1342 0.1777 0.1771 0.1579 0.1806 0.1490 0.1415 0.2096 0.1436 0.1587 0.1980 0.1402 0.1833 0.1735 0.1448 0.1589],[1.9800 1.0771 0.4534 0.3549 0.3106 0.2829 0.2621 0.2474 0.2338 0.2184 0.2098 0.2006 0.1937 0.1870 0.1814 0.1778 0.1720 0.1651 0.1615 0.1566 0.1555 0.1525 0.1469 0.1429 0.1418 0.1381 0.1356 0.1335 0.1314 0.1286 0.1267 0.1256 0.1212 0.1191 0.1181 0.1181 0.1137 0.1152 0.1104 0.1118 0.1063 0.1061 0.1046 0.1023 0.1039 0.1036 0.0962 0.0992 0.0973 0.0958 0.0958 0.0930 0.0935 0.0913 0.0908 0.0906 0.0883 0.0871 0.0861 0.0853 0.0864 0.0839 0.0833 0.0833 0.0809 0.0807 0.0805 0.0800 0.0772 0.0784 0.0755 0.0781 0.0756 0.0759 0.0733 0.0733 0.0715 0.0718 0.0726 0.0705 0.0737 0.0679 0.0678 0.0696 0.0685 0.0683 0.0679 0.0655 0.0651 0.0643 0.0650 0.0649 0.0661 0.0643 0.0631 0.0615 0.0615 0.0602 0.0636 0.0605]
