train_acc,valid_acc,test_acc,train_loss,valid_loss,train_aug_loss
0.9840987324714661,0.9644886255264282,0.9669466614723206,[1.9238 0.9958 0.5702 0.2946 0.2885 0.2381 0.2460 0.2007 0.3106 0.2018 0.2140 0.2217 0.2179 0.1655 0.1624 0.1520 0.1275 0.1366 0.1384 0.1537 0.1932 0.1399 0.1019 0.1246 0.1104 0.1051 0.1324 0.0913 0.1096 0.1084 0.1272 0.1103 0.0775 0.0906 0.0913 0.0995 0.0812 0.0809 0.0885 0.0782 0.1147 0.1092 0.0722 0.0697 0.0814 0.0650 0.0735 0.0579 0.1281 0.0764],[1.8132 0.8834 0.5478 0.3101 0.3006 0.2582 0.2601 0.2246 0.3243 0.2363 0.2474 0.2617 0.2561 0.2059 0.2055 0.1941 0.1709 0.1805 0.1861 0.2100 0.2397 0.1941 0.1495 0.1785 0.1662 0.1617 0.1844 0.1388 0.1619 0.1680 0.1884 0.1736 0.1287 0.1499 0.1477 0.1640 0.1333 0.1361 0.1497 0.1363 0.1840 0.1747 0.1347 0.1307 0.1413 0.1301 0.1362 0.1207 0.2054 0.1441],[1.8761 1.2693 0.7383 0.5625 0.4784 0.4271 0.3939 0.3660 0.3474 0.3301 0.3244 0.3071 0.2974 0.2882 0.2784 0.2726 0.2664 0.2622 0.2592 0.2479 0.2456 0.2411 0.2370 0.2331 0.2257 0.2243 0.2211 0.2206 0.2119 0.2136 0.2107 0.2051 0.1997 0.2032 0.1985 0.1967 0.1955 0.1936 0.1937 0.1904 0.1900 0.1834 0.1839 0.1818 0.1815 0.1784 0.1761 0.1774 0.1755 0.1744]
