train_acc,valid_acc,test_acc,train_loss,valid_loss,train_aug_loss
0.9875606298446655,0.961850643157959,0.9649379253387451,[2.0309 2.7931 2.6771 0.6719 0.5945 0.3320 0.3087 0.3029 0.2541 0.2889 0.2360 0.1916 0.1992 0.2340 0.1845 0.2006 0.1710 0.1584 0.1572 0.1574 0.1498 0.1377 0.1574 0.1369 0.1294 0.1503 0.1417 0.1283 0.1360 0.1248 0.1136 0.1480 0.1192 0.1156 0.1156 0.1163 0.1001 0.1005 0.0989 0.0936 0.0950 0.0880 0.0893 0.0904 0.1026 0.0983 0.0960 0.0964 0.0954 0.0796 0.0949 0.0876 0.0955 0.0761 0.0884 0.0841 0.0903 0.0664 0.0669 0.0836 0.0790 0.0870 0.0856 0.0751 0.0724 0.0746 0.0832 0.0699 0.0700 0.0771 0.0714 0.0661 0.0624 0.0674 0.0596 0.0674 0.0495 0.0657 0.0722 0.0563 0.0631 0.0575 0.0518 0.0611 0.0555 0.0618 0.0532 0.0593 0.0538 0.0578 0.0533 0.0462 0.0552 0.0488 0.0415 0.0559 0.0355 0.0581 0.0522 0.0521],[2.0247 2.6914 2.7175 0.7055 0.6772 0.3764 0.3442 0.3419 0.2822 0.3276 0.2743 0.2256 0.2279 0.2873 0.2342 0.2394 0.2045 0.1946 0.2013 0.1955 0.1908 0.1769 0.2106 0.1661 0.1796 0.1934 0.1944 0.1749 0.1827 0.1683 0.1641 0.2077 0.1771 0.1659 0.1844 0.1679 0.1551 0.1569 0.1592 0.1521 0.1561 0.1434 0.1477 0.1479 0.1677 0.1583 0.1556 0.1581 0.1675 0.1458 0.1604 0.1500 0.1638 0.1419 0.1569 0.1620 0.1702 0.1392 0.1360 0.1588 0.1548 0.1640 0.1742 0.1534 0.1558 0.1624 0.1738 0.1571 0.1489 0.1534 0.1520 0.1563 0.1405 0.1560 0.1423 0.1650 0.1378 0.1562 0.1628 0.1510 0.1533 0.1489 0.1486 0.1570 0.1534 0.1599 0.1514 0.1615 0.1601 0.1591 0.1470 0.1434 0.1560 0.1542 0.1435 0.1588 0.1269 0.1637 0.1601 0.1613],[2.0839 1.8594 1.5024 0.8161 0.5763 0.4862 0.4277 0.3954 0.3699 0.3501 0.3324 0.3192 0.3059 0.2941 0.2867 0.2787 0.2662 0.2622 0.2541 0.2459 0.2430 0.2348 0.2291 0.2251 0.2190 0.2149 0.2115 0.2057 0.2020 0.1997 0.1947 0.1935 0.1885 0.1871 0.1856 0.1841 0.1784 0.1748 0.1735 0.1736 0.1723 0.1654 0.1642 0.1658 0.1630 0.1581 0.1560 0.1561 0.1559 0.1513 0.1510 0.1508 0.1488 0.1513 0.1433 0.1438 0.1398 0.1409 0.1439 0.1393 0.1393 0.1359 0.1341 0.1325 0.1313 0.1334 0.1311 0.1295 0.1275 0.1274 0.1278 0.1247 0.1254 0.1221 0.1217 0.1184 0.1220 0.1204 0.1190 0.1163 0.1165 0.1140 0.1140 0.1166 0.1123 0.1110 0.1124 0.1108 0.1118 0.1120 0.1089 0.1057 0.1052 0.1055 0.1063 0.1041 0.1044 0.1042 0.1028 0.1061]
