train_acc,valid_acc,test_acc,train_loss,valid_loss,train_aug_loss
0.9846561551094055,0.9610389471054077,0.9663988351821899,[2.7641 0.6699 0.4055 0.2168 0.2172 0.1778 0.1801 0.1432 0.1521 0.1388 0.1463 0.1270 0.1268 0.1188 0.1073 0.1042 0.1154 0.1115 0.1154 0.1036 0.0962 0.0942 0.0967 0.0920 0.0920 0.0930 0.0784 0.0993 0.0832 0.0877 0.0743 0.0897 0.0851 0.0948 0.0909 0.0638 0.0629 0.0776 0.0749 0.0793 0.0671 0.0772 0.0768 0.0594 0.0457 0.0593 0.0734 0.0787 0.0580 0.0753],[2.6606 0.7340 0.4557 0.2473 0.2404 0.2122 0.2196 0.1804 0.2060 0.1892 0.1940 0.1696 0.1839 0.1732 0.1586 0.1682 0.1769 0.1709 0.1774 0.1578 0.1617 0.1584 0.1626 0.1775 0.1593 0.1589 0.1419 0.1771 0.1564 0.1653 0.1509 0.1644 0.1686 0.1769 0.1659 0.1469 0.1468 0.1614 0.1597 0.1723 0.1604 0.1705 0.1644 0.1486 0.1286 0.1504 0.1753 0.1811 0.1591 0.1732],[1.9597 1.4708 0.5562 0.4077 0.3477 0.3158 0.2917 0.2769 0.2603 0.2501 0.2447 0.2327 0.2296 0.2165 0.2145 0.2089 0.2074 0.2003 0.1940 0.1943 0.1877 0.1840 0.1783 0.1759 0.1772 0.1704 0.1701 0.1655 0.1612 0.1602 0.1574 0.1569 0.1561 0.1507 0.1510 0.1483 0.1474 0.1455 0.1459 0.1442 0.1383 0.1385 0.1428 0.1394 0.1357 0.1343 0.1339 0.1307 0.1291 0.1316]
