train_acc,valid_acc,test_acc,train_loss,valid_loss,train_aug_loss
0.9837368726730347,0.9630681872367859,0.9653031229972839,[2.6859 0.2942 0.2019 0.2365 0.2070 0.2151 0.1746 0.1244 0.1903 0.1945 0.1232 0.1722 0.1027 0.1145 0.0854 0.0926 0.0734 0.1413 0.0731 0.1951 0.1222 0.0832 0.0809 0.1247 0.1007 0.1196 0.0885 0.0729 0.1032 0.1014 0.0916 0.0494 0.0482 0.0951 0.0507 0.0752 0.0628 0.0464 0.0908 0.0963 0.0500 0.0421 0.0549 0.0499 0.0573 0.0423 0.0695 0.0377 0.0581 0.0394],[2.4866 0.3096 0.2402 0.2671 0.2415 0.2486 0.2086 0.1653 0.2380 0.2536 0.1729 0.2269 0.1566 0.1737 0.1408 0.1538 0.1408 0.2269 0.1378 0.2825 0.2008 0.1610 0.1548 0.2007 0.1866 0.2103 0.1806 0.1642 0.1993 0.2013 0.1899 0.1282 0.1434 0.2013 0.1403 0.1783 0.1678 0.1431 0.2145 0.2037 0.1585 0.1385 0.1547 0.1652 0.1663 0.1602 0.2022 0.1438 0.1754 0.1402],[1.6678 0.5346 0.3797 0.3207 0.2868 0.2601 0.2494 0.2316 0.2250 0.2113 0.2039 0.1997 0.1925 0.1849 0.1798 0.1779 0.1770 0.1668 0.1660 0.1602 0.1590 0.1539 0.1528 0.1462 0.1426 0.1448 0.1432 0.1385 0.1346 0.1300 0.1329 0.1323 0.1255 0.1278 0.1260 0.1230 0.1215 0.1206 0.1190 0.1179 0.1154 0.1143 0.1127 0.1108 0.1116 0.1078 0.1092 0.1042 0.1032 0.1044]
