train_acc,valid_acc,test_acc,train_loss,valid_loss,train_aug_loss
0.9908868074417114,0.9696969985961914,0.9474595785140991,[2.3449 0.4339 0.2801 0.2305 0.2120 0.1534 0.1589 0.1437 0.1483 0.1253 0.0973 0.1147 0.0931 0.0855 0.0969 0.0809 0.0662 0.0620 0.0706 0.0673 0.0673 0.0585 0.0749 0.0573 0.0545 0.0552 0.0611 0.0437 0.0542 0.0469 0.0403 0.0391 0.0347 0.0388 0.0415 0.0328 0.0387 0.0292 0.0338 0.0319 0.0301 0.0265 0.0266 0.0320 0.0263 0.0521 0.0240 0.0238 0.0259 0.0264 0.0215 0.0221 0.0245 0.0222 0.0181 0.0253 0.0199 0.0205 0.0200 0.0218 0.0164 0.0197 0.0212 0.0217 0.0161 0.0165 0.0161 0.0148 0.0154 0.0120 0.0144 0.0166 0.0166 0.0164 0.0188 0.0100 0.0116 0.0144 0.0115 0.0115 0.0097 0.0123 0.0117 0.0120 0.0098 0.0095 0.0159 0.0074 0.0118 0.0114 0.0135 0.0119 0.0157 0.0125 0.0126 0.0081 0.0109 0.0081 0.0102 0.0082],[2.5078 0.4444 0.3091 0.2523 0.2443 0.1962 0.1838 0.1908 0.1950 0.1920 0.1486 0.1713 0.1423 0.1491 0.1672 0.1457 0.1283 0.1288 0.1463 0.1476 0.1426 0.1266 0.1550 0.1227 0.1244 0.1306 0.1481 0.1137 0.1447 0.1266 0.1176 0.1175 0.1159 0.1271 0.1369 0.1165 0.1332 0.1128 0.1298 0.1197 0.1119 0.1110 0.1147 0.1341 0.1283 0.1874 0.1293 0.1314 0.1359 0.1359 0.1293 0.1284 0.1390 0.1384 0.1298 0.1505 0.1351 0.1418 0.1473 0.1438 0.1339 0.1345 0.1435 0.1508 0.1388 0.1387 0.1479 0.1355 0.1450 0.1460 0.1386 0.1586 0.1557 0.1532 0.1649 0.1350 0.1492 0.1580 0.1476 0.1581 0.1376 0.1621 0.1524 0.1534 0.1405 0.1496 0.1790 0.1478 0.1635 0.1713 0.1680 0.1666 0.1713 0.1642 0.1530 0.1508 0.1595 0.1553 0.1725 0.1610],[1.8038 0.7395 0.4549 0.3710 0.3222 0.2936 0.2672 0.2470 0.2333 0.2225 0.2127 0.2008 0.1922 0.1846 0.1761 0.1730 0.1671 0.1606 0.1561 0.1509 0.1458 0.1422 0.1388 0.1334 0.1334 0.1284 0.1234 0.1224 0.1214 0.1174 0.1138 0.1108 0.1090 0.1087 0.1069 0.1035 0.1024 0.0990 0.0982 0.0949 0.0962 0.0918 0.0929 0.0895 0.0856 0.0869 0.0859 0.0834 0.0827 0.0835 0.0795 0.0798 0.0798 0.0771 0.0746 0.0747 0.0730 0.0723 0.0719 0.0711 0.0689 0.0693 0.0665 0.0664 0.0653 0.0667 0.0634 0.0640 0.0617 0.0603 0.0602 0.0603 0.0602 0.0581 0.0589 0.0591 0.0559 0.0572 0.0573 0.0565 0.0544 0.0544 0.0537 0.0534 0.0526 0.0531 0.0515 0.0519 0.0509 0.0496 0.0481 0.0491 0.0476 0.0493 0.0480 0.0491 0.0458 0.0459 0.0441 0.0456]
