train_acc,valid_acc,test_acc,train_loss,valid_loss,train_aug_loss
0.9885188937187195,0.9686017036437988,0.9402424693107605,[3.8217 0.9574 0.5675 0.3683 0.2601 0.1896 0.1910 0.1938 0.1407 0.1556 0.1396 0.1127 0.0942 0.0875 0.1134 0.0849 0.0950 0.0774 0.0738 0.1173 0.0725 0.0878 0.0615 0.0642 0.0529 0.0633 0.0643 0.0525 0.0589 0.0963 0.0946 0.0545 0.0560 0.0576 0.0421 0.0582 0.1112 0.0472 0.0538 0.0423 0.0343 0.0376 0.0329 0.0572 0.0535 0.0593 0.0457 0.0516 0.0367 0.0333 0.0284 0.0454 0.0394 0.0403 0.0252 0.0420 0.0392 0.0389 0.0291 0.0298 0.0301 0.0221 0.0551 0.0415 0.0378 0.0196 0.0460 0.0231 0.0275 0.0176 0.0136 0.0173 0.0390 0.0261 0.0263 0.0164 0.0098 0.0275 0.0508 0.0227 0.0234 0.0165 0.0172 0.0106 0.0162 0.0192 0.0132 0.0135 0.0084 0.0262 0.0282 0.0252 0.0138 0.0134 0.0085 0.0179 0.0077 0.0115 0.0088 0.0081],[3.4485 1.0706 0.7134 0.4848 0.3447 0.2422 0.2460 0.2327 0.1944 0.2259 0.1846 0.1803 0.1518 0.1495 0.1781 0.1574 0.1897 0.1438 0.1368 0.1681 0.1505 0.1656 0.1371 0.1361 0.1349 0.1614 0.1517 0.1431 0.1611 0.2423 0.1772 0.1383 0.1538 0.1546 0.1313 0.1707 0.2069 0.1462 0.1757 0.1543 0.1144 0.1357 0.1283 0.1644 0.1692 0.1901 0.1800 0.1926 0.1723 0.1368 0.1530 0.1848 0.1724 0.1657 0.1541 0.1884 0.1679 0.1745 0.1616 0.1656 0.1662 0.1444 0.2345 0.1850 0.1832 0.1516 0.2283 0.1600 0.1826 0.1502 0.1323 0.1461 0.2102 0.1775 0.1854 0.1552 0.1444 0.1886 0.2449 0.1702 0.1795 0.1483 0.1733 0.1527 0.1699 0.1870 0.1713 0.1501 0.1421 0.2063 0.2189 0.2006 0.1765 0.1704 0.1580 0.1858 0.1502 0.1724 0.1628 0.1629],[1.9257 1.2281 0.5121 0.3918 0.3347 0.2966 0.2690 0.2482 0.2286 0.2147 0.2032 0.1944 0.1832 0.1777 0.1714 0.1616 0.1589 0.1517 0.1497 0.1451 0.1429 0.1374 0.1321 0.1294 0.1262 0.1236 0.1198 0.1186 0.1165 0.1133 0.1109 0.1086 0.1082 0.1046 0.1008 0.1002 0.0988 0.0965 0.0946 0.0949 0.0932 0.0901 0.0885 0.0865 0.0866 0.0840 0.0817 0.0824 0.0816 0.0788 0.0770 0.0768 0.0749 0.0747 0.0737 0.0726 0.0705 0.0691 0.0682 0.0691 0.0676 0.0657 0.0675 0.0649 0.0653 0.0616 0.0636 0.0614 0.0613 0.0607 0.0606 0.0594 0.0574 0.0556 0.0556 0.0569 0.0544 0.0540 0.0537 0.0539 0.0526 0.0523 0.0521 0.0532 0.0518 0.0502 0.0483 0.0491 0.0476 0.0453 0.0491 0.0462 0.0467 0.0473 0.0451 0.0449 0.0447 0.0445 0.0434 0.0430]
