train_acc,valid_acc,test_acc,train_loss,valid_loss,train_aug_loss
0.9799327254295349,0.9673295617103577,0.9620160460472107,[1.9972 1.1681 0.5101 0.2742 0.3021 0.3651 0.3091 0.2705 0.2726 0.1908 0.2606 0.1931 0.1310 0.1325 0.1779 0.1691 0.1473 0.1781 0.1096 0.1667 0.1605 0.1317 0.1684 0.1648 0.0939 0.1421 0.1068 0.1370 0.1427 0.1143 0.1212 0.1582 0.1346 0.1661 0.1236 0.1162 0.0868 0.0684 0.1590 0.0754 0.1087 0.0728 0.0840 0.1555 0.0888 0.1347 0.0902 0.0824 0.1472 0.0769],[1.8125 0.9974 0.4710 0.2721 0.2912 0.3430 0.2922 0.2785 0.2724 0.2068 0.2683 0.2010 0.1475 0.1592 0.1977 0.1992 0.1682 0.1926 0.1470 0.1869 0.1880 0.1599 0.1945 0.1957 0.1280 0.1790 0.1421 0.1674 0.1741 0.1534 0.1567 0.1979 0.1714 0.2082 0.1672 0.1564 0.1242 0.1089 0.2005 0.1194 0.1565 0.1175 0.1273 0.1979 0.1343 0.1786 0.1412 0.1325 0.2001 0.1263],[1.8643 1.2806 0.7274 0.5424 0.4634 0.4170 0.3817 0.3596 0.3382 0.3215 0.3095 0.3008 0.2883 0.2828 0.2725 0.2645 0.2583 0.2535 0.2487 0.2419 0.2398 0.2321 0.2313 0.2272 0.2223 0.2204 0.2196 0.2107 0.2088 0.2087 0.2058 0.2070 0.2024 0.1969 0.1982 0.1967 0.1927 0.1900 0.1878 0.1836 0.1828 0.1833 0.1790 0.1833 0.1797 0.1740 0.1732 0.1753 0.1734 0.1701]
