train_acc,valid_acc,test_acc,train_loss,valid_loss,train_aug_loss
0.9791699051856995,0.9577922224998474,0.9620160460472107,[1.8808 1.7507 0.7892 0.2791 0.2904 0.2107 0.2216 0.1866 0.1644 0.1430 0.1550 0.1351 0.1970 0.1501 0.1387 0.1709 0.1260 0.1532 0.1179 0.1289 0.0885 0.1365 0.1378 0.1267 0.1285 0.1108 0.1004 0.1077 0.1127 0.1053 0.0946 0.0946 0.1009 0.0888 0.0939 0.0808 0.0968 0.0964 0.0657 0.0858 0.0792 0.1169 0.0739 0.1028 0.0876 0.0687 0.0677 0.0901 0.0669 0.0747],[1.9244 1.8346 0.9245 0.3236 0.3565 0.2512 0.2923 0.2276 0.1995 0.1833 0.1916 0.1786 0.2597 0.2155 0.1864 0.2381 0.1756 0.2028 0.1718 0.1851 0.1476 0.1924 0.2010 0.1972 0.1854 0.1656 0.1716 0.1673 0.1759 0.1733 0.1676 0.1677 0.1682 0.1609 0.1548 0.1584 0.1691 0.1611 0.1484 0.1536 0.1551 0.1918 0.1378 0.1795 0.1618 0.1500 0.1460 0.1591 0.1438 0.1499],[1.9640 1.7760 1.3085 0.5715 0.4196 0.3766 0.3397 0.3231 0.3017 0.2904 0.2808 0.2715 0.2617 0.2533 0.2471 0.2412 0.2356 0.2312 0.2307 0.2239 0.2204 0.2185 0.2129 0.2068 0.2057 0.2055 0.2004 0.1993 0.1960 0.1932 0.1905 0.1900 0.1874 0.1846 0.1828 0.1798 0.1772 0.1750 0.1804 0.1748 0.1739 0.1719 0.1729 0.1685 0.1649 0.1619 0.1621 0.1631 0.1604 0.1659]
