train_acc,valid_acc,test_acc,train_loss,valid_loss,train_aug_loss
0.9842649698257446,0.9626623392105103,0.9618334770202637,[2.5321 0.6272 0.3953 0.2401 0.2815 0.2392 0.1850 0.1802 0.1674 0.1308 0.1500 0.1234 0.1439 0.1525 0.1259 0.1116 0.1070 0.1297 0.1281 0.1087 0.1040 0.1049 0.0764 0.1069 0.0734 0.0986 0.1095 0.0797 0.0739 0.0710 0.0981 0.0718 0.0745 0.0855 0.0704 0.0674 0.0705 0.1027 0.0819 0.0527 0.0752 0.0574 0.0677 0.0884 0.0840 0.0516 0.0891 0.0713 0.0618 0.0740],[2.6785 0.6122 0.4032 0.2759 0.3319 0.2713 0.2185 0.2150 0.2204 0.1791 0.2194 0.1770 0.1915 0.2130 0.1778 0.1598 0.1599 0.1873 0.1803 0.1688 0.1671 0.1729 0.1457 0.1685 0.1438 0.1655 0.1723 0.1392 0.1339 0.1380 0.1632 0.1413 0.1431 0.1636 0.1427 0.1505 0.1397 0.1693 0.1526 0.1373 0.1456 0.1391 0.1478 0.1673 0.1575 0.1247 0.1672 0.1495 0.1526 0.1563],[1.8500 0.9692 0.5720 0.4627 0.4048 0.3751 0.3461 0.3258 0.3107 0.2994 0.2890 0.2802 0.2689 0.2616 0.2525 0.2526 0.2426 0.2390 0.2350 0.2276 0.2264 0.2230 0.2172 0.2118 0.2113 0.2085 0.2080 0.2032 0.2006 0.1966 0.1920 0.1914 0.1875 0.1886 0.1846 0.1846 0.1822 0.1798 0.1782 0.1793 0.1756 0.1733 0.1731 0.1714 0.1713 0.1737 0.1660 0.1649 0.1641 0.1603]
