train_acc,valid_acc,test_acc,train_loss,valid_loss,train_aug_loss
0.9820255041122437,0.9594155550003052,0.9625639319419861,[1.8774 1.0709 0.4110 0.2785 0.2041 0.2569 0.2352 0.1490 0.1900 0.1455 0.1973 0.1415 0.1982 0.1805 0.1180 0.1170 0.1193 0.1299 0.1321 0.1020 0.0934 0.1194 0.1221 0.1222 0.1214 0.1030 0.0857 0.1066 0.1476 0.1011 0.0911 0.1221 0.0925 0.0656 0.0822 0.1005 0.0987 0.0904 0.0893 0.1302 0.0974 0.0677 0.0936 0.0705 0.1013 0.0770 0.0706 0.0577 0.0815 0.0998],[1.8264 0.9967 0.4221 0.3115 0.2369 0.3029 0.2807 0.2146 0.2532 0.2016 0.2520 0.1995 0.2592 0.2388 0.1823 0.1786 0.1835 0.2006 0.2035 0.1726 0.1630 0.1926 0.1954 0.1923 0.1934 0.1692 0.1483 0.1736 0.2209 0.1664 0.1689 0.1992 0.1749 0.1402 0.1585 0.1812 0.1717 0.1639 0.1703 0.2111 0.1749 0.1485 0.1702 0.1441 0.1878 0.1542 0.1527 0.1388 0.1666 0.1838],[1.8726 1.1986 0.6761 0.5126 0.4476 0.4070 0.3724 0.3537 0.3319 0.3155 0.3043 0.2922 0.2861 0.2754 0.2702 0.2593 0.2527 0.2478 0.2468 0.2382 0.2305 0.2307 0.2280 0.2219 0.2165 0.2203 0.2116 0.2098 0.2044 0.2040 0.2020 0.1991 0.1956 0.1931 0.1899 0.1914 0.1891 0.1831 0.1854 0.1856 0.1789 0.1800 0.1746 0.1754 0.1756 0.1739 0.1703 0.1646 0.1676 0.1694]
