train_acc,valid_acc,test_acc,train_loss,valid_loss,train_aug_loss
0.981252908706665,0.9567775726318359,0.9629291296005249,[2.2197 0.5990 0.2555 0.3392 0.2309 0.2660 0.1889 0.1701 0.1784 0.1426 0.1735 0.1601 0.1591 0.1230 0.1340 0.1264 0.1055 0.1455 0.1208 0.1112 0.1037 0.1373 0.0906 0.0842 0.0889 0.0983 0.0740 0.1191 0.0845 0.1046 0.0701 0.1142 0.1199 0.0941 0.0982 0.0765 0.0781 0.0734 0.0741 0.0867 0.0985 0.0642 0.0656 0.0792 0.0603 0.1017 0.0699 0.0618 0.0675 0.0686],[2.3461 0.5753 0.2716 0.3286 0.2615 0.2880 0.2245 0.2067 0.2239 0.1864 0.2062 0.1978 0.2012 0.1725 0.1745 0.1755 0.1598 0.2009 0.1676 0.1621 0.1630 0.1858 0.1432 0.1462 0.1499 0.1641 0.1376 0.1770 0.1512 0.1769 0.1375 0.1785 0.1823 0.1628 0.1710 0.1480 0.1556 0.1479 0.1449 0.1630 0.1644 0.1443 0.1405 0.1543 0.1374 0.1754 0.1445 0.1421 0.1453 0.1462],[1.7646 1.0309 0.6066 0.4781 0.4263 0.3831 0.3612 0.3421 0.3264 0.3132 0.3012 0.2898 0.2837 0.2728 0.2671 0.2596 0.2591 0.2534 0.2464 0.2427 0.2392 0.2403 0.2339 0.2277 0.2216 0.2250 0.2171 0.2155 0.2113 0.2113 0.2096 0.2065 0.2015 0.2012 0.2027 0.1990 0.1992 0.1931 0.1879 0.1920 0.1886 0.1884 0.1877 0.1803 0.1829 0.1839 0.1791 0.1802 0.1749 0.1760]
