train_acc,valid_acc,test_acc,train_loss,valid_loss,train_aug_loss
0.9839520454406738,0.9630681872367859,0.9663988351821899,[2.1394 0.3532 0.2581 0.2350 0.1407 0.2024 0.1873 0.1663 0.1207 0.1509 0.1120 0.1013 0.1042 0.1199 0.0997 0.1107 0.0989 0.1208 0.0816 0.0973 0.1238 0.0784 0.0598 0.0817 0.0492 0.0610 0.0632 0.0955 0.0450 0.0602 0.0921 0.1548 0.0874 0.1063 0.0802 0.0597 0.0891 0.0807 0.0591 0.0478 0.0791 0.0770 0.0334 0.0704 0.0444 0.0582 0.0612 0.0485 0.0725 0.0355],[2.0923 0.3780 0.2850 0.2554 0.1923 0.2503 0.2378 0.2181 0.1813 0.2112 0.1681 0.1581 0.1699 0.1827 0.1597 0.1786 0.1696 0.1994 0.1560 0.1802 0.2155 0.1647 0.1457 0.1616 0.1267 0.1463 0.1652 0.1921 0.1374 0.1602 0.1964 0.2816 0.1911 0.2269 0.1948 0.1598 0.2087 0.2156 0.1648 0.1542 0.2000 0.1962 0.1441 0.1956 0.1699 0.1690 0.1807 0.1770 0.2114 0.1688],[1.6922 0.5308 0.3793 0.3207 0.2866 0.2624 0.2434 0.2317 0.2210 0.2130 0.2028 0.1949 0.1940 0.1850 0.1821 0.1723 0.1708 0.1665 0.1609 0.1603 0.1540 0.1549 0.1501 0.1474 0.1434 0.1416 0.1385 0.1352 0.1334 0.1329 0.1299 0.1295 0.1283 0.1222 0.1223 0.1213 0.1214 0.1165 0.1187 0.1167 0.1130 0.1145 0.1153 0.1094 0.1090 0.1082 0.1040 0.1052 0.1049 0.0993]
