train_acc,valid_acc,test_acc,train_loss,valid_loss,train_aug_loss
0.980069637298584,0.9606330990791321,0.9642074704170227,[1.7420 1.1332 0.4334 0.2435 0.2445 0.2325 0.2031 0.1560 0.1375 0.1623 0.1933 0.1309 0.1392 0.1256 0.1141 0.1164 0.1164 0.1100 0.1105 0.1221 0.0944 0.1235 0.1236 0.0822 0.0984 0.0736 0.0798 0.1015 0.0921 0.0874 0.1070 0.1680 0.0760 0.0786 0.0733 0.1005 0.0698 0.0695 0.0788 0.0704 0.0700 0.0839 0.0765 0.0799 0.0692 0.0699 0.0672 0.0618 0.0591 0.0662],[1.7589 1.0858 0.4208 0.2745 0.2518 0.2432 0.2372 0.1786 0.1716 0.1872 0.2181 0.1870 0.1862 0.1785 0.1630 0.1614 0.1791 0.1573 0.1635 0.1657 0.1426 0.1814 0.1854 0.1452 0.1474 0.1345 0.1356 0.1626 0.1587 0.1456 0.1687 0.2297 0.1361 0.1407 0.1369 0.1546 0.1321 0.1359 0.1424 0.1381 0.1417 0.1546 0.1435 0.1449 0.1385 0.1383 0.1413 0.1311 0.1366 0.1370],[1.8302 1.0874 0.6235 0.4879 0.4342 0.3946 0.3677 0.3490 0.3354 0.3189 0.3074 0.2928 0.2953 0.2794 0.2724 0.2698 0.2623 0.2607 0.2552 0.2474 0.2459 0.2374 0.2372 0.2337 0.2284 0.2275 0.2236 0.2178 0.2145 0.2186 0.2107 0.2135 0.2051 0.2048 0.2069 0.1981 0.1996 0.1959 0.1934 0.1945 0.1928 0.1917 0.1894 0.1864 0.1840 0.1863 0.1824 0.1779 0.1781 0.1780]
