train_acc,valid_acc,test_acc,train_loss,valid_loss,train_aug_loss
0.9809204339981079,0.966923713684082,0.9647552967071533,[7.9543 7.5350 0.7922 0.3367 0.2826 0.2534 0.1917 0.2042 0.1865 0.1836 0.1745 0.1427 0.1217 0.1151 0.1318 0.1345 0.1118 0.1195 0.1100 0.1074 0.1032 0.0947 0.1313 0.0887 0.0890 0.0786 0.0795 0.0958 0.0603 0.0764 0.0693 0.0834 0.0887 0.0699 0.0700 0.0652 0.0814 0.0606 0.0829 0.0727 0.0738 0.0732 0.0659 0.0682 0.0810 0.0622 0.0598 0.0550 0.0493 0.0630 0.0502 0.0764 0.0509 0.0564 0.0774 0.0501 0.0588 0.0501 0.0380 0.0592 0.0410 0.0576 0.0650 0.0379 0.0490 0.0317 0.0449 0.0424 0.0383 0.0340 0.0413 0.0407 0.0374 0.0298 0.0304 0.0426 0.0508 0.0416 0.0344 0.0394 0.0239 0.0432 0.0373 0.0267 0.0384 0.0229 0.0329 0.0505 0.0409 0.0224 0.0357 0.0271 0.0283 0.0373 0.0311 0.0278 0.0211 0.0275 0.0257 0.0255],[7.5836 6.8150 0.7981 0.3792 0.3075 0.2549 0.2010 0.1998 0.1870 0.1880 0.1799 0.1554 0.1465 0.1324 0.1465 0.1582 0.1379 0.1472 0.1481 0.1470 0.1313 0.1191 0.1683 0.1275 0.1264 0.1220 0.1208 0.1338 0.1099 0.1214 0.1121 0.1230 0.1320 0.1137 0.1161 0.1095 0.1332 0.1073 0.1352 0.1258 0.1294 0.1266 0.1236 0.1258 0.1344 0.1117 0.1145 0.1164 0.1148 0.1186 0.1107 0.1434 0.1167 0.1267 0.1390 0.1171 0.1344 0.1164 0.1103 0.1379 0.1096 0.1378 0.1530 0.1155 0.1266 0.1082 0.1335 0.1268 0.1241 0.1155 0.1242 0.1231 0.1335 0.1095 0.1122 0.1324 0.1481 0.1368 0.1299 0.1341 0.1103 0.1421 0.1402 0.1188 0.1339 0.1163 0.1248 0.1519 0.1414 0.1171 0.1340 0.1152 0.1201 0.1473 0.1254 0.1375 0.1197 0.1195 0.1203 0.1278],[1.9984 1.7366 0.8450 0.4666 0.3837 0.3397 0.3135 0.2958 0.2769 0.2657 0.2545 0.2458 0.2325 0.2263 0.2182 0.2114 0.2073 0.2000 0.1964 0.1937 0.1871 0.1847 0.1782 0.1751 0.1693 0.1724 0.1698 0.1628 0.1615 0.1575 0.1541 0.1544 0.1502 0.1496 0.1457 0.1445 0.1392 0.1416 0.1352 0.1372 0.1346 0.1354 0.1332 0.1301 0.1301 0.1267 0.1280 0.1231 0.1241 0.1218 0.1219 0.1206 0.1187 0.1153 0.1144 0.1164 0.1133 0.1123 0.1114 0.1086 0.1090 0.1077 0.1072 0.1073 0.1038 0.1042 0.1063 0.1012 0.0989 0.0993 0.1000 0.0981 0.0974 0.0978 0.0968 0.0940 0.0962 0.0947 0.0920 0.0936 0.0932 0.0903 0.0900 0.0886 0.0883 0.0886 0.0851 0.0864 0.0876 0.0840 0.0855 0.0836 0.0842 0.0828 0.0848 0.0828 0.0809 0.0819 0.0812 0.0776]
