train_acc,valid_acc,test_acc,train_loss,valid_loss,train_aug_loss
0.9880186319351196,0.9700620770454407,0.9437066912651062,[3.8917 0.5316 0.3068 0.2396 0.2611 0.1921 0.1376 0.1581 0.1488 0.1533 0.1751 0.1129 0.0941 0.1675 0.0956 0.1059 0.0900 0.0710 0.1059 0.0604 0.1576 0.1210 0.0623 0.0617 0.1878 0.0571 0.0474 0.2260 0.0693 0.0597 0.0845 0.0634 0.0826 0.0464 0.1264 0.0368 0.0428 0.0503 0.0533 0.0444 0.0500 0.0294 0.0423 0.0450 0.0280 0.0398 0.0414 0.0380 0.0264 0.0259 0.0382 0.0271 0.0245 0.0272 0.0242 0.0286 0.0343 0.0275 0.0169 0.0234 0.0651 0.0230 0.0868 0.0197 0.0218 0.0274 0.0146 0.0215 0.0426 0.0551 0.0150 0.0186 0.0121 0.0225 0.0128 0.0278 0.0340 0.0137 0.0256 0.0342 0.0247 0.0694 0.0110 0.0147 0.0452 0.0201 0.0086 0.0270 0.0082 0.0093 0.0151 0.0233 0.0305 0.0228 0.0278 0.0140 0.0088 0.0080 0.0068 0.0082],[3.5613 0.6297 0.3211 0.2764 0.3283 0.2220 0.1877 0.2164 0.1959 0.2111 0.2292 0.1705 0.1309 0.2460 0.1562 0.1731 0.1540 0.1182 0.1760 0.1190 0.2459 0.2129 0.1219 0.1354 0.2911 0.1342 0.1138 0.3589 0.1657 0.1546 0.1895 0.1517 0.2122 0.1304 0.2636 0.1078 0.1302 0.1485 0.1404 0.1283 0.1485 0.1160 0.1406 0.1398 0.1126 0.1319 0.1503 0.1377 0.1178 0.1121 0.1482 0.1186 0.1100 0.1239 0.1189 0.1347 0.1438 0.1285 0.1112 0.1376 0.1906 0.1245 0.2482 0.1305 0.1290 0.1410 0.1095 0.1371 0.1744 0.2034 0.1249 0.1474 0.1206 0.1499 0.1217 0.1623 0.1858 0.1256 0.1620 0.1863 0.1620 0.2654 0.1292 0.1410 0.2082 0.1525 0.1308 0.1824 0.1238 0.1280 0.1358 0.1825 0.1945 0.1814 0.1656 0.1533 0.1561 0.1389 0.1394 0.1434],[1.9168 1.1589 0.4721 0.3622 0.3138 0.2826 0.2541 0.2373 0.2220 0.2098 0.1975 0.1892 0.1801 0.1723 0.1660 0.1615 0.1560 0.1486 0.1474 0.1431 0.1356 0.1346 0.1316 0.1259 0.1280 0.1206 0.1206 0.1163 0.1153 0.1110 0.1101 0.1079 0.1032 0.1031 0.1015 0.0973 0.0981 0.0956 0.0957 0.0932 0.0914 0.0883 0.0890 0.0856 0.0855 0.0821 0.0810 0.0813 0.0803 0.0792 0.0761 0.0763 0.0766 0.0748 0.0745 0.0697 0.0718 0.0701 0.0702 0.0678 0.0669 0.0658 0.0671 0.0647 0.0664 0.0641 0.0624 0.0619 0.0610 0.0607 0.0609 0.0583 0.0584 0.0556 0.0578 0.0573 0.0532 0.0548 0.0541 0.0533 0.0523 0.0507 0.0524 0.0509 0.0495 0.0515 0.0493 0.0494 0.0473 0.0486 0.0485 0.0458 0.0466 0.0451 0.0449 0.0455 0.0432 0.0438 0.0437 0.0430]
