train_acc,valid_acc,test_acc,train_loss,valid_loss,train_aug_loss
0.977302074432373,0.9565746784210205,0.9598246812820435,[2.0146 2.0807 2.3508 1.2245 0.6715 0.6143 0.3861 0.3828 0.3121 0.2924 0.3487 0.2315 0.2727 0.2336 0.2512 0.2219 0.2054 0.2055 0.1678 0.1740 0.1544 0.1742 0.1481 0.1471 0.1389 0.1794 0.1521 0.1401 0.1290 0.1149 0.1192 0.1266 0.1232 0.1132 0.1201 0.1225 0.1066 0.1124 0.1054 0.1045 0.1164 0.1009 0.0950 0.1194 0.0787 0.1035 0.0956 0.0796 0.0969 0.1012 0.1039 0.0951 0.0934 0.0918 0.0829 0.0717 0.1067 0.0671 0.0817 0.0694 0.0871 0.0714 0.0826 0.0661 0.0664 0.0660 0.0693 0.0824 0.0699 0.0540 0.0645 0.0677 0.0888 0.0592 0.0657 0.0608 0.0681 0.0643 0.0800 0.0607 0.0634 0.0650 0.0637 0.0574 0.0605 0.0507 0.0684 0.0571 0.0808 0.0385 0.0562 0.0483 0.0634 0.0552 0.0513 0.0468 0.0322 0.0426 0.0426 0.0529],[2.0119 2.0450 2.2310 1.1820 0.6838 0.6664 0.4188 0.4144 0.3534 0.3353 0.4100 0.2745 0.3326 0.2614 0.2870 0.2655 0.2665 0.2501 0.2266 0.2139 0.2114 0.2234 0.1925 0.1952 0.1880 0.2137 0.2066 0.1938 0.1749 0.1784 0.1787 0.1811 0.1926 0.1643 0.1780 0.1862 0.1722 0.1724 0.1842 0.1918 0.1917 0.1807 0.1699 0.1891 0.1568 0.1726 0.1877 0.1634 0.1806 0.1846 0.1895 0.1895 0.1818 0.1926 0.1775 0.1574 0.2053 0.1549 0.1935 0.1657 0.1888 0.1615 0.1781 0.1692 0.1693 0.1659 0.1691 0.1931 0.1726 0.1612 0.1717 0.1793 0.2094 0.1788 0.1777 0.1780 0.1846 0.1775 0.1951 0.1737 0.1741 0.1905 0.1819 0.1749 0.1747 0.1692 0.2074 0.1740 0.2088 0.1631 0.1744 0.1756 0.1936 0.1870 0.1893 0.1761 0.1666 0.1738 0.1731 0.1909],[2.0881 1.9024 1.8015 1.3537 0.7048 0.5271 0.4467 0.4002 0.3682 0.3469 0.3292 0.3135 0.2992 0.2892 0.2798 0.2690 0.2660 0.2530 0.2499 0.2396 0.2304 0.2292 0.2205 0.2163 0.2098 0.2076 0.2016 0.1995 0.1986 0.1907 0.1874 0.1831 0.1812 0.1806 0.1750 0.1732 0.1723 0.1686 0.1664 0.1639 0.1646 0.1580 0.1597 0.1560 0.1546 0.1530 0.1528 0.1476 0.1474 0.1453 0.1436 0.1406 0.1394 0.1401 0.1365 0.1349 0.1330 0.1315 0.1317 0.1316 0.1300 0.1290 0.1237 0.1252 0.1238 0.1245 0.1217 0.1205 0.1189 0.1166 0.1172 0.1161 0.1129 0.1145 0.1149 0.1119 0.1115 0.1094 0.1109 0.1087 0.1086 0.1076 0.1051 0.1052 0.1056 0.1063 0.1024 0.1039 0.1007 0.1013 0.0993 0.0995 0.1009 0.0969 0.0959 0.0970 0.0944 0.0974 0.0946 0.0942]
