train_acc,valid_acc,test_acc,train_loss,valid_loss,train_aug_loss
0.9828763008117676,0.960024356842041,0.9620160460472107,[1.9884 3.2999 6.0032 0.8498 0.5810 0.3137 0.3098 0.3304 0.2593 0.2736 0.2609 0.2614 0.2180 0.2386 0.2309 0.2209 0.1932 0.1686 0.1694 0.1376 0.1771 0.1633 0.1562 0.1736 0.1481 0.1368 0.1392 0.1347 0.1455 0.1397 0.1051 0.1144 0.1342 0.1286 0.1239 0.0997 0.1027 0.1164 0.1188 0.1095 0.0902 0.0931 0.1132 0.0948 0.0928 0.0911 0.0974 0.0782 0.1041 0.0906 0.0916 0.0752 0.0855 0.1069 0.0708 0.0823 0.0728 0.0850 0.0892 0.0789 0.0733 0.0867 0.0708 0.0841 0.0681 0.0742 0.1040 0.0779 0.0816 0.0626 0.0761 0.0643 0.0817 0.0652 0.0722 0.0616 0.0512 0.0773 0.0606 0.0506 0.0477 0.0451 0.0478 0.0472 0.0421 0.0645 0.0467 0.0555 0.0494 0.0651 0.0600 0.0624 0.0436 0.0553 0.0514 0.0559 0.0484 0.0530 0.0496 0.0492],[1.9986 3.1040 5.5709 0.9231 0.6237 0.3286 0.3237 0.3582 0.2773 0.2895 0.2724 0.2814 0.2394 0.2591 0.2589 0.2477 0.2140 0.2005 0.2093 0.1719 0.2128 0.2048 0.1894 0.2119 0.1999 0.1746 0.1804 0.1760 0.1879 0.1835 0.1587 0.1641 0.1881 0.1825 0.1754 0.1573 0.1585 0.1732 0.1713 0.1707 0.1448 0.1503 0.1697 0.1538 0.1509 0.1528 0.1577 0.1414 0.1571 0.1589 0.1642 0.1435 0.1537 0.1732 0.1397 0.1556 0.1458 0.1580 0.1697 0.1572 0.1432 0.1535 0.1406 0.1645 0.1441 0.1588 0.1921 0.1590 0.1673 0.1420 0.1635 0.1491 0.1699 0.1512 0.1619 0.1573 0.1348 0.1631 0.1517 0.1371 0.1407 0.1365 0.1407 0.1448 0.1373 0.1612 0.1449 0.1534 0.1486 0.1665 0.1645 0.1692 0.1448 0.1543 0.1638 0.1666 0.1554 0.1659 0.1611 0.1578],[2.0923 1.8900 1.7888 1.1620 0.6470 0.5045 0.4410 0.4053 0.3721 0.3510 0.3344 0.3215 0.3043 0.2899 0.2798 0.2739 0.2667 0.2590 0.2501 0.2433 0.2361 0.2310 0.2242 0.2187 0.2137 0.2108 0.2035 0.2026 0.1958 0.1942 0.1890 0.1838 0.1840 0.1789 0.1799 0.1734 0.1729 0.1716 0.1711 0.1659 0.1633 0.1585 0.1593 0.1546 0.1544 0.1499 0.1511 0.1494 0.1475 0.1455 0.1426 0.1407 0.1413 0.1392 0.1361 0.1361 0.1333 0.1348 0.1303 0.1292 0.1283 0.1284 0.1274 0.1236 0.1243 0.1261 0.1213 0.1192 0.1214 0.1200 0.1169 0.1167 0.1156 0.1140 0.1142 0.1148 0.1095 0.1132 0.1078 0.1076 0.1082 0.1062 0.1070 0.1078 0.1032 0.1028 0.1039 0.1021 0.1004 0.1015 0.0992 0.0995 0.0984 0.0976 0.0979 0.0953 0.0958 0.0960 0.0936 0.0935]
