train_acc,valid_acc,test_acc,train_loss,valid_loss,train_aug_loss
0.9893795847892761,0.9608360528945923,0.9621986746788025,[1.9553 5.2125 2.7565 0.6675 0.3578 0.3200 0.2847 0.2504 0.2277 0.2442 0.2207 0.2116 0.1865 0.1621 0.1883 0.1782 0.1626 0.1468 0.1774 0.1252 0.1204 0.1413 0.1105 0.1081 0.1085 0.1051 0.1242 0.1119 0.0934 0.1055 0.0910 0.0833 0.0903 0.1099 0.0990 0.0926 0.0819 0.0928 0.0748 0.0733 0.0822 0.0794 0.0850 0.0730 0.0662 0.1012 0.0687 0.0733 0.0800 0.0826 0.0605 0.0591 0.0710 0.0603 0.0703 0.0603 0.0581 0.0554 0.0530 0.0543 0.0557 0.0527 0.0500 0.0502 0.0514 0.0525 0.0451 0.0495 0.0471 0.0381 0.0479 0.0485 0.0490 0.0424 0.0453 0.0444 0.0524 0.0442 0.0466 0.0429 0.0341 0.0348 0.0372 0.0362 0.0434 0.0300 0.0442 0.0329 0.0322 0.0460 0.0315 0.0418 0.0249 0.0301 0.0338 0.0440 0.0332 0.0215 0.0332 0.0279],[1.9600 4.7903 2.6168 0.7215 0.4033 0.3479 0.3199 0.2917 0.2778 0.2814 0.2504 0.2552 0.2314 0.2086 0.2386 0.2365 0.2147 0.2040 0.2417 0.1723 0.1674 0.1978 0.1647 0.1675 0.1615 0.1602 0.1889 0.1655 0.1537 0.1643 0.1595 0.1458 0.1550 0.1874 0.1814 0.1686 0.1531 0.1629 0.1445 0.1420 0.1526 0.1536 0.1554 0.1473 0.1514 0.1908 0.1495 0.1511 0.1699 0.1763 0.1433 0.1418 0.1627 0.1476 0.1672 0.1442 0.1547 0.1447 0.1392 0.1483 0.1512 0.1449 0.1521 0.1475 0.1622 0.1450 0.1421 0.1513 0.1473 0.1411 0.1508 0.1470 0.1568 0.1437 0.1380 0.1483 0.1609 0.1572 0.1598 0.1629 0.1410 0.1499 0.1619 0.1441 0.1559 0.1418 0.1611 0.1536 0.1461 0.1628 0.1427 0.1686 0.1466 0.1379 0.1534 0.1629 0.1554 0.1446 0.1520 0.1539],[2.0575 1.8198 1.4767 0.7683 0.5031 0.4150 0.3680 0.3400 0.3150 0.2996 0.2872 0.2677 0.2576 0.2448 0.2379 0.2292 0.2204 0.2146 0.2088 0.2034 0.1943 0.1908 0.1857 0.1817 0.1798 0.1747 0.1708 0.1684 0.1635 0.1609 0.1559 0.1558 0.1519 0.1478 0.1445 0.1435 0.1446 0.1392 0.1375 0.1356 0.1345 0.1333 0.1302 0.1275 0.1259 0.1229 0.1223 0.1214 0.1203 0.1188 0.1169 0.1159 0.1140 0.1119 0.1106 0.1086 0.1111 0.1084 0.1050 0.1063 0.1018 0.1031 0.1022 0.0980 0.0997 0.1011 0.0966 0.0955 0.0983 0.0943 0.0923 0.0938 0.0920 0.0896 0.0923 0.0879 0.0903 0.0866 0.0891 0.0851 0.0857 0.0853 0.0838 0.0852 0.0824 0.0839 0.0808 0.0775 0.0784 0.0779 0.0769 0.0767 0.0795 0.0769 0.0772 0.0761 0.0715 0.0720 0.0757 0.0756]
