train_acc,valid_acc,test_acc,train_loss,valid_loss,train_aug_loss
0.9871681332588196,0.9693318605422974,0.954965353012085,[2.0964 1.9774 1.0855 0.3177 0.3427 0.3022 0.3345 0.8358 0.3534 0.4954 0.5181 0.2031 0.1965 0.4488 0.1356 0.1068 0.1102 0.1585 0.1257 0.1749 0.1157 0.2419 0.1630 0.1674 0.3196 0.0927 0.1510 0.0678 0.1466 0.1212 0.4323 0.1771 0.1522 0.0971 0.0927 0.1384 0.0919 0.1704 0.1959 0.1102 0.1281 0.1612 0.0702 0.0528 0.0725 0.0708 0.0395 0.0770 0.0651 0.0739 0.0896 0.1414 0.1184 0.1047 0.0533 0.0614 0.1002 0.0887 0.1196 0.0482 0.1627 0.1443 0.0883 0.0851 0.0807 0.0481 0.0456 0.1156 0.1107 0.1068 0.0490 0.0549 0.0765 0.0304 0.0488 0.0947 0.0671 0.0338 0.0477 0.0381 0.1002 0.0340 0.0586 0.0446 0.0524 0.0705 0.0290 0.0539 0.0221 0.0322 0.0524 0.0285 0.0568 0.0598 0.0333 0.0354 0.0457 0.0461 0.0479 0.0201],[2.0823 1.9356 1.0876 0.3907 0.4339 0.3486 0.3990 0.8142 0.3864 0.5150 0.5322 0.2456 0.2503 0.4792 0.1835 0.1538 0.1629 0.2294 0.1807 0.2334 0.1741 0.2973 0.2136 0.2386 0.3246 0.1556 0.2334 0.1392 0.2320 0.1808 0.4632 0.2172 0.2035 0.1510 0.1699 0.1903 0.1779 0.2461 0.2578 0.1711 0.2093 0.2207 0.1581 0.1349 0.1551 0.1501 0.1121 0.1518 0.1419 0.1461 0.1598 0.2107 0.2260 0.2111 0.1314 0.1429 0.1954 0.1890 0.2155 0.1434 0.2585 0.2388 0.1740 0.1816 0.1867 0.1403 0.1332 0.2121 0.2015 0.1938 0.1495 0.1616 0.1719 0.1323 0.1642 0.2105 0.1849 0.1347 0.1579 0.1345 0.2274 0.1304 0.1637 0.1451 0.1649 0.1899 0.1379 0.1793 0.1234 0.1591 0.1760 0.1351 0.1784 0.1763 0.1499 0.1435 0.1739 0.1798 0.1871 0.1457],[2.0869 1.8283 1.4503 0.6204 0.4301 0.3580 0.3229 0.2937 0.2707 0.2526 0.2387 0.2294 0.2178 0.2124 0.2033 0.1945 0.1888 0.1832 0.1782 0.1728 0.1680 0.1645 0.1603 0.1566 0.1522 0.1517 0.1463 0.1455 0.1424 0.1417 0.1365 0.1343 0.1341 0.1296 0.1278 0.1250 0.1221 0.1223 0.1166 0.1179 0.1143 0.1131 0.1131 0.1130 0.1078 0.1087 0.1050 0.1056 0.1034 0.1035 0.1010 0.1000 0.0998 0.0992 0.0954 0.0968 0.0962 0.0919 0.0924 0.0898 0.0913 0.0897 0.0897 0.0871 0.0876 0.0870 0.0871 0.0848 0.0810 0.0823 0.0811 0.0815 0.0777 0.0812 0.0790 0.0784 0.0767 0.0766 0.0772 0.0756 0.0738 0.0755 0.0731 0.0711 0.0725 0.0701 0.0708 0.0693 0.0688 0.0674 0.0686 0.0677 0.0683 0.0661 0.0653 0.0683 0.0647 0.0636 0.0622 0.0616]
