train_acc,valid_acc,test_acc,train_loss,valid_loss,train_aug_loss
0.986759603023529,0.9715224504470825,0.9517898559570312,[3.3345 2.0916 1.3689 0.2580 0.2553 0.3416 0.1822 0.1791 0.1796 0.1413 0.1926 0.1271 0.1234 0.1356 0.1011 0.1280 0.1288 0.0772 0.1107 0.1078 0.1255 0.0732 0.0901 0.1228 0.0958 0.0815 0.1867 0.0616 0.0987 0.0692 0.0559 0.1475 0.0644 0.1270 0.0691 0.0442 0.0611 0.0616 0.0667 0.0503 0.0561 0.1060 0.0482 0.0943 0.0540 0.0869 0.0758 0.0565 0.0816 0.0871 0.0431 0.0333 0.0386 0.0870 0.0840 0.0327 0.0662 0.0600 0.0774 0.0502 0.0405 0.0260 0.0412 0.0284 0.0263 0.0561 0.0294 0.0475 0.0316 0.0232 0.0363 0.0298 0.0230 0.0229 0.0589 0.0321 0.0201 0.0197 0.0360 0.0316 0.0187 0.0257 0.0278 0.0265 0.0208 0.0222 0.0177 0.0481 0.0169 0.0498 0.0168 0.0659 0.0217 0.0133 0.0598 0.0178 0.0144 0.0160 0.0194 0.0138],[3.3727 1.9726 1.3655 0.2924 0.2673 0.3523 0.2123 0.2004 0.1974 0.1588 0.2308 0.1619 0.1482 0.1661 0.1174 0.1520 0.1793 0.1050 0.1486 0.1590 0.1713 0.1093 0.1492 0.1497 0.1562 0.1295 0.2421 0.1037 0.1645 0.1154 0.1056 0.2235 0.1128 0.1883 0.1287 0.0902 0.1177 0.1199 0.1253 0.1055 0.1144 0.1715 0.1109 0.1740 0.1234 0.1684 0.1464 0.1273 0.1667 0.1602 0.1125 0.0927 0.1150 0.1644 0.1809 0.1065 0.1605 0.1436 0.1794 0.1338 0.1228 0.0934 0.1465 0.0965 0.1050 0.1490 0.1077 0.1431 0.1151 0.0982 0.1204 0.1066 0.0928 0.0939 0.1636 0.1226 0.0979 0.0952 0.1283 0.1282 0.1044 0.1229 0.1149 0.1136 0.0937 0.1052 0.1004 0.1713 0.1091 0.1695 0.0910 0.1869 0.1008 0.0967 0.1948 0.1022 0.0918 0.0953 0.1061 0.1071],[2.0035 1.3970 0.5574 0.3670 0.3120 0.2725 0.2553 0.2349 0.2205 0.2144 0.2018 0.1929 0.1875 0.1802 0.1766 0.1665 0.1634 0.1572 0.1558 0.1497 0.1475 0.1464 0.1425 0.1383 0.1328 0.1324 0.1318 0.1272 0.1262 0.1242 0.1205 0.1183 0.1177 0.1151 0.1138 0.1100 0.1100 0.1078 0.1057 0.1042 0.1048 0.1006 0.1009 0.0984 0.0963 0.0991 0.0962 0.0947 0.0937 0.0914 0.0900 0.0900 0.0892 0.0874 0.0853 0.0852 0.0851 0.0844 0.0829 0.0826 0.0803 0.0817 0.0792 0.0788 0.0780 0.0767 0.0762 0.0768 0.0736 0.0758 0.0737 0.0718 0.0738 0.0729 0.0702 0.0707 0.0692 0.0699 0.0682 0.0682 0.0688 0.0662 0.0663 0.0648 0.0663 0.0647 0.0632 0.0630 0.0635 0.0617 0.0634 0.0611 0.0598 0.0591 0.0603 0.0589 0.0590 0.0575 0.0569 0.0581]
