train_acc,valid_acc,test_acc,train_loss,valid_loss,train_aug_loss
0.9826611876487732,0.9596185088157654,0.9665814638137817,[2.6731 0.6771 0.3173 0.2729 0.1993 0.2455 0.2046 0.2073 0.1446 0.2047 0.1803 0.1917 0.1532 0.1207 0.1766 0.1325 0.1350 0.1291 0.1239 0.1078 0.1305 0.1024 0.0897 0.0897 0.1070 0.1141 0.1307 0.0966 0.1196 0.1116 0.1035 0.0897 0.0868 0.1056 0.1018 0.0814 0.0995 0.1166 0.0772 0.0893 0.0764 0.0757 0.0819 0.0805 0.0603 0.0879 0.0694 0.0542 0.0939 0.0646],[2.8678 0.7134 0.3262 0.2878 0.2390 0.2757 0.2376 0.2365 0.1849 0.2438 0.2225 0.2265 0.1977 0.1737 0.2168 0.1778 0.1953 0.1808 0.1736 0.1566 0.1808 0.1578 0.1526 0.1459 0.1615 0.1761 0.1818 0.1547 0.1772 0.1749 0.1628 0.1483 0.1464 0.1624 0.1659 0.1375 0.1640 0.1827 0.1445 0.1469 0.1412 0.1458 0.1511 0.1488 0.1274 0.1445 0.1398 0.1261 0.1626 0.1410],[1.7914 0.9833 0.5891 0.4879 0.4289 0.3917 0.3728 0.3450 0.3366 0.3191 0.3069 0.2924 0.2857 0.2792 0.2741 0.2688 0.2592 0.2567 0.2504 0.2460 0.2446 0.2381 0.2357 0.2295 0.2276 0.2217 0.2226 0.2184 0.2151 0.2150 0.2118 0.2051 0.2029 0.2037 0.2036 0.1957 0.1983 0.1951 0.1932 0.1898 0.1894 0.1869 0.1871 0.1856 0.1869 0.1811 0.1786 0.1804 0.1769 0.1773]
