train_acc,valid_acc,test_acc,train_loss,valid_loss,train_aug_loss
0.9775074124336243,0.9555600881576538,0.9609203934669495,[1.8862 0.8951 0.4697 0.3935 0.2906 0.2225 0.2231 0.2195 0.1681 0.1886 0.2188 0.1963 0.1220 0.1395 0.1442 0.1241 0.1774 0.1076 0.1962 0.1147 0.1373 0.1295 0.1181 0.0932 0.1210 0.1165 0.1126 0.1017 0.1112 0.1183 0.0990 0.1176 0.1031 0.1199 0.0989 0.0847 0.1123 0.0727 0.0730 0.1176 0.0802 0.0855 0.0823 0.1062 0.1411 0.0792 0.0740 0.0761 0.0637 0.0676],[1.8495 0.8532 0.4590 0.4357 0.3173 0.2450 0.2613 0.2535 0.2052 0.2280 0.2668 0.2440 0.1710 0.1880 0.1934 0.1777 0.2403 0.1637 0.2483 0.1697 0.1966 0.1845 0.1759 0.1556 0.1828 0.1744 0.1760 0.1659 0.1835 0.1835 0.1654 0.1837 0.1716 0.1915 0.1652 0.1534 0.1844 0.1420 0.1383 0.1950 0.1508 0.1595 0.1545 0.1850 0.2272 0.1552 0.1487 0.1558 0.1387 0.1437],[1.8683 1.2198 0.7005 0.5451 0.4632 0.4257 0.3922 0.3609 0.3419 0.3290 0.3139 0.3044 0.2979 0.2856 0.2787 0.2725 0.2633 0.2581 0.2492 0.2463 0.2435 0.2403 0.2349 0.2308 0.2243 0.2236 0.2231 0.2186 0.2106 0.2077 0.2086 0.2039 0.2032 0.2019 0.1998 0.1977 0.1920 0.1930 0.1883 0.1908 0.1837 0.1791 0.1820 0.1789 0.1772 0.1782 0.1746 0.1709 0.1710 0.1714]
