train_acc,valid_acc,test_acc,train_loss,valid_loss,train_aug_loss
0.9783875942230225,0.9671266078948975,0.9558071494102478,[1.8865 0.8495 0.3415 0.3281 0.2622 0.2354 0.1970 0.2111 0.1622 0.2491 0.1795 0.1844 0.1677 0.1415 0.1316 0.1510 0.1284 0.1470 0.1248 0.1592 0.1199 0.1015 0.1320 0.1804 0.1238 0.0881 0.1364 0.0997 0.0801 0.0792 0.1232 0.0883 0.0876 0.0804 0.0862 0.0836 0.0767 0.0888 0.0799 0.0677 0.1321 0.0838 0.0713 0.0836 0.0773 0.0684 0.0879 0.0685 0.0727 0.0653],[1.8562 0.7481 0.3266 0.2826 0.2393 0.2217 0.2179 0.2044 0.1760 0.2419 0.1853 0.1949 0.1801 0.1679 0.1579 0.1811 0.1492 0.1718 0.1486 0.1819 0.1519 0.1412 0.1577 0.1989 0.1547 0.1351 0.1718 0.1352 0.1211 0.1204 0.1584 0.1260 0.1296 0.1270 0.1241 0.1295 0.1271 0.1270 0.1254 0.1211 0.1756 0.1248 0.1227 0.1320 0.1267 0.1119 0.1373 0.1368 0.1184 0.1177],[1.8892 1.2385 0.6969 0.5302 0.4554 0.4150 0.3824 0.3641 0.3403 0.3252 0.3139 0.3003 0.2928 0.2817 0.2780 0.2683 0.2655 0.2594 0.2531 0.2491 0.2411 0.2396 0.2344 0.2342 0.2285 0.2249 0.2196 0.2169 0.2149 0.2102 0.2093 0.2034 0.2069 0.2009 0.1979 0.1954 0.1928 0.1936 0.1908 0.1866 0.1871 0.1864 0.1866 0.1820 0.1812 0.1782 0.1778 0.1757 0.1720 0.1690]
