train_acc,valid_acc,test_acc,train_loss,valid_loss,train_aug_loss
0.9802260994911194,0.960024356842041,0.9662162065505981,[2.0807 0.3136 0.3043 0.2202 0.2078 0.2032 0.2077 0.1632 0.1371 0.1602 0.1527 0.1688 0.1194 0.1259 0.1269 0.1272 0.1757 0.0856 0.0820 0.1380 0.0604 0.1190 0.1366 0.0902 0.0691 0.0890 0.0738 0.1052 0.0465 0.1044 0.0733 0.1066 0.1182 0.1120 0.0739 0.0404 0.0723 0.0673 0.0579 0.0779 0.0641 0.0694 0.0604 0.0679 0.0965 0.0568 0.0440 0.0631 0.0534 0.0437 0.0678 0.0484 0.0326 0.0651 0.0426 0.0425 0.0568 0.0426 0.0457 0.0327 0.0415 0.0268 0.0601 0.1186 0.0409 0.0237 0.0555 0.0584 0.0442 0.0404 0.0413 0.0177 0.0252 0.0546 0.0499 0.0172 0.0267 0.0390 0.0201 0.0439 0.0337 0.0288 0.0296 0.0344 0.0220 0.0271 0.0205 0.0329 0.0699 0.0112 0.0177 0.0236 0.0247 0.0389 0.0324 0.0414 0.0203 0.0347 0.0143 0.0323],[2.1847 0.3134 0.3142 0.2558 0.2388 0.2305 0.2467 0.2056 0.1933 0.2248 0.2100 0.2343 0.1807 0.1929 0.1868 0.1907 0.2508 0.1629 0.1493 0.2224 0.1333 0.2023 0.2270 0.1786 0.1490 0.1750 0.1574 0.2040 0.1389 0.2105 0.1767 0.2181 0.2276 0.2352 0.1889 0.1466 0.1743 0.1774 0.1636 0.1917 0.1836 0.1757 0.1783 0.1901 0.2244 0.1811 0.1570 0.1900 0.1760 0.1710 0.2062 0.1691 0.1600 0.2047 0.1691 0.1750 0.1976 0.1761 0.1846 0.1773 0.1776 0.1710 0.2138 0.3030 0.1930 0.1576 0.2181 0.1994 0.2005 0.1887 0.1925 0.1657 0.1709 0.2143 0.2157 0.1602 0.1790 0.1971 0.1677 0.2189 0.2041 0.1945 0.2106 0.2101 0.1777 0.1987 0.1882 0.2100 0.2799 0.1652 0.1915 0.2100 0.2056 0.2302 0.2133 0.2424 0.2081 0.2475 0.1804 0.2269],[1.6985 0.5958 0.4098 0.3440 0.3062 0.2799 0.2568 0.2462 0.2270 0.2189 0.2103 0.2018 0.1906 0.1840 0.1780 0.1707 0.1690 0.1649 0.1605 0.1555 0.1516 0.1494 0.1442 0.1429 0.1369 0.1345 0.1341 0.1277 0.1255 0.1236 0.1214 0.1224 0.1181 0.1155 0.1153 0.1105 0.1112 0.1061 0.1068 0.1056 0.1021 0.1034 0.0982 0.0979 0.0969 0.0965 0.0968 0.0937 0.0915 0.0908 0.0902 0.0890 0.0886 0.0891 0.0852 0.0849 0.0842 0.0848 0.0815 0.0802 0.0812 0.0766 0.0797 0.0782 0.0777 0.0764 0.0766 0.0747 0.0748 0.0723 0.0720 0.0713 0.0710 0.0707 0.0696 0.0710 0.0676 0.0690 0.0664 0.0672 0.0664 0.0645 0.0639 0.0659 0.0635 0.0645 0.0617 0.0624 0.0612 0.0615 0.0603 0.0594 0.0597 0.0586 0.0584 0.0576 0.0566 0.0576 0.0563 0.0562]
