train_acc,valid_acc,test_acc,train_loss,valid_loss,train_aug_loss
0.9874599575996399,0.9664111137390137,0.9416859149932861,[2.0967 3.7467 3.6682 1.2219 1.2668 0.8452 0.3837 0.3483 0.3995 0.2410 0.1844 0.4550 0.3370 0.4757 0.2119 0.1783 0.2976 0.2002 0.1889 0.2724 0.2137 0.2358 0.2132 0.1312 0.2126 0.2101 0.1810 0.1768 0.2461 0.1773 0.0837 0.1522 0.0774 0.3241 0.0944 0.1758 0.3030 0.2239 0.1810 0.0911 0.1077 0.2322 0.1549 0.0608 0.1097 0.1197 0.0883 0.1068 0.1436 0.1285 0.0582 0.1834 0.1663 0.1409 0.1279 0.1386 0.0599 0.1196 0.0697 0.1336 0.0375 0.0441 0.0984 0.0629 0.0467 0.0634 0.0518 0.0844 0.0412 0.0725 0.0865 0.0569 0.1201 0.0986 0.0935 0.0627 0.1103 0.0310 0.0471 0.1664 0.1855 0.0670 0.0452 0.0365 0.1068 0.0723 0.0451 0.1171 0.0426 0.0644 0.0236 0.0443 0.0558 0.0554 0.0288 0.1031 0.0371 0.0297 0.0674 0.0416],[2.0961 4.0709 3.5576 1.2088 1.3253 0.8517 0.4397 0.4090 0.4802 0.2822 0.2320 0.5182 0.4128 0.5428 0.2709 0.2357 0.3601 0.2519 0.2545 0.3271 0.2746 0.3114 0.2877 0.1907 0.3010 0.3050 0.2524 0.2633 0.3290 0.2508 0.1645 0.2344 0.1478 0.4162 0.1678 0.2797 0.4182 0.3305 0.2938 0.1876 0.2043 0.3082 0.2632 0.1406 0.2225 0.2323 0.1894 0.2128 0.2728 0.2360 0.1490 0.3029 0.2752 0.2636 0.2327 0.2598 0.1478 0.2378 0.1855 0.2338 0.1205 0.1365 0.2221 0.1749 0.1544 0.1697 0.1586 0.2121 0.1347 0.1868 0.2256 0.1809 0.2581 0.2356 0.2425 0.1861 0.2610 0.1416 0.1636 0.3043 0.3180 0.2177 0.1658 0.1427 0.2363 0.2163 0.1675 0.2772 0.1646 0.1851 0.1361 0.1685 0.1800 0.1974 0.1400 0.2414 0.1589 0.1495 0.2258 0.1799],[2.0639 1.7350 1.0258 0.5367 0.3931 0.3414 0.3068 0.2841 0.2614 0.2468 0.2341 0.2248 0.2131 0.2060 0.1992 0.1935 0.1854 0.1784 0.1741 0.1702 0.1650 0.1601 0.1573 0.1510 0.1504 0.1475 0.1451 0.1421 0.1384 0.1354 0.1319 0.1311 0.1294 0.1262 0.1239 0.1238 0.1194 0.1172 0.1159 0.1155 0.1155 0.1132 0.1102 0.1082 0.1079 0.1052 0.1040 0.1042 0.1032 0.1013 0.0984 0.0962 0.0980 0.0953 0.0954 0.0944 0.0940 0.0918 0.0899 0.0887 0.0876 0.0895 0.0863 0.0891 0.0850 0.0838 0.0860 0.0811 0.0819 0.0808 0.0788 0.0806 0.0750 0.0780 0.0796 0.0752 0.0756 0.0745 0.0731 0.0741 0.0710 0.0719 0.0706 0.0723 0.0708 0.0696 0.0678 0.0702 0.0693 0.0688 0.0653 0.0680 0.0659 0.0638 0.0652 0.0639 0.0630 0.0623 0.0603 0.0601]
