train_acc,valid_acc,test_acc,train_loss,valid_loss,train_aug_loss
0.9747593998908997,0.9547483921051025,0.9517896175384521,[2.0037 1.3177 0.8253 0.5335 0.4433 0.3759 0.3208 0.2469 0.2425 0.2279 0.2066 0.1866 0.1869 0.1800 0.1583 0.1431 0.1639 0.1755 0.1771 0.1272 0.1131 0.1581 0.1487 0.1398 0.1221 0.1346 0.1440 0.0932 0.1287 0.1236 0.1328 0.1196 0.1261 0.1357 0.0996 0.0784 0.1304 0.1186 0.1091 0.0773 0.1399 0.1007 0.1022 0.0866 0.0779 0.0821 0.1058 0.1055 0.0719 0.0694],[1.9020 1.2323 0.7896 0.5313 0.4510 0.3914 0.3469 0.2759 0.2728 0.2608 0.2442 0.2261 0.2284 0.2227 0.2067 0.1943 0.2083 0.2296 0.2326 0.1809 0.1655 0.2217 0.2172 0.2034 0.1834 0.1931 0.2140 0.1563 0.1998 0.1912 0.2057 0.1910 0.1951 0.2159 0.1705 0.1482 0.2109 0.1957 0.1886 0.1512 0.2295 0.1796 0.1794 0.1661 0.1552 0.1631 0.1894 0.1967 0.1534 0.1489],[1.9418 1.5557 0.9938 0.6906 0.5683 0.4943 0.4427 0.4079 0.3821 0.3573 0.3388 0.3254 0.3089 0.2945 0.2911 0.2818 0.2708 0.2649 0.2569 0.2532 0.2466 0.2423 0.2378 0.2292 0.2294 0.2229 0.2166 0.2169 0.2100 0.2066 0.2061 0.2015 0.1983 0.1945 0.1978 0.1896 0.1890 0.1869 0.1853 0.1846 0.1787 0.1765 0.1784 0.1729 0.1742 0.1744 0.1703 0.1692 0.1688 0.1667]
