train_acc,valid_acc,test_acc,train_loss,valid_loss,train_aug_loss
0.9841182827949524,0.9644886255264282,0.9695032835006714,[2.0438 2.2636 2.1584 0.8150 0.4363 0.3187 0.2807 0.2912 0.2472 0.2028 0.1823 0.1977 0.1597 0.1848 0.1340 0.1453 0.1457 0.1500 0.1204 0.1265 0.1237 0.1037 0.1036 0.1132 0.1020 0.1070 0.0945 0.1084 0.1040 0.0913 0.0848 0.0835 0.0821 0.0824 0.0793 0.0837 0.0956 0.0743 0.0911 0.0714 0.0754 0.0728 0.0681 0.0677 0.0651 0.0688 0.0664 0.0689 0.0678 0.0663 0.0663 0.0663 0.0613 0.0572 0.0650 0.0554 0.0547 0.0576 0.0593 0.0581 0.0592 0.0582 0.0517 0.0498 0.0520 0.0517 0.0477 0.0504 0.0467 0.0481 0.0483 0.0462 0.0438 0.0438 0.0468 0.0545 0.0438 0.0445 0.0462 0.0401 0.0484 0.0432 0.0416 0.0424 0.0380 0.0408 0.0425 0.0400 0.0343 0.0343 0.0342 0.0381 0.0334 0.0400 0.0351 0.0367 0.0347 0.0414 0.0373 0.0385],[2.0404 2.2474 2.3821 1.0025 0.5478 0.4021 0.3538 0.3800 0.3267 0.2662 0.2354 0.2652 0.2125 0.2402 0.1858 0.2074 0.2073 0.2236 0.1788 0.1931 0.1799 0.1621 0.1594 0.1748 0.1668 0.1666 0.1551 0.1749 0.1675 0.1501 0.1443 0.1465 0.1490 0.1482 0.1414 0.1556 0.1747 0.1444 0.1661 0.1379 0.1489 0.1380 0.1404 0.1368 0.1322 0.1401 0.1406 0.1516 0.1419 0.1409 0.1422 0.1417 0.1360 0.1314 0.1396 0.1304 0.1260 0.1370 0.1382 0.1376 0.1390 0.1393 0.1283 0.1353 0.1321 0.1383 0.1256 0.1366 0.1285 0.1341 0.1353 0.1341 0.1279 0.1307 0.1397 0.1566 0.1387 0.1348 0.1394 0.1343 0.1455 0.1346 0.1341 0.1385 0.1383 0.1309 0.1439 0.1351 0.1270 0.1297 0.1282 0.1355 0.1355 0.1418 0.1314 0.1347 0.1371 0.1482 0.1438 0.1395],[2.0855 1.8500 1.5971 0.9372 0.5991 0.4903 0.4387 0.3996 0.3766 0.3527 0.3367 0.3240 0.3121 0.2961 0.2880 0.2786 0.2717 0.2649 0.2560 0.2552 0.2478 0.2367 0.2336 0.2279 0.2245 0.2212 0.2165 0.2124 0.2097 0.2053 0.2064 0.1992 0.1937 0.1941 0.1949 0.1890 0.1839 0.1793 0.1804 0.1776 0.1764 0.1752 0.1732 0.1686 0.1685 0.1659 0.1652 0.1631 0.1634 0.1604 0.1573 0.1581 0.1572 0.1558 0.1540 0.1536 0.1515 0.1521 0.1468 0.1456 0.1455 0.1431 0.1447 0.1400 0.1392 0.1391 0.1354 0.1399 0.1350 0.1374 0.1338 0.1325 0.1337 0.1298 0.1293 0.1287 0.1297 0.1272 0.1262 0.1267 0.1262 0.1228 0.1226 0.1223 0.1210 0.1224 0.1188 0.1208 0.1180 0.1168 0.1159 0.1168 0.1143 0.1149 0.1128 0.1147 0.1119 0.1121 0.1115 0.1115]
