train_acc,valid_acc,test_acc,train_loss,valid_loss,train_aug_loss
0.9856590032577515,0.9653158187866211,0.9387990832328796,[2.0668 1.9793 3.0226 4.3483 2.8828 1.6782 0.8885 0.6440 0.4998 0.4843 0.4386 0.3907 0.3412 0.2973 0.2879 0.2563 0.2350 0.2096 0.2092 0.2476 0.2121 0.2318 0.1729 0.1808 0.2127 0.1624 0.1842 0.1550 0.1630 0.1631 0.1485 0.1577 0.1379 0.1392 0.1353 0.1208 0.1174 0.1233 0.1184 0.1243 0.1022 0.1143 0.1056 0.1072 0.1152 0.0962 0.0973 0.0980 0.0958 0.1065 0.0928 0.0917 0.0782 0.0844 0.0822 0.0780 0.0861 0.0760 0.0816 0.0726 0.0747 0.0742 0.0672 0.0749 0.0711 0.0701 0.0726 0.0657 0.0631 0.0613 0.0635 0.0636 0.0673 0.0640 0.0586 0.0576 0.0552 0.0547 0.0526 0.0665 0.0604 0.0508 0.0527 0.0504 0.0520 0.0480 0.0517 0.0480 0.0506 0.0506 0.0555 0.0447 0.0457 0.0428 0.0455 0.0465 0.0462 0.0496 0.0448 0.0423],[2.0617 1.9661 2.9681 4.0973 3.0467 1.7535 1.0328 0.7831 0.6152 0.6079 0.5463 0.4926 0.4325 0.3717 0.3799 0.3365 0.3140 0.2814 0.2895 0.3277 0.2868 0.3080 0.2448 0.2461 0.2915 0.2358 0.2647 0.2304 0.2386 0.2446 0.2183 0.2293 0.2140 0.2052 0.2075 0.1919 0.1838 0.1996 0.1951 0.1801 0.1635 0.1863 0.1753 0.1797 0.1825 0.1643 0.1657 0.1647 0.1660 0.1794 0.1656 0.1674 0.1507 0.1533 0.1476 0.1479 0.1581 0.1505 0.1536 0.1463 0.1494 0.1501 0.1426 0.1556 0.1436 0.1483 0.1555 0.1512 0.1321 0.1404 0.1372 0.1390 0.1451 0.1472 0.1346 0.1350 0.1340 0.1361 0.1334 0.1564 0.1498 0.1271 0.1324 0.1359 0.1352 0.1318 0.1377 0.1292 0.1329 0.1335 0.1418 0.1270 0.1312 0.1312 0.1266 0.1300 0.1319 0.1332 0.1316 0.1205],[2.1828 2.0125 1.9046 1.8090 1.6258 1.2442 0.9215 0.7279 0.6172 0.5543 0.5057 0.4698 0.4359 0.4100 0.3899 0.3699 0.3543 0.3393 0.3265 0.3180 0.3044 0.2945 0.2839 0.2791 0.2717 0.2618 0.2587 0.2528 0.2485 0.2417 0.2374 0.2329 0.2307 0.2224 0.2201 0.2151 0.2100 0.2085 0.2049 0.1995 0.1999 0.1957 0.1938 0.1891 0.1883 0.1839 0.1808 0.1802 0.1787 0.1756 0.1737 0.1700 0.1694 0.1671 0.1627 0.1659 0.1589 0.1590 0.1570 0.1547 0.1550 0.1522 0.1516 0.1491 0.1450 0.1475 0.1445 0.1433 0.1429 0.1406 0.1382 0.1393 0.1355 0.1367 0.1346 0.1329 0.1303 0.1299 0.1284 0.1291 0.1284 0.1280 0.1239 0.1229 0.1223 0.1214 0.1217 0.1214 0.1184 0.1183 0.1167 0.1166 0.1129 0.1151 0.1131 0.1134 0.1122 0.1101 0.1079 0.1089]
