train_acc,valid_acc,test_acc,train_loss,valid_loss,train_aug_loss
0.9781333208084106,0.9630681872367859,0.9620160460472107,[1.9064 0.8055 0.5001 0.3187 0.3230 0.3202 0.2019 0.2323 0.1923 0.2642 0.1530 0.1908 0.2292 0.1440 0.1147 0.2216 0.1757 0.1115 0.1436 0.1316 0.1194 0.1445 0.1373 0.1345 0.0971 0.1427 0.1194 0.1284 0.1285 0.1046 0.1011 0.0930 0.1052 0.0820 0.0867 0.1046 0.0767 0.0950 0.0942 0.0968 0.1291 0.0704 0.0883 0.0738 0.0840 0.0932 0.1215 0.0852 0.1001 0.0861],[1.8998 0.7380 0.4587 0.3049 0.3209 0.3041 0.2211 0.2437 0.2104 0.2807 0.1784 0.2061 0.2545 0.1762 0.1567 0.2408 0.2097 0.1456 0.1817 0.1708 0.1583 0.1876 0.1789 0.1749 0.1366 0.1870 0.1626 0.1809 0.1820 0.1577 0.1532 0.1482 0.1602 0.1404 0.1430 0.1623 0.1330 0.1575 0.1455 0.1510 0.1868 0.1252 0.1568 0.1351 0.1471 0.1557 0.1908 0.1474 0.1649 0.1446],[1.8793 1.2592 0.7388 0.5643 0.4829 0.4281 0.3890 0.3611 0.3415 0.3233 0.3142 0.3036 0.2924 0.2853 0.2757 0.2669 0.2612 0.2592 0.2486 0.2451 0.2462 0.2391 0.2304 0.2287 0.2238 0.2228 0.2180 0.2141 0.2129 0.2111 0.2047 0.2043 0.2031 0.2002 0.1975 0.1946 0.1916 0.1924 0.1890 0.1881 0.1798 0.1821 0.1777 0.1782 0.1780 0.1787 0.1738 0.1729 0.1725 0.1681]
