train_acc,valid_acc,test_acc,train_loss,valid_loss,train_aug_loss
0.9870097637176514,0.9671412706375122,0.9341801404953003,[2.0659 2.0121 2.5945 2.6426 1.5087 0.9180 0.5923 0.5105 0.5057 0.3978 0.3911 0.3726 0.3366 0.3240 0.3211 0.2742 0.2723 0.2788 0.2388 0.2218 0.2338 0.2241 0.2206 0.1906 0.1950 0.1882 0.1757 0.1708 0.1949 0.1993 0.1614 0.1608 0.1482 0.1570 0.1341 0.1375 0.1343 0.1450 0.1215 0.1200 0.1382 0.1163 0.1010 0.1176 0.0986 0.1217 0.0959 0.1045 0.1057 0.0991 0.0980 0.0941 0.0956 0.0836 0.0880 0.0804 0.0801 0.0928 0.0845 0.0939 0.0836 0.0736 0.0848 0.0745 0.0657 0.0803 0.0687 0.0750 0.0715 0.0600 0.0671 0.0630 0.0560 0.0658 0.0725 0.0579 0.0683 0.0522 0.0588 0.0562 0.0639 0.0606 0.0534 0.0561 0.0504 0.0540 0.0562 0.0499 0.0558 0.0533 0.0541 0.0477 0.0533 0.0504 0.0457 0.0543 0.0441 0.0459 0.0405 0.0416],[2.0662 2.0018 2.4950 2.6108 1.4994 0.9567 0.6395 0.5364 0.5444 0.4275 0.4232 0.4077 0.3742 0.3464 0.3502 0.2874 0.2865 0.3025 0.2667 0.2448 0.2602 0.2463 0.2529 0.2161 0.2208 0.2150 0.2039 0.2037 0.2285 0.2376 0.1953 0.1947 0.1859 0.1948 0.1725 0.1826 0.1770 0.1817 0.1638 0.1641 0.1839 0.1591 0.1462 0.1705 0.1462 0.1782 0.1463 0.1532 0.1603 0.1512 0.1519 0.1430 0.1531 0.1345 0.1417 0.1329 0.1350 0.1479 0.1541 0.1580 0.1407 0.1383 0.1459 0.1342 0.1261 0.1508 0.1353 0.1477 0.1445 0.1264 0.1419 0.1290 0.1189 0.1355 0.1443 0.1266 0.1393 0.1194 0.1281 0.1237 0.1359 0.1395 0.1275 0.1368 0.1195 0.1298 0.1209 0.1307 0.1344 0.1398 0.1329 0.1219 0.1325 0.1370 0.1216 0.1307 0.1185 0.1296 0.1170 0.1194],[2.1560 2.0049 1.8899 1.7189 1.2900 0.9314 0.7238 0.6154 0.5474 0.5015 0.4650 0.4345 0.4087 0.3890 0.3705 0.3512 0.3403 0.3259 0.3127 0.3040 0.2936 0.2829 0.2767 0.2720 0.2646 0.2580 0.2511 0.2461 0.2421 0.2382 0.2301 0.2307 0.2194 0.2202 0.2135 0.2108 0.2092 0.2045 0.2013 0.1997 0.1950 0.1907 0.1904 0.1860 0.1846 0.1824 0.1791 0.1748 0.1729 0.1759 0.1714 0.1679 0.1674 0.1638 0.1609 0.1619 0.1606 0.1551 0.1554 0.1549 0.1518 0.1514 0.1484 0.1502 0.1447 0.1457 0.1424 0.1404 0.1398 0.1385 0.1387 0.1342 0.1346 0.1336 0.1307 0.1333 0.1304 0.1292 0.1295 0.1280 0.1262 0.1234 0.1217 0.1262 0.1213 0.1208 0.1196 0.1197 0.1184 0.1181 0.1172 0.1179 0.1145 0.1143 0.1127 0.1111 0.1124 0.1071 0.1093 0.1080]
