train_acc,valid_acc,test_acc,train_loss,valid_loss,train_aug_loss
0.9844409823417664,0.9626623392105103,0.9638422131538391,[2.0565 3.1930 3.5906 0.9348 0.4575 0.3846 0.3740 0.3099 0.2683 0.2546 0.2602 0.2416 0.2377 0.1977 0.2008 0.1818 0.1893 0.1722 0.1825 0.1553 0.1742 0.1504 0.1487 0.1246 0.1377 0.1244 0.1471 0.1398 0.1207 0.1463 0.1406 0.1221 0.1215 0.1250 0.1247 0.1096 0.1032 0.1032 0.1260 0.1112 0.1050 0.1156 0.0922 0.0982 0.0927 0.0961 0.1076 0.0896 0.1020 0.0942 0.0986 0.0949 0.0828 0.0908 0.0902 0.0902 0.0835 0.0847 0.0715 0.0970 0.0849 0.0750 0.0750 0.0869 0.0733 0.0694 0.0665 0.0548 0.0584 0.0695 0.0610 0.0709 0.0790 0.0644 0.0758 0.0647 0.0554 0.0460 0.0691 0.0616 0.0753 0.0589 0.0599 0.0682 0.0488 0.0749 0.0576 0.0603 0.0622 0.0570 0.0664 0.0460 0.0536 0.0476 0.0444 0.0604 0.0448 0.0617 0.0454 0.0514],[2.0780 3.0502 3.6297 0.9573 0.5185 0.4254 0.4324 0.3444 0.3107 0.2812 0.2876 0.2865 0.2776 0.2303 0.2478 0.2320 0.2274 0.2116 0.2178 0.1913 0.2209 0.1891 0.1851 0.1744 0.1786 0.1762 0.1933 0.1922 0.1726 0.2100 0.1982 0.1742 0.1760 0.1811 0.1880 0.1709 0.1591 0.1581 0.1861 0.1714 0.1664 0.1789 0.1521 0.1689 0.1668 0.1671 0.1841 0.1623 0.1785 0.1733 0.1771 0.1767 0.1533 0.1611 0.1668 0.1765 0.1755 0.1626 0.1494 0.1845 0.1647 0.1573 0.1608 0.1807 0.1637 0.1555 0.1513 0.1464 0.1473 0.1638 0.1491 0.1625 0.1763 0.1710 0.1692 0.1570 0.1534 0.1358 0.1717 0.1662 0.1810 0.1683 0.1628 0.1817 0.1445 0.1882 0.1674 0.1654 0.1673 0.1700 0.1738 0.1500 0.1739 0.1669 0.1424 0.1652 0.1494 0.1722 0.1515 0.1627],[2.0858 1.8818 1.7656 1.0933 0.6397 0.4925 0.4289 0.3886 0.3583 0.3411 0.3182 0.3066 0.2915 0.2826 0.2724 0.2620 0.2516 0.2441 0.2411 0.2294 0.2257 0.2188 0.2185 0.2119 0.2069 0.2007 0.1984 0.1952 0.1913 0.1848 0.1853 0.1815 0.1792 0.1780 0.1722 0.1716 0.1688 0.1632 0.1641 0.1603 0.1600 0.1576 0.1522 0.1497 0.1505 0.1471 0.1467 0.1454 0.1433 0.1430 0.1394 0.1400 0.1357 0.1378 0.1351 0.1351 0.1312 0.1318 0.1326 0.1270 0.1297 0.1269 0.1245 0.1220 0.1245 0.1208 0.1202 0.1185 0.1187 0.1165 0.1149 0.1145 0.1141 0.1122 0.1132 0.1110 0.1122 0.1117 0.1099 0.1083 0.1081 0.1082 0.1056 0.1043 0.1056 0.1028 0.1022 0.0980 0.1027 0.1010 0.0997 0.1012 0.0985 0.0977 0.0980 0.0964 0.0961 0.0947 0.0944 0.0953]
