train_acc,valid_acc,test_acc,train_loss,valid_loss,train_aug_loss
0.9844116568565369,0.9624594449996948,0.9647552967071533,[1.9711 1.0654 0.5021 0.3692 0.3071 0.2613 0.1948 0.2284 0.3204 0.1846 0.2034 0.1539 0.1675 0.1728 0.1479 0.1315 0.1373 0.1631 0.1563 0.0962 0.1614 0.0957 0.1405 0.0995 0.1797 0.1297 0.0841 0.1014 0.1149 0.1214 0.0953 0.1121 0.1198 0.0846 0.1135 0.0719 0.0682 0.1277 0.0988 0.0729 0.0859 0.0799 0.1060 0.0806 0.0815 0.0855 0.0772 0.0846 0.0801 0.0556],[1.9625 0.9122 0.5040 0.4006 0.3039 0.2849 0.2268 0.2503 0.3158 0.2201 0.2360 0.1887 0.2021 0.2126 0.1815 0.1705 0.1805 0.2079 0.1953 0.1412 0.2124 0.1374 0.1982 0.1429 0.2280 0.1780 0.1227 0.1507 0.1605 0.1700 0.1535 0.1640 0.1738 0.1353 0.1672 0.1235 0.1224 0.1829 0.1507 0.1276 0.1434 0.1381 0.1659 0.1352 0.1388 0.1535 0.1344 0.1444 0.1426 0.1114],[1.9155 1.3354 0.7358 0.5504 0.4739 0.4188 0.3940 0.3626 0.3510 0.3326 0.3143 0.3049 0.2938 0.2864 0.2750 0.2697 0.2648 0.2551 0.2572 0.2438 0.2452 0.2406 0.2329 0.2280 0.2279 0.2230 0.2217 0.2161 0.2119 0.2076 0.2022 0.2084 0.2039 0.2010 0.1962 0.1949 0.1941 0.1923 0.1871 0.1890 0.1886 0.1843 0.1849 0.1787 0.1807 0.1750 0.1786 0.1725 0.1706 0.1744]
