train_acc,valid_acc,test_acc,train_loss,valid_loss,train_aug_loss
0.9847050309181213,0.9667207598686218,0.9600073099136353,[3.1120 0.2864 0.2559 0.2367 0.2216 0.1865 0.2349 0.1387 0.1589 0.1089 0.1248 0.1273 0.1163 0.1172 0.1519 0.0942 0.0906 0.0903 0.0760 0.0633 0.1515 0.1307 0.0927 0.1852 0.1355 0.0576 0.0477 0.0589 0.0717 0.0912 0.1071 0.0772 0.0702 0.0984 0.0615 0.0404 0.0931 0.0737 0.0553 0.0715 0.0531 0.0625 0.0859 0.0382 0.0650 0.0362 0.0427 0.0466 0.0809 0.0346],[2.8157 0.2729 0.2743 0.2515 0.2268 0.2070 0.2451 0.1676 0.1989 0.1451 0.1679 0.1656 0.1586 0.1579 0.2015 0.1560 0.1461 0.1400 0.1307 0.1325 0.2265 0.2050 0.1543 0.2698 0.2070 0.1246 0.1186 0.1295 0.1530 0.1753 0.1945 0.1626 0.1654 0.1829 0.1460 0.1267 0.1950 0.1618 0.1533 0.1686 0.1465 0.1699 0.1973 0.1303 0.1818 0.1336 0.1457 0.1470 0.2000 0.1403],[1.8450 0.6911 0.3880 0.3231 0.2878 0.2713 0.2464 0.2347 0.2199 0.2154 0.2027 0.1945 0.1913 0.1850 0.1797 0.1750 0.1715 0.1648 0.1647 0.1566 0.1559 0.1520 0.1517 0.1458 0.1429 0.1408 0.1382 0.1380 0.1321 0.1304 0.1290 0.1296 0.1256 0.1226 0.1242 0.1204 0.1218 0.1153 0.1182 0.1142 0.1121 0.1133 0.1070 0.1095 0.1075 0.1080 0.1058 0.1037 0.1027 0.0989]
