train_acc,valid_acc,test_acc,train_loss,valid_loss,train_aug_loss
0.9785440564155579,0.9594155550003052,0.9603725075721741,[1.8717 0.8981 0.3595 0.2865 0.2388 0.1923 0.2255 0.1977 0.1714 0.1603 0.1751 0.1393 0.1674 0.1461 0.1593 0.1467 0.1301 0.1320 0.1530 0.1142 0.1008 0.1243 0.1168 0.1271 0.1234 0.1157 0.0864 0.1168 0.0920 0.0800 0.0929 0.1139 0.0768 0.0742 0.1454 0.0843 0.0938 0.1067 0.0950 0.1071 0.0930 0.0990 0.0823 0.0964 0.0706 0.0642 0.0878 0.0879 0.0747 0.0827],[1.9051 0.8893 0.4387 0.3105 0.2766 0.2158 0.2760 0.2244 0.2053 0.1950 0.2209 0.1710 0.2148 0.1964 0.2008 0.1908 0.1762 0.1744 0.1854 0.1602 0.1457 0.1768 0.1713 0.1789 0.1806 0.1666 0.1369 0.1760 0.1593 0.1406 0.1512 0.1831 0.1359 0.1294 0.2156 0.1499 0.1591 0.1779 0.1665 0.1843 0.1526 0.1674 0.1493 0.1704 0.1471 0.1418 0.1600 0.1630 0.1477 0.1476],[1.9468 1.5452 0.6553 0.4558 0.3900 0.3507 0.3289 0.3053 0.2926 0.2834 0.2737 0.2643 0.2606 0.2498 0.2437 0.2401 0.2345 0.2282 0.2251 0.2254 0.2138 0.2157 0.2161 0.2100 0.2053 0.2045 0.1976 0.1970 0.1931 0.1919 0.1908 0.1938 0.1875 0.1890 0.1826 0.1828 0.1811 0.1805 0.1786 0.1759 0.1743 0.1724 0.1717 0.1702 0.1682 0.1674 0.1657 0.1656 0.1636 0.1651]
