train_acc,valid_acc,test_acc,train_loss,valid_loss,train_aug_loss
0.9854483008384705,0.9665178656578064,0.9611030220985413,[6.1651 0.6057 0.2583 0.2188 0.2044 0.1897 0.1515 0.1844 0.1544 0.1807 0.2225 0.1306 0.0937 0.1837 0.1297 0.1289 0.1326 0.0957 0.1471 0.1575 0.0897 0.1118 0.0978 0.1530 0.0716 0.1335 0.0661 0.1001 0.1343 0.1114 0.0661 0.0844 0.0666 0.0778 0.0648 0.0719 0.0594 0.0773 0.0780 0.1147 0.0758 0.1337 0.1298 0.0705 0.0719 0.0602 0.0533 0.0462 0.0671 0.0605],[5.4451 0.6687 0.3012 0.2553 0.2359 0.2368 0.1923 0.2225 0.1948 0.2267 0.2554 0.1768 0.1598 0.2230 0.1929 0.1858 0.1900 0.1629 0.2116 0.2178 0.1517 0.1697 0.1728 0.2227 0.1498 0.2090 0.1374 0.1672 0.2087 0.1820 0.1431 0.1603 0.1448 0.1609 0.1420 0.1437 0.1322 0.1544 0.1588 0.1983 0.1525 0.2081 0.2044 0.1488 0.1561 0.1446 0.1421 0.1308 0.1520 0.1555],[1.8075 0.8795 0.5342 0.4451 0.3937 0.3605 0.3396 0.3220 0.3080 0.2958 0.2849 0.2766 0.2675 0.2605 0.2558 0.2505 0.2406 0.2354 0.2332 0.2295 0.2284 0.2209 0.2150 0.2103 0.2141 0.2069 0.2036 0.2054 0.2032 0.1992 0.1965 0.1911 0.1903 0.1896 0.1865 0.1848 0.1867 0.1778 0.1790 0.1787 0.1807 0.1783 0.1708 0.1747 0.1701 0.1704 0.1678 0.1681 0.1660 0.1660]
