train_acc,valid_acc,test_acc,train_loss,valid_loss,train_aug_loss
0.987267255783081,0.9675324559211731,0.9631117582321167,[5.6286 0.2950 0.2251 0.1974 0.2920 0.1445 0.1715 0.1487 0.1262 0.1391 0.1178 0.1553 0.1058 0.1332 0.1230 0.1545 0.0842 0.0890 0.1761 0.0800 0.0672 0.1085 0.1302 0.0697 0.0751 0.1085 0.0806 0.1406 0.0618 0.1359 0.0730 0.1060 0.1207 0.0711 0.0368 0.0830 0.0473 0.0596 0.0815 0.0506 0.0627 0.0750 0.0488 0.0587 0.0735 0.0785 0.0341 0.0512 0.0567 0.0315],[5.1492 0.3059 0.2413 0.2206 0.3178 0.1878 0.2098 0.2027 0.1740 0.1886 0.1729 0.2110 0.1647 0.1933 0.1819 0.2240 0.1599 0.1589 0.2529 0.1627 0.1439 0.1864 0.2085 0.1465 0.1635 0.1944 0.1723 0.2367 0.1513 0.2424 0.1614 0.2125 0.2363 0.1684 0.1298 0.1945 0.1430 0.1661 0.2009 0.1531 0.1709 0.1778 0.1620 0.1663 0.1904 0.1992 0.1508 0.1831 0.1771 0.1483],[1.7663 0.5629 0.3676 0.3144 0.2810 0.2583 0.2393 0.2270 0.2184 0.2128 0.2009 0.1955 0.1889 0.1828 0.1796 0.1734 0.1704 0.1643 0.1600 0.1609 0.1539 0.1529 0.1499 0.1452 0.1435 0.1430 0.1405 0.1395 0.1363 0.1316 0.1318 0.1310 0.1287 0.1248 0.1212 0.1209 0.1186 0.1206 0.1163 0.1140 0.1128 0.1145 0.1128 0.1104 0.1104 0.1134 0.1055 0.1007 0.1074 0.1034]
