train_acc,valid_acc,test_acc,train_loss,valid_loss,train_aug_loss
0.9922125339508057,0.9678714871406555,0.9506350755691528,[2.5276 1.3493 0.5185 0.2483 0.2078 0.1957 0.2001 0.1694 0.1457 0.1635 0.1291 0.1332 0.1064 0.1024 0.1172 0.1003 0.1578 0.1312 0.1324 0.0911 0.0881 0.0951 0.0695 0.0971 0.0968 0.0764 0.0617 0.0642 0.0679 0.0508 0.0596 0.0618 0.1009 0.0538 0.0533 0.0679 0.0901 0.0525 0.0482 0.0507 0.0650 0.0435 0.0387 0.0498 0.0698 0.0414 0.0384 0.0365 0.0441 0.0538 0.0484 0.0453 0.0364 0.0377 0.0362 0.0412 0.0368 0.0289 0.0357 0.0294 0.0329 0.0326 0.0243 0.0291 0.0299 0.0350 0.0254 0.0256 0.0308 0.0450 0.0383 0.0403 0.0304 0.0395 0.0256 0.0351 0.0190 0.0195 0.0454 0.0191 0.0207 0.0276 0.0263 0.0215 0.0161 0.0268 0.0160 0.0174 0.0201 0.0173 0.0245 0.0168 0.0186 0.0186 0.0194 0.0133 0.0218 0.0139 0.0183 0.0197],[2.4528 1.5515 0.5773 0.2670 0.2538 0.2417 0.2529 0.2067 0.2093 0.2347 0.1811 0.2006 0.1581 0.1528 0.2074 0.1726 0.2335 0.2137 0.2064 0.1703 0.1765 0.1773 0.1433 0.1818 0.1710 0.1525 0.1406 0.1403 0.1536 0.1233 0.1446 0.1482 0.1900 0.1319 0.1296 0.1428 0.2028 0.1415 0.1218 0.1477 0.1726 0.1322 0.1215 0.1382 0.1917 0.1367 0.1269 0.1267 0.1443 0.1594 0.1588 0.1528 0.1226 0.1346 0.1427 0.1628 0.1309 0.1216 0.1481 0.1365 0.1308 0.1544 0.1145 0.1307 0.1368 0.1556 0.1347 0.1334 0.1499 0.1860 0.1712 0.1803 0.1551 0.1722 0.1442 0.1657 0.1223 0.1357 0.1842 0.1190 0.1213 0.1524 0.1638 0.1392 0.1216 0.1553 0.1275 0.1241 0.1386 0.1356 0.1582 0.1493 0.1569 0.1405 0.1625 0.1401 0.1824 0.1366 0.1492 0.1662],[2.0019 1.2879 0.5467 0.3981 0.3401 0.3070 0.2821 0.2640 0.2485 0.2390 0.2241 0.2150 0.2096 0.1984 0.1907 0.1851 0.1785 0.1766 0.1716 0.1684 0.1615 0.1580 0.1529 0.1529 0.1486 0.1466 0.1449 0.1416 0.1402 0.1352 0.1318 0.1307 0.1293 0.1273 0.1233 0.1219 0.1199 0.1181 0.1165 0.1172 0.1132 0.1111 0.1105 0.1107 0.1061 0.1066 0.1043 0.1057 0.1033 0.1033 0.1002 0.0989 0.0986 0.0980 0.0948 0.0960 0.0924 0.0922 0.0914 0.0928 0.0908 0.0892 0.0882 0.0865 0.0875 0.0831 0.0831 0.0833 0.0848 0.0821 0.0828 0.0818 0.0794 0.0786 0.0788 0.0760 0.0763 0.0778 0.0774 0.0763 0.0745 0.0763 0.0724 0.0735 0.0719 0.0712 0.0682 0.0688 0.0684 0.0693 0.0692 0.0682 0.0677 0.0675 0.0660 0.0655 0.0630 0.0652 0.0653 0.0660]
