train_acc,valid_acc,test_acc,train_loss,valid_loss,train_aug_loss
0.981115996837616,0.961850643157959,0.9598246812820435,[2.4384 3.1726 4.0147 0.6600 0.4400 0.3266 0.3116 0.2528 0.2303 0.2527 0.1915 0.1903 0.1858 0.1681 0.1997 0.1522 0.1501 0.1400 0.1647 0.1476 0.1238 0.1205 0.1333 0.1248 0.1140 0.1388 0.1270 0.1167 0.0916 0.0964 0.1022 0.1157 0.0894 0.0826 0.0854 0.1108 0.0846 0.0832 0.0750 0.0826 0.0787 0.0857 0.0782 0.0716 0.0802 0.0665 0.0782 0.0758 0.0770 0.0564 0.0540 0.0653 0.0542 0.0718 0.0576 0.0650 0.0564 0.0576 0.0504 0.0642 0.0530 0.0572 0.0514 0.0515 0.0608 0.0479 0.0633 0.0473 0.0478 0.0435 0.0512 0.0517 0.0430 0.0452 0.0399 0.0461 0.0421 0.0480 0.0525 0.0531 0.0444 0.0632 0.0413 0.0355 0.0410 0.0517 0.0386 0.0329 0.0347 0.0435 0.0322 0.0423 0.0360 0.0308 0.0347 0.0448 0.0350 0.0292 0.0412 0.0461],[2.4523 3.0827 3.8724 0.6866 0.4885 0.3725 0.3492 0.2939 0.2544 0.2880 0.2095 0.2227 0.2244 0.2043 0.2333 0.1835 0.1807 0.1822 0.2116 0.1889 0.1627 0.1639 0.1741 0.1656 0.1588 0.1816 0.1768 0.1538 0.1349 0.1497 0.1561 0.1784 0.1456 0.1358 0.1449 0.1750 0.1446 0.1527 0.1343 0.1516 0.1501 0.1508 0.1482 0.1373 0.1447 0.1382 0.1586 0.1511 0.1487 0.1313 0.1307 0.1417 0.1297 0.1546 0.1359 0.1531 0.1505 0.1423 0.1383 0.1633 0.1485 0.1474 0.1448 0.1555 0.1584 0.1455 0.1717 0.1451 0.1374 0.1303 0.1483 0.1607 0.1402 0.1392 0.1454 0.1441 0.1524 0.1569 0.1701 0.1618 0.1513 0.1899 0.1575 0.1519 0.1586 0.1704 0.1557 0.1388 0.1493 0.1507 0.1416 0.1551 0.1501 0.1598 0.1575 0.1719 0.1630 0.1490 0.1657 0.1563],[2.0536 1.8094 1.5026 0.7280 0.4973 0.4114 0.3694 0.3345 0.3112 0.2940 0.2818 0.2685 0.2551 0.2449 0.2395 0.2285 0.2193 0.2146 0.2096 0.2003 0.1976 0.1924 0.1872 0.1821 0.1806 0.1719 0.1689 0.1693 0.1669 0.1603 0.1546 0.1534 0.1515 0.1479 0.1444 0.1424 0.1417 0.1392 0.1356 0.1337 0.1301 0.1310 0.1286 0.1272 0.1253 0.1239 0.1202 0.1192 0.1187 0.1168 0.1140 0.1131 0.1117 0.1109 0.1100 0.1078 0.1046 0.1050 0.1039 0.1019 0.1024 0.1022 0.1014 0.0978 0.0974 0.0966 0.0959 0.0937 0.0937 0.0945 0.0940 0.0908 0.0921 0.0895 0.0889 0.0889 0.0873 0.0870 0.0850 0.0836 0.0839 0.0815 0.0827 0.0807 0.0813 0.0809 0.0795 0.0804 0.0777 0.0788 0.0763 0.0766 0.0768 0.0737 0.0737 0.0733 0.0722 0.0705 0.0703 0.0730]
