train_acc,valid_acc,test_acc,train_loss,valid_loss,train_aug_loss
0.9829447865486145,0.9624594449996948,0.960189938545227,[3.5891 0.3538 0.1964 0.2084 0.1863 0.1858 0.1468 0.1346 0.1418 0.1322 0.1372 0.1593 0.1168 0.0955 0.1075 0.1316 0.1046 0.1133 0.1138 0.0861 0.1052 0.1198 0.0910 0.0900 0.0736 0.0735 0.0930 0.0677 0.0707 0.0788 0.0721 0.0681 0.0876 0.0734 0.0746 0.0760 0.0598 0.0884 0.0772 0.0859 0.0749 0.0626 0.0625 0.0654 0.0568 0.0475 0.0553 0.0534 0.0527 0.0618],[3.3636 0.3693 0.2238 0.2319 0.2087 0.2080 0.1865 0.1738 0.1856 0.1722 0.1829 0.2060 0.1618 0.1591 0.1685 0.1859 0.1654 0.1708 0.1726 0.1487 0.1683 0.1772 0.1559 0.1607 0.1341 0.1427 0.1677 0.1364 0.1403 0.1520 0.1425 0.1493 0.1668 0.1492 0.1512 0.1580 0.1366 0.1736 0.1580 0.1747 0.1622 0.1423 0.1419 0.1517 0.1443 0.1352 0.1407 0.1334 0.1445 0.1482],[1.3843 0.5716 0.4244 0.3667 0.3280 0.3136 0.2919 0.2805 0.2744 0.2592 0.2558 0.2464 0.2420 0.2363 0.2301 0.2261 0.2206 0.2223 0.2151 0.2127 0.2054 0.2056 0.2023 0.2009 0.1999 0.1963 0.1951 0.1938 0.1870 0.1881 0.1870 0.1844 0.1810 0.1797 0.1794 0.1761 0.1728 0.1747 0.1747 0.1706 0.1686 0.1671 0.1638 0.1666 0.1660 0.1661 0.1624 0.1637 0.1604 0.1615]
