train_acc,valid_acc,test_acc,train_loss,valid_loss,train_aug_loss
0.9720016717910767,0.9628652334213257,0.9569028615951538,[2.0157 1.3286 0.6909 0.5912 0.4934 0.3894 0.2980 0.2937 0.2063 0.2053 0.2476 0.1880 0.1944 0.2021 0.1618 0.1500 0.1494 0.1328 0.1477 0.1398 0.1352 0.1173 0.1380 0.1253 0.1501 0.1152 0.1069 0.1031 0.0868 0.1023 0.1030 0.1487 0.0999 0.0974 0.1026 0.0965 0.1280 0.0988 0.1136 0.1002 0.0881 0.0925 0.0930 0.0965 0.0752 0.1002 0.0829 0.0821 0.0898 0.0699],[1.9315 1.1880 0.6474 0.5611 0.4532 0.3652 0.2968 0.2938 0.2211 0.2167 0.2664 0.2128 0.2107 0.2171 0.1859 0.1769 0.1751 0.1686 0.1888 0.1763 0.1838 0.1567 0.1808 0.1695 0.1835 0.1532 0.1532 0.1490 0.1326 0.1594 0.1507 0.1979 0.1478 0.1487 0.1546 0.1482 0.1915 0.1563 0.1734 0.1568 0.1436 0.1536 0.1577 0.1670 0.1382 0.1612 0.1453 0.1434 0.1556 0.1346],[1.9412 1.5126 0.9494 0.6762 0.5685 0.4991 0.4519 0.4181 0.3846 0.3654 0.3456 0.3251 0.3118 0.3002 0.2901 0.2786 0.2705 0.2644 0.2589 0.2508 0.2423 0.2366 0.2385 0.2288 0.2228 0.2243 0.2157 0.2128 0.2102 0.2060 0.2015 0.1998 0.1960 0.1966 0.1903 0.1876 0.1868 0.1841 0.1857 0.1816 0.1785 0.1757 0.1758 0.1744 0.1725 0.1655 0.1694 0.1696 0.1666 0.1630]
