train_acc,valid_acc,test_acc,train_loss,valid_loss,train_aug_loss
0.983169674873352,0.9610389471054077,0.9636595845222473,[2.3463 0.4850 0.3599 0.2931 0.2511 0.1812 0.2173 0.2223 0.1686 0.1531 0.1700 0.1913 0.1264 0.1419 0.1574 0.1523 0.1652 0.1142 0.1428 0.1265 0.1401 0.1098 0.0866 0.0929 0.1126 0.0800 0.0806 0.0943 0.1394 0.0951 0.0914 0.1067 0.1021 0.0873 0.1017 0.0748 0.0874 0.0779 0.0668 0.1457 0.0770 0.1037 0.1062 0.0736 0.0826 0.1066 0.0841 0.1015 0.0935 0.0602],[2.2129 0.5042 0.3716 0.3035 0.2783 0.2080 0.2361 0.2503 0.2066 0.1877 0.2083 0.2189 0.1754 0.1985 0.1998 0.1977 0.2234 0.1515 0.1946 0.1776 0.1849 0.1655 0.1453 0.1531 0.1679 0.1443 0.1384 0.1493 0.2081 0.1536 0.1591 0.1728 0.1603 0.1419 0.1791 0.1392 0.1478 0.1354 0.1276 0.2006 0.1478 0.1691 0.1732 0.1390 0.1535 0.1664 0.1519 0.1674 0.1653 0.1270],[1.8836 1.0843 0.5641 0.4558 0.3935 0.3669 0.3454 0.3204 0.3089 0.2979 0.2832 0.2726 0.2721 0.2612 0.2544 0.2500 0.2468 0.2384 0.2378 0.2290 0.2267 0.2220 0.2242 0.2175 0.2117 0.2110 0.2089 0.2087 0.1988 0.2005 0.1977 0.1975 0.1916 0.1905 0.1894 0.1879 0.1847 0.1839 0.1837 0.1814 0.1830 0.1744 0.1754 0.1776 0.1756 0.1731 0.1703 0.1732 0.1683 0.1677]
