train_acc,valid_acc,test_acc,train_loss,valid_loss,train_aug_loss
0.9823384284973145,0.9628652334213257,0.9662162065505981,[2.2979 1.5774 0.3897 0.2690 0.2490 0.2386 0.1948 0.2200 0.2289 0.1771 0.1632 0.1341 0.1983 0.1257 0.1217 0.1252 0.1608 0.1352 0.1348 0.1138 0.1296 0.1399 0.1302 0.1274 0.1079 0.1497 0.1057 0.1107 0.1031 0.1178 0.1203 0.1484 0.0837 0.1237 0.1300 0.0822 0.0977 0.1253 0.0667 0.0827 0.0976 0.0640 0.0889 0.0903 0.0952 0.0621 0.0661 0.0904 0.0887 0.0794],[2.2318 1.5925 0.4112 0.2884 0.2784 0.2845 0.2244 0.2413 0.2398 0.2016 0.2023 0.1727 0.2201 0.1677 0.1712 0.1765 0.1915 0.1770 0.1820 0.1553 0.1741 0.1765 0.1768 0.1727 0.1545 0.2057 0.1584 0.1615 0.1523 0.1839 0.1800 0.2084 0.1497 0.1794 0.1939 0.1331 0.1651 0.1900 0.1364 0.1502 0.1624 0.1218 0.1512 0.1637 0.1612 0.1193 0.1406 0.1675 0.1615 0.1460],[1.9783 1.6119 0.7175 0.4659 0.3928 0.3528 0.3292 0.3066 0.2929 0.2831 0.2720 0.2685 0.2544 0.2470 0.2448 0.2392 0.2347 0.2273 0.2272 0.2226 0.2182 0.2148 0.2114 0.2076 0.2049 0.2031 0.1986 0.1951 0.1969 0.1903 0.1899 0.1912 0.1855 0.1841 0.1838 0.1797 0.1812 0.1772 0.1738 0.1766 0.1719 0.1703 0.1720 0.1706 0.1704 0.1636 0.1640 0.1660 0.1651 0.1617]
