train_acc,valid_acc,test_acc,train_loss,valid_loss,train_aug_loss
0.9932297468185425,0.9733479619026184,0.9506350755691528,[4.3527 0.9366 0.2951 0.2074 0.1821 0.1608 0.1454 0.1346 0.1452 0.1391 0.1163 0.1144 0.0987 0.0912 0.0891 0.0836 0.1366 0.0814 0.0913 0.0911 0.1175 0.0628 0.0720 0.0608 0.0827 0.0959 0.0593 0.1111 0.0794 0.0636 0.0844 0.0571 0.0667 0.0500 0.0942 0.0567 0.0479 0.0479 0.1133 0.0411 0.0493 0.0458 0.0759 0.0473 0.0474 0.0411 0.0360 0.0362 0.0355 0.0335 0.0464 0.0315 0.0377 0.0379 0.0404 0.0287 0.0434 0.0608 0.0285 0.0345 0.0289 0.0375 0.0235 0.0281 0.0362 0.0224 0.0236 0.0297 0.0197 0.0268 0.0351 0.0254 0.0277 0.0210 0.0333 0.0394 0.0349 0.0169 0.0243 0.0376 0.0438 0.0170 0.0169 0.0188 0.0156 0.0171 0.0212 0.0155 0.0197 0.0172 0.0363 0.0210 0.0142 0.0129 0.0358 0.0214 0.0178 0.0152 0.0145 0.0222],[4.0658 0.9002 0.3382 0.2217 0.1976 0.1878 0.1688 0.1679 0.1769 0.1768 0.1599 0.1643 0.1471 0.1445 0.1439 0.1414 0.1964 0.1428 0.1595 0.1378 0.2047 0.1259 0.1415 0.1301 0.1559 0.1829 0.1243 0.1860 0.1676 0.1342 0.1514 0.1297 0.1571 0.1216 0.1906 0.1518 0.1279 0.1343 0.2218 0.1200 0.1380 0.1361 0.1793 0.1490 0.1424 0.1266 0.1334 0.1177 0.1270 0.1261 0.1550 0.1142 0.1330 0.1428 0.1386 0.1254 0.1616 0.1862 0.1251 0.1359 0.1276 0.1504 0.1098 0.1364 0.1543 0.1172 0.1274 0.1309 0.1063 0.1352 0.1560 0.1412 0.1467 0.1309 0.1599 0.1719 0.1600 0.1218 0.1436 0.1823 0.1891 0.1350 0.1169 0.1329 0.1203 0.1219 0.1416 0.1314 0.1466 0.1410 0.1796 0.1429 0.1176 0.1280 0.1962 0.1536 0.1376 0.1470 0.1345 0.1656],[1.9830 1.4092 0.5404 0.3757 0.3241 0.2943 0.2731 0.2510 0.2356 0.2253 0.2158 0.2079 0.1985 0.1928 0.1872 0.1812 0.1771 0.1718 0.1645 0.1640 0.1564 0.1542 0.1510 0.1474 0.1434 0.1409 0.1390 0.1380 0.1332 0.1324 0.1292 0.1271 0.1239 0.1244 0.1213 0.1202 0.1190 0.1156 0.1138 0.1136 0.1119 0.1089 0.1089 0.1066 0.1044 0.1043 0.1021 0.1003 0.0995 0.0982 0.0978 0.0960 0.0969 0.0945 0.0909 0.0926 0.0911 0.0912 0.0886 0.0880 0.0881 0.0882 0.0850 0.0832 0.0822 0.0831 0.0843 0.0816 0.0793 0.0788 0.0778 0.0779 0.0779 0.0760 0.0780 0.0772 0.0753 0.0743 0.0730 0.0736 0.0732 0.0694 0.0689 0.0697 0.0696 0.0695 0.0708 0.0677 0.0669 0.0677 0.0658 0.0685 0.0653 0.0637 0.0647 0.0651 0.0642 0.0630 0.0619 0.0622]
