train_acc,valid_acc,test_acc,train_loss,valid_loss,train_aug_loss
0.9789645671844482,0.9608360528945923,0.9592768549919128,[2.0492 1.3487 0.8197 0.6724 0.5947 0.3752 0.3240 0.3395 0.2438 0.2151 0.2232 0.1963 0.2647 0.2113 0.1801 0.1863 0.1982 0.1478 0.1587 0.1413 0.1573 0.1177 0.1416 0.1727 0.1597 0.1638 0.1404 0.1279 0.1781 0.1173 0.1087 0.1547 0.1391 0.1002 0.1131 0.0994 0.1235 0.0660 0.1444 0.1047 0.1045 0.1412 0.0758 0.1061 0.0931 0.1056 0.0852 0.0663 0.1177 0.1058],[1.9252 1.1735 0.7425 0.6092 0.5443 0.3528 0.2989 0.3160 0.2507 0.2261 0.2296 0.2157 0.2742 0.2266 0.2056 0.2132 0.2260 0.1842 0.2006 0.1799 0.1915 0.1558 0.1830 0.1991 0.1908 0.2050 0.1887 0.1707 0.2130 0.1560 0.1564 0.2017 0.1872 0.1444 0.1734 0.1438 0.1900 0.1261 0.1853 0.1629 0.1536 0.1845 0.1281 0.1656 0.1454 0.1686 0.1416 0.1202 0.1787 0.1567],[1.9394 1.5275 0.9343 0.6751 0.5617 0.4979 0.4490 0.4110 0.3836 0.3608 0.3439 0.3261 0.3141 0.3024 0.2898 0.2792 0.2736 0.2640 0.2608 0.2524 0.2477 0.2406 0.2351 0.2312 0.2265 0.2230 0.2203 0.2143 0.2131 0.2109 0.2100 0.2005 0.2033 0.1966 0.1936 0.1959 0.1913 0.1877 0.1873 0.1837 0.1802 0.1799 0.1812 0.1774 0.1720 0.1738 0.1681 0.1673 0.1701 0.1660]
