train_acc,valid_acc,test_acc,train_loss,valid_loss,train_aug_loss
0.9892817735671997,0.9655032753944397,0.959094226360321,[1.9607 2.9110 3.0804 0.6670 0.4680 0.4454 0.3204 0.2996 0.2998 0.2701 0.1966 0.2189 0.2208 0.1997 0.1789 0.1790 0.1551 0.1679 0.1531 0.1634 0.1894 0.1535 0.1575 0.1472 0.1211 0.1138 0.1119 0.1188 0.1240 0.1305 0.1513 0.0972 0.1008 0.1360 0.1023 0.0931 0.0964 0.0954 0.0981 0.0869 0.0803 0.0881 0.0776 0.0749 0.0924 0.0687 0.0839 0.0789 0.0715 0.0787 0.0744 0.0713 0.0782 0.0699 0.0590 0.0656 0.0785 0.0634 0.0717 0.0556 0.0610 0.0693 0.0558 0.0566 0.0566 0.0679 0.0508 0.0531 0.0432 0.0525 0.0434 0.0529 0.0571 0.0499 0.0467 0.0436 0.0525 0.0613 0.0481 0.0493 0.0451 0.0441 0.0308 0.0377 0.0549 0.0403 0.0352 0.0488 0.0390 0.0377 0.0441 0.0430 0.0393 0.0355 0.0300 0.0406 0.0368 0.0541 0.0444 0.0319],[1.9654 2.8198 3.0597 0.6729 0.4954 0.4614 0.3379 0.3295 0.3354 0.3046 0.2191 0.2604 0.2474 0.2522 0.2094 0.2193 0.1891 0.2062 0.1926 0.2059 0.2491 0.1885 0.2053 0.2060 0.1750 0.1650 0.1587 0.1730 0.1858 0.1930 0.2147 0.1560 0.1636 0.1943 0.1591 0.1590 0.1615 0.1665 0.1631 0.1554 0.1435 0.1607 0.1468 0.1455 0.1709 0.1456 0.1532 0.1535 0.1444 0.1631 0.1558 0.1598 0.1645 0.1553 0.1382 0.1613 0.1680 0.1488 0.1683 0.1406 0.1483 0.1616 0.1460 0.1501 0.1482 0.1704 0.1521 0.1532 0.1480 0.1661 0.1405 0.1561 0.1646 0.1549 0.1458 0.1534 0.1710 0.1693 0.1572 0.1606 0.1541 0.1507 0.1362 0.1497 0.1635 0.1589 0.1534 0.1701 0.1599 0.1622 0.1564 0.1622 0.1555 0.1641 0.1492 0.1649 0.1511 0.1847 0.1701 0.1504],[2.0723 1.8228 1.5503 0.8067 0.5320 0.4319 0.3823 0.3474 0.3208 0.3008 0.2830 0.2645 0.2578 0.2453 0.2363 0.2243 0.2189 0.2132 0.2068 0.1988 0.1928 0.1859 0.1852 0.1799 0.1757 0.1702 0.1682 0.1644 0.1616 0.1572 0.1530 0.1505 0.1491 0.1464 0.1445 0.1418 0.1373 0.1358 0.1338 0.1311 0.1307 0.1279 0.1267 0.1238 0.1280 0.1231 0.1182 0.1191 0.1168 0.1172 0.1143 0.1131 0.1112 0.1092 0.1068 0.1070 0.1066 0.1065 0.1028 0.1043 0.1015 0.1018 0.1000 0.0990 0.0960 0.0951 0.0960 0.0935 0.0947 0.0944 0.0904 0.0892 0.0900 0.0892 0.0916 0.0864 0.0854 0.0847 0.0841 0.0829 0.0826 0.0807 0.0831 0.0826 0.0802 0.0799 0.0793 0.0787 0.0789 0.0747 0.0763 0.0753 0.0741 0.0754 0.0744 0.0733 0.0737 0.0719 0.0722 0.0708]
