train_acc,valid_acc,test_acc,train_loss,valid_loss,train_aug_loss
0.9838151335716248,0.9614447951316833,0.9647552967071533,[2.3073 2.0292 0.8593 0.2967 0.2789 0.2264 0.2234 0.1709 0.1836 0.1536 0.1624 0.1413 0.1329 0.1255 0.1093 0.1380 0.1204 0.1418 0.1262 0.1137 0.1134 0.1171 0.0928 0.1045 0.0953 0.0955 0.0930 0.0740 0.1018 0.0934 0.0806 0.1414 0.0998 0.1034 0.0800 0.0922 0.1187 0.1001 0.0939 0.0901 0.1440 0.1045 0.0749 0.0599 0.0674 0.0971 0.0659 0.0713 0.0927 0.0769],[2.2554 2.1117 0.8792 0.3528 0.3145 0.2818 0.2737 0.2138 0.2324 0.2105 0.2031 0.1824 0.1863 0.1793 0.1625 0.1991 0.1701 0.1861 0.1865 0.1658 0.1659 0.1652 0.1525 0.1540 0.1555 0.1505 0.1531 0.1303 0.1578 0.1493 0.1401 0.1963 0.1586 0.1568 0.1434 0.1552 0.1811 0.1586 0.1581 0.1525 0.1985 0.1818 0.1364 0.1231 0.1403 0.1736 0.1263 0.1321 0.1609 0.1424],[1.9585 1.7287 1.2565 0.5645 0.4282 0.3763 0.3445 0.3221 0.3071 0.2905 0.2778 0.2728 0.2616 0.2537 0.2501 0.2433 0.2368 0.2297 0.2270 0.2266 0.2199 0.2143 0.2114 0.2068 0.2082 0.2056 0.2015 0.1975 0.1954 0.1920 0.1923 0.1915 0.1858 0.1853 0.1856 0.1847 0.1797 0.1789 0.1784 0.1749 0.1743 0.1688 0.1697 0.1692 0.1709 0.1677 0.1642 0.1619 0.1630 0.1644]
