train_acc,valid_acc,test_acc,train_loss,valid_loss,train_aug_loss
0.9838346838951111,0.9626623392105103,0.9616508483886719,[2.0083 3.6988 5.4850 0.7619 0.4269 0.3801 0.3176 0.2878 0.2668 0.2543 0.2230 0.2328 0.2082 0.1983 0.1888 0.1638 0.1596 0.2021 0.1753 0.1798 0.1378 0.1533 0.1427 0.1348 0.1198 0.1251 0.1217 0.1245 0.1169 0.1060 0.1017 0.0999 0.1147 0.1180 0.0879 0.0905 0.1251 0.0858 0.0905 0.0733 0.0796 0.0742 0.0904 0.0762 0.0856 0.0719 0.0706 0.0749 0.0704 0.0724 0.0890 0.0710 0.0785 0.0771 0.0626 0.0815 0.0606 0.0728 0.0619 0.0493 0.0603 0.0502 0.0637 0.0569 0.0550 0.0552 0.0556 0.0749 0.0492 0.0648 0.0517 0.0552 0.0521 0.0517 0.0488 0.0532 0.0535 0.0522 0.0388 0.0488 0.0506 0.0523 0.0512 0.0428 0.0462 0.0412 0.0485 0.0322 0.0495 0.0459 0.0301 0.0291 0.0506 0.0601 0.0342 0.0367 0.0324 0.0279 0.0379 0.0306],[1.9967 3.4317 5.1293 0.7396 0.4572 0.3999 0.3508 0.2912 0.2835 0.2588 0.2470 0.2664 0.2353 0.2310 0.2269 0.1956 0.1891 0.2498 0.2182 0.2297 0.1794 0.2067 0.1882 0.1819 0.1647 0.1754 0.1743 0.1697 0.1756 0.1567 0.1487 0.1577 0.1807 0.1773 0.1598 0.1554 0.1872 0.1481 0.1553 0.1438 0.1502 0.1448 0.1654 0.1482 0.1601 0.1497 0.1434 0.1525 0.1466 0.1450 0.1714 0.1468 0.1617 0.1587 0.1421 0.1656 0.1469 0.1667 0.1561 0.1347 0.1543 0.1363 0.1550 0.1479 0.1443 0.1443 0.1513 0.1875 0.1521 0.1751 0.1567 0.1678 0.1589 0.1582 0.1524 0.1600 0.1537 0.1610 0.1427 0.1535 0.1574 0.1569 0.1686 0.1499 0.1540 0.1399 0.1550 0.1468 0.1536 0.1605 0.1406 0.1387 0.1763 0.1962 0.1509 0.1588 0.1505 0.1353 0.1600 0.1442],[2.0898 1.8463 1.6605 0.9155 0.5404 0.4441 0.3756 0.3434 0.3166 0.2980 0.2760 0.2671 0.2583 0.2457 0.2330 0.2275 0.2235 0.2112 0.2084 0.1999 0.1930 0.1889 0.1855 0.1815 0.1778 0.1712 0.1715 0.1658 0.1624 0.1600 0.1546 0.1532 0.1530 0.1468 0.1463 0.1429 0.1426 0.1385 0.1356 0.1340 0.1332 0.1335 0.1275 0.1281 0.1269 0.1207 0.1177 0.1198 0.1178 0.1214 0.1165 0.1136 0.1120 0.1101 0.1108 0.1101 0.1091 0.1064 0.1058 0.1057 0.1031 0.1040 0.1001 0.1012 0.1008 0.0977 0.0971 0.0959 0.0928 0.0928 0.0939 0.0948 0.0899 0.0919 0.0886 0.0881 0.0892 0.0877 0.0864 0.0868 0.0864 0.0830 0.0846 0.0829 0.0834 0.0815 0.0826 0.0802 0.0798 0.0792 0.0776 0.0771 0.0770 0.0767 0.0763 0.0759 0.0749 0.0752 0.0710 0.0718]
