train_acc,valid_acc,test_acc,train_loss,valid_loss,train_aug_loss
0.979864239692688,0.963676929473877,0.9643900394439697,[2.2454 0.4740 0.3076 0.2714 0.2443 0.2696 0.1846 0.1798 0.2053 0.1559 0.2199 0.1746 0.1928 0.1743 0.1773 0.1683 0.1556 0.1468 0.1194 0.1627 0.1007 0.1725 0.1269 0.1137 0.1606 0.0925 0.1059 0.1092 0.0838 0.0939 0.1280 0.0913 0.0963 0.0794 0.1123 0.0983 0.1008 0.0751 0.0818 0.0870 0.1032 0.0872 0.1030 0.0738 0.0662 0.0680 0.0934 0.0945 0.1179 0.0635],[2.0814 0.4615 0.3385 0.2697 0.2439 0.2610 0.2060 0.1991 0.2066 0.1775 0.2478 0.2088 0.2113 0.1981 0.1979 0.1893 0.1932 0.1840 0.1613 0.1965 0.1436 0.2110 0.1726 0.1603 0.2105 0.1374 0.1516 0.1614 0.1429 0.1441 0.1863 0.1383 0.1440 0.1235 0.1537 0.1520 0.1485 0.1214 0.1391 0.1398 0.1565 0.1337 0.1622 0.1299 0.1196 0.1251 0.1582 0.1591 0.1777 0.1204],[1.8974 1.1232 0.5724 0.4513 0.4013 0.3672 0.3356 0.3208 0.3059 0.2929 0.2840 0.2739 0.2674 0.2595 0.2531 0.2520 0.2464 0.2394 0.2331 0.2311 0.2270 0.2257 0.2210 0.2144 0.2122 0.2080 0.2052 0.2028 0.2008 0.2050 0.1968 0.1950 0.1939 0.1914 0.1881 0.1909 0.1872 0.1832 0.1823 0.1807 0.1791 0.1785 0.1765 0.1745 0.1757 0.1716 0.1722 0.1678 0.1700 0.1668]
