train_acc,valid_acc,test_acc,train_loss,valid_loss,train_aug_loss
0.9813995957374573,0.9594155550003052,0.9636595845222473,[1.9406 1.2904 0.7581 0.5150 0.4112 0.3323 0.3150 0.2838 0.2834 0.2887 0.2664 0.1987 0.2134 0.1911 0.1628 0.2434 0.2064 0.1623 0.1858 0.1433 0.1799 0.1307 0.1293 0.1087 0.1311 0.1592 0.1505 0.1054 0.1434 0.0961 0.1289 0.1070 0.1591 0.1137 0.1093 0.1132 0.1256 0.1031 0.1036 0.1231 0.1194 0.0918 0.0854 0.0805 0.0923 0.1239 0.0589 0.1266 0.0669 0.1053],[1.8537 1.1803 0.7275 0.5086 0.4143 0.3490 0.3557 0.3082 0.3127 0.3196 0.3142 0.2387 0.2666 0.2494 0.2191 0.3055 0.2697 0.2229 0.2526 0.2066 0.2379 0.1891 0.1920 0.1750 0.2041 0.2368 0.2255 0.1759 0.2207 0.1676 0.2053 0.1847 0.2409 0.1895 0.1885 0.2047 0.2139 0.1931 0.1926 0.2218 0.2071 0.1740 0.1672 0.1646 0.1826 0.2190 0.1319 0.2209 0.1484 0.1982],[1.9092 1.5203 0.9252 0.6561 0.5426 0.4829 0.4328 0.4022 0.3751 0.3540 0.3378 0.3245 0.3073 0.2993 0.2861 0.2788 0.2715 0.2637 0.2563 0.2521 0.2462 0.2386 0.2350 0.2295 0.2251 0.2202 0.2162 0.2139 0.2121 0.2070 0.2024 0.2041 0.1991 0.1905 0.1954 0.1914 0.1894 0.1866 0.1834 0.1819 0.1810 0.1762 0.1746 0.1733 0.1748 0.1702 0.1679 0.1693 0.1669 0.1655]
