train_acc,valid_acc,test_acc,train_loss,valid_loss,train_aug_loss
0.978416919708252,0.9640827775001526,0.9625639319419861,[2.2772 0.8387 0.3373 0.2757 0.2337 0.2146 0.1935 0.1660 0.1526 0.1453 0.1412 0.1144 0.1209 0.1158 0.1453 0.1182 0.1067 0.1092 0.1070 0.1037 0.0952 0.0958 0.0866 0.0891 0.0810 0.1013 0.0877 0.0924 0.0656 0.0743 0.0772 0.0742 0.0710 0.0726 0.0718 0.0958 0.0694 0.0661 0.0676 0.0727 0.0775 0.0666 0.0675 0.0847 0.0629 0.0547 0.0635 0.0560 0.0709 0.0572],[2.2562 0.8821 0.3411 0.2883 0.2388 0.2245 0.2257 0.1878 0.1772 0.1678 0.1748 0.1481 0.1479 0.1539 0.1756 0.1507 0.1519 0.1550 0.1533 0.1478 0.1388 0.1435 0.1341 0.1328 0.1340 0.1543 0.1389 0.1511 0.1104 0.1306 0.1271 0.1332 0.1271 0.1266 0.1300 0.1550 0.1280 0.1327 0.1324 0.1389 0.1440 0.1267 0.1355 0.1631 0.1255 0.1239 0.1407 0.1204 0.1514 0.1340],[1.9603 1.3257 0.5596 0.4185 0.3667 0.3278 0.3062 0.2922 0.2782 0.2646 0.2500 0.2439 0.2329 0.2275 0.2210 0.2144 0.2076 0.2025 0.2038 0.1980 0.1945 0.1908 0.1828 0.1809 0.1776 0.1776 0.1761 0.1697 0.1676 0.1662 0.1618 0.1616 0.1588 0.1607 0.1564 0.1516 0.1554 0.1467 0.1471 0.1470 0.1437 0.1420 0.1408 0.1398 0.1409 0.1345 0.1350 0.1335 0.1332 0.1333]
