train_acc,valid_acc,test_acc,train_loss,valid_loss,train_aug_loss
0.987188994884491,0.9644886255264282,0.9623813033103943,[2.4863 5.7079 5.5887 1.4975 0.5137 0.3709 0.3448 0.2963 0.2561 0.2148 0.2107 0.1738 0.1667 0.1559 0.1569 0.1477 0.1268 0.1325 0.1359 0.1267 0.1171 0.1135 0.1168 0.1195 0.1018 0.1099 0.1034 0.1013 0.0866 0.0878 0.0983 0.0955 0.0898 0.0899 0.0823 0.0912 0.0796 0.0769 0.0723 0.0789 0.0723 0.0726 0.0737 0.0742 0.0723 0.0728 0.0687 0.0669 0.0620 0.0633 0.0637 0.0737 0.0628 0.0583 0.0573 0.0617 0.0624 0.0569 0.0580 0.0545 0.0522 0.0535 0.0539 0.0506 0.0553 0.0510 0.0471 0.0484 0.0508 0.0457 0.0464 0.0463 0.0463 0.0453 0.0446 0.0424 0.0444 0.0421 0.0408 0.0445 0.0450 0.0425 0.0395 0.0386 0.0387 0.0474 0.0426 0.0377 0.0413 0.0387 0.0417 0.0402 0.0408 0.0362 0.0401 0.0400 0.0398 0.0357 0.0334 0.0367],[2.4148 5.2242 5.0882 1.6221 0.5926 0.4638 0.4254 0.3470 0.3230 0.2669 0.2676 0.2240 0.2140 0.1975 0.2068 0.1886 0.1760 0.1912 0.1858 0.1828 0.1664 0.1680 0.1711 0.1778 0.1517 0.1706 0.1655 0.1581 0.1357 0.1415 0.1526 0.1553 0.1579 0.1604 0.1318 0.1620 0.1450 0.1386 0.1306 0.1400 0.1394 0.1391 0.1382 0.1381 0.1456 0.1398 0.1397 0.1381 0.1291 0.1326 0.1387 0.1619 0.1344 0.1267 0.1291 0.1390 0.1390 0.1247 0.1415 0.1317 0.1291 0.1303 0.1365 0.1241 0.1348 0.1357 0.1251 0.1275 0.1378 0.1197 0.1235 0.1293 0.1338 0.1268 0.1290 0.1245 0.1330 0.1282 0.1225 0.1284 0.1379 0.1326 0.1261 0.1221 0.1297 0.1535 0.1438 0.1193 0.1340 0.1349 0.1411 0.1391 0.1400 0.1284 0.1368 0.1446 0.1374 0.1371 0.1262 0.1329],[2.0561 1.8357 1.7382 1.1691 0.6612 0.5226 0.4538 0.4099 0.3823 0.3568 0.3398 0.3271 0.3109 0.3028 0.2944 0.2803 0.2728 0.2648 0.2576 0.2519 0.2474 0.2377 0.2326 0.2273 0.2254 0.2215 0.2184 0.2138 0.2089 0.2068 0.2021 0.2005 0.1974 0.1927 0.1908 0.1906 0.1836 0.1842 0.1785 0.1797 0.1761 0.1742 0.1718 0.1717 0.1685 0.1683 0.1662 0.1618 0.1616 0.1597 0.1554 0.1562 0.1546 0.1532 0.1519 0.1502 0.1491 0.1467 0.1459 0.1442 0.1416 0.1428 0.1438 0.1407 0.1383 0.1380 0.1368 0.1353 0.1306 0.1346 0.1326 0.1320 0.1317 0.1310 0.1276 0.1274 0.1281 0.1260 0.1251 0.1245 0.1234 0.1241 0.1220 0.1218 0.1208 0.1179 0.1190 0.1194 0.1177 0.1178 0.1165 0.1139 0.1160 0.1140 0.1144 0.1136 0.1141 0.1106 0.1099 0.1092]
