train_acc,valid_acc,test_acc,train_loss,valid_loss,train_aug_loss
0.9863871335983276,0.9671266078948975,0.9574506878852844,[2.0024 4.1944 5.5505 3.5218 3.4112 0.8205 0.3753 0.2930 0.2405 0.2106 0.1899 0.1664 0.1559 0.1544 0.1584 0.1353 0.1358 0.1208 0.1186 0.1271 0.1118 0.1138 0.1219 0.1016 0.0950 0.1072 0.0931 0.1018 0.1039 0.0864 0.0873 0.0841 0.0827 0.0929 0.0904 0.0793 0.0728 0.0752 0.0719 0.0741 0.0671 0.0648 0.0697 0.0694 0.0680 0.0694 0.0636 0.0636 0.0631 0.0584 0.0640 0.0558 0.0561 0.0616 0.0539 0.0550 0.0568 0.0505 0.0515 0.0499 0.0480 0.0521 0.0502 0.0473 0.0463 0.0466 0.0459 0.0486 0.0427 0.0437 0.0428 0.0450 0.0436 0.0421 0.0413 0.0435 0.0426 0.0424 0.0429 0.0417 0.0383 0.0394 0.0399 0.0397 0.0345 0.0336 0.0429 0.0411 0.0376 0.0402 0.0360 0.0333 0.0351 0.0386 0.0309 0.0338 0.0328 0.0326 0.0312 0.0294],[1.9983 3.8879 5.0927 3.2579 3.2168 0.8685 0.4031 0.3069 0.2598 0.2325 0.2080 0.1946 0.1792 0.1736 0.1725 0.1552 0.1627 0.1445 0.1430 0.1584 0.1418 0.1487 0.1573 0.1328 0.1255 0.1379 0.1329 0.1389 0.1461 0.1299 0.1350 0.1306 0.1277 0.1445 0.1415 0.1276 0.1246 0.1251 0.1233 0.1291 0.1173 0.1184 0.1275 0.1286 0.1237 0.1279 0.1195 0.1289 0.1261 0.1196 0.1282 0.1172 0.1164 0.1302 0.1201 0.1198 0.1270 0.1165 0.1178 0.1173 0.1143 0.1170 0.1185 0.1138 0.1163 0.1143 0.1226 0.1199 0.1091 0.1143 0.1117 0.1184 0.1169 0.1135 0.1172 0.1241 0.1262 0.1198 0.1159 0.1193 0.1177 0.1226 0.1171 0.1178 0.1115 0.1171 0.1286 0.1236 0.1288 0.1246 0.1232 0.1133 0.1255 0.1244 0.1179 0.1178 0.1218 0.1204 0.1235 0.1201],[2.0637 1.8341 1.7916 1.7633 1.4545 0.8290 0.5444 0.4587 0.4129 0.3857 0.3597 0.3438 0.3222 0.3097 0.2980 0.2866 0.2761 0.2701 0.2609 0.2561 0.2469 0.2404 0.2372 0.2299 0.2287 0.2218 0.2192 0.2122 0.2112 0.2065 0.2027 0.1971 0.1959 0.1930 0.1916 0.1918 0.1856 0.1846 0.1818 0.1807 0.1752 0.1774 0.1711 0.1676 0.1705 0.1688 0.1652 0.1627 0.1601 0.1609 0.1583 0.1575 0.1544 0.1544 0.1519 0.1495 0.1481 0.1457 0.1449 0.1460 0.1425 0.1406 0.1412 0.1382 0.1390 0.1348 0.1378 0.1350 0.1329 0.1363 0.1328 0.1313 0.1312 0.1296 0.1291 0.1254 0.1278 0.1248 0.1248 0.1237 0.1221 0.1228 0.1209 0.1190 0.1193 0.1182 0.1161 0.1192 0.1155 0.1144 0.1149 0.1148 0.1145 0.1137 0.1127 0.1138 0.1119 0.1133 0.1100 0.1081]
