train_acc,valid_acc,test_acc,train_loss,valid_loss,train_aug_loss
0.9866217970848083,0.961850643157959,0.9629291296005249,[1.9239 1.8563 1.9560 2.3455 0.8881 0.4596 0.4271 0.2955 0.3012 0.2762 0.2424 0.2316 0.2345 0.2037 0.2072 0.2452 0.2210 0.1776 0.1690 0.2054 0.1965 0.1521 0.1518 0.1640 0.1350 0.1529 0.1423 0.1398 0.1317 0.1542 0.1238 0.1355 0.1312 0.1128 0.1164 0.1179 0.1066 0.1426 0.1221 0.0959 0.1082 0.0925 0.0829 0.0829 0.1014 0.0955 0.0949 0.0814 0.0949 0.0983 0.0701 0.0911 0.1151 0.0814 0.0707 0.0631 0.0766 0.0652 0.0887 0.0776 0.0595 0.0667 0.0762 0.0728 0.0685 0.0596 0.0766 0.0604 0.0699 0.0674 0.0470 0.0533 0.0507 0.0719 0.0495 0.0439 0.0564 0.0639 0.0490 0.0729 0.0565 0.0557 0.0444 0.0375 0.0431 0.0463 0.0516 0.0414 0.0385 0.0385 0.0470 0.0515 0.0507 0.0405 0.0380 0.0420 0.0440 0.0577 0.0532 0.0467],[1.9387 1.8706 1.9472 2.3947 0.9185 0.4746 0.4432 0.3186 0.3347 0.3025 0.2683 0.2632 0.2625 0.2352 0.2448 0.2882 0.2708 0.2273 0.2097 0.2439 0.2437 0.2010 0.2066 0.2167 0.1827 0.1990 0.2000 0.1959 0.1781 0.2086 0.1873 0.1959 0.1935 0.1749 0.1699 0.1788 0.1617 0.2091 0.1940 0.1602 0.1723 0.1615 0.1482 0.1492 0.1625 0.1713 0.1735 0.1462 0.1770 0.1758 0.1423 0.1633 0.2006 0.1564 0.1491 0.1418 0.1552 0.1428 0.1736 0.1713 0.1464 0.1510 0.1712 0.1744 0.1616 0.1487 0.1750 0.1489 0.1678 0.1658 0.1410 0.1412 0.1466 0.1751 0.1445 0.1396 0.1540 0.1746 0.1499 0.1807 0.1564 0.1633 0.1365 0.1273 0.1377 0.1514 0.1607 0.1450 0.1433 0.1365 0.1526 0.1641 0.1666 0.1470 0.1432 0.1535 0.1610 0.1769 0.1650 0.1645],[2.0720 1.8661 1.7939 1.5414 0.8741 0.5625 0.4651 0.4095 0.3767 0.3505 0.3314 0.3154 0.2973 0.2850 0.2728 0.2665 0.2580 0.2478 0.2413 0.2361 0.2259 0.2197 0.2148 0.2125 0.2066 0.2023 0.1994 0.1928 0.1874 0.1870 0.1832 0.1802 0.1747 0.1759 0.1694 0.1668 0.1663 0.1641 0.1597 0.1587 0.1529 0.1535 0.1537 0.1506 0.1459 0.1458 0.1445 0.1440 0.1393 0.1378 0.1391 0.1339 0.1329 0.1352 0.1341 0.1309 0.1297 0.1261 0.1261 0.1286 0.1220 0.1235 0.1210 0.1212 0.1194 0.1184 0.1168 0.1160 0.1125 0.1130 0.1117 0.1107 0.1107 0.1069 0.1095 0.1074 0.1080 0.1043 0.1059 0.1037 0.1056 0.1028 0.1002 0.1024 0.1037 0.1002 0.0977 0.0966 0.0957 0.0966 0.0950 0.0933 0.0943 0.0964 0.0935 0.0912 0.0898 0.0938 0.0906 0.0878]
