train_acc,valid_acc,test_acc,train_loss,valid_loss,train_aug_loss
0.9800011515617371,0.9592126607894897,0.9581811428070068,[2.1052 5.3342 7.2755 0.8252 0.6706 0.4054 0.3742 0.3001 0.2862 0.2483 0.2344 0.2667 0.2008 0.2216 0.1936 0.2016 0.2322 0.1879 0.1747 0.1535 0.1861 0.1385 0.1516 0.1470 0.1689 0.1251 0.1345 0.1384 0.1373 0.1220 0.1233 0.1294 0.1255 0.1167 0.0979 0.1057 0.1094 0.1072 0.1092 0.1238 0.0898 0.0880 0.0834 0.0894 0.0812 0.0783 0.0784 0.0867 0.0875 0.0820 0.0869 0.0779 0.0767 0.0779 0.0699 0.0682 0.0756 0.0760 0.0704 0.0698 0.0606 0.0645 0.0584 0.0556 0.0698 0.0575 0.0585 0.0536 0.0565 0.0594 0.0692 0.0572 0.0560 0.0567 0.0619 0.0551 0.0528 0.0514 0.0463 0.0585 0.0667 0.0464 0.0601 0.0533 0.0598 0.0530 0.0500 0.0514 0.0439 0.0459 0.0377 0.0346 0.0422 0.0479 0.0465 0.0567 0.0479 0.0418 0.0457 0.0425],[2.0968 4.8970 6.7092 0.8204 0.7093 0.4083 0.3906 0.3257 0.3161 0.2843 0.2724 0.3157 0.2372 0.2687 0.2344 0.2515 0.2915 0.2508 0.2197 0.2076 0.2447 0.1958 0.2137 0.2091 0.2419 0.1832 0.1967 0.2067 0.2012 0.1851 0.1831 0.2088 0.2007 0.1906 0.1655 0.1771 0.1944 0.1888 0.1846 0.2047 0.1702 0.1728 0.1712 0.1877 0.1668 0.1603 0.1689 0.1883 0.1820 0.1725 0.1764 0.1686 0.1749 0.1756 0.1657 0.1619 0.1777 0.1745 0.1664 0.1710 0.1671 0.1712 0.1534 0.1537 0.1800 0.1579 0.1698 0.1572 0.1627 0.1826 0.1965 0.1634 0.1647 0.1795 0.1744 0.1614 0.1769 0.1713 0.1564 0.1764 0.1874 0.1693 0.1837 0.1805 0.1745 0.1836 0.1708 0.1899 0.1679 0.1584 0.1553 0.1681 0.1776 0.1830 0.1795 0.1951 0.1987 0.1772 0.1791 0.1801],[2.0784 1.8483 1.7424 1.1353 0.6461 0.4908 0.4231 0.3843 0.3532 0.3325 0.3187 0.2992 0.2862 0.2745 0.2659 0.2536 0.2462 0.2365 0.2333 0.2250 0.2189 0.2100 0.2065 0.2009 0.1992 0.1972 0.1893 0.1875 0.1831 0.1814 0.1752 0.1731 0.1700 0.1711 0.1648 0.1631 0.1594 0.1579 0.1556 0.1508 0.1473 0.1508 0.1458 0.1431 0.1421 0.1406 0.1376 0.1384 0.1342 0.1346 0.1314 0.1307 0.1321 0.1292 0.1291 0.1218 0.1236 0.1219 0.1215 0.1206 0.1191 0.1169 0.1183 0.1158 0.1139 0.1125 0.1082 0.1090 0.1089 0.1102 0.1069 0.1060 0.1028 0.1057 0.1040 0.1056 0.1032 0.1032 0.1010 0.1028 0.0992 0.0973 0.0986 0.0964 0.0957 0.0946 0.0953 0.0963 0.0929 0.0915 0.0907 0.0877 0.0912 0.0904 0.0885 0.0873 0.0858 0.0864 0.0872 0.0870]
