train_acc,valid_acc,test_acc,train_loss,valid_loss,train_aug_loss
0.9792481660842896,0.9628652334213257,0.9618334770202637,[1.7971 0.4293 0.3003 0.2572 0.2348 0.2464 0.2014 0.2155 0.2488 0.1745 0.1325 0.1316 0.1509 0.1326 0.1146 0.1535 0.1536 0.1414 0.1359 0.1476 0.1460 0.1123 0.1261 0.1198 0.1251 0.1109 0.1090 0.1222 0.1098 0.1022 0.1201 0.0933 0.1196 0.0864 0.1093 0.1088 0.0835 0.0861 0.1015 0.0993 0.0862 0.1021 0.0803 0.0979 0.0905 0.1040 0.0901 0.0676 0.0714 0.0965],[1.7631 0.4279 0.3117 0.2579 0.2580 0.2474 0.2320 0.2420 0.2649 0.1920 0.1667 0.1660 0.1806 0.1721 0.1510 0.1952 0.1905 0.1696 0.1710 0.1828 0.1839 0.1442 0.1653 0.1634 0.1636 0.1582 0.1556 0.1704 0.1577 0.1539 0.1743 0.1445 0.1623 0.1491 0.1562 0.1602 0.1352 0.1388 0.1579 0.1572 0.1461 0.1600 0.1354 0.1512 0.1467 0.1598 0.1558 0.1226 0.1249 0.1557],[1.8779 0.9866 0.5484 0.4460 0.3969 0.3580 0.3379 0.3209 0.3107 0.2993 0.2873 0.2770 0.2660 0.2586 0.2534 0.2504 0.2434 0.2419 0.2340 0.2300 0.2304 0.2246 0.2234 0.2151 0.2159 0.2119 0.2122 0.2047 0.2087 0.1999 0.1989 0.1974 0.1978 0.1935 0.1952 0.1908 0.1885 0.1891 0.1861 0.1837 0.1832 0.1854 0.1760 0.1776 0.1777 0.1714 0.1718 0.1729 0.1723 0.1709]
