train_acc,valid_acc,test_acc,train_loss,valid_loss,train_aug_loss
0.985673189163208,0.9624594449996948,0.9658510088920593,[1.9245 0.3191 0.2518 0.2323 0.1610 0.1714 0.1535 0.1289 0.1554 0.1354 0.0896 0.1407 0.1648 0.1003 0.1044 0.0928 0.1163 0.1037 0.1124 0.1037 0.1070 0.0893 0.0701 0.0743 0.0727 0.0824 0.0715 0.0906 0.0934 0.0634 0.0719 0.0655 0.0661 0.0754 0.0682 0.0762 0.0711 0.0638 0.0583 0.0463 0.0700 0.0643 0.0622 0.0562 0.0539 0.0536 0.0613 0.0595 0.0726 0.0731],[1.7943 0.3306 0.2824 0.2712 0.2134 0.2283 0.2143 0.1946 0.2200 0.2096 0.1571 0.2083 0.2315 0.1790 0.1807 0.1675 0.1941 0.1896 0.1903 0.1856 0.1880 0.1714 0.1527 0.1567 0.1598 0.1711 0.1572 0.1849 0.1903 0.1477 0.1563 0.1569 0.1524 0.1638 0.1636 0.1668 0.1699 0.1505 0.1412 0.1335 0.1650 0.1567 0.1583 0.1571 0.1542 0.1491 0.1520 0.1582 0.1854 0.1771],[1.3749 0.5653 0.4160 0.3631 0.3295 0.3084 0.2912 0.2788 0.2686 0.2590 0.2501 0.2463 0.2416 0.2350 0.2293 0.2246 0.2226 0.2180 0.2124 0.2110 0.2078 0.2051 0.2024 0.2011 0.1983 0.1948 0.1930 0.1921 0.1852 0.1927 0.1840 0.1808 0.1827 0.1799 0.1766 0.1764 0.1777 0.1747 0.1721 0.1723 0.1717 0.1698 0.1673 0.1700 0.1643 0.1619 0.1633 0.1651 0.1625 0.1603]
