train_acc,valid_acc,test_acc,train_loss,valid_loss,train_aug_loss
0.9800207614898682,0.9606330990791321,0.9623813033103943,[2.2783 0.9377 0.3352 0.3503 0.2807 0.2206 0.2506 0.2998 0.1916 0.1810 0.1449 0.1678 0.1471 0.1764 0.1123 0.0910 0.1347 0.1179 0.1368 0.0981 0.1084 0.0931 0.1172 0.1078 0.0683 0.0796 0.1055 0.0785 0.1068 0.0724 0.0730 0.0919 0.0626 0.0885 0.1300 0.0636 0.0644 0.0699 0.0793 0.0682 0.0616 0.0761 0.0734 0.0818 0.0781 0.0578 0.1265 0.0887 0.0570 0.0767],[2.3631 0.8256 0.3338 0.3376 0.3061 0.2503 0.2727 0.3097 0.2250 0.2238 0.1886 0.2129 0.1970 0.2338 0.1762 0.1515 0.2040 0.1844 0.1999 0.1567 0.1720 0.1646 0.1885 0.1709 0.1337 0.1522 0.1734 0.1531 0.1823 0.1475 0.1463 0.1675 0.1384 0.1732 0.2079 0.1335 0.1463 0.1512 0.1543 0.1369 0.1396 0.1568 0.1534 0.1710 0.1642 0.1374 0.2236 0.1755 0.1426 0.1678],[1.8995 1.0036 0.5715 0.4651 0.4071 0.3731 0.3490 0.3267 0.3112 0.3054 0.2904 0.2756 0.2711 0.2645 0.2562 0.2508 0.2446 0.2380 0.2382 0.2330 0.2237 0.2223 0.2189 0.2163 0.2157 0.2072 0.2080 0.2072 0.1986 0.1979 0.1964 0.1935 0.1951 0.1899 0.1870 0.1856 0.1833 0.1805 0.1805 0.1772 0.1828 0.1733 0.1734 0.1738 0.1698 0.1696 0.1650 0.1656 0.1664 0.1624]
