train_acc,valid_acc,test_acc,train_loss,valid_loss,train_aug_loss
0.9792383909225464,0.9624594449996948,0.9611030220985413,[5.8411 0.4723 0.3273 0.2584 0.1911 0.2005 0.2473 0.1570 0.1205 0.2033 0.1101 0.1240 0.1835 0.1310 0.1640 0.1950 0.1548 0.1098 0.1082 0.0988 0.0823 0.0971 0.0757 0.0983 0.1179 0.0596 0.0627 0.0579 0.0768 0.1195 0.1905 0.0549 0.0710 0.1199 0.1397 0.1084 0.1005 0.0842 0.1353 0.0772 0.0536 0.0851 0.0783 0.0369 0.0478 0.0683 0.1152 0.0524 0.0449 0.0672],[5.1398 0.5057 0.3213 0.2890 0.2057 0.2244 0.2650 0.1917 0.1648 0.2392 0.1566 0.1709 0.2338 0.1942 0.2169 0.2611 0.2063 0.1661 0.1747 0.1710 0.1572 0.1687 0.1559 0.1714 0.2049 0.1372 0.1278 0.1294 0.1641 0.2119 0.2966 0.1459 0.1653 0.2348 0.2657 0.2225 0.2267 0.2010 0.2692 0.1994 0.1553 0.1936 0.2034 0.1329 0.1598 0.1785 0.2460 0.1776 0.1552 0.1842],[1.8451 0.6828 0.3788 0.3232 0.2841 0.2604 0.2448 0.2318 0.2231 0.2098 0.2048 0.1974 0.1915 0.1829 0.1793 0.1751 0.1702 0.1663 0.1644 0.1568 0.1540 0.1551 0.1500 0.1470 0.1430 0.1417 0.1398 0.1361 0.1362 0.1338 0.1310 0.1285 0.1254 0.1258 0.1256 0.1200 0.1200 0.1192 0.1162 0.1178 0.1137 0.1135 0.1115 0.1111 0.1096 0.1094 0.1047 0.1057 0.1033 0.1024]
