train_acc,valid_acc,test_acc,train_loss,valid_loss,train_aug_loss
0.98308265209198,0.9642205238342285,0.945438802242279,[3.0682 0.7660 0.6921 0.3334 0.2730 0.2026 0.1600 0.1584 0.1434 0.1040 0.1064 0.3067 0.1008 0.0902 0.1064 0.0944 0.0804 0.1106 0.0809 0.0815 0.0777 0.0604 0.0834 0.0697 0.0511 0.0709 0.0501 0.0608 0.0794 0.0625 0.0512 0.1046 0.0454 0.0664 0.0972 0.0578 0.0469 0.0502 0.0719 0.0479 0.0554 0.0364 0.0478 0.0386 0.0341 0.0813 0.0363 0.0364 0.0519 0.0329 0.0459 0.0477 0.0337 0.0226 0.0301 0.0386 0.0282 0.0469 0.0328 0.0259 0.0235 0.0244 0.0180 0.0291 0.0288 0.0236 0.0344 0.0141 0.0198 0.0168 0.0144 0.0195 0.0174 0.0523 0.0126 0.0365 0.0217 0.0140 0.0116 0.0175 0.0132 0.0210 0.0129 0.0126 0.0154 0.0190 0.0175 0.0119 0.0211 0.0283 0.0166 0.0081 0.0180 0.0140 0.0182 0.0127 0.0099 0.0272 0.0082 0.0066],[2.8265 0.9082 0.7794 0.3818 0.3387 0.2609 0.1980 0.2075 0.1888 0.1494 0.1474 0.3114 0.1402 0.1375 0.1618 0.1445 0.1334 0.1564 0.1507 0.1554 0.1430 0.1235 0.1525 0.1420 0.1165 0.1680 0.1281 0.1544 0.1850 0.1528 0.1493 0.2419 0.1302 0.1610 0.2212 0.1828 0.1466 0.1753 0.1999 0.1574 0.1925 0.1424 0.1564 0.1441 0.1544 0.2367 0.1484 0.1475 0.1988 0.1459 0.1609 0.2094 0.1631 0.1175 0.1322 0.1955 0.1445 0.1933 0.1576 0.1733 0.1616 0.1605 0.1318 0.1948 0.1485 0.1330 0.1616 0.1318 0.1646 0.1481 0.1353 0.1603 0.1527 0.2443 0.1447 0.2119 0.1907 0.1701 0.1437 0.1892 0.1760 0.1898 0.1773 0.1607 0.1761 0.1853 0.1989 0.1647 0.2217 0.2468 0.2083 0.1450 0.2069 0.2058 0.2165 0.1931 0.1925 0.2494 0.1706 0.1505],[1.9171 1.2915 0.5121 0.3770 0.3249 0.2901 0.2627 0.2414 0.2262 0.2090 0.1986 0.1897 0.1825 0.1746 0.1668 0.1603 0.1555 0.1505 0.1453 0.1411 0.1396 0.1331 0.1299 0.1267 0.1241 0.1196 0.1168 0.1159 0.1132 0.1085 0.1073 0.1035 0.1019 0.1025 0.0972 0.0968 0.0962 0.0908 0.0915 0.0897 0.0876 0.0890 0.0864 0.0818 0.0840 0.0843 0.0810 0.0796 0.0801 0.0769 0.0771 0.0749 0.0736 0.0725 0.0725 0.0704 0.0694 0.0701 0.0668 0.0660 0.0661 0.0647 0.0652 0.0621 0.0618 0.0634 0.0600 0.0581 0.0613 0.0584 0.0586 0.0587 0.0560 0.0544 0.0555 0.0555 0.0542 0.0512 0.0537 0.0528 0.0537 0.0511 0.0505 0.0525 0.0504 0.0513 0.0476 0.0472 0.0477 0.0460 0.0452 0.0448 0.0442 0.0446 0.0472 0.0441 0.0441 0.0439 0.0433 0.0421]
