train_acc,valid_acc,test_acc,train_loss,valid_loss,train_aug_loss
0.9844996929168701,0.9594155550003052,0.9607377648353577,[5.2879 0.4243 0.1959 0.2393 0.1917 0.1250 0.1583 0.1618 0.1313 0.1445 0.1331 0.1590 0.1233 0.1398 0.1016 0.1127 0.1372 0.1064 0.0920 0.0828 0.1234 0.0996 0.0877 0.0655 0.0777 0.0934 0.0732 0.0709 0.0710 0.0711 0.0838 0.0747 0.0784 0.0657 0.0854 0.0687 0.0613 0.0874 0.0600 0.0696 0.0715 0.0649 0.0665 0.0497 0.0535 0.0674 0.0518 0.0596 0.0559 0.0576],[4.5488 0.4256 0.2378 0.2682 0.2377 0.1737 0.2065 0.2223 0.1888 0.2100 0.1935 0.2218 0.1878 0.1993 0.1697 0.1773 0.2063 0.1760 0.1692 0.1581 0.1954 0.1768 0.1633 0.1394 0.1577 0.1669 0.1483 0.1426 0.1528 0.1564 0.1636 0.1651 0.1597 0.1456 0.1648 0.1499 0.1410 0.1783 0.1401 0.1495 0.1639 0.1519 0.1432 0.1358 0.1380 0.1558 0.1409 0.1490 0.1507 0.1544],[1.4508 0.6237 0.4498 0.3782 0.3471 0.3235 0.2989 0.2874 0.2791 0.2654 0.2573 0.2514 0.2415 0.2408 0.2349 0.2266 0.2282 0.2218 0.2148 0.2151 0.2104 0.2081 0.2056 0.2041 0.2013 0.1981 0.1937 0.1907 0.1908 0.1923 0.1906 0.1863 0.1864 0.1823 0.1828 0.1826 0.1778 0.1760 0.1808 0.1755 0.1684 0.1744 0.1716 0.1704 0.1688 0.1664 0.1696 0.1655 0.1660 0.1622]
