train_acc,valid_acc,test_acc,train_loss,valid_loss,train_aug_loss
0.9874823689460754,0.9622564911842346,0.9600073099136353,[2.0127 3.2280 3.1673 0.7830 0.4342 0.3599 0.3303 0.2806 0.2627 0.2559 0.2298 0.2056 0.2064 0.1885 0.1841 0.1559 0.1565 0.1710 0.1542 0.1480 0.1410 0.1424 0.1270 0.1189 0.1345 0.1187 0.1181 0.1340 0.1133 0.1160 0.1201 0.1006 0.1124 0.0927 0.0985 0.1163 0.0740 0.1102 0.0856 0.0914 0.0949 0.0898 0.0790 0.0677 0.0838 0.0872 0.0765 0.0730 0.0762 0.0766 0.0712 0.0637 0.0781 0.0784 0.0634 0.0689 0.0744 0.0696 0.0687 0.0543 0.0647 0.0596 0.0623 0.0610 0.0686 0.0589 0.0592 0.0631 0.0547 0.0553 0.0584 0.0503 0.0495 0.0603 0.0466 0.0585 0.0464 0.0475 0.0475 0.0442 0.0465 0.0636 0.0370 0.0494 0.0475 0.0437 0.0354 0.0332 0.0422 0.0438 0.0427 0.0441 0.0447 0.0362 0.0367 0.0396 0.0354 0.0457 0.0385 0.0376],[1.9995 2.9800 2.9240 0.8109 0.4874 0.3837 0.3615 0.3145 0.2877 0.3016 0.2724 0.2492 0.2426 0.2283 0.2229 0.2013 0.2027 0.2168 0.2032 0.2038 0.1886 0.1888 0.1842 0.1748 0.1994 0.1898 0.1820 0.2044 0.1815 0.1783 0.1861 0.1613 0.1777 0.1544 0.1606 0.1916 0.1371 0.1824 0.1536 0.1674 0.1724 0.1610 0.1548 0.1376 0.1613 0.1603 0.1558 0.1543 0.1541 0.1557 0.1478 0.1415 0.1565 0.1580 0.1453 0.1571 0.1603 0.1537 0.1660 0.1396 0.1443 0.1457 0.1480 0.1458 0.1587 0.1516 0.1523 0.1582 0.1485 0.1520 0.1620 0.1450 0.1419 0.1632 0.1478 0.1634 0.1406 0.1453 0.1477 0.1414 0.1491 0.1677 0.1314 0.1527 0.1499 0.1455 0.1382 0.1355 0.1474 0.1532 0.1414 0.1485 0.1545 0.1404 0.1397 0.1455 0.1387 0.1558 0.1492 0.1473],[2.0777 1.8551 1.6418 0.9080 0.5770 0.4766 0.4280 0.3896 0.3664 0.3453 0.3273 0.3131 0.3009 0.2899 0.2792 0.2737 0.2653 0.2583 0.2511 0.2440 0.2389 0.2352 0.2280 0.2215 0.2182 0.2147 0.2069 0.2087 0.2037 0.1984 0.1952 0.1924 0.1920 0.1868 0.1868 0.1784 0.1783 0.1771 0.1732 0.1740 0.1687 0.1691 0.1667 0.1667 0.1620 0.1615 0.1555 0.1535 0.1539 0.1519 0.1519 0.1499 0.1491 0.1442 0.1465 0.1431 0.1402 0.1395 0.1401 0.1396 0.1375 0.1364 0.1352 0.1340 0.1322 0.1294 0.1319 0.1295 0.1262 0.1248 0.1252 0.1229 0.1235 0.1229 0.1178 0.1193 0.1214 0.1197 0.1180 0.1181 0.1141 0.1151 0.1133 0.1128 0.1132 0.1112 0.1114 0.1072 0.1079 0.1074 0.1094 0.1057 0.1063 0.1060 0.1052 0.1032 0.1053 0.1038 0.1025 0.0994]
