train_acc,valid_acc,test_acc,train_loss,valid_loss,train_aug_loss
0.9813507199287415,0.9553571343421936,0.9589115977287292,[2.0678 1.9336 2.7966 2.7539 3.8323 1.5452 0.5985 0.4739 0.4382 0.3744 0.3552 0.3854 0.3199 0.2792 0.2852 0.2723 0.2598 0.2269 0.2099 0.2021 0.1947 0.2170 0.2058 0.2017 0.1818 0.1884 0.1749 0.1598 0.1580 0.1875 0.1520 0.1571 0.1517 0.1583 0.1526 0.1327 0.1358 0.1252 0.1249 0.1236 0.1389 0.1264 0.1396 0.1246 0.1136 0.1064 0.1003 0.1117 0.1000 0.1030 0.1027 0.1176 0.1044 0.1018 0.0970 0.1003 0.0987 0.0928 0.0965 0.0914 0.0943 0.0956 0.0892 0.0896 0.0937 0.0868 0.0826 0.0771 0.0797 0.0798 0.0826 0.0813 0.0771 0.0888 0.0779 0.0804 0.0731 0.0735 0.0751 0.0929 0.0688 0.0744 0.0789 0.0605 0.0709 0.0676 0.0739 0.0652 0.0687 0.0627 0.0627 0.0703 0.0656 0.0674 0.0594 0.0566 0.0590 0.0621 0.0637 0.0593],[2.0675 1.9322 2.7008 2.6648 3.6628 1.4865 0.6548 0.5137 0.5007 0.4251 0.3746 0.4309 0.3573 0.3174 0.3275 0.3097 0.3066 0.2639 0.2512 0.2423 0.2427 0.2719 0.2610 0.2489 0.2310 0.2399 0.2287 0.2186 0.2140 0.2419 0.2090 0.2111 0.2079 0.2163 0.2091 0.1955 0.1918 0.1922 0.1963 0.1945 0.2035 0.1908 0.2129 0.1923 0.1818 0.1769 0.1705 0.1853 0.1707 0.1741 0.1765 0.1933 0.1810 0.1777 0.1738 0.1799 0.1683 0.1706 0.1749 0.1683 0.1721 0.1776 0.1731 0.1720 0.1771 0.1693 0.1635 0.1654 0.1595 0.1604 0.1690 0.1790 0.1740 0.1864 0.1742 0.1725 0.1554 0.1705 0.1683 0.1896 0.1583 0.1706 0.1781 0.1548 0.1687 0.1629 0.1713 0.1634 0.1721 0.1607 0.1587 0.1804 0.1654 0.1674 0.1597 0.1534 0.1563 0.1653 0.1679 0.1603],[2.1795 1.9958 1.8719 1.8121 1.7099 1.2431 0.8170 0.6349 0.5416 0.4856 0.4451 0.4173 0.3927 0.3706 0.3568 0.3391 0.3310 0.3185 0.3075 0.3025 0.2895 0.2834 0.2748 0.2719 0.2626 0.2587 0.2513 0.2462 0.2421 0.2366 0.2334 0.2276 0.2259 0.2194 0.2175 0.2130 0.2087 0.2048 0.2029 0.1979 0.1963 0.1958 0.1886 0.1889 0.1891 0.1827 0.1835 0.1806 0.1783 0.1760 0.1720 0.1725 0.1715 0.1695 0.1660 0.1673 0.1620 0.1616 0.1582 0.1556 0.1575 0.1543 0.1501 0.1535 0.1505 0.1501 0.1464 0.1446 0.1448 0.1439 0.1441 0.1422 0.1416 0.1356 0.1396 0.1355 0.1357 0.1326 0.1349 0.1288 0.1319 0.1325 0.1263 0.1287 0.1260 0.1238 0.1258 0.1234 0.1208 0.1196 0.1211 0.1195 0.1203 0.1150 0.1147 0.1169 0.1167 0.1160 0.1151 0.1131]
