train_acc,valid_acc,test_acc,train_loss,valid_loss,train_aug_loss
0.9825829267501831,0.9616477489471436,0.9620160460472107,[2.0087 1.2284 0.5806 0.4950 0.2543 0.2705 0.2693 0.3561 0.2649 0.1895 0.2388 0.1807 0.1435 0.1678 0.1576 0.1333 0.1315 0.1686 0.1537 0.1213 0.1443 0.1648 0.1404 0.1332 0.1485 0.1132 0.1195 0.1116 0.1580 0.1104 0.1093 0.0950 0.1508 0.0928 0.1207 0.1007 0.0859 0.0950 0.0965 0.1019 0.0849 0.0848 0.0968 0.0862 0.0871 0.0753 0.0822 0.0591 0.0693 0.1000],[1.8890 1.0823 0.5298 0.4629 0.2788 0.2820 0.2868 0.3517 0.2824 0.2168 0.2570 0.2165 0.1814 0.2053 0.1953 0.1833 0.1769 0.2139 0.2010 0.1736 0.1854 0.2179 0.1944 0.1843 0.2071 0.1660 0.1736 0.1778 0.2114 0.1670 0.1697 0.1550 0.2126 0.1548 0.1899 0.1659 0.1455 0.1608 0.1621 0.1666 0.1509 0.1570 0.1677 0.1627 0.1630 0.1477 0.1554 0.1340 0.1428 0.1755],[1.9119 1.3673 0.8097 0.6002 0.4986 0.4457 0.4028 0.3744 0.3539 0.3362 0.3219 0.3066 0.2958 0.2873 0.2766 0.2696 0.2628 0.2576 0.2519 0.2440 0.2429 0.2364 0.2347 0.2282 0.2246 0.2207 0.2205 0.2108 0.2166 0.2116 0.2117 0.2030 0.2008 0.1998 0.1970 0.1941 0.1940 0.1933 0.1897 0.1852 0.1881 0.1824 0.1825 0.1775 0.1777 0.1731 0.1733 0.1732 0.1729 0.1708]
