train_acc,valid_acc,test_acc,train_loss,valid_loss,train_aug_loss
0.9893013834953308,0.9622564911842346,0.9656683802604675,[3.6111 0.4049 0.2633 0.3261 0.2241 0.1966 0.1288 0.1967 0.1461 0.1275 0.2392 0.1497 0.1936 0.2012 0.1533 0.1689 0.1396 0.1045 0.1117 0.0974 0.1115 0.1169 0.1061 0.0761 0.0862 0.0871 0.1093 0.1163 0.1034 0.1176 0.0953 0.0841 0.0572 0.0782 0.0779 0.0667 0.0896 0.0661 0.0761 0.0317 0.0888 0.0874 0.0842 0.0595 0.0264 0.0847 0.1090 0.0696 0.0423 0.0268],[2.9517 0.3939 0.2937 0.3420 0.2558 0.2377 0.1928 0.2393 0.2067 0.1821 0.2931 0.2230 0.2681 0.2796 0.2192 0.2510 0.2227 0.1903 0.2007 0.1949 0.2073 0.2098 0.2009 0.1802 0.2012 0.1917 0.2248 0.2358 0.2233 0.2238 0.2071 0.1970 0.1649 0.2091 0.2040 0.2009 0.2250 0.1843 0.2119 0.1450 0.2176 0.2162 0.2132 0.1916 0.1567 0.2122 0.2572 0.2072 0.1765 0.1574],[1.7602 0.5630 0.3755 0.3114 0.2817 0.2595 0.2436 0.2296 0.2177 0.2115 0.2023 0.1945 0.1893 0.1809 0.1767 0.1752 0.1694 0.1637 0.1615 0.1560 0.1533 0.1486 0.1466 0.1466 0.1407 0.1394 0.1373 0.1364 0.1331 0.1316 0.1286 0.1259 0.1233 0.1236 0.1204 0.1189 0.1169 0.1174 0.1169 0.1075 0.1096 0.1089 0.1074 0.1075 0.1061 0.1033 0.1066 0.1029 0.1010 0.1026]
