train_acc,valid_acc,test_acc,train_loss,valid_loss,train_aug_loss
0.9768913388252258,0.9557629823684692,0.9621986746788025,[1.9241 1.1175 0.4759 0.3321 0.2771 0.2464 0.2252 0.2511 0.1867 0.1571 0.2148 0.1735 0.2029 0.2196 0.1609 0.1806 0.1809 0.1648 0.1710 0.1635 0.1488 0.1218 0.1011 0.1119 0.1197 0.1027 0.1400 0.1744 0.1329 0.0995 0.1080 0.1049 0.1052 0.0830 0.1441 0.0985 0.0927 0.0816 0.1013 0.0916 0.1115 0.1036 0.0727 0.1656 0.0753 0.0757 0.0813 0.1291 0.1256 0.0995],[1.8888 0.9656 0.4281 0.3375 0.2749 0.2667 0.2315 0.2579 0.2044 0.1848 0.2264 0.2010 0.2259 0.2308 0.1818 0.2011 0.2147 0.1923 0.1949 0.1876 0.1823 0.1580 0.1404 0.1510 0.1654 0.1422 0.1859 0.2106 0.1747 0.1541 0.1534 0.1486 0.1470 0.1366 0.1844 0.1520 0.1433 0.1330 0.1518 0.1418 0.1652 0.1589 0.1295 0.2157 0.1418 0.1370 0.1410 0.1882 0.1839 0.1544],[1.8697 1.2555 0.7131 0.5429 0.4546 0.4113 0.3826 0.3517 0.3381 0.3232 0.3048 0.2947 0.2878 0.2795 0.2728 0.2596 0.2566 0.2536 0.2430 0.2410 0.2370 0.2335 0.2275 0.2241 0.2211 0.2178 0.2145 0.2117 0.2107 0.2049 0.1995 0.1942 0.1996 0.1942 0.1940 0.1875 0.1871 0.1894 0.1862 0.1844 0.1788 0.1809 0.1776 0.1762 0.1684 0.1729 0.1709 0.1691 0.1697 0.1685]
