train_acc,valid_acc,test_acc,train_loss,valid_loss,train_aug_loss
0.9788081049919128,0.9655032753944397,0.9621986746788025,[2.6042 1.3811 0.3191 0.2930 0.2118 0.2122 0.1631 0.1686 0.1409 0.1579 0.1394 0.1627 0.1230 0.1078 0.1358 0.1225 0.1362 0.1056 0.1046 0.1094 0.0962 0.1087 0.1015 0.1017 0.1045 0.1050 0.0803 0.0990 0.0834 0.0894 0.0822 0.0683 0.0923 0.0842 0.0768 0.0632 0.0910 0.1054 0.0792 0.0638 0.0854 0.0766 0.0758 0.0682 0.0644 0.0653 0.0828 0.0952 0.0694 0.0763],[2.5813 1.5478 0.3117 0.3119 0.2465 0.2476 0.1798 0.1676 0.1490 0.1667 0.1636 0.1872 0.1450 0.1359 0.1493 0.1543 0.1576 0.1368 0.1352 0.1386 0.1440 0.1535 0.1418 0.1412 0.1388 0.1564 0.1301 0.1507 0.1333 0.1385 0.1325 0.1220 0.1371 0.1359 0.1266 0.1165 0.1531 0.1768 0.1462 0.1261 0.1408 0.1412 0.1452 0.1340 0.1318 0.1313 0.1510 0.1613 0.1366 0.1432],[1.9666 1.3695 0.5482 0.4039 0.3560 0.3232 0.3003 0.2784 0.2647 0.2582 0.2430 0.2358 0.2321 0.2194 0.2150 0.2123 0.2072 0.2003 0.1988 0.1934 0.1888 0.1835 0.1832 0.1806 0.1774 0.1756 0.1706 0.1692 0.1630 0.1644 0.1600 0.1639 0.1581 0.1568 0.1528 0.1508 0.1486 0.1479 0.1460 0.1436 0.1418 0.1391 0.1351 0.1381 0.1341 0.1354 0.1327 0.1306 0.1322 0.1310]
