train_acc,valid_acc,test_acc,train_loss,valid_loss,train_aug_loss
0.9869151711463928,0.9650974273681641,0.9618334770202637,[2.3905 0.3172 0.2501 0.2055 0.1915 0.2081 0.1586 0.1949 0.1405 0.1678 0.1351 0.1282 0.1791 0.1575 0.1470 0.0906 0.0986 0.1395 0.0771 0.0924 0.0891 0.0946 0.0949 0.1013 0.1254 0.0721 0.1045 0.0879 0.0820 0.0673 0.0429 0.0783 0.0582 0.0693 0.0758 0.1019 0.0631 0.0599 0.0721 0.0360 0.0478 0.0433 0.0683 0.1093 0.0950 0.0547 0.0484 0.0476 0.0288 0.0620],[2.2628 0.3526 0.2752 0.2373 0.2344 0.2408 0.1955 0.2527 0.1857 0.2250 0.1833 0.1908 0.2364 0.2179 0.2226 0.1631 0.1744 0.2086 0.1462 0.1711 0.1755 0.1740 0.1831 0.1850 0.2121 0.1593 0.1890 0.1747 0.1654 0.1606 0.1326 0.1802 0.1573 0.1613 0.1826 0.2176 0.1631 0.1713 0.1822 0.1286 0.1567 0.1480 0.1909 0.2426 0.2229 0.1723 0.1731 0.1590 0.1321 0.1910],[1.7522 0.5438 0.3627 0.3131 0.2786 0.2582 0.2416 0.2301 0.2177 0.2093 0.1990 0.1964 0.1869 0.1865 0.1792 0.1736 0.1663 0.1642 0.1597 0.1590 0.1530 0.1514 0.1471 0.1469 0.1428 0.1387 0.1391 0.1370 0.1337 0.1303 0.1258 0.1259 0.1258 0.1233 0.1196 0.1191 0.1170 0.1169 0.1154 0.1160 0.1124 0.1121 0.1099 0.1079 0.1047 0.1082 0.1043 0.1041 0.1006 0.1034]
