train_acc,valid_acc,test_acc,train_loss,valid_loss,train_aug_loss
0.9785049557685852,0.9586039185523987,0.9558071494102478,[2.0151 1.4119 1.0041 0.7074 0.4807 0.4699 0.3711 0.3597 0.3548 0.2544 0.2488 0.2097 0.2032 0.2189 0.2076 0.1819 0.1960 0.1422 0.1624 0.1527 0.1449 0.1564 0.1596 0.1506 0.1490 0.1361 0.1429 0.1186 0.1170 0.1372 0.1160 0.1144 0.1189 0.1296 0.1051 0.0923 0.0890 0.1199 0.1171 0.0782 0.0969 0.1112 0.1136 0.1002 0.0806 0.0718 0.0894 0.1005 0.0653 0.0739],[1.9540 1.3282 0.9154 0.6748 0.4714 0.4594 0.3802 0.3718 0.3586 0.2763 0.2699 0.2453 0.2413 0.2537 0.2442 0.2328 0.2360 0.1951 0.2128 0.2069 0.1955 0.2099 0.2160 0.2013 0.2096 0.1968 0.1985 0.1774 0.1781 0.2046 0.1831 0.1753 0.1902 0.1965 0.1734 0.1595 0.1533 0.1868 0.1796 0.1439 0.1664 0.1811 0.1840 0.1705 0.1534 0.1368 0.1632 0.1698 0.1307 0.1438],[1.9691 1.6374 1.0613 0.7198 0.5812 0.5102 0.4595 0.4202 0.3918 0.3658 0.3517 0.3267 0.3135 0.3027 0.2922 0.2785 0.2723 0.2644 0.2570 0.2538 0.2447 0.2424 0.2338 0.2309 0.2297 0.2239 0.2188 0.2150 0.2120 0.2064 0.2038 0.2018 0.1958 0.1969 0.1900 0.1923 0.1880 0.1899 0.1827 0.1812 0.1804 0.1782 0.1737 0.1770 0.1709 0.1679 0.1696 0.1678 0.1672 0.1656]
