train_acc,valid_acc,test_acc,train_loss,valid_loss,train_aug_loss
0.9864457845687866,0.9626623392105103,0.9645726680755615,[2.2220 3.9615 4.8664 1.3014 0.5598 0.3711 0.3369 0.2876 0.2539 0.2169 0.2204 0.1753 0.1656 0.1712 0.1449 0.1490 0.1375 0.1289 0.1406 0.1261 0.1128 0.1195 0.1226 0.1043 0.0948 0.1086 0.1049 0.1015 0.1021 0.0936 0.0899 0.0850 0.0833 0.0793 0.0851 0.0830 0.0745 0.0798 0.0723 0.0769 0.0722 0.0736 0.0679 0.0689 0.0687 0.0725 0.0669 0.0604 0.0636 0.0645 0.0669 0.0661 0.0611 0.0591 0.0559 0.0517 0.0519 0.0525 0.0558 0.0546 0.0510 0.0496 0.0529 0.0491 0.0497 0.0471 0.0523 0.0514 0.0463 0.0479 0.0507 0.0514 0.0491 0.0406 0.0489 0.0444 0.0437 0.0419 0.0461 0.0397 0.0442 0.0387 0.0416 0.0384 0.0398 0.0368 0.0405 0.0377 0.0398 0.0390 0.0349 0.0369 0.0331 0.0343 0.0417 0.0376 0.0312 0.0324 0.0334 0.0375],[2.2160 3.7357 4.5379 1.4341 0.6501 0.4625 0.4005 0.3531 0.3121 0.2750 0.2792 0.2233 0.2214 0.2266 0.1939 0.2131 0.1949 0.1892 0.2099 0.1898 0.1743 0.1761 0.1907 0.1674 0.1631 0.1704 0.1663 0.1606 0.1810 0.1666 0.1516 0.1474 0.1574 0.1464 0.1643 0.1616 0.1435 0.1483 0.1436 0.1502 0.1572 0.1513 0.1373 0.1483 0.1473 0.1549 0.1495 0.1398 0.1447 0.1415 0.1507 0.1559 0.1430 0.1449 0.1326 0.1312 0.1383 0.1382 0.1431 0.1351 0.1374 0.1353 0.1450 0.1390 0.1391 0.1384 0.1488 0.1537 0.1272 0.1368 0.1514 0.1451 0.1425 0.1336 0.1479 0.1399 0.1359 0.1339 0.1403 0.1364 0.1369 0.1366 0.1455 0.1326 0.1393 0.1455 0.1422 0.1365 0.1335 0.1401 0.1363 0.1405 0.1396 0.1430 0.1465 0.1472 0.1336 0.1315 0.1364 0.1458],[2.0679 1.8376 1.7285 1.1507 0.6586 0.5207 0.4567 0.4099 0.3836 0.3558 0.3368 0.3220 0.3120 0.2945 0.2861 0.2777 0.2697 0.2592 0.2532 0.2480 0.2427 0.2354 0.2316 0.2279 0.2208 0.2197 0.2119 0.2135 0.2060 0.2031 0.2011 0.1982 0.1928 0.1913 0.1879 0.1853 0.1845 0.1803 0.1817 0.1753 0.1717 0.1706 0.1700 0.1708 0.1655 0.1646 0.1624 0.1615 0.1602 0.1576 0.1549 0.1565 0.1514 0.1509 0.1509 0.1476 0.1471 0.1440 0.1431 0.1431 0.1437 0.1404 0.1409 0.1366 0.1371 0.1381 0.1360 0.1363 0.1327 0.1336 0.1322 0.1331 0.1286 0.1277 0.1291 0.1266 0.1269 0.1241 0.1242 0.1226 0.1220 0.1216 0.1200 0.1197 0.1197 0.1186 0.1174 0.1184 0.1173 0.1160 0.1156 0.1145 0.1163 0.1117 0.1141 0.1103 0.1099 0.1089 0.1124 0.1095]
