train_acc,valid_acc,test_acc,train_loss,valid_loss,train_aug_loss
0.974260687828064,0.9555600881576538,0.954346239566803,[2.0172 1.4187 0.8739 0.7010 0.5486 0.3940 0.3167 0.3425 0.3136 0.2454 0.2232 0.2748 0.2719 0.2009 0.2012 0.2014 0.1780 0.1573 0.1986 0.1856 0.2110 0.1659 0.1453 0.1311 0.1511 0.1446 0.1602 0.1206 0.1254 0.1013 0.1138 0.0933 0.1295 0.0811 0.1289 0.1343 0.1038 0.1263 0.1124 0.0971 0.1271 0.1075 0.1196 0.1062 0.0815 0.0859 0.1063 0.1403 0.1076 0.0933],[1.9312 1.3680 0.8153 0.6955 0.5209 0.3986 0.3321 0.3554 0.3296 0.2720 0.2596 0.3088 0.3111 0.2391 0.2463 0.2411 0.2291 0.2170 0.2479 0.2421 0.2614 0.2238 0.2029 0.1918 0.2098 0.2013 0.2277 0.1866 0.1852 0.1579 0.1798 0.1548 0.1971 0.1415 0.1969 0.2039 0.1709 0.1975 0.1792 0.1660 0.2019 0.1871 0.1963 0.1732 0.1514 0.1575 0.1837 0.2207 0.1851 0.1749],[1.9402 1.6180 1.0180 0.7001 0.5684 0.4971 0.4452 0.4081 0.3809 0.3566 0.3343 0.3183 0.3069 0.2953 0.2845 0.2763 0.2679 0.2588 0.2543 0.2451 0.2442 0.2356 0.2365 0.2287 0.2207 0.2199 0.2163 0.2154 0.2079 0.2030 0.2027 0.1998 0.1975 0.1953 0.1946 0.1921 0.1887 0.1851 0.1818 0.1780 0.1808 0.1809 0.1733 0.1791 0.1694 0.1713 0.1669 0.1678 0.1621 0.1627]
