train_acc,valid_acc,test_acc,train_loss,valid_loss,train_aug_loss
0.9872477054595947,0.9624594449996948,0.9627465009689331,[2.1134 5.0529 5.1702 0.8457 0.5133 0.4281 0.3143 0.3013 0.2334 0.2071 0.2068 0.2168 0.1857 0.1651 0.1694 0.1630 0.1470 0.1564 0.1431 0.1393 0.1183 0.1507 0.1177 0.1128 0.1220 0.1337 0.1098 0.0990 0.0996 0.1158 0.0997 0.1100 0.1045 0.1147 0.1111 0.1081 0.0843 0.0841 0.0835 0.0854 0.0786 0.0762 0.1038 0.0800 0.0753 0.0743 0.0705 0.0690 0.0660 0.0743 0.0701 0.0778 0.0709 0.0630 0.0580 0.0623 0.0654 0.0681 0.0630 0.0694 0.0570 0.0796 0.0561 0.0554 0.0516 0.0555 0.0567 0.0594 0.0594 0.0477 0.0458 0.0431 0.0486 0.0540 0.0451 0.0441 0.0537 0.0454 0.0424 0.0428 0.0490 0.0373 0.0501 0.0462 0.0346 0.0420 0.0448 0.0466 0.0482 0.0398 0.0344 0.0417 0.0319 0.0334 0.0362 0.0357 0.0358 0.0339 0.0329 0.0303],[2.0787 4.6740 4.8312 0.9389 0.5894 0.4936 0.3750 0.3408 0.2815 0.2522 0.2545 0.2666 0.2345 0.2129 0.2238 0.2068 0.1926 0.2135 0.2013 0.2020 0.1744 0.2244 0.1804 0.1761 0.1952 0.2024 0.1750 0.1629 0.1678 0.1912 0.1728 0.1798 0.1731 0.1937 0.1944 0.1948 0.1583 0.1620 0.1548 0.1657 0.1585 0.1628 0.1945 0.1653 0.1580 0.1691 0.1554 0.1556 0.1547 0.1687 0.1609 0.1791 0.1530 0.1555 0.1439 0.1383 0.1539 0.1610 0.1490 0.1641 0.1470 0.1862 0.1413 0.1552 0.1464 0.1621 0.1537 0.1622 0.1479 0.1381 0.1446 0.1417 0.1441 0.1587 0.1550 0.1564 0.1577 0.1530 0.1448 0.1368 0.1498 0.1349 0.1621 0.1595 0.1403 0.1573 0.1502 0.1537 0.1549 0.1436 0.1409 0.1431 0.1444 0.1437 0.1415 0.1510 0.1485 0.1421 0.1568 0.1456],[2.0623 1.8361 1.6159 0.8524 0.5449 0.4486 0.3941 0.3587 0.3352 0.3184 0.2998 0.2863 0.2737 0.2661 0.2538 0.2461 0.2388 0.2309 0.2235 0.2158 0.2124 0.2073 0.2047 0.1971 0.1896 0.1873 0.1843 0.1821 0.1772 0.1732 0.1694 0.1702 0.1680 0.1647 0.1613 0.1587 0.1560 0.1556 0.1526 0.1498 0.1475 0.1449 0.1429 0.1408 0.1380 0.1367 0.1392 0.1334 0.1348 0.1326 0.1296 0.1276 0.1266 0.1233 0.1251 0.1223 0.1212 0.1202 0.1200 0.1166 0.1171 0.1138 0.1151 0.1140 0.1116 0.1122 0.1095 0.1096 0.1083 0.1067 0.1071 0.1057 0.1076 0.1038 0.1046 0.1029 0.1033 0.1021 0.0995 0.0987 0.1014 0.0987 0.0948 0.0958 0.0947 0.0933 0.0933 0.0940 0.0950 0.0928 0.0909 0.0888 0.0900 0.0891 0.0885 0.0886 0.0839 0.0867 0.0854 0.0847]
