train_acc,valid_acc,test_acc,train_loss,valid_loss,train_aug_loss
0.9765001535415649,0.9547483921051025,0.9547114968299866,[2.3194 0.7506 0.2722 0.2354 0.2037 0.2590 0.1810 0.1652 0.1603 0.1627 0.1371 0.1365 0.1366 0.1455 0.1132 0.1144 0.1296 0.1134 0.1213 0.1047 0.1024 0.1093 0.0908 0.1044 0.0881 0.0833 0.1003 0.0984 0.0868 0.0923 0.0881 0.0938 0.0808 0.0740 0.0873 0.0845 0.0899 0.0785 0.0892 0.0795 0.1025 0.0941 0.0726 0.0809 0.0728 0.0709 0.0753 0.0703 0.0822 0.0747],[2.3117 0.8537 0.2967 0.2657 0.2456 0.3410 0.2262 0.2017 0.2221 0.2128 0.1815 0.2081 0.1799 0.2058 0.1699 0.1863 0.1905 0.1656 0.1738 0.1600 0.1622 0.1610 0.1572 0.1577 0.1444 0.1426 0.1663 0.1567 0.1459 0.1481 0.1460 0.1648 0.1558 0.1420 0.1491 0.1538 0.1607 0.1405 0.1514 0.1431 0.1758 0.1701 0.1460 0.1502 0.1392 0.1406 0.1437 0.1473 0.1715 0.1476],[1.9516 1.3876 0.5813 0.4333 0.3797 0.3444 0.3226 0.3016 0.2889 0.2760 0.2631 0.2608 0.2510 0.2470 0.2386 0.2350 0.2304 0.2241 0.2244 0.2160 0.2152 0.2152 0.2075 0.2044 0.2034 0.1980 0.1941 0.1943 0.1915 0.1895 0.1855 0.1856 0.1822 0.1771 0.1785 0.1746 0.1725 0.1746 0.1744 0.1672 0.1691 0.1685 0.1658 0.1661 0.1644 0.1614 0.1618 0.1589 0.1567 0.1573]
