train_acc,valid_acc,test_acc,train_loss,valid_loss,train_aug_loss
0.9806075096130371,0.9604302048683167,0.9598246812820435,[3.0831 1.0349 0.4273 0.2755 0.2346 0.2904 0.2500 0.2607 0.2042 0.2311 0.1635 0.1689 0.1151 0.1609 0.1285 0.1548 0.1089 0.1124 0.1498 0.1214 0.1531 0.1178 0.1286 0.0909 0.0948 0.0949 0.1110 0.0741 0.0959 0.1489 0.0771 0.0785 0.0689 0.0711 0.0780 0.0668 0.0674 0.0717 0.0992 0.0611 0.0634 0.0752 0.0695 0.0608 0.0780 0.0715 0.0562 0.0619 0.1144 0.0867],[3.0405 0.9565 0.3807 0.2685 0.2441 0.2823 0.2694 0.2809 0.2347 0.2703 0.2040 0.1871 0.1552 0.1946 0.1648 0.1859 0.1440 0.1709 0.1968 0.1674 0.2203 0.1592 0.1822 0.1452 0.1466 0.1529 0.1558 0.1233 0.1487 0.1933 0.1273 0.1334 0.1266 0.1286 0.1350 0.1325 0.1345 0.1324 0.1569 0.1229 0.1255 0.1344 0.1425 0.1313 0.1369 0.1386 0.1379 0.1294 0.1847 0.1626],[1.8262 0.8995 0.5617 0.4547 0.4010 0.3704 0.3522 0.3249 0.3100 0.2972 0.2853 0.2808 0.2732 0.2623 0.2549 0.2511 0.2468 0.2396 0.2360 0.2295 0.2289 0.2225 0.2171 0.2172 0.2102 0.2111 0.2100 0.2027 0.2003 0.1966 0.1982 0.1962 0.1877 0.1892 0.1865 0.1849 0.1817 0.1827 0.1838 0.1797 0.1751 0.1762 0.1734 0.1733 0.1701 0.1654 0.1658 0.1665 0.1665 0.1623]
