train_acc,valid_acc,test_acc,train_loss,valid_loss,train_aug_loss
0.985673189163208,0.963676929473877,0.9647552967071533,[1.9933 2.0469 5.3264 2.0230 0.5826 0.5532 0.3214 0.3649 0.2570 0.2594 0.2611 0.2398 0.2334 0.1807 0.2116 0.1860 0.1657 0.1932 0.1680 0.1519 0.1651 0.1732 0.1321 0.1649 0.1446 0.1428 0.1233 0.1205 0.1327 0.1310 0.1330 0.1176 0.1264 0.1270 0.1075 0.1160 0.1143 0.1029 0.1044 0.1012 0.0849 0.1103 0.0927 0.1083 0.0947 0.0853 0.0812 0.1006 0.0899 0.1059 0.1067 0.0750 0.1103 0.0793 0.0769 0.0832 0.0825 0.0832 0.0774 0.0973 0.0837 0.0740 0.0799 0.0679 0.0691 0.0427 0.0704 0.0769 0.0686 0.0575 0.0541 0.0670 0.0664 0.0602 0.0667 0.0636 0.0508 0.0723 0.0550 0.0557 0.0663 0.0493 0.0619 0.0803 0.0516 0.0518 0.0474 0.0543 0.0439 0.0413 0.0400 0.0495 0.0490 0.0574 0.0409 0.0546 0.0419 0.0414 0.0554 0.0391],[1.9921 2.0074 4.8491 1.8716 0.5965 0.5665 0.3189 0.3791 0.2663 0.2678 0.2934 0.2628 0.2441 0.2033 0.2339 0.2148 0.1913 0.2190 0.2000 0.1948 0.2019 0.2081 0.1790 0.1986 0.1854 0.1822 0.1718 0.1708 0.1802 0.1747 0.1854 0.1718 0.1816 0.1784 0.1596 0.1710 0.1723 0.1615 0.1696 0.1679 0.1472 0.1730 0.1600 0.1754 0.1630 0.1564 0.1477 0.1770 0.1590 0.1806 0.1729 0.1408 0.1752 0.1497 0.1535 0.1535 0.1560 0.1574 0.1575 0.1803 0.1602 0.1531 0.1558 0.1462 0.1503 0.1215 0.1600 0.1671 0.1628 0.1398 0.1484 0.1502 0.1510 0.1548 0.1514 0.1575 0.1388 0.1575 0.1452 0.1479 0.1527 0.1430 0.1589 0.1845 0.1490 0.1469 0.1474 0.1513 0.1401 0.1397 0.1399 0.1532 0.1535 0.1731 0.1337 0.1729 0.1431 0.1516 0.1592 0.1472],[2.0856 1.8874 1.8051 1.3115 0.6984 0.5129 0.4402 0.3944 0.3691 0.3486 0.3250 0.3120 0.3003 0.2862 0.2766 0.2663 0.2604 0.2505 0.2428 0.2341 0.2328 0.2262 0.2209 0.2144 0.2122 0.2057 0.2052 0.1986 0.1948 0.1937 0.1878 0.1834 0.1795 0.1837 0.1775 0.1719 0.1732 0.1660 0.1659 0.1636 0.1610 0.1581 0.1567 0.1559 0.1539 0.1525 0.1500 0.1471 0.1467 0.1459 0.1444 0.1412 0.1393 0.1414 0.1373 0.1350 0.1348 0.1342 0.1296 0.1305 0.1297 0.1290 0.1289 0.1269 0.1267 0.1212 0.1232 0.1186 0.1217 0.1226 0.1188 0.1189 0.1135 0.1145 0.1136 0.1141 0.1123 0.1112 0.1105 0.1097 0.1058 0.1090 0.1067 0.1062 0.1057 0.1049 0.1035 0.1027 0.1026 0.0999 0.0998 0.0993 0.1015 0.0993 0.0991 0.0963 0.0982 0.0975 0.0960 0.0968]
