train_acc,valid_acc,test_acc,train_loss,valid_loss,train_aug_loss
0.9780648350715637,0.9638798832893372,0.9594594836235046,[2.0913 1.0327 0.2938 0.2484 0.2338 0.1876 0.1595 0.1534 0.1423 0.1584 0.1416 0.1211 0.1180 0.0978 0.1472 0.2394 0.1360 0.1124 0.1119 0.1141 0.0854 0.0920 0.0792 0.0976 0.1207 0.0705 0.0768 0.0763 0.1415 0.1050 0.0883 0.0763 0.0784 0.0762 0.0963 0.0914 0.0711 0.0742 0.0672 0.1019 0.0739 0.0747 0.0929 0.0696 0.0790 0.0976 0.1176 0.0777 0.0659 0.0759],[2.0760 0.8746 0.3089 0.2887 0.2578 0.2185 0.1944 0.1880 0.1854 0.1959 0.1838 0.1746 0.1714 0.1544 0.1979 0.2868 0.1888 0.1732 0.1731 0.1792 0.1476 0.1526 0.1431 0.1610 0.1823 0.1346 0.1387 0.1354 0.2060 0.1707 0.1591 0.1431 0.1467 0.1432 0.1562 0.1632 0.1447 0.1507 0.1410 0.1780 0.1430 0.1493 0.1589 0.1460 0.1506 0.1750 0.1959 0.1491 0.1374 0.1506],[1.7895 0.9856 0.5756 0.4630 0.4062 0.3759 0.3583 0.3350 0.3211 0.3118 0.2989 0.2901 0.2806 0.2747 0.2691 0.2668 0.2549 0.2504 0.2481 0.2448 0.2408 0.2342 0.2310 0.2269 0.2264 0.2224 0.2182 0.2183 0.2153 0.2085 0.2059 0.2101 0.2003 0.2011 0.1994 0.2010 0.1974 0.1977 0.1960 0.1920 0.1908 0.1876 0.1890 0.1867 0.1831 0.1819 0.1789 0.1782 0.1744 0.1756]
