train_acc,valid_acc,test_acc,train_loss,valid_loss,train_aug_loss
0.9876934289932251,0.9682365655899048,0.9437066912651062,[2.2306 0.4522 0.3435 0.2179 0.2158 0.1769 0.1640 0.1209 0.1223 0.1047 0.0918 0.1139 0.0887 0.0734 0.0741 0.0734 0.0714 0.0820 0.0790 0.0633 0.0639 0.0606 0.0605 0.0639 0.0577 0.0561 0.0531 0.0449 0.0486 0.0473 0.0489 0.0392 0.0363 0.0385 0.0353 0.0436 0.0442 0.0431 0.0468 0.0258 0.0369 0.0346 0.0345 0.0306 0.0266 0.0263 0.0289 0.0294 0.0337 0.0262 0.0289 0.0201 0.0516 0.0176 0.0231 0.0259 0.0247 0.0228 0.0275 0.0239 0.0164 0.0205 0.0149 0.0152 0.0193 0.0206 0.0144 0.0198 0.0229 0.0146 0.0114 0.0100 0.0161 0.0106 0.0152 0.0098 0.0166 0.0093 0.0211 0.0128 0.0117 0.0116 0.0122 0.0110 0.0115 0.0117 0.0094 0.0181 0.0122 0.0098 0.0074 0.0112 0.0110 0.0093 0.0139 0.0059 0.0185 0.0063 0.0094 0.0065],[2.3455 0.5312 0.4228 0.2686 0.2742 0.2462 0.2383 0.1623 0.1809 0.1603 0.1389 0.1893 0.1474 0.1206 0.1231 0.1385 0.1315 0.1622 0.1675 0.1236 0.1375 0.1370 0.1366 0.1428 0.1432 0.1442 0.1451 0.1189 0.1409 0.1284 0.1499 0.1247 0.1150 0.1207 0.1242 0.1571 0.1564 0.1410 0.1564 0.1184 0.1374 0.1320 0.1465 0.1374 0.1301 0.1216 0.1354 0.1297 0.1418 0.1342 0.1455 0.1238 0.2005 0.1237 0.1374 0.1497 0.1493 0.1478 0.1596 0.1501 0.1260 0.1475 0.1269 0.1323 0.1483 0.1636 0.1303 0.1498 0.1569 0.1381 0.1306 0.1254 0.1449 0.1383 0.1583 0.1366 0.1707 0.1402 0.1938 0.1574 0.1473 0.1545 0.1572 0.1577 0.1613 0.1640 0.1434 0.1830 0.1611 0.1667 0.1410 0.1648 0.1615 0.1433 0.1670 0.1296 0.2003 0.1422 0.1638 0.1582],[1.7831 0.6957 0.4421 0.3635 0.3176 0.2854 0.2643 0.2491 0.2316 0.2190 0.2072 0.1978 0.1888 0.1839 0.1746 0.1694 0.1645 0.1589 0.1536 0.1479 0.1438 0.1405 0.1362 0.1363 0.1324 0.1270 0.1233 0.1232 0.1192 0.1154 0.1130 0.1121 0.1115 0.1068 0.1041 0.1021 0.1021 0.0994 0.0982 0.0945 0.0953 0.0923 0.0935 0.0917 0.0884 0.0868 0.0858 0.0848 0.0822 0.0810 0.0795 0.0782 0.0783 0.0756 0.0771 0.0738 0.0728 0.0732 0.0726 0.0727 0.0676 0.0699 0.0685 0.0675 0.0663 0.0640 0.0642 0.0652 0.0634 0.0618 0.0608 0.0592 0.0600 0.0598 0.0572 0.0572 0.0570 0.0564 0.0555 0.0552 0.0552 0.0552 0.0537 0.0526 0.0523 0.0501 0.0530 0.0508 0.0502 0.0497 0.0509 0.0485 0.0486 0.0484 0.0466 0.0472 0.0468 0.0469 0.0444 0.0445]
