train_acc,valid_acc,test_acc,train_loss,valid_loss,train_aug_loss
0.9795219898223877,0.9653003215789795,0.9581811428070068,[2.1244 3.5532 4.9229 1.2202 0.6522 0.3479 0.3539 0.4121 0.3008 0.2890 0.2865 0.2370 0.2250 0.2412 0.2033 0.1874 0.2010 0.1798 0.1754 0.1741 0.1849 0.1656 0.1692 0.1432 0.1421 0.1671 0.1364 0.1592 0.1326 0.1165 0.1132 0.1366 0.1263 0.1306 0.1366 0.1076 0.1039 0.1034 0.1293 0.1060 0.1002 0.1068 0.1344 0.1078 0.0880 0.0885 0.0996 0.0855 0.0979 0.1160 0.1055 0.1045 0.0858 0.0774 0.0771 0.0900 0.0765 0.0883 0.0892 0.0812 0.0878 0.0842 0.0926 0.0727 0.0798 0.0800 0.0637 0.0806 0.0696 0.0897 0.0587 0.0684 0.0610 0.0575 0.0612 0.0600 0.0707 0.0515 0.0679 0.0644 0.0615 0.0785 0.0777 0.0624 0.0732 0.0697 0.0547 0.0505 0.0688 0.0543 0.0663 0.0722 0.0599 0.0670 0.0519 0.0588 0.0544 0.0500 0.0563 0.0565],[2.1265 3.3855 4.6314 1.2385 0.7255 0.3529 0.3562 0.4193 0.3129 0.3027 0.2947 0.2424 0.2312 0.2682 0.2117 0.1995 0.2129 0.1856 0.2032 0.1922 0.2187 0.1939 0.1900 0.1651 0.1678 0.1813 0.1603 0.1912 0.1644 0.1479 0.1451 0.1686 0.1604 0.1702 0.1775 0.1388 0.1402 0.1412 0.1642 0.1465 0.1412 0.1481 0.1797 0.1467 0.1291 0.1329 0.1393 0.1271 0.1468 0.1596 0.1486 0.1484 0.1362 0.1408 0.1328 0.1434 0.1277 0.1387 0.1537 0.1432 0.1421 0.1352 0.1546 0.1302 0.1333 0.1425 0.1270 0.1392 0.1330 0.1507 0.1181 0.1383 0.1221 0.1286 0.1287 0.1318 0.1443 0.1249 0.1364 0.1389 0.1336 0.1598 0.1503 0.1385 0.1465 0.1566 0.1269 0.1265 0.1474 0.1306 0.1447 0.1520 0.1421 0.1518 0.1257 0.1478 0.1280 0.1328 0.1373 0.1437],[2.0831 1.8831 1.7415 1.0490 0.6225 0.4871 0.4357 0.3965 0.3684 0.3469 0.3275 0.3165 0.2977 0.2884 0.2820 0.2698 0.2639 0.2537 0.2449 0.2407 0.2356 0.2273 0.2234 0.2195 0.2114 0.2109 0.2077 0.2007 0.1970 0.1929 0.1907 0.1888 0.1816 0.1796 0.1800 0.1749 0.1760 0.1704 0.1677 0.1678 0.1639 0.1588 0.1616 0.1593 0.1565 0.1525 0.1503 0.1493 0.1502 0.1439 0.1477 0.1433 0.1405 0.1400 0.1419 0.1337 0.1372 0.1330 0.1344 0.1327 0.1307 0.1286 0.1298 0.1262 0.1227 0.1263 0.1256 0.1213 0.1215 0.1190 0.1202 0.1157 0.1175 0.1152 0.1143 0.1154 0.1144 0.1147 0.1102 0.1111 0.1102 0.1087 0.1087 0.1082 0.1067 0.1051 0.1032 0.1034 0.1031 0.1039 0.0995 0.1025 0.1019 0.0996 0.1005 0.0964 0.0984 0.0960 0.0971 0.0972]
