train_acc,valid_acc,test_acc,train_loss,valid_loss,train_aug_loss
0.9906867146492004,0.9707922339439392,0.943418025970459,[2.2476 0.5616 0.3678 0.2056 0.1637 0.1683 0.1349 0.1224 0.1180 0.1090 0.1040 0.1080 0.0987 0.0826 0.0803 0.1085 0.0976 0.0725 0.0708 0.0685 0.0664 0.0614 0.0611 0.0555 0.0721 0.0505 0.0473 0.0475 0.0548 0.0433 0.0440 0.0420 0.0435 0.0426 0.0395 0.0389 0.0341 0.0355 0.0328 0.0283 0.0399 0.0305 0.0366 0.0387 0.0332 0.0278 0.0235 0.0257 0.0276 0.0234 0.0212 0.0230 0.0241 0.0228 0.0287 0.0191 0.0199 0.0314 0.0450 0.0228 0.0186 0.0364 0.0157 0.0220 0.0147 0.0146 0.0170 0.0174 0.0177 0.0137 0.0119 0.0106 0.0158 0.0142 0.0125 0.0119 0.0138 0.0128 0.0135 0.0197 0.0119 0.0150 0.0121 0.0099 0.0151 0.0120 0.0091 0.0181 0.0064 0.0127 0.0145 0.0110 0.0106 0.0088 0.0078 0.0142 0.0086 0.0077 0.0119 0.0068],[2.3673 0.6524 0.4541 0.2506 0.1967 0.2179 0.1749 0.1643 0.1546 0.1535 0.1508 0.1814 0.1568 0.1393 0.1367 0.1650 0.1764 0.1270 0.1348 0.1444 0.1483 0.1405 0.1388 0.1235 0.1598 0.1181 0.1168 0.1238 0.1312 0.1161 0.1189 0.1148 0.1174 0.1343 0.1229 0.1253 0.1175 0.1272 0.1147 0.1041 0.1386 0.1263 0.1326 0.1369 0.1397 0.1203 0.1231 0.1298 0.1304 0.1234 0.1094 0.1259 0.1315 0.1234 0.1309 0.1220 0.1241 0.1631 0.1968 0.1338 0.1251 0.1784 0.1238 0.1525 0.1299 0.1390 0.1345 0.1346 0.1426 0.1180 0.1196 0.1231 0.1421 0.1437 0.1308 0.1277 0.1379 0.1367 0.1376 0.1510 0.1345 0.1536 0.1436 0.1333 0.1485 0.1397 0.1344 0.1691 0.1323 0.1546 0.1583 0.1649 0.1451 0.1364 0.1322 0.1718 0.1414 0.1356 0.1645 0.1376],[1.8245 0.7690 0.4561 0.3725 0.3226 0.2882 0.2661 0.2510 0.2337 0.2231 0.2096 0.2038 0.1885 0.1845 0.1759 0.1692 0.1648 0.1609 0.1543 0.1476 0.1460 0.1432 0.1380 0.1349 0.1306 0.1250 0.1256 0.1241 0.1196 0.1166 0.1144 0.1100 0.1097 0.1060 0.1045 0.1028 0.1013 0.0979 0.1003 0.0956 0.0956 0.0927 0.0926 0.0909 0.0867 0.0866 0.0858 0.0834 0.0817 0.0800 0.0781 0.0770 0.0784 0.0774 0.0754 0.0743 0.0742 0.0733 0.0714 0.0715 0.0684 0.0695 0.0675 0.0658 0.0654 0.0639 0.0640 0.0644 0.0619 0.0627 0.0619 0.0608 0.0587 0.0598 0.0585 0.0588 0.0576 0.0570 0.0556 0.0564 0.0533 0.0527 0.0518 0.0533 0.0521 0.0513 0.0520 0.0493 0.0504 0.0495 0.0497 0.0495 0.0484 0.0478 0.0481 0.0469 0.0464 0.0461 0.0473 0.0447]
