train_acc,valid_acc,test_acc,train_loss,valid_loss,train_aug_loss
0.980529248714447,0.9604302048683167,0.9612855911254883,[2.1828 0.6958 0.3013 0.2413 0.3063 0.2391 0.2124 0.1934 0.1720 0.1888 0.1307 0.1684 0.1537 0.1780 0.1669 0.1312 0.1325 0.1707 0.1146 0.1160 0.1067 0.1523 0.0879 0.1198 0.1518 0.1183 0.0868 0.0987 0.0803 0.0885 0.0975 0.1205 0.0990 0.0975 0.1035 0.1181 0.1210 0.0783 0.0926 0.0657 0.1161 0.0791 0.1074 0.0637 0.0838 0.0645 0.1056 0.0847 0.0687 0.0691],[2.2802 0.6486 0.3046 0.2687 0.3073 0.2584 0.2214 0.2208 0.2118 0.2335 0.1782 0.2150 0.1950 0.2279 0.2116 0.1732 0.1815 0.2066 0.1631 0.1801 0.1784 0.2137 0.1510 0.1859 0.2118 0.1854 0.1526 0.1663 0.1479 0.1562 0.1645 0.1799 0.1709 0.1762 0.1736 0.1831 0.1975 0.1553 0.1636 0.1351 0.1929 0.1439 0.2036 0.1357 0.1618 0.1446 0.1777 0.1591 0.1453 0.1444],[1.8361 1.1410 0.6547 0.5074 0.4454 0.4018 0.3826 0.3582 0.3412 0.3225 0.3153 0.3060 0.2918 0.2864 0.2772 0.2742 0.2692 0.2603 0.2536 0.2495 0.2448 0.2416 0.2384 0.2344 0.2319 0.2265 0.2269 0.2198 0.2158 0.2146 0.2126 0.2094 0.2087 0.2062 0.2033 0.2013 0.2005 0.1968 0.1954 0.1945 0.1905 0.1930 0.1873 0.1875 0.1849 0.1827 0.1844 0.1861 0.1806 0.1763]
