train_acc,valid_acc,test_acc,train_loss,valid_loss,train_aug_loss
0.9813409447669983,0.9630681872367859,0.9609203934669495,[1.9306 0.7098 0.3269 0.2155 0.2178 0.1918 0.1785 0.1646 0.1589 0.1329 0.1299 0.1389 0.1223 0.1355 0.1824 0.1349 0.1290 0.0965 0.1413 0.1151 0.1171 0.1093 0.1318 0.1024 0.0935 0.0776 0.1175 0.1174 0.0860 0.0718 0.1084 0.1040 0.0962 0.0921 0.0853 0.0780 0.1182 0.0833 0.0869 0.0759 0.0861 0.0846 0.0819 0.0761 0.0605 0.0735 0.0606 0.0799 0.0769 0.0936],[1.9385 0.6535 0.3236 0.2567 0.2524 0.2193 0.2172 0.1993 0.1970 0.1813 0.1729 0.1755 0.1709 0.1802 0.2182 0.1827 0.1824 0.1584 0.1934 0.1667 0.1728 0.1585 0.1940 0.1635 0.1590 0.1433 0.1765 0.1873 0.1591 0.1487 0.1816 0.1774 0.1624 0.1655 0.1578 0.1491 0.1902 0.1615 0.1630 0.1451 0.1642 0.1603 0.1596 0.1568 0.1348 0.1469 0.1340 0.1639 0.1551 0.1741],[1.7816 0.8908 0.5624 0.4692 0.4080 0.3831 0.3542 0.3401 0.3238 0.3148 0.3004 0.2906 0.2869 0.2775 0.2722 0.2690 0.2619 0.2528 0.2556 0.2437 0.2464 0.2391 0.2325 0.2294 0.2294 0.2272 0.2227 0.2172 0.2150 0.2100 0.2094 0.2069 0.2082 0.2052 0.2090 0.2010 0.2002 0.1951 0.1948 0.1951 0.1897 0.1921 0.1884 0.1868 0.1867 0.1839 0.1799 0.1836 0.1783 0.1805]
