train_acc,valid_acc,test_acc,train_loss,valid_loss,train_aug_loss
0.9854874014854431,0.9588068127632141,0.9621986746788025,[2.6072 2.6117 2.5243 0.6207 0.3993 0.3524 0.2523 0.2225 0.2277 0.1960 0.1824 0.1843 0.1846 0.1634 0.1694 0.1557 0.1365 0.1417 0.1397 0.1357 0.1331 0.1225 0.1279 0.1077 0.1051 0.1236 0.1037 0.0991 0.1135 0.1034 0.0986 0.0975 0.0945 0.0899 0.0871 0.0868 0.0846 0.0803 0.0713 0.0814 0.0683 0.0787 0.0740 0.0862 0.0810 0.0684 0.0687 0.0706 0.0689 0.0694 0.0897 0.0633 0.0580 0.0675 0.0672 0.0554 0.0577 0.0548 0.0536 0.0829 0.0577 0.0629 0.0511 0.0620 0.0495 0.0439 0.0480 0.0521 0.0493 0.0529 0.0457 0.0431 0.0430 0.0437 0.0555 0.0484 0.0420 0.0457 0.0362 0.0477 0.0366 0.0471 0.0390 0.0397 0.0411 0.0438 0.0539 0.0460 0.0582 0.0397 0.0438 0.0438 0.0453 0.0309 0.0359 0.0322 0.0337 0.0473 0.0342 0.0308],[2.5265 2.4937 2.6225 0.7344 0.4691 0.4229 0.3023 0.2713 0.2831 0.2476 0.2398 0.2399 0.2379 0.2211 0.2211 0.2126 0.1904 0.1957 0.1950 0.1917 0.1848 0.1802 0.1850 0.1678 0.1632 0.1851 0.1631 0.1603 0.1865 0.1674 0.1647 0.1587 0.1645 0.1610 0.1621 0.1627 0.1492 0.1459 0.1445 0.1644 0.1422 0.1595 0.1476 0.1690 0.1639 0.1499 0.1521 0.1493 0.1471 0.1533 0.1817 0.1515 0.1494 0.1548 0.1619 0.1445 0.1532 0.1444 0.1396 0.1891 0.1581 0.1725 0.1501 0.1660 0.1466 0.1380 0.1494 0.1578 0.1475 0.1596 0.1475 0.1492 0.1526 0.1535 0.1714 0.1552 0.1508 0.1646 0.1496 0.1606 0.1494 0.1652 0.1546 0.1489 0.1527 0.1582 0.1784 0.1685 0.1822 0.1592 0.1735 0.1712 0.1660 0.1502 0.1638 0.1531 0.1580 0.1825 0.1630 0.1556],[2.0476 1.8519 1.6494 0.9483 0.5807 0.4691 0.4127 0.3774 0.3503 0.3269 0.3116 0.2993 0.2890 0.2756 0.2634 0.2556 0.2485 0.2381 0.2339 0.2250 0.2188 0.2141 0.2099 0.2027 0.1974 0.1987 0.1939 0.1851 0.1847 0.1804 0.1793 0.1800 0.1733 0.1718 0.1657 0.1642 0.1616 0.1620 0.1580 0.1556 0.1520 0.1503 0.1514 0.1449 0.1447 0.1421 0.1442 0.1405 0.1380 0.1337 0.1369 0.1338 0.1317 0.1297 0.1277 0.1254 0.1258 0.1278 0.1249 0.1214 0.1217 0.1205 0.1188 0.1178 0.1159 0.1150 0.1113 0.1115 0.1131 0.1108 0.1100 0.1087 0.1070 0.1048 0.1028 0.1071 0.1042 0.1023 0.1029 0.1015 0.1001 0.0983 0.0989 0.0967 0.0968 0.0951 0.0965 0.0936 0.0956 0.0950 0.0916 0.0929 0.0915 0.0929 0.0880 0.0894 0.0899 0.0886 0.0888 0.0863]
