train_acc,valid_acc,test_acc,train_loss,valid_loss,train_aug_loss
0.9818885922431946,0.9638798832893372,0.9603725075721741,[1.9847 2.8034 2.3628 0.5222 0.4524 0.3046 0.2815 0.2847 0.2434 0.2607 0.2183 0.2080 0.1778 0.1681 0.1822 0.1604 0.1606 0.1660 0.1278 0.1298 0.1329 0.1239 0.1385 0.1340 0.1333 0.1417 0.1183 0.1048 0.1101 0.1171 0.1108 0.0975 0.1109 0.1027 0.1041 0.0873 0.0905 0.1056 0.0954 0.0883 0.0932 0.1018 0.0693 0.0842 0.0839 0.0719 0.0790 0.0740 0.0790 0.0744 0.0700 0.0640 0.0671 0.0601 0.0657 0.0713 0.0583 0.0527 0.0626 0.0744 0.0569 0.0651 0.0583 0.0762 0.0577 0.0541 0.0555 0.0463 0.0501 0.0443 0.0528 0.0575 0.0606 0.0526 0.0416 0.0594 0.0580 0.0543 0.0340 0.0536 0.0458 0.0443 0.0459 0.0488 0.0343 0.0425 0.0461 0.0505 0.0401 0.0411 0.0364 0.0409 0.0347 0.0429 0.0411 0.0311 0.0326 0.0260 0.0291 0.0519],[1.9638 2.6755 2.1107 0.4833 0.4391 0.2865 0.2722 0.2700 0.2428 0.2560 0.2190 0.2174 0.1851 0.1792 0.1975 0.1888 0.1831 0.1960 0.1617 0.1555 0.1632 0.1553 0.1688 0.1581 0.1719 0.1811 0.1660 0.1509 0.1480 0.1550 0.1609 0.1445 0.1711 0.1494 0.1521 0.1413 0.1430 0.1572 0.1552 0.1442 0.1478 0.1618 0.1257 0.1455 0.1559 0.1351 0.1424 0.1496 0.1449 0.1434 0.1439 0.1384 0.1414 0.1336 0.1469 0.1391 0.1261 0.1251 0.1427 0.1515 0.1323 0.1478 0.1377 0.1658 0.1413 0.1346 0.1344 0.1315 0.1400 0.1359 0.1450 0.1516 0.1577 0.1370 0.1277 0.1520 0.1514 0.1554 0.1268 0.1519 0.1410 0.1392 0.1382 0.1529 0.1350 0.1449 0.1518 0.1546 0.1478 0.1463 0.1479 0.1580 0.1387 0.1549 0.1583 0.1347 0.1404 0.1258 0.1309 0.1763],[2.0781 1.8513 1.5677 0.8650 0.5583 0.4609 0.4069 0.3669 0.3474 0.3242 0.3077 0.2979 0.2847 0.2702 0.2649 0.2573 0.2476 0.2416 0.2328 0.2265 0.2215 0.2171 0.2058 0.2067 0.2023 0.1984 0.1935 0.1870 0.1879 0.1833 0.1772 0.1787 0.1731 0.1708 0.1662 0.1642 0.1627 0.1617 0.1572 0.1561 0.1544 0.1490 0.1485 0.1462 0.1429 0.1435 0.1415 0.1405 0.1382 0.1372 0.1358 0.1372 0.1326 0.1319 0.1286 0.1270 0.1261 0.1280 0.1248 0.1248 0.1238 0.1212 0.1193 0.1172 0.1196 0.1178 0.1136 0.1133 0.1128 0.1096 0.1092 0.1118 0.1087 0.1086 0.1076 0.1066 0.1051 0.1044 0.1020 0.1025 0.1024 0.1022 0.1007 0.1016 0.0994 0.0983 0.0977 0.0965 0.0959 0.0941 0.0947 0.0930 0.0941 0.0904 0.0920 0.0925 0.0917 0.0883 0.0890 0.0917]
