train_acc,valid_acc,test_acc,train_loss,valid_loss,train_aug_loss
0.9824948906898499,0.9608360528945923,0.9636595845222473,[2.0475 1.0983 0.4918 0.3064 0.1891 0.2169 0.2478 0.1553 0.1829 0.1808 0.1586 0.1412 0.1974 0.1672 0.1508 0.1182 0.1805 0.1511 0.1051 0.0850 0.1273 0.1110 0.1073 0.0832 0.0955 0.1054 0.0841 0.1276 0.0872 0.0877 0.0780 0.0847 0.0835 0.1043 0.0774 0.0852 0.0835 0.0810 0.0673 0.0715 0.0825 0.0794 0.0805 0.0752 0.0667 0.0816 0.0792 0.0695 0.0547 0.0858],[2.1016 1.0685 0.5146 0.3398 0.2170 0.2443 0.2877 0.1927 0.2197 0.2038 0.2060 0.1851 0.2326 0.2069 0.2007 0.1698 0.2348 0.2080 0.1565 0.1448 0.1871 0.1762 0.1650 0.1500 0.1647 0.1715 0.1527 0.1966 0.1569 0.1571 0.1476 0.1486 0.1459 0.1732 0.1444 0.1464 0.1515 0.1465 0.1395 0.1424 0.1481 0.1451 0.1524 0.1467 0.1403 0.1531 0.1495 0.1358 0.1223 0.1572],[1.7787 1.0711 0.6003 0.4831 0.4263 0.3910 0.3646 0.3448 0.3293 0.3152 0.3074 0.2963 0.2901 0.2817 0.2722 0.2682 0.2605 0.2569 0.2523 0.2467 0.2441 0.2404 0.2343 0.2296 0.2292 0.2238 0.2195 0.2178 0.2156 0.2120 0.2137 0.2096 0.2054 0.2021 0.2040 0.2000 0.1987 0.1984 0.1927 0.1924 0.1925 0.1897 0.1898 0.1843 0.1860 0.1839 0.1831 0.1774 0.1809 0.1763]
