train_acc,valid_acc,test_acc,train_loss,valid_loss,train_aug_loss
0.9913159012794495,0.9673295617103577,0.9691380858421326,[3.0880 0.2865 0.3149 0.2043 0.1687 0.2634 0.1551 0.1085 0.1845 0.2040 0.1908 0.1387 0.1299 0.1212 0.1202 0.0756 0.1064 0.2255 0.1360 0.1041 0.0796 0.1268 0.1329 0.0861 0.1257 0.0724 0.0785 0.0935 0.0704 0.0849 0.1269 0.0626 0.0427 0.0655 0.0694 0.0941 0.0734 0.0758 0.0725 0.0961 0.0761 0.0720 0.0622 0.0601 0.0329 0.0859 0.0393 0.0249 0.0536 0.0805],[2.7199 0.2715 0.3072 0.2104 0.2054 0.2749 0.1839 0.1458 0.2201 0.2301 0.2476 0.2086 0.1921 0.1813 0.1853 0.1398 0.1611 0.2823 0.2005 0.1641 0.1545 0.2022 0.2233 0.1707 0.1929 0.1541 0.1697 0.1829 0.1662 0.1693 0.2158 0.1550 0.1387 0.1689 0.1748 0.2076 0.1881 0.1806 0.1793 0.2107 0.1802 0.1714 0.1703 0.1668 0.1414 0.1917 0.1508 0.1317 0.1719 0.2167],[1.7340 0.5470 0.3738 0.3148 0.2827 0.2621 0.2484 0.2310 0.2192 0.2137 0.2054 0.1954 0.1885 0.1825 0.1789 0.1728 0.1714 0.1670 0.1621 0.1592 0.1559 0.1517 0.1472 0.1487 0.1445 0.1414 0.1370 0.1366 0.1293 0.1332 0.1297 0.1288 0.1249 0.1189 0.1177 0.1216 0.1169 0.1174 0.1144 0.1154 0.1138 0.1090 0.1109 0.1072 0.1090 0.1051 0.1056 0.1062 0.1000 0.1015]
