train_acc,valid_acc,test_acc,train_loss,valid_loss,train_aug_loss
0.9898000955581665,0.9626623392105103,0.9638422131538391,[2.2642 2.7550 2.7574 0.5096 0.3736 0.3236 0.2735 0.2358 0.2347 0.2067 0.1991 0.1954 0.1710 0.1965 0.1770 0.1942 0.1815 0.1507 0.1572 0.1254 0.1420 0.1215 0.1671 0.1289 0.1253 0.1256 0.1559 0.1327 0.1202 0.1064 0.1275 0.1045 0.0966 0.1241 0.0943 0.1002 0.1117 0.0936 0.0913 0.0865 0.1009 0.1078 0.0800 0.0886 0.0780 0.0749 0.0692 0.1004 0.0802 0.0783 0.0703 0.0837 0.0684 0.0772 0.0746 0.0709 0.0743 0.0678 0.0597 0.0556 0.0559 0.0613 0.0581 0.0527 0.0684 0.0736 0.0550 0.0519 0.0587 0.0518 0.0540 0.0605 0.0543 0.0565 0.0579 0.0482 0.0448 0.0616 0.0396 0.0518 0.0574 0.0717 0.0404 0.0467 0.0374 0.0470 0.0402 0.0293 0.0456 0.0477 0.0365 0.0406 0.0445 0.0393 0.0294 0.0500 0.0396 0.0467 0.0481 0.0393],[2.2392 2.6264 2.6641 0.5527 0.4348 0.3666 0.3155 0.2823 0.2817 0.2542 0.2496 0.2488 0.2264 0.2646 0.2307 0.2541 0.2342 0.2108 0.2257 0.1925 0.2076 0.1791 0.2310 0.1966 0.1940 0.1907 0.2248 0.2000 0.1882 0.1817 0.1999 0.1731 0.1711 0.2036 0.1724 0.1710 0.1864 0.1661 0.1734 0.1648 0.1882 0.1890 0.1659 0.1786 0.1700 0.1560 0.1536 0.1934 0.1693 0.1653 0.1595 0.1750 0.1590 0.1765 0.1731 0.1655 0.1777 0.1673 0.1559 0.1532 0.1498 0.1648 0.1574 0.1560 0.1732 0.1787 0.1519 0.1580 0.1602 0.1580 0.1614 0.1734 0.1591 0.1688 0.1624 0.1603 0.1500 0.1739 0.1420 0.1751 0.1769 0.1962 0.1519 0.1654 0.1449 0.1662 0.1581 0.1378 0.1693 0.1778 0.1581 0.1534 0.1672 0.1641 0.1515 0.1822 0.1650 0.1728 0.1741 0.1660],[2.0664 1.8580 1.6116 0.8728 0.5449 0.4447 0.3994 0.3651 0.3415 0.3203 0.3060 0.2931 0.2772 0.2699 0.2638 0.2531 0.2428 0.2363 0.2283 0.2239 0.2156 0.2142 0.2089 0.2040 0.1995 0.1960 0.1905 0.1865 0.1869 0.1809 0.1766 0.1740 0.1716 0.1683 0.1641 0.1642 0.1608 0.1600 0.1596 0.1553 0.1515 0.1501 0.1484 0.1487 0.1482 0.1392 0.1405 0.1386 0.1369 0.1363 0.1342 0.1318 0.1315 0.1284 0.1293 0.1284 0.1234 0.1252 0.1287 0.1250 0.1236 0.1176 0.1179 0.1163 0.1153 0.1162 0.1161 0.1135 0.1112 0.1116 0.1107 0.1093 0.1086 0.1075 0.1073 0.1048 0.1035 0.1030 0.1024 0.1011 0.1013 0.1020 0.1012 0.0973 0.0954 0.0973 0.0971 0.0943 0.0968 0.0961 0.0958 0.0950 0.0909 0.0922 0.0920 0.0891 0.0909 0.0903 0.0876 0.0898]
