train_acc,valid_acc,test_acc,train_loss,valid_loss,train_aug_loss
0.9831305742263794,0.960024356842041,0.9632943868637085,[1.9758 3.0091 4.4247 0.8786 0.4624 0.4696 0.3827 0.3555 0.2765 0.2370 0.2496 0.2004 0.2024 0.1914 0.1879 0.1729 0.1594 0.1577 0.1517 0.1469 0.1570 0.1344 0.1505 0.1357 0.1273 0.1226 0.1230 0.1240 0.1218 0.1128 0.1149 0.1236 0.1043 0.1231 0.1171 0.1051 0.1173 0.0919 0.0965 0.1067 0.1052 0.0940 0.0964 0.1016 0.1044 0.0862 0.1023 0.0895 0.0965 0.0889 0.0807 0.0734 0.0790 0.0880 0.0778 0.0885 0.0730 0.0681 0.0658 0.0789 0.0747 0.0655 0.0698 0.0662 0.0688 0.0676 0.0690 0.0715 0.0659 0.0584 0.0576 0.0634 0.0815 0.0492 0.0597 0.0662 0.0687 0.0634 0.0672 0.0611 0.0589 0.0571 0.0562 0.0567 0.0494 0.0525 0.0599 0.0530 0.0445 0.0532 0.0554 0.0479 0.0449 0.0501 0.0547 0.0508 0.0680 0.0490 0.0560 0.0492],[1.9716 2.8432 4.1974 0.9680 0.5282 0.5045 0.3954 0.3971 0.3174 0.2716 0.2995 0.2439 0.2525 0.2385 0.2371 0.2074 0.2047 0.1960 0.1955 0.2002 0.2089 0.1919 0.1920 0.1820 0.1753 0.1649 0.1731 0.1848 0.1792 0.1678 0.1773 0.1761 0.1722 0.1820 0.1754 0.1741 0.1912 0.1488 0.1659 0.1715 0.1706 0.1661 0.1645 0.1699 0.1792 0.1557 0.1815 0.1638 0.1717 0.1551 0.1589 0.1555 0.1554 0.1671 0.1524 0.1633 0.1522 0.1552 0.1444 0.1736 0.1581 0.1489 0.1524 0.1551 0.1521 0.1519 0.1549 0.1531 0.1525 0.1551 0.1454 0.1547 0.1772 0.1335 0.1448 0.1580 0.1752 0.1564 0.1608 0.1570 0.1577 0.1559 0.1646 0.1548 0.1510 0.1526 0.1605 0.1647 0.1465 0.1585 0.1628 0.1496 0.1474 0.1463 0.1641 0.1537 0.1860 0.1710 0.1676 0.1659],[2.0718 1.8482 1.6280 0.9109 0.6012 0.4992 0.4388 0.3982 0.3698 0.3506 0.3327 0.3145 0.3064 0.2907 0.2845 0.2732 0.2647 0.2576 0.2497 0.2473 0.2391 0.2321 0.2312 0.2248 0.2206 0.2195 0.2103 0.2066 0.2007 0.2019 0.1955 0.1959 0.1914 0.1892 0.1885 0.1831 0.1791 0.1800 0.1770 0.1731 0.1723 0.1680 0.1667 0.1654 0.1620 0.1652 0.1600 0.1546 0.1558 0.1528 0.1518 0.1516 0.1463 0.1455 0.1458 0.1484 0.1459 0.1421 0.1394 0.1401 0.1405 0.1370 0.1378 0.1358 0.1331 0.1345 0.1318 0.1309 0.1309 0.1277 0.1280 0.1240 0.1266 0.1243 0.1231 0.1231 0.1221 0.1217 0.1196 0.1175 0.1176 0.1165 0.1158 0.1151 0.1148 0.1109 0.1130 0.1084 0.1074 0.1092 0.1111 0.1066 0.1087 0.1101 0.1079 0.1051 0.1045 0.1018 0.1048 0.1032]
