train_acc,valid_acc,test_acc,train_loss,valid_loss,train_aug_loss
0.9868680238723755,0.9660459756851196,0.9494803547859192,[1.9638 2.9532 0.4543 0.3272 0.2792 0.2467 0.2127 0.1681 0.1617 0.1637 0.1616 0.1386 0.1136 0.1184 0.1240 0.1038 0.1023 0.1135 0.1055 0.1046 0.0914 0.1093 0.0792 0.0779 0.0834 0.0771 0.0814 0.0846 0.0752 0.0841 0.0749 0.0593 0.0580 0.0584 0.0592 0.0540 0.0550 0.0642 0.0528 0.0688 0.0569 0.0515 0.0517 0.0569 0.0597 0.0446 0.0403 0.0436 0.0488 0.0433 0.0656 0.0362 0.0350 0.0413 0.0390 0.0367 0.0376 0.0364 0.0335 0.0492 0.0396 0.0334 0.0396 0.0426 0.0281 0.0344 0.0329 0.0314 0.0443 0.0339 0.0257 0.0254 0.0276 0.0259 0.0296 0.0284 0.0314 0.0247 0.0219 0.0252 0.0233 0.0311 0.0404 0.0199 0.0250 0.0268 0.0222 0.0189 0.0220 0.0318 0.0190 0.0264 0.0467 0.0204 0.0222 0.0207 0.0186 0.0221 0.0194 0.0174],[1.9405 2.8309 0.5330 0.3906 0.3151 0.2908 0.2453 0.2178 0.2175 0.2284 0.2295 0.2046 0.1738 0.1809 0.1855 0.1663 0.1624 0.1853 0.1766 0.1838 0.1673 0.1851 0.1451 0.1443 0.1479 0.1478 0.1542 0.1636 0.1492 0.1622 0.1539 0.1419 0.1370 0.1334 0.1335 0.1274 0.1262 0.1524 0.1457 0.1629 0.1461 0.1421 0.1443 0.1624 0.1637 0.1298 0.1202 0.1358 0.1422 0.1313 0.1638 0.1298 0.1211 0.1383 0.1319 0.1265 0.1313 0.1261 0.1292 0.1645 0.1547 0.1376 0.1454 0.1439 0.1280 0.1340 0.1238 0.1409 0.1675 0.1360 0.1327 0.1304 0.1367 0.1349 0.1284 0.1350 0.1515 0.1248 0.1265 0.1442 0.1312 0.1509 0.1901 0.1220 0.1429 0.1439 0.1387 0.1284 0.1349 0.1726 0.1215 0.1707 0.1926 0.1428 0.1434 0.1430 0.1269 0.1455 0.1627 0.1371],[2.0674 1.7609 0.9330 0.5377 0.4330 0.3757 0.3334 0.3052 0.2885 0.2683 0.2528 0.2457 0.2356 0.2252 0.2197 0.2108 0.2022 0.2000 0.1904 0.1862 0.1821 0.1791 0.1742 0.1673 0.1631 0.1619 0.1611 0.1555 0.1527 0.1507 0.1477 0.1451 0.1405 0.1374 0.1379 0.1365 0.1332 0.1293 0.1308 0.1277 0.1256 0.1262 0.1223 0.1183 0.1188 0.1154 0.1151 0.1122 0.1118 0.1097 0.1094 0.1069 0.1063 0.1054 0.1036 0.1014 0.1021 0.1016 0.0994 0.0979 0.0982 0.0961 0.0956 0.0944 0.0935 0.0929 0.0897 0.0906 0.0894 0.0884 0.0866 0.0881 0.0851 0.0859 0.0853 0.0837 0.0836 0.0826 0.0796 0.0812 0.0803 0.0775 0.0777 0.0777 0.0758 0.0776 0.0751 0.0762 0.0744 0.0728 0.0743 0.0714 0.0721 0.0729 0.0717 0.0688 0.0713 0.0702 0.0700 0.0684]
