train_acc,valid_acc,test_acc,train_loss,valid_loss,train_aug_loss
0.9853407144546509,0.9703733921051025,0.9640248417854309,[7.6541 0.3512 0.2971 0.2205 0.1917 0.1652 0.1537 0.1593 0.1890 0.1162 0.1029 0.1300 0.0906 0.1222 0.1423 0.0879 0.0858 0.0808 0.1068 0.1116 0.0857 0.1088 0.0875 0.1226 0.0776 0.0821 0.0714 0.0700 0.0753 0.0674 0.0671 0.0652 0.0749 0.0648 0.0455 0.0543 0.0595 0.0590 0.0585 0.0582 0.0500 0.0585 0.0512 0.0531 0.0538 0.0641 0.0578 0.0428 0.0599 0.0498],[7.3196 0.3635 0.2935 0.2438 0.2265 0.1981 0.1983 0.1965 0.2308 0.1658 0.1455 0.1794 0.1436 0.1686 0.1912 0.1397 0.1372 0.1330 0.1621 0.1673 0.1486 0.1586 0.1461 0.1796 0.1352 0.1405 0.1220 0.1319 0.1421 0.1300 0.1366 0.1336 0.1377 0.1362 0.1098 0.1234 0.1234 0.1286 0.1237 0.1312 0.1280 0.1259 0.1323 0.1317 0.1261 0.1376 0.1306 0.1132 0.1421 0.1248],[1.4026 0.5668 0.4267 0.3650 0.3344 0.3087 0.2926 0.2767 0.2671 0.2599 0.2551 0.2440 0.2383 0.2322 0.2273 0.2208 0.2146 0.2127 0.2126 0.2061 0.2089 0.2048 0.2005 0.1957 0.1915 0.1938 0.1859 0.1862 0.1881 0.1832 0.1792 0.1811 0.1760 0.1769 0.1741 0.1749 0.1745 0.1702 0.1713 0.1702 0.1679 0.1644 0.1645 0.1651 0.1644 0.1661 0.1612 0.1637 0.1589 0.1572]
