train_acc,valid_acc,test_acc,train_loss,valid_loss,train_aug_loss
0.9819472432136536,0.9657061696052551,0.9647552967071533,[1.9830 0.4803 0.2747 0.2672 0.2283 0.2323 0.1881 0.1957 0.1640 0.1337 0.1779 0.1521 0.1630 0.1280 0.1151 0.1660 0.1415 0.1488 0.1215 0.1301 0.1081 0.1321 0.1165 0.1187 0.0939 0.1148 0.1114 0.0946 0.1080 0.1173 0.1014 0.0997 0.1116 0.1062 0.1037 0.1048 0.1135 0.0875 0.0973 0.0873 0.0952 0.0962 0.0812 0.1113 0.0629 0.0970 0.1038 0.0871 0.0705 0.0946],[2.0155 0.4996 0.2974 0.3065 0.2483 0.2463 0.2124 0.2277 0.2022 0.1788 0.2178 0.1893 0.1981 0.1694 0.1509 0.1982 0.1794 0.1874 0.1743 0.1750 0.1591 0.1776 0.1656 0.1789 0.1428 0.1632 0.1622 0.1425 0.1543 0.1676 0.1488 0.1515 0.1687 0.1588 0.1633 0.1559 0.1653 0.1440 0.1580 0.1447 0.1597 0.1529 0.1359 0.1713 0.1238 0.1594 0.1748 0.1490 0.1316 0.1593],[1.8795 1.0163 0.5512 0.4509 0.3918 0.3540 0.3342 0.3137 0.3051 0.2903 0.2803 0.2699 0.2689 0.2600 0.2544 0.2545 0.2455 0.2372 0.2375 0.2302 0.2261 0.2216 0.2230 0.2175 0.2128 0.2156 0.2066 0.2051 0.2026 0.2003 0.2009 0.1942 0.1942 0.1920 0.1918 0.1912 0.1859 0.1871 0.1855 0.1803 0.1782 0.1815 0.1754 0.1744 0.1762 0.1761 0.1712 0.1765 0.1700 0.1671]
