train_acc,valid_acc,test_acc,train_loss,valid_loss,train_aug_loss
0.9856243133544922,0.9624594449996948,0.9629291296005249,[9.6427 0.5258 0.3493 0.1797 0.2001 0.1281 0.1237 0.1031 0.2593 0.1388 0.1374 0.1236 0.1075 0.1275 0.0891 0.0882 0.0795 0.0892 0.0723 0.0837 0.0821 0.1273 0.0844 0.0826 0.0847 0.0716 0.0657 0.0636 0.0625 0.0757 0.0787 0.0648 0.0765 0.0606 0.0579 0.0670 0.0594 0.0592 0.0608 0.0590 0.0653 0.0489 0.0589 0.0666 0.0627 0.0483 0.0514 0.0647 0.0459 0.0505],[8.7850 0.4937 0.3547 0.2194 0.2371 0.1822 0.1672 0.1613 0.2982 0.1943 0.2003 0.1754 0.1595 0.1866 0.1423 0.1421 0.1413 0.1453 0.1340 0.1477 0.1492 0.1931 0.1521 0.1494 0.1569 0.1358 0.1328 0.1390 0.1384 0.1526 0.1575 0.1422 0.1544 0.1280 0.1307 0.1542 0.1325 0.1309 0.1434 0.1379 0.1426 0.1271 0.1473 0.1500 0.1537 0.1321 0.1289 0.1450 0.1214 0.1362],[1.4205 0.5832 0.4315 0.3721 0.3302 0.3074 0.2909 0.2826 0.2675 0.2587 0.2521 0.2453 0.2381 0.2322 0.2272 0.2232 0.2189 0.2159 0.2157 0.2117 0.2112 0.2026 0.2019 0.2005 0.1963 0.1934 0.1911 0.1899 0.1890 0.1872 0.1833 0.1812 0.1798 0.1766 0.1765 0.1737 0.1745 0.1766 0.1724 0.1708 0.1711 0.1708 0.1686 0.1644 0.1653 0.1665 0.1633 0.1618 0.1648 0.1597]
