train_acc,valid_acc,test_acc,train_loss,valid_loss,train_aug_loss
0.9810866713523865,0.9616477489471436,0.9642074704170227,[3.2452 0.3350 0.2160 0.2149 0.1496 0.2299 0.1838 0.1395 0.1183 0.1465 0.1478 0.1842 0.0732 0.0802 0.1286 0.1168 0.1116 0.0775 0.0601 0.0863 0.0842 0.0815 0.1544 0.1291 0.0838 0.0947 0.0613 0.0860 0.0713 0.0582 0.0775 0.0476 0.1541 0.0625 0.0865 0.0553 0.0645 0.0459 0.0398 0.1175 0.0440 0.0329 0.0586 0.0464 0.0726 0.0694 0.0631 0.0525 0.0687 0.0708],[2.8645 0.3569 0.2628 0.2347 0.2040 0.2640 0.2232 0.1838 0.1797 0.2189 0.2075 0.2414 0.1428 0.1483 0.1894 0.1959 0.1919 0.1477 0.1372 0.1628 0.1690 0.1671 0.2633 0.2220 0.1792 0.2040 0.1625 0.1863 0.1816 0.1522 0.1660 0.1384 0.2466 0.1806 0.1957 0.1671 0.1807 0.1429 0.1540 0.2386 0.1577 0.1386 0.1822 0.1637 0.1951 0.1981 0.1795 0.1817 0.1984 0.2077],[1.7737 0.5714 0.3743 0.3167 0.2866 0.2637 0.2481 0.2334 0.2221 0.2124 0.2083 0.1982 0.1921 0.1883 0.1803 0.1777 0.1717 0.1700 0.1664 0.1621 0.1582 0.1536 0.1496 0.1470 0.1435 0.1438 0.1408 0.1369 0.1341 0.1328 0.1285 0.1313 0.1264 0.1269 0.1246 0.1224 0.1199 0.1212 0.1160 0.1165 0.1143 0.1111 0.1114 0.1119 0.1068 0.1088 0.1063 0.1083 0.1039 0.1041]
