train_acc,valid_acc,test_acc,train_loss,valid_loss,train_aug_loss
0.9782017469406128,0.9622564911842346,0.9612855911254883,[1.8415 0.5991 0.3388 0.2625 0.2615 0.1768 0.1973 0.2115 0.1629 0.1909 0.1828 0.1752 0.1197 0.2105 0.1464 0.1649 0.1504 0.1206 0.1254 0.0962 0.1033 0.1019 0.1459 0.1259 0.0894 0.1228 0.1164 0.0936 0.0819 0.1119 0.1233 0.0774 0.1225 0.0811 0.1365 0.0922 0.1205 0.0967 0.0642 0.1030 0.0694 0.0904 0.1051 0.1052 0.0749 0.0778 0.0854 0.0731 0.0795 0.1104],[1.7328 0.6206 0.3617 0.2642 0.2668 0.2198 0.2270 0.2479 0.1918 0.2078 0.2064 0.2049 0.1643 0.2446 0.1884 0.2074 0.1874 0.1620 0.1697 0.1461 0.1553 0.1519 0.1928 0.1772 0.1358 0.1681 0.1711 0.1542 0.1377 0.1615 0.1863 0.1345 0.1816 0.1391 0.1881 0.1460 0.1765 0.1591 0.1318 0.1566 0.1301 0.1598 0.1676 0.1744 0.1324 0.1405 0.1485 0.1360 0.1458 0.1647],[1.9244 1.2860 0.6100 0.4692 0.4047 0.3675 0.3379 0.3188 0.3037 0.2976 0.2815 0.2728 0.2641 0.2556 0.2548 0.2471 0.2438 0.2352 0.2316 0.2275 0.2232 0.2233 0.2167 0.2146 0.2126 0.2133 0.2053 0.2055 0.2001 0.2028 0.1980 0.1945 0.1927 0.1896 0.1886 0.1836 0.1851 0.1806 0.1842 0.1825 0.1757 0.1786 0.1744 0.1780 0.1735 0.1695 0.1704 0.1680 0.1693 0.1649]
