train_acc,valid_acc,test_acc,train_loss,valid_loss,train_aug_loss
0.9824264645576477,0.9693587422370911,0.9603725075721741,[1.9290 1.0300 0.4375 0.2796 0.2365 0.2384 0.2729 0.2442 0.1552 0.1580 0.2001 0.1519 0.1354 0.1795 0.1298 0.2178 0.1555 0.1094 0.1142 0.1711 0.1391 0.1127 0.1275 0.1449 0.1202 0.0887 0.1408 0.0952 0.0938 0.1076 0.0785 0.1140 0.0916 0.0839 0.1067 0.1012 0.0755 0.0780 0.0797 0.1038 0.0725 0.0914 0.0675 0.0983 0.1154 0.1258 0.0811 0.1061 0.1269 0.0555],[1.9288 0.9002 0.4209 0.3012 0.2671 0.2609 0.2800 0.2601 0.1942 0.1850 0.2335 0.1956 0.1736 0.2238 0.1621 0.2594 0.1971 0.1621 0.1562 0.2106 0.1850 0.1509 0.1731 0.1907 0.1533 0.1336 0.1927 0.1469 0.1386 0.1562 0.1264 0.1616 0.1362 0.1293 0.1605 0.1543 0.1226 0.1212 0.1311 0.1561 0.1302 0.1487 0.1190 0.1522 0.1701 0.1875 0.1366 0.1654 0.1913 0.1055],[1.8794 1.2906 0.7591 0.5576 0.4733 0.4204 0.3841 0.3600 0.3346 0.3240 0.3042 0.2973 0.2879 0.2749 0.2693 0.2661 0.2541 0.2542 0.2438 0.2411 0.2354 0.2305 0.2285 0.2210 0.2227 0.2187 0.2178 0.2085 0.2111 0.2048 0.2016 0.2017 0.1987 0.1932 0.1953 0.1909 0.1907 0.1917 0.1849 0.1806 0.1871 0.1831 0.1800 0.1780 0.1781 0.1764 0.1730 0.1688 0.1733 0.1692]
