train_acc,valid_acc,test_acc,train_loss,valid_loss,train_aug_loss
0.9908201098442078,0.9718875288963318,0.9471709132194519,[2.8385 0.4897 0.3227 0.2435 0.2109 0.1600 0.1668 0.1730 0.1309 0.1151 0.0944 0.1038 0.1049 0.0972 0.0858 0.0884 0.0753 0.0679 0.0756 0.0623 0.0551 0.0573 0.0656 0.0578 0.0518 0.0496 0.0495 0.0492 0.0481 0.0445 0.0504 0.0403 0.0400 0.0371 0.0341 0.0393 0.0317 0.0363 0.0322 0.0274 0.0333 0.0328 0.0274 0.0298 0.0257 0.0237 0.0253 0.0253 0.0227 0.0249 0.0212 0.0225 0.0243 0.0188 0.0167 0.0187 0.0192 0.0193 0.0218 0.0151 0.0159 0.0183 0.0138 0.0185 0.0145 0.0168 0.0136 0.0122 0.0147 0.0119 0.0106 0.0140 0.0167 0.0104 0.0092 0.0139 0.0102 0.0087 0.0089 0.0083 0.0105 0.0091 0.0076 0.0141 0.0075 0.0083 0.0081 0.0089 0.0077 0.0080 0.0069 0.0063 0.0068 0.0079 0.0076 0.0060 0.0070 0.0063 0.0060 0.0071],[2.7666 0.5411 0.3332 0.2582 0.2280 0.1709 0.1968 0.1990 0.1666 0.1571 0.1197 0.1425 0.1458 0.1346 0.1332 0.1300 0.1250 0.1095 0.1274 0.1095 0.0972 0.1105 0.1237 0.1200 0.0951 0.1050 0.1116 0.1094 0.1180 0.1103 0.1131 0.1046 0.1068 0.1034 0.0995 0.1123 0.1040 0.1050 0.0941 0.0897 0.1008 0.1123 0.0961 0.1116 0.1014 0.1049 0.1129 0.1026 0.0987 0.1042 0.1052 0.1087 0.1148 0.0955 0.0976 0.1053 0.1140 0.1081 0.1305 0.1060 0.1151 0.1246 0.1068 0.1244 0.1106 0.1222 0.1103 0.1051 0.1111 0.1132 0.1012 0.1230 0.1293 0.1118 0.1054 0.1313 0.1169 0.1058 0.0977 0.1139 0.1147 0.1029 0.1077 0.1384 0.1157 0.1046 0.1069 0.1261 0.1177 0.1171 0.1135 0.1211 0.1083 0.1203 0.1172 0.1241 0.1170 0.1201 0.1182 0.1382],[1.8623 0.8255 0.4651 0.3759 0.3311 0.2956 0.2741 0.2536 0.2372 0.2229 0.2155 0.2049 0.1949 0.1877 0.1777 0.1725 0.1658 0.1591 0.1558 0.1511 0.1473 0.1426 0.1391 0.1365 0.1320 0.1271 0.1272 0.1229 0.1197 0.1162 0.1161 0.1110 0.1115 0.1100 0.1053 0.1050 0.1028 0.0993 0.0983 0.0976 0.0944 0.0931 0.0917 0.0897 0.0881 0.0873 0.0867 0.0853 0.0847 0.0822 0.0814 0.0801 0.0768 0.0758 0.0756 0.0738 0.0742 0.0709 0.0718 0.0687 0.0690 0.0690 0.0673 0.0686 0.0676 0.0665 0.0637 0.0633 0.0639 0.0619 0.0627 0.0604 0.0591 0.0594 0.0594 0.0579 0.0547 0.0568 0.0553 0.0541 0.0549 0.0535 0.0530 0.0531 0.0515 0.0521 0.0508 0.0522 0.0498 0.0485 0.0498 0.0482 0.0475 0.0469 0.0491 0.0463 0.0464 0.0473 0.0461 0.0451]
