train_acc,valid_acc,test_acc,train_loss,valid_loss,train_aug_loss
0.9902108311653137,0.9598214030265808,0.9660335779190063,[1.9699 2.3064 3.2455 0.7480 0.3567 0.3186 0.3085 0.2324 0.2475 0.2170 0.2129 0.2025 0.1927 0.1910 0.1668 0.1763 0.1656 0.1452 0.1497 0.1395 0.1396 0.1404 0.1402 0.1583 0.1332 0.1107 0.1281 0.1229 0.1112 0.1037 0.1090 0.0984 0.1037 0.1109 0.0966 0.0877 0.0878 0.1109 0.0934 0.0885 0.0838 0.0859 0.1046 0.0847 0.0863 0.0901 0.0806 0.0858 0.0970 0.0720 0.0694 0.0652 0.0798 0.0698 0.0618 0.0774 0.0856 0.0785 0.0804 0.0880 0.0763 0.0747 0.0627 0.0689 0.0784 0.0631 0.0668 0.0634 0.0612 0.0656 0.0673 0.0729 0.0551 0.0622 0.0481 0.0579 0.0648 0.0601 0.0353 0.0530 0.0294 0.0450 0.0438 0.0509 0.0736 0.0366 0.0499 0.0365 0.0470 0.0428 0.0559 0.0480 0.0410 0.0436 0.0433 0.0357 0.0380 0.0375 0.0374 0.0431],[1.9611 2.2251 2.9216 0.7751 0.4313 0.3553 0.3616 0.2749 0.2850 0.2605 0.2465 0.2400 0.2286 0.2205 0.2116 0.2199 0.2066 0.1949 0.1919 0.1838 0.1859 0.1898 0.1913 0.2068 0.1863 0.1691 0.1770 0.1760 0.1715 0.1595 0.1716 0.1565 0.1664 0.1787 0.1661 0.1563 0.1479 0.1868 0.1588 0.1574 0.1576 0.1528 0.1749 0.1634 0.1583 0.1710 0.1613 0.1653 0.1826 0.1512 0.1495 0.1481 0.1678 0.1526 0.1419 0.1652 0.1750 0.1667 0.1703 0.1739 0.1670 0.1661 0.1550 0.1653 0.1757 0.1584 0.1661 0.1550 0.1543 0.1632 0.1623 0.1777 0.1543 0.1639 0.1465 0.1664 0.1672 0.1682 0.1307 0.1561 0.1218 0.1442 0.1457 0.1563 0.1936 0.1442 0.1644 0.1362 0.1561 0.1684 0.1747 0.1688 0.1578 0.1560 0.1501 0.1371 0.1581 0.1507 0.1555 0.1702],[2.0752 1.8616 1.6296 0.9125 0.5553 0.4543 0.3981 0.3665 0.3453 0.3230 0.3061 0.2948 0.2789 0.2713 0.2616 0.2499 0.2432 0.2338 0.2294 0.2241 0.2163 0.2143 0.2074 0.2033 0.1982 0.1947 0.1899 0.1887 0.1848 0.1805 0.1763 0.1724 0.1740 0.1672 0.1703 0.1645 0.1622 0.1587 0.1575 0.1531 0.1502 0.1496 0.1500 0.1482 0.1492 0.1451 0.1408 0.1386 0.1383 0.1365 0.1358 0.1338 0.1339 0.1341 0.1302 0.1283 0.1290 0.1248 0.1228 0.1226 0.1249 0.1196 0.1203 0.1168 0.1158 0.1164 0.1137 0.1166 0.1128 0.1122 0.1101 0.1117 0.1097 0.1070 0.1060 0.1041 0.1068 0.1039 0.1040 0.1023 0.1006 0.0990 0.0998 0.1014 0.0950 0.0973 0.0954 0.0993 0.0947 0.0947 0.0945 0.0937 0.0911 0.0924 0.0917 0.0900 0.0920 0.0903 0.0899 0.0886]
