train_acc,valid_acc,test_acc,train_loss,valid_loss,train_aug_loss
0.9851059913635254,0.9653003215789795,0.9618334770202637,[1.8059 0.3413 0.2869 0.2134 0.2438 0.1975 0.1879 0.2811 0.1843 0.1673 0.1855 0.1309 0.2126 0.1326 0.0876 0.1835 0.0959 0.1650 0.0857 0.1082 0.1345 0.1473 0.0661 0.1101 0.0870 0.0704 0.0725 0.0441 0.0670 0.0937 0.0752 0.0737 0.0824 0.0943 0.0500 0.1152 0.0555 0.0555 0.0385 0.0912 0.1137 0.0853 0.1142 0.0935 0.0530 0.0832 0.0714 0.0698 0.0991 0.0239],[1.8015 0.3540 0.2754 0.2099 0.2677 0.2292 0.2077 0.2962 0.2186 0.2047 0.2371 0.1759 0.2632 0.1979 0.1399 0.2423 0.1635 0.2314 0.1527 0.1838 0.2020 0.2195 0.1424 0.1993 0.1683 0.1546 0.1585 0.1311 0.1564 0.1883 0.1823 0.1597 0.1939 0.2162 0.1506 0.2212 0.1439 0.1575 0.1449 0.2038 0.2434 0.2072 0.2487 0.2205 0.1671 0.2123 0.2025 0.1996 0.2425 0.1387],[1.6759 0.5277 0.3745 0.3123 0.2829 0.2659 0.2499 0.2302 0.2238 0.2116 0.2041 0.1981 0.1927 0.1860 0.1810 0.1758 0.1738 0.1690 0.1659 0.1589 0.1574 0.1541 0.1470 0.1455 0.1483 0.1416 0.1373 0.1372 0.1355 0.1320 0.1294 0.1308 0.1301 0.1256 0.1231 0.1232 0.1230 0.1174 0.1193 0.1151 0.1126 0.1121 0.1096 0.1116 0.1074 0.1081 0.1067 0.1058 0.1023 0.1029]
