train_acc,valid_acc,test_acc,train_loss,valid_loss,train_aug_loss
0.9877855777740479,0.9584009647369385,0.9576333165168762,[1.9567 1.8826 1.8427 1.6258 0.8585 0.5662 0.5179 0.4387 0.3936 0.3770 0.2983 0.2962 0.3078 0.3049 0.2780 0.2282 0.2490 0.2780 0.2314 0.2101 0.1789 0.1986 0.1845 0.1751 0.1698 0.1488 0.1561 0.1446 0.1612 0.1394 0.1711 0.1693 0.1635 0.1350 0.1308 0.1337 0.1331 0.1184 0.1275 0.1196 0.1343 0.0948 0.1167 0.1093 0.1162 0.0853 0.1051 0.1177 0.1053 0.1166 0.0937 0.0968 0.0891 0.0761 0.0990 0.1132 0.1092 0.0990 0.0755 0.0842 0.0780 0.0644 0.0549 0.0746 0.0883 0.0690 0.0897 0.0679 0.0898 0.0610 0.0836 0.0737 0.0746 0.0644 0.0664 0.0755 0.0630 0.0750 0.0653 0.0644 0.0742 0.0600 0.0517 0.0705 0.0629 0.0621 0.0872 0.0737 0.0566 0.0554 0.0645 0.0611 0.0790 0.0544 0.0459 0.0360 0.0517 0.0475 0.0625 0.0524],[1.9401 1.8867 1.8946 1.5911 0.8904 0.5910 0.5349 0.4730 0.4193 0.4023 0.3422 0.3211 0.3492 0.3331 0.3122 0.2663 0.2843 0.3399 0.2836 0.2700 0.2305 0.2612 0.2397 0.2219 0.2270 0.2075 0.2164 0.2033 0.2235 0.1956 0.2271 0.2390 0.2369 0.2014 0.1943 0.2043 0.2093 0.1915 0.2009 0.1875 0.2062 0.1624 0.1875 0.1869 0.1981 0.1550 0.1750 0.2036 0.1809 0.1931 0.1733 0.1743 0.1655 0.1536 0.1853 0.1983 0.2078 0.1776 0.1582 0.1703 0.1567 0.1482 0.1439 0.1578 0.1793 0.1558 0.1882 0.1567 0.1779 0.1478 0.1807 0.1638 0.1721 0.1587 0.1627 0.1661 0.1597 0.1758 0.1719 0.1664 0.1702 0.1596 0.1562 0.1750 0.1716 0.1609 0.1953 0.1783 0.1599 0.1634 0.1742 0.1640 0.1917 0.1609 0.1476 0.1394 0.1582 0.1590 0.1848 0.1571],[2.0637 1.8429 1.7879 1.4162 0.8024 0.5619 0.4768 0.4267 0.3858 0.3633 0.3407 0.3203 0.3106 0.2995 0.2876 0.2774 0.2726 0.2615 0.2543 0.2424 0.2428 0.2364 0.2305 0.2275 0.2184 0.2188 0.2115 0.2089 0.2043 0.2002 0.1989 0.1927 0.1915 0.1891 0.1803 0.1819 0.1784 0.1751 0.1738 0.1718 0.1704 0.1659 0.1667 0.1632 0.1633 0.1624 0.1571 0.1586 0.1552 0.1533 0.1536 0.1481 0.1484 0.1479 0.1453 0.1456 0.1415 0.1399 0.1421 0.1388 0.1373 0.1368 0.1327 0.1341 0.1340 0.1319 0.1308 0.1285 0.1290 0.1255 0.1281 0.1253 0.1265 0.1215 0.1210 0.1213 0.1214 0.1174 0.1197 0.1164 0.1177 0.1173 0.1167 0.1135 0.1140 0.1161 0.1132 0.1140 0.1111 0.1086 0.1087 0.1103 0.1085 0.1054 0.1046 0.1071 0.1040 0.1053 0.1026 0.1042]
