train_acc,valid_acc,test_acc,train_loss,valid_loss,train_aug_loss
0.9838737845420837,0.963676929473877,0.9654857516288757,[2.6293 0.9040 0.2760 0.3101 0.1840 0.1794 0.1470 0.1465 0.1438 0.1330 0.1377 0.1187 0.1023 0.1673 0.1120 0.1135 0.1092 0.0928 0.1013 0.0935 0.1023 0.0762 0.0809 0.0914 0.0821 0.0876 0.0900 0.0862 0.0777 0.0689 0.0739 0.0885 0.0840 0.0828 0.0723 0.0742 0.0723 0.0727 0.0799 0.0779 0.0651 0.0677 0.0578 0.0748 0.0507 0.0534 0.0481 0.0765 0.0561 0.0503],[2.5190 0.9308 0.3185 0.3625 0.2266 0.2293 0.1915 0.1889 0.1920 0.1768 0.1803 0.1693 0.1536 0.2063 0.1731 0.1812 0.1686 0.1540 0.1549 0.1452 0.1697 0.1386 0.1458 0.1584 0.1541 0.1527 0.1630 0.1568 0.1516 0.1438 0.1435 0.1697 0.1574 0.1636 0.1572 0.1554 0.1548 0.1606 0.1600 0.1557 0.1414 0.1493 0.1393 0.1738 0.1332 0.1378 0.1341 0.1734 0.1476 0.1412],[1.9570 1.4096 0.5730 0.4094 0.3534 0.3215 0.2889 0.2776 0.2616 0.2523 0.2433 0.2350 0.2280 0.2192 0.2146 0.2067 0.2010 0.1965 0.1969 0.1921 0.1870 0.1834 0.1815 0.1776 0.1749 0.1692 0.1683 0.1659 0.1649 0.1603 0.1590 0.1591 0.1532 0.1521 0.1524 0.1529 0.1478 0.1473 0.1444 0.1402 0.1401 0.1425 0.1388 0.1334 0.1356 0.1340 0.1346 0.1312 0.1310 0.1279]
