train_acc,valid_acc,test_acc,train_loss,valid_loss,train_aug_loss
0.9931630492210388,0.9649507403373718,0.9413972496986389,[2.2731 1.0470 0.6126 0.4606 0.3700 0.2682 0.2597 0.2847 0.2623 0.1797 0.4304 0.3698 0.4111 0.2808 0.1703 0.1697 0.2016 0.2029 0.3739 0.0959 0.2199 0.1094 0.1243 0.1457 0.0885 0.2793 0.1520 0.1048 0.0683 0.0935 0.1321 0.0945 0.2205 0.1210 0.1146 0.0833 0.0818 0.0834 0.1985 0.0832 0.1727 0.0985 0.0493 0.0510 0.0835 0.0819 0.1243 0.1120 0.1076 0.0585 0.1446 0.1293 0.1033 0.0798 0.1095 0.0390 0.0891 0.0682 0.0794 0.0852 0.0524 0.1329 0.0884 0.0617 0.0731 0.1303 0.1325 0.1047 0.0740 0.1007 0.0673 0.0664 0.1238 0.0636 0.0482 0.0758 0.0358 0.0724 0.0292 0.0655 0.0312 0.0504 0.0512 0.0890 0.0301 0.0442 0.0721 0.0515 0.0915 0.1007 0.0527 0.1675 0.0333 0.0835 0.0275 0.0171 0.0446 0.0579 0.0406 0.0229],[2.2712 1.2741 0.8053 0.5980 0.4465 0.3377 0.3145 0.3516 0.3430 0.2481 0.5097 0.4443 0.4945 0.3520 0.2447 0.2280 0.2848 0.2770 0.4606 0.1658 0.2937 0.1932 0.2026 0.2422 0.1659 0.3799 0.2443 0.1828 0.1353 0.1806 0.2239 0.1863 0.3038 0.2242 0.2140 0.1795 0.1617 0.1728 0.2949 0.1712 0.2655 0.2031 0.1268 0.1398 0.1787 0.1835 0.2216 0.2275 0.2308 0.1566 0.2488 0.2528 0.2202 0.1894 0.2362 0.1398 0.1987 0.1775 0.1953 0.2113 0.1437 0.2835 0.1933 0.1731 0.1908 0.2788 0.2802 0.2361 0.1824 0.2218 0.1858 0.1763 0.2651 0.1977 0.1669 0.2153 0.1418 0.1989 0.1347 0.2140 0.1396 0.1837 0.1755 0.2162 0.1391 0.1674 0.2093 0.1908 0.2691 0.2620 0.2035 0.3603 0.1642 0.2324 0.1692 0.1524 0.2075 0.2084 0.1804 0.1248],[1.9999 1.2733 0.5156 0.3758 0.3203 0.2835 0.2629 0.2456 0.2291 0.2208 0.2076 0.2000 0.1942 0.1863 0.1820 0.1764 0.1675 0.1632 0.1626 0.1570 0.1517 0.1494 0.1469 0.1444 0.1377 0.1359 0.1346 0.1327 0.1283 0.1282 0.1234 0.1220 0.1221 0.1178 0.1150 0.1152 0.1139 0.1095 0.1108 0.1078 0.1060 0.1069 0.1014 0.1016 0.1021 0.1005 0.0984 0.0970 0.0953 0.0946 0.0926 0.0929 0.0916 0.0911 0.0880 0.0895 0.0853 0.0859 0.0844 0.0850 0.0825 0.0857 0.0816 0.0817 0.0778 0.0783 0.0785 0.0767 0.0769 0.0774 0.0765 0.0753 0.0754 0.0729 0.0747 0.0716 0.0726 0.0705 0.0696 0.0708 0.0692 0.0680 0.0690 0.0680 0.0663 0.0664 0.0664 0.0632 0.0636 0.0629 0.0622 0.0616 0.0628 0.0621 0.0617 0.0613 0.0609 0.0597 0.0594 0.0591]
