train_acc,valid_acc,test_acc,train_loss,valid_loss,train_aug_loss
0.9840694069862366,0.961850643157959,0.9667640328407288,[2.1859 0.6346 0.3540 0.2614 0.1884 0.1841 0.1751 0.1396 0.1311 0.1272 0.1445 0.1245 0.1214 0.1300 0.1207 0.0901 0.1204 0.1070 0.1019 0.0940 0.0941 0.0826 0.0893 0.1011 0.0782 0.1059 0.0792 0.0847 0.1002 0.0887 0.0758 0.0838 0.0804 0.0703 0.0750 0.0686 0.0778 0.0785 0.0784 0.0765 0.0485 0.0486 0.0819 0.0649 0.0633 0.0829 0.0534 0.0508 0.0533 0.0669],[2.1633 0.7298 0.4015 0.2814 0.2248 0.2297 0.2268 0.1875 0.1649 0.1740 0.1987 0.1786 0.1708 0.1825 0.1795 0.1486 0.1827 0.1686 0.1723 0.1638 0.1602 0.1502 0.1680 0.1866 0.1741 0.1865 0.1619 0.1610 0.1732 0.1640 0.1529 0.1565 0.1609 0.1567 0.1474 0.1546 0.1648 0.1639 0.1632 0.1746 0.1415 0.1418 0.1868 0.1608 0.1618 0.1811 0.1570 0.1508 0.1640 0.1646],[1.9390 1.3466 0.5301 0.3972 0.3473 0.3120 0.2924 0.2722 0.2642 0.2577 0.2413 0.2319 0.2273 0.2228 0.2125 0.2112 0.2026 0.1994 0.1932 0.1899 0.1862 0.1874 0.1789 0.1789 0.1739 0.1722 0.1689 0.1674 0.1620 0.1596 0.1618 0.1550 0.1556 0.1520 0.1536 0.1501 0.1493 0.1447 0.1426 0.1415 0.1405 0.1398 0.1352 0.1384 0.1362 0.1347 0.1324 0.1308 0.1312 0.1306]
