train_acc,valid_acc,test_acc,train_loss,valid_loss,train_aug_loss
0.9885483384132385,0.9677354097366333,0.9647552967071533,[2.7902 0.3218 0.2578 0.2512 0.2039 0.2191 0.2525 0.0996 0.2054 0.1476 0.2152 0.1687 0.2177 0.1303 0.1453 0.1330 0.2010 0.1093 0.1591 0.1682 0.1221 0.1236 0.1089 0.1263 0.1080 0.0598 0.0491 0.1154 0.0800 0.0582 0.0543 0.0753 0.0818 0.0336 0.0932 0.0624 0.0739 0.0449 0.0443 0.0908 0.0621 0.0341 0.1136 0.0577 0.0776 0.0421 0.0618 0.0447 0.0432 0.1119],[2.4456 0.3164 0.2796 0.2694 0.2355 0.2497 0.2660 0.1369 0.2538 0.1957 0.2553 0.2279 0.2750 0.1940 0.2227 0.2085 0.2874 0.1951 0.2425 0.2421 0.1949 0.1959 0.1812 0.2040 0.1896 0.1411 0.1329 0.1998 0.1682 0.1477 0.1411 0.1605 0.1691 0.1229 0.2004 0.1481 0.1889 0.1345 0.1490 0.2042 0.1697 0.1396 0.2448 0.1681 0.2009 0.1534 0.1789 0.1623 0.1518 0.2450],[1.6338 0.5143 0.3634 0.3084 0.2821 0.2579 0.2416 0.2269 0.2178 0.2078 0.2005 0.1932 0.1857 0.1865 0.1794 0.1717 0.1684 0.1636 0.1612 0.1573 0.1513 0.1496 0.1516 0.1450 0.1438 0.1398 0.1361 0.1323 0.1306 0.1308 0.1316 0.1285 0.1253 0.1240 0.1198 0.1209 0.1178 0.1157 0.1141 0.1132 0.1110 0.1102 0.1081 0.1067 0.1096 0.1071 0.1045 0.1056 0.1023 0.1033]
