train_acc,valid_acc,test_acc,train_loss,valid_loss,train_aug_loss
0.9821721911430359,0.9579951167106628,0.9614682197570801,[1.9464 0.7774 0.3001 0.2711 0.2035 0.2266 0.1724 0.1647 0.1580 0.1318 0.1524 0.1187 0.1389 0.1746 0.1231 0.1140 0.1141 0.1172 0.1002 0.0981 0.1082 0.0924 0.1556 0.1087 0.1065 0.0777 0.0717 0.0691 0.0754 0.0751 0.0729 0.0590 0.1114 0.0999 0.0904 0.0870 0.0611 0.0755 0.0878 0.0629 0.0690 0.0846 0.0546 0.0719 0.0854 0.0557 0.0647 0.0635 0.0490 0.0970],[1.9659 0.8088 0.3415 0.3238 0.2616 0.2735 0.2294 0.2170 0.2153 0.1928 0.2192 0.1828 0.2031 0.2411 0.2087 0.1812 0.1776 0.1860 0.1753 0.1716 0.1980 0.1794 0.2204 0.1905 0.1882 0.1599 0.1681 0.1538 0.1662 0.1700 0.1662 0.1528 0.1940 0.1869 0.1765 0.1834 0.1612 0.1659 0.1848 0.1610 0.1643 0.1826 0.1602 0.1646 0.1803 0.1567 0.1582 0.1587 0.1556 0.1995],[1.8519 0.9452 0.5447 0.4411 0.3882 0.3619 0.3364 0.3161 0.3058 0.2906 0.2840 0.2710 0.2703 0.2580 0.2564 0.2489 0.2467 0.2399 0.2321 0.2311 0.2268 0.2210 0.2207 0.2155 0.2112 0.2106 0.2033 0.2014 0.1969 0.1961 0.1954 0.1920 0.1888 0.1913 0.1863 0.1905 0.1802 0.1820 0.1828 0.1778 0.1778 0.1703 0.1788 0.1715 0.1706 0.1692 0.1691 0.1693 0.1653 0.1628]
