train_acc,valid_acc,test_acc,train_loss,valid_loss,train_aug_loss
0.9819081425666809,0.9608360528945923,0.9614682197570801,[2.2683 0.4985 0.3048 0.3188 0.1940 0.1898 0.2566 0.1793 0.1428 0.1065 0.1539 0.1299 0.1330 0.1264 0.1229 0.0987 0.1350 0.0933 0.0728 0.0828 0.0821 0.0926 0.0862 0.0734 0.1210 0.0730 0.0814 0.0747 0.1012 0.0805 0.0915 0.0700 0.0749 0.0737 0.0673 0.0795 0.0543 0.0847 0.0963 0.0768 0.0598 0.0572 0.0727 0.0759 0.0639 0.0784 0.0642 0.0505 0.0553 0.0553],[2.4355 0.5027 0.3162 0.3369 0.2294 0.2204 0.2952 0.2234 0.1868 0.1571 0.2062 0.1847 0.1887 0.1809 0.1698 0.1722 0.1961 0.1541 0.1492 0.1506 0.1422 0.1572 0.1537 0.1511 0.1985 0.1620 0.1553 0.1589 0.1923 0.1554 0.1733 0.1461 0.1524 0.1588 0.1542 0.1701 0.1405 0.1788 0.1884 0.1555 0.1480 0.1375 0.1648 0.1651 0.1489 0.1717 0.1571 0.1453 0.1465 0.1438],[1.7978 0.7798 0.5109 0.4274 0.3783 0.3513 0.3262 0.3124 0.2975 0.2851 0.2766 0.2695 0.2656 0.2544 0.2455 0.2439 0.2338 0.2355 0.2299 0.2241 0.2261 0.2245 0.2123 0.2107 0.2088 0.2071 0.2053 0.2022 0.1986 0.1987 0.1934 0.1913 0.1892 0.1846 0.1817 0.1843 0.1809 0.1811 0.1820 0.1809 0.1719 0.1743 0.1696 0.1707 0.1642 0.1677 0.1667 0.1654 0.1610 0.1621]
