train_acc,valid_acc,test_acc,train_loss,valid_loss,train_aug_loss
0.9792970418930054,0.9640827775001526,0.9625639319419861,[2.0131 1.2615 0.8552 0.6096 0.5418 0.3946 0.2858 0.3102 0.2439 0.2018 0.1998 0.1715 0.1699 0.1981 0.1625 0.1458 0.1450 0.1519 0.1450 0.1486 0.1394 0.1111 0.1394 0.1277 0.1378 0.1371 0.1468 0.1207 0.0924 0.1097 0.1084 0.1148 0.0746 0.1325 0.1111 0.0799 0.1342 0.0942 0.0665 0.0765 0.0798 0.0870 0.0652 0.0852 0.0695 0.1263 0.1030 0.1046 0.0680 0.0923],[1.9301 1.1402 0.7890 0.5742 0.5194 0.3926 0.2963 0.3160 0.2636 0.2260 0.2305 0.2052 0.2048 0.2309 0.1987 0.1867 0.1849 0.1929 0.1873 0.1842 0.1841 0.1583 0.1817 0.1755 0.1823 0.1880 0.1972 0.1776 0.1457 0.1656 0.1603 0.1642 0.1293 0.1876 0.1668 0.1358 0.1987 0.1515 0.1276 0.1435 0.1415 0.1497 0.1247 0.1483 0.1303 0.1864 0.1715 0.1711 0.1311 0.1593],[1.9446 1.5314 0.9329 0.6627 0.5488 0.4857 0.4425 0.4078 0.3812 0.3583 0.3385 0.3275 0.3120 0.3048 0.2877 0.2823 0.2717 0.2656 0.2627 0.2536 0.2480 0.2424 0.2361 0.2340 0.2265 0.2249 0.2204 0.2174 0.2137 0.2092 0.2040 0.2046 0.2003 0.1994 0.1928 0.1917 0.1914 0.1898 0.1855 0.1811 0.1829 0.1792 0.1780 0.1765 0.1777 0.1719 0.1708 0.1694 0.1706 0.1682]
