train_acc,valid_acc,test_acc,train_loss,valid_loss,train_aug_loss
0.9875433444976807,0.9682365655899048,0.9535219669342041,[2.1220 1.7469 0.7824 0.5333 0.3953 0.2318 0.2520 0.3522 0.1772 0.2550 0.1555 0.2083 0.1954 0.1460 0.2249 0.2936 0.3275 0.1194 0.1316 0.1417 0.2423 0.1115 0.1339 0.2318 0.0772 0.1106 0.1471 0.1535 0.0665 0.1815 0.0967 0.1124 0.1176 0.0580 0.0708 0.0969 0.2338 0.0777 0.0994 0.0761 0.1233 0.0668 0.0990 0.0926 0.0750 0.1270 0.2124 0.0616 0.0511 0.0699 0.0717 0.0554 0.0380 0.0445 0.0692 0.0613 0.0502 0.0975 0.0860 0.0494 0.0412 0.0511 0.0431 0.0637 0.0310 0.0683 0.0430 0.0459 0.0560 0.0451 0.0391 0.0306 0.1324 0.0527 0.0399 0.0399 0.0442 0.0452 0.0326 0.0328 0.0325 0.0486 0.0511 0.0319 0.0269 0.0235 0.0265 0.0346 0.0230 0.0470 0.0389 0.0385 0.0702 0.0550 0.0322 0.0468 0.0227 0.0195 0.0333 0.0227],[2.1172 1.7143 0.7988 0.6376 0.4789 0.2567 0.3319 0.4108 0.2236 0.2839 0.1995 0.2343 0.2235 0.1906 0.2723 0.3122 0.3670 0.1729 0.1785 0.1953 0.2801 0.1592 0.1892 0.2984 0.1360 0.1845 0.2136 0.2092 0.1287 0.2223 0.1477 0.1825 0.1804 0.1175 0.1356 0.1596 0.2741 0.1572 0.1795 0.1471 0.1828 0.1304 0.1947 0.1738 0.1675 0.2042 0.2748 0.1302 0.1256 0.1558 0.1447 0.1324 0.1062 0.1181 0.1510 0.1646 0.1249 0.1772 0.1803 0.1437 0.1206 0.1453 0.1283 0.1477 0.1084 0.1524 0.1314 0.1341 0.1431 0.1536 0.1291 0.1201 0.2155 0.1347 0.1412 0.1453 0.1515 0.1556 0.1305 0.1319 0.1427 0.1637 0.1545 0.1336 0.1235 0.1070 0.1164 0.1451 0.1226 0.1569 0.1518 0.1438 0.2144 0.1827 0.1366 0.1658 0.1330 0.1174 0.1491 0.1414],[2.0682 1.8181 1.3880 0.5914 0.4127 0.3520 0.3144 0.2902 0.2643 0.2491 0.2373 0.2246 0.2193 0.2079 0.2020 0.1977 0.1860 0.1808 0.1785 0.1729 0.1696 0.1664 0.1599 0.1559 0.1542 0.1491 0.1479 0.1448 0.1388 0.1397 0.1355 0.1353 0.1325 0.1262 0.1255 0.1253 0.1229 0.1195 0.1189 0.1148 0.1152 0.1131 0.1129 0.1083 0.1070 0.1076 0.1050 0.1019 0.1020 0.0986 0.0998 0.0987 0.0984 0.0966 0.0939 0.0946 0.0929 0.0924 0.0915 0.0903 0.0881 0.0907 0.0869 0.0873 0.0859 0.0839 0.0824 0.0833 0.0810 0.0799 0.0805 0.0782 0.0790 0.0774 0.0753 0.0745 0.0758 0.0747 0.0732 0.0744 0.0725 0.0712 0.0717 0.0702 0.0697 0.0698 0.0694 0.0668 0.0680 0.0678 0.0653 0.0666 0.0631 0.0641 0.0642 0.0644 0.0629 0.0627 0.0615 0.0619]
