train_acc,valid_acc,test_acc,train_loss,valid_loss,train_aug_loss
0.9756395816802979,0.9588068127632141,0.9585464000701904,[2.0125 3.5120 5.3006 1.1588 0.4399 0.4561 0.3315 0.2790 0.2626 0.2780 0.2290 0.2147 0.2059 0.1839 0.2023 0.1864 0.1752 0.1782 0.1682 0.1694 0.1390 0.1623 0.1457 0.1428 0.1333 0.1334 0.1380 0.1113 0.1108 0.1140 0.1197 0.1211 0.1158 0.1168 0.1100 0.0981 0.0969 0.1192 0.1091 0.0875 0.1010 0.0996 0.1166 0.0995 0.0864 0.0847 0.0937 0.0861 0.0827 0.0843 0.0731 0.0874 0.0959 0.0752 0.0876 0.0803 0.0820 0.0883 0.0737 0.0859 0.0733 0.0713 0.0701 0.0786 0.0617 0.0735 0.0703 0.0653 0.0508 0.0775 0.0565 0.0655 0.0635 0.0613 0.0701 0.0564 0.0567 0.0633 0.0665 0.0563 0.0576 0.0502 0.0430 0.0694 0.0490 0.0566 0.0664 0.0572 0.0455 0.0557 0.0521 0.0450 0.0523 0.0431 0.0509 0.0599 0.0518 0.0477 0.0453 0.0560],[2.0106 3.2825 4.9808 1.2045 0.4766 0.4790 0.3555 0.3013 0.2873 0.3140 0.2552 0.2404 0.2300 0.2134 0.2361 0.2163 0.2029 0.2116 0.1965 0.1993 0.1688 0.1936 0.1768 0.1765 0.1831 0.1754 0.1801 0.1512 0.1549 0.1654 0.1556 0.1632 0.1671 0.1631 0.1597 0.1414 0.1519 0.1645 0.1620 0.1352 0.1495 0.1487 0.1689 0.1542 0.1441 0.1418 0.1543 0.1422 0.1440 0.1371 0.1277 0.1480 0.1616 0.1381 0.1590 0.1484 0.1468 0.1586 0.1393 0.1592 0.1383 0.1402 0.1403 0.1525 0.1373 0.1487 0.1448 0.1413 0.1299 0.1566 0.1294 0.1419 0.1467 0.1454 0.1529 0.1396 0.1394 0.1427 0.1522 0.1363 0.1495 0.1416 0.1327 0.1601 0.1386 0.1527 0.1575 0.1540 0.1408 0.1454 0.1497 0.1370 0.1428 0.1397 0.1452 0.1625 0.1463 0.1425 0.1475 0.1685],[2.0841 1.8559 1.7230 1.0897 0.6307 0.4980 0.4367 0.4024 0.3708 0.3550 0.3348 0.3168 0.3061 0.2965 0.2852 0.2768 0.2704 0.2597 0.2558 0.2483 0.2403 0.2348 0.2299 0.2239 0.2192 0.2143 0.2101 0.2089 0.2053 0.2002 0.1988 0.1928 0.1910 0.1904 0.1843 0.1833 0.1812 0.1784 0.1756 0.1737 0.1737 0.1687 0.1675 0.1644 0.1618 0.1617 0.1597 0.1561 0.1557 0.1545 0.1529 0.1509 0.1447 0.1466 0.1472 0.1443 0.1459 0.1404 0.1406 0.1389 0.1381 0.1371 0.1356 0.1334 0.1345 0.1325 0.1322 0.1281 0.1291 0.1266 0.1242 0.1275 0.1230 0.1250 0.1235 0.1227 0.1199 0.1210 0.1182 0.1200 0.1161 0.1175 0.1162 0.1148 0.1112 0.1120 0.1117 0.1119 0.1112 0.1119 0.1076 0.1091 0.1061 0.1080 0.1051 0.1063 0.1027 0.1032 0.1030 0.1058]
