train_acc,valid_acc,test_acc,train_loss,valid_loss,train_aug_loss
0.9820157289505005,0.960024356842041,0.9621986746788025,[2.4266 0.5370 0.2748 0.2406 0.1921 0.1826 0.1500 0.1561 0.1413 0.1482 0.1301 0.1160 0.1205 0.1233 0.0962 0.1249 0.1160 0.0925 0.1044 0.1021 0.1045 0.0922 0.0797 0.0887 0.0930 0.0854 0.0813 0.0900 0.0645 0.0804 0.0740 0.0764 0.0797 0.0731 0.0710 0.0675 0.0659 0.0641 0.0742 0.0720 0.0666 0.0632 0.0541 0.0600 0.0576 0.0637 0.0548 0.0558 0.0558 0.0548],[2.3692 0.5943 0.3300 0.2861 0.2385 0.2325 0.1997 0.2002 0.1976 0.2196 0.1801 0.1811 0.1861 0.1918 0.1587 0.1957 0.1811 0.1570 0.1726 0.1759 0.1693 0.1659 0.1547 0.1605 0.1675 0.1689 0.1625 0.1694 0.1468 0.1615 0.1594 0.1635 0.1727 0.1643 0.1794 0.1585 0.1492 0.1582 0.1660 0.1620 0.1647 0.1547 0.1405 0.1552 0.1574 0.1677 0.1591 0.1521 0.1495 0.1577],[1.9634 1.1941 0.5230 0.4026 0.3538 0.3197 0.2977 0.2764 0.2672 0.2547 0.2445 0.2349 0.2292 0.2216 0.2176 0.2159 0.2060 0.2014 0.1962 0.1929 0.1897 0.1844 0.1829 0.1789 0.1770 0.1777 0.1732 0.1643 0.1622 0.1633 0.1613 0.1592 0.1549 0.1575 0.1506 0.1518 0.1478 0.1499 0.1437 0.1427 0.1410 0.1423 0.1382 0.1392 0.1361 0.1345 0.1331 0.1312 0.1303 0.1286]
