train_acc,valid_acc,test_acc,train_loss,valid_loss,train_aug_loss
0.9875183701515198,0.9675064086914062,0.943418025970459,[3.5150 0.7291 0.3556 0.2612 0.3118 0.2274 0.2284 0.2335 0.1452 0.1564 0.1126 0.1046 0.1201 0.0989 0.0971 0.1114 0.0886 0.0797 0.0719 0.1052 0.0900 0.0797 0.0670 0.0688 0.0675 0.0658 0.0641 0.0798 0.0593 0.0663 0.0562 0.0672 0.0612 0.0563 0.0999 0.0622 0.0486 0.0518 0.0475 0.0410 0.0378 0.0582 0.0430 0.0432 0.0383 0.0534 0.0699 0.0764 0.0345 0.0648 0.0370 0.0369 0.0408 0.0670 0.0318 0.0340 0.0391 0.0308 0.0347 0.0495 0.0338 0.0343 0.0238 0.0255 0.0288 0.0273 0.0336 0.1076 0.0285 0.0226 0.0254 0.0329 0.0255 0.0267 0.0279 0.0250 0.0293 0.0190 0.0208 0.0210 0.0243 0.0264 0.0262 0.0195 0.0189 0.0212 0.0545 0.0194 0.0154 0.0334 0.0199 0.0160 0.0175 0.0144 0.0146 0.0341 0.0173 0.0273 0.0205 0.0164],[3.2593 0.8175 0.4376 0.3432 0.3727 0.2927 0.2831 0.3032 0.1923 0.2109 0.1585 0.1610 0.1919 0.1627 0.1553 0.1768 0.1591 0.1490 0.1387 0.1702 0.1724 0.1542 0.1477 0.1377 0.1323 0.1421 0.1472 0.1761 0.1332 0.1480 0.1490 0.1479 0.1543 0.1425 0.2149 0.1512 0.1279 0.1427 0.1368 0.1355 0.1237 0.1623 0.1336 0.1461 0.1317 0.1670 0.1937 0.1870 0.1343 0.1947 0.1412 0.1377 0.1598 0.1916 0.1461 0.1523 0.1586 0.1401 0.1418 0.1994 0.1520 0.1618 0.1334 0.1297 0.1385 0.1498 0.1549 0.2697 0.1386 0.1554 0.1393 0.1495 0.1417 0.1481 0.1637 0.1425 0.1524 0.1318 0.1437 0.1352 0.1517 0.1560 0.1498 0.1487 0.1505 0.1442 0.2318 0.1417 0.1318 0.1832 0.1503 0.1453 0.1413 0.1367 0.1363 0.1906 0.1479 0.1651 0.1642 0.1563],[1.9773 1.2817 0.5146 0.3842 0.3325 0.2956 0.2703 0.2545 0.2372 0.2251 0.2183 0.2079 0.2006 0.1907 0.1872 0.1805 0.1757 0.1733 0.1641 0.1600 0.1601 0.1564 0.1509 0.1492 0.1447 0.1424 0.1390 0.1378 0.1332 0.1334 0.1304 0.1272 0.1258 0.1237 0.1224 0.1176 0.1191 0.1185 0.1136 0.1114 0.1118 0.1102 0.1107 0.1052 0.1063 0.1050 0.1029 0.1039 0.0996 0.0992 0.0988 0.0961 0.0970 0.0955 0.0916 0.0939 0.0918 0.0893 0.0889 0.0851 0.0879 0.0872 0.0871 0.0836 0.0841 0.0825 0.0813 0.0833 0.0819 0.0807 0.0789 0.0803 0.0780 0.0783 0.0754 0.0779 0.0771 0.0750 0.0736 0.0739 0.0746 0.0723 0.0707 0.0706 0.0706 0.0701 0.0701 0.0677 0.0666 0.0695 0.0658 0.0656 0.0672 0.0657 0.0652 0.0653 0.0618 0.0637 0.0622 0.0628]
