train_acc,valid_acc,test_acc,train_loss,valid_loss,train_aug_loss
0.9829056262969971,0.9624594449996948,0.9671292901039124,[3.1194 2.5363 0.3584 0.2581 0.2036 0.1570 0.1653 0.1573 0.1556 0.1422 0.1334 0.1275 0.1239 0.1065 0.1100 0.1141 0.1051 0.1128 0.1045 0.1054 0.0932 0.1048 0.0907 0.0885 0.0787 0.0802 0.0834 0.0842 0.0777 0.0767 0.0822 0.0759 0.0681 0.0698 0.0729 0.0650 0.0651 0.0813 0.0679 0.0723 0.0595 0.0682 0.0626 0.0620 0.0670 0.0666 0.0919 0.0625 0.0575 0.0595],[2.8215 2.2415 0.3567 0.2787 0.2278 0.1826 0.2008 0.1821 0.1866 0.1834 0.1811 0.1734 0.1654 0.1519 0.1581 0.1586 0.1467 0.1575 0.1448 0.1466 0.1435 0.1522 0.1434 0.1354 0.1351 0.1409 0.1372 0.1434 0.1336 0.1336 0.1439 0.1353 0.1249 0.1257 0.1429 0.1209 0.1212 0.1313 0.1304 0.1352 0.1163 0.1264 0.1192 0.1174 0.1218 0.1270 0.1491 0.1274 0.1225 0.1196],[1.9579 1.4394 0.5780 0.4149 0.3660 0.3342 0.3152 0.2962 0.2833 0.2753 0.2684 0.2615 0.2507 0.2439 0.2387 0.2343 0.2304 0.2253 0.2230 0.2180 0.2136 0.2121 0.2037 0.2026 0.2034 0.1991 0.1952 0.1909 0.1871 0.1838 0.1857 0.1835 0.1817 0.1782 0.1788 0.1750 0.1729 0.1779 0.1685 0.1706 0.1680 0.1657 0.1613 0.1628 0.1585 0.1579 0.1561 0.1552 0.1507 0.1509]
