train_acc,valid_acc,test_acc,train_loss,valid_loss,train_aug_loss
0.9854338765144348,0.9686017036437988,0.9480369687080383,[2.3456 0.8058 0.3434 0.2202 0.2319 0.1885 0.1811 0.2554 0.1493 0.1498 0.1241 0.1320 0.2101 0.1541 0.1024 0.1156 0.1144 0.1201 0.0979 0.1062 0.0791 0.1159 0.0626 0.0722 0.3436 0.0768 0.1466 0.0663 0.0672 0.0588 0.1049 0.0559 0.0900 0.0565 0.0604 0.0454 0.0663 0.0870 0.0545 0.0549 0.0472 0.1138 0.0500 0.0519 0.0579 0.0430 0.0374 0.0352 0.0565 0.0650 0.0611 0.0494 0.0389 0.0427 0.0423 0.0396 0.0485 0.0372 0.0348 0.0316 0.0270 0.0287 0.0263 0.0250 0.0269 0.0313 0.0477 0.0313 0.0379 0.0296 0.0431 0.0484 0.0689 0.0215 0.0415 0.0269 0.0294 0.0246 0.0292 0.0544 0.0189 0.0206 0.0219 0.0229 0.0191 0.0172 0.0519 0.0146 0.0501 0.0497 0.0218 0.0212 0.0142 0.0324 0.0172 0.0171 0.0167 0.0141 0.0200 0.0376],[2.2835 0.8741 0.3861 0.2427 0.2516 0.2102 0.2059 0.3101 0.1947 0.2012 0.1776 0.1805 0.2626 0.2253 0.1579 0.1772 0.1743 0.1921 0.1574 0.1732 0.1343 0.1657 0.1130 0.1352 0.4547 0.1343 0.2397 0.1372 0.1346 0.1340 0.1859 0.1211 0.1910 0.1218 0.1408 0.1083 0.1383 0.1879 0.1349 0.1285 0.1322 0.2243 0.1432 0.1355 0.1518 0.1356 0.1125 0.1247 0.1482 0.1749 0.1800 0.1453 0.1345 0.1434 0.1421 0.1482 0.1639 0.1446 0.1356 0.1349 0.1154 0.1302 0.1218 0.1174 0.1169 0.1427 0.1678 0.1464 0.1537 0.1355 0.1615 0.1792 0.2099 0.1247 0.1842 0.1288 0.1533 0.1198 0.1405 0.1948 0.1175 0.1139 0.1283 0.1462 0.1265 0.1257 0.2115 0.1129 0.2041 0.2070 0.1492 0.1406 0.1083 0.1718 0.1328 0.1430 0.1242 0.1189 0.1426 0.1996],[2.0077 1.2880 0.5324 0.3980 0.3428 0.3066 0.2846 0.2662 0.2507 0.2377 0.2256 0.2173 0.2108 0.2022 0.1924 0.1874 0.1837 0.1786 0.1705 0.1687 0.1631 0.1604 0.1571 0.1531 0.1483 0.1481 0.1433 0.1409 0.1402 0.1358 0.1324 0.1292 0.1284 0.1261 0.1244 0.1230 0.1221 0.1191 0.1206 0.1166 0.1155 0.1124 0.1117 0.1106 0.1097 0.1057 0.1034 0.1032 0.1025 0.1013 0.1018 0.0990 0.0999 0.0959 0.0956 0.0936 0.0947 0.0933 0.0907 0.0895 0.0911 0.0883 0.0897 0.0865 0.0861 0.0863 0.0829 0.0857 0.0851 0.0817 0.0833 0.0803 0.0798 0.0777 0.0788 0.0768 0.0789 0.0783 0.0771 0.0753 0.0768 0.0740 0.0726 0.0738 0.0732 0.0706 0.0722 0.0699 0.0711 0.0699 0.0677 0.0677 0.0653 0.0686 0.0678 0.0672 0.0650 0.0648 0.0647 0.0642]
