train_acc,valid_acc,test_acc,train_loss,valid_loss,train_aug_loss
0.9906700253486633,0.9653158187866211,0.9497690796852112,[2.1151 1.5042 1.0897 0.2969 0.3597 0.2413 0.2376 0.2064 0.1711 0.1707 0.2216 0.1630 0.1314 0.1344 0.1184 0.1331 0.1505 0.1331 0.1764 0.1169 0.1165 0.0957 0.1074 0.1043 0.0775 0.0972 0.0791 0.0823 0.0896 0.1382 0.0698 0.0641 0.0701 0.0832 0.0717 0.0783 0.1566 0.0741 0.0756 0.0573 0.0982 0.0542 0.0587 0.0555 0.0431 0.0540 0.0704 0.1036 0.0529 0.0691 0.0712 0.0679 0.0893 0.0654 0.0925 0.0395 0.0735 0.0674 0.0464 0.0492 0.0504 0.0376 0.0397 0.0435 0.0474 0.0384 0.0331 0.1258 0.1167 0.0422 0.0407 0.0349 0.0341 0.0307 0.0319 0.0546 0.0385 0.0330 0.0514 0.0424 0.0366 0.0289 0.0296 0.0248 0.0360 0.0354 0.0232 0.0284 0.0237 0.0658 0.0234 0.0404 0.0508 0.0431 0.0595 0.0231 0.0218 0.0410 0.0290 0.0187],[2.0907 1.6384 1.4550 0.3897 0.4793 0.3182 0.3255 0.2861 0.2418 0.2345 0.3022 0.2292 0.1897 0.2082 0.1908 0.2092 0.2238 0.2054 0.2801 0.1898 0.2012 0.1706 0.1944 0.1871 0.1560 0.1650 0.1538 0.1639 0.1758 0.2262 0.1451 0.1399 0.1557 0.1747 0.1618 0.1688 0.2776 0.1620 0.1632 0.1340 0.1921 0.1344 0.1427 0.1350 0.1275 0.1309 0.1639 0.1993 0.1426 0.1657 0.1686 0.1699 0.2043 0.1711 0.2087 0.1222 0.1953 0.1753 0.1501 0.1568 0.1517 0.1299 0.1387 0.1465 0.1525 0.1407 0.1331 0.2753 0.2693 0.1461 0.1465 0.1364 0.1392 0.1197 0.1420 0.1962 0.1691 0.1422 0.1743 0.1578 0.1554 0.1382 0.1364 0.1271 0.1487 0.1454 0.1258 0.1349 0.1367 0.2281 0.1350 0.1859 0.2079 0.1833 0.2112 0.1409 0.1391 0.1772 0.1537 0.1497],[2.0580 1.6568 0.9217 0.4943 0.3898 0.3394 0.3091 0.2883 0.2686 0.2529 0.2371 0.2285 0.2193 0.2110 0.1997 0.1964 0.1915 0.1812 0.1773 0.1771 0.1696 0.1639 0.1622 0.1570 0.1529 0.1505 0.1494 0.1451 0.1417 0.1390 0.1388 0.1349 0.1338 0.1307 0.1291 0.1266 0.1247 0.1212 0.1197 0.1185 0.1157 0.1159 0.1153 0.1125 0.1101 0.1086 0.1088 0.1067 0.1065 0.1043 0.1024 0.1000 0.1004 0.0982 0.0962 0.0970 0.0971 0.0949 0.0924 0.0914 0.0914 0.0916 0.0881 0.0878 0.0877 0.0840 0.0859 0.0833 0.0828 0.0823 0.0841 0.0806 0.0820 0.0807 0.0784 0.0771 0.0772 0.0776 0.0760 0.0743 0.0753 0.0734 0.0728 0.0729 0.0729 0.0714 0.0710 0.0705 0.0700 0.0705 0.0681 0.0684 0.0671 0.0671 0.0652 0.0670 0.0640 0.0637 0.0635 0.0631]
