train_acc,valid_acc,test_acc,train_loss,valid_loss,train_aug_loss
0.9867978692054749,0.9657061696052551,0.9638422131538391,[2.2366 0.3563 0.3167 0.2444 0.2289 0.2050 0.2129 0.2027 0.1366 0.1276 0.1749 0.1432 0.1341 0.1570 0.1404 0.1199 0.1129 0.0864 0.1918 0.1290 0.1700 0.1746 0.1335 0.0919 0.1727 0.1482 0.1003 0.0689 0.0898 0.0623 0.0926 0.0392 0.0685 0.1366 0.0683 0.0814 0.0768 0.0522 0.0498 0.0509 0.0609 0.0797 0.0942 0.1161 0.0523 0.0740 0.0635 0.0420 0.0461 0.1019 0.0351 0.0411 0.0619 0.0420 0.0456 0.0270 0.0309 0.0506 0.0303 0.0397 0.0317 0.0525 0.0386 0.0545 0.0805 0.0178 0.0195 0.0482 0.1211 0.0772 0.0476 0.0778 0.0689 0.0300 0.0339 0.0379 0.0253 0.0438 0.0398 0.0189 0.0294 0.0316 0.0256 0.0280 0.0190 0.0452 0.0107 0.0263 0.0178 0.0207 0.0389 0.0124 0.0132 0.0264 0.0202 0.0119 0.0299 0.0342 0.0132 0.0114],[2.4621 0.3598 0.3275 0.2622 0.2436 0.2321 0.2550 0.2282 0.1689 0.1672 0.2157 0.1955 0.1865 0.1998 0.1832 0.1765 0.1681 0.1417 0.2623 0.1902 0.2392 0.2427 0.2114 0.1598 0.2490 0.2429 0.1826 0.1469 0.1681 0.1334 0.1833 0.1150 0.1496 0.2263 0.1556 0.1849 0.1759 0.1361 0.1363 0.1488 0.1667 0.1938 0.2060 0.2411 0.1588 0.1915 0.1728 0.1429 0.1578 0.2392 0.1448 0.1525 0.1817 0.1587 0.1714 0.1443 0.1438 0.1768 0.1510 0.1676 0.1492 0.1859 0.1699 0.2013 0.2300 0.1344 0.1386 0.1841 0.3028 0.2268 0.1928 0.2435 0.2373 0.1850 0.1802 0.1766 0.1658 0.2006 0.2059 0.1574 0.1860 0.2075 0.1902 0.1812 0.1635 0.2294 0.1469 0.1984 0.1719 0.1763 0.2161 0.1517 0.1655 0.1855 0.1746 0.1582 0.1904 0.2086 0.1586 0.1526],[1.7719 0.6512 0.4196 0.3519 0.3081 0.2810 0.2616 0.2476 0.2323 0.2217 0.2125 0.2011 0.1927 0.1861 0.1809 0.1755 0.1714 0.1643 0.1600 0.1558 0.1521 0.1478 0.1457 0.1419 0.1385 0.1344 0.1322 0.1313 0.1282 0.1243 0.1235 0.1187 0.1183 0.1163 0.1138 0.1130 0.1111 0.1088 0.1082 0.1052 0.1031 0.1034 0.1019 0.0981 0.0998 0.0981 0.0956 0.0943 0.0928 0.0927 0.0891 0.0887 0.0909 0.0878 0.0870 0.0876 0.0799 0.0836 0.0835 0.0823 0.0796 0.0799 0.0778 0.0786 0.0765 0.0739 0.0758 0.0745 0.0716 0.0722 0.0707 0.0722 0.0707 0.0732 0.0701 0.0692 0.0696 0.0677 0.0652 0.0667 0.0641 0.0654 0.0625 0.0641 0.0614 0.0630 0.0623 0.0605 0.0610 0.0610 0.0582 0.0601 0.0570 0.0578 0.0586 0.0578 0.0566 0.0566 0.0569 0.0567]
