train_acc,valid_acc,test_acc,train_loss,valid_loss,train_aug_loss
0.976108968257904,0.9632710814476013,0.955441951751709,[2.0069 1.3762 0.8801 0.7434 0.4216 0.3331 0.3242 0.3368 0.3039 0.2577 0.2021 0.2051 0.2583 0.2096 0.1615 0.1776 0.1656 0.1560 0.1429 0.1655 0.1824 0.1025 0.1506 0.1396 0.1798 0.1589 0.1375 0.1344 0.1336 0.1371 0.1630 0.1173 0.1342 0.1453 0.0855 0.1012 0.1562 0.0973 0.1051 0.0920 0.1124 0.1213 0.1000 0.1178 0.0752 0.0966 0.1092 0.1008 0.0983 0.0864],[1.9027 1.2332 0.8367 0.7081 0.4105 0.3235 0.3160 0.3262 0.3001 0.2602 0.2054 0.2144 0.2555 0.2163 0.1793 0.1959 0.1858 0.1781 0.1700 0.1874 0.2029 0.1345 0.1776 0.1675 0.2021 0.1823 0.1629 0.1620 0.1619 0.1688 0.1957 0.1528 0.1658 0.1803 0.1292 0.1387 0.1876 0.1447 0.1487 0.1405 0.1582 0.1692 0.1502 0.1663 0.1265 0.1474 0.1643 0.1538 0.1491 0.1361],[1.9285 1.5157 0.9367 0.6658 0.5562 0.4899 0.4401 0.4069 0.3828 0.3590 0.3411 0.3276 0.3154 0.3019 0.2926 0.2831 0.2773 0.2674 0.2593 0.2505 0.2468 0.2403 0.2388 0.2312 0.2295 0.2242 0.2193 0.2181 0.2130 0.2101 0.2075 0.2018 0.2039 0.1990 0.1965 0.1936 0.1914 0.1900 0.1836 0.1843 0.1804 0.1809 0.1777 0.1749 0.1706 0.1737 0.1720 0.1693 0.1682 0.1662]
