train_acc,valid_acc,test_acc,train_loss,valid_loss,train_aug_loss
0.9798446893692017,0.9640827775001526,0.9611030220985413,[1.9928 1.3081 0.7311 0.5604 0.3935 0.3376 0.3211 0.2347 0.2651 0.2164 0.2520 0.1859 0.1758 0.1701 0.1522 0.1337 0.1399 0.1420 0.1442 0.1268 0.1493 0.1400 0.1190 0.1334 0.1522 0.1269 0.1108 0.1168 0.1425 0.0956 0.1283 0.0910 0.1142 0.0935 0.1032 0.1279 0.1267 0.0942 0.1102 0.0819 0.1036 0.0868 0.0858 0.0932 0.0989 0.0948 0.0892 0.0823 0.0730 0.0645],[1.9248 1.1751 0.6621 0.5315 0.3969 0.3482 0.3450 0.2543 0.2857 0.2455 0.2712 0.2201 0.2062 0.1977 0.1838 0.1722 0.1717 0.1842 0.1809 0.1608 0.1884 0.1820 0.1607 0.1728 0.2026 0.1641 0.1539 0.1638 0.1900 0.1373 0.1722 0.1383 0.1665 0.1375 0.1499 0.1758 0.1762 0.1407 0.1596 0.1269 0.1580 0.1405 0.1354 0.1447 0.1508 0.1487 0.1462 0.1353 0.1305 0.1163],[1.9203 1.5373 0.9407 0.6763 0.5536 0.4928 0.4446 0.4093 0.3783 0.3591 0.3417 0.3246 0.3121 0.2954 0.2871 0.2787 0.2711 0.2622 0.2545 0.2507 0.2469 0.2402 0.2335 0.2320 0.2270 0.2241 0.2200 0.2157 0.2113 0.2066 0.2040 0.2047 0.2009 0.1939 0.1937 0.1950 0.1886 0.1848 0.1847 0.1812 0.1789 0.1754 0.1770 0.1761 0.1750 0.1694 0.1670 0.1686 0.1669 0.1671]
