train_acc,valid_acc,test_acc,train_loss,valid_loss,train_aug_loss
0.9725297093391418,0.9602272510528564,0.959094226360321,[1.9941 0.7569 0.2892 0.2641 0.2427 0.2107 0.2218 0.2279 0.1926 0.1771 0.1586 0.1862 0.1266 0.1204 0.1848 0.1370 0.1351 0.1802 0.0916 0.1407 0.1472 0.1732 0.1226 0.1254 0.1328 0.1068 0.1536 0.0980 0.1169 0.1298 0.1259 0.1165 0.1322 0.1358 0.1101 0.0925 0.1352 0.1191 0.1057 0.0944 0.0952 0.1072 0.0940 0.0824 0.0959 0.0925 0.1003 0.0804 0.1027 0.0696],[1.8388 0.7701 0.3153 0.2771 0.2674 0.2414 0.2458 0.2523 0.2222 0.2076 0.1932 0.2124 0.1659 0.1542 0.2198 0.1741 0.1723 0.2095 0.1283 0.1825 0.1927 0.2016 0.1649 0.1711 0.1712 0.1467 0.1932 0.1420 0.1650 0.1747 0.1702 0.1630 0.1786 0.1844 0.1564 0.1447 0.1857 0.1756 0.1560 0.1526 0.1576 0.1659 0.1494 0.1363 0.1557 0.1567 0.1543 0.1376 0.1569 0.1296],[1.9111 1.2882 0.6234 0.4660 0.4074 0.3689 0.3461 0.3226 0.3123 0.2980 0.2911 0.2833 0.2721 0.2633 0.2618 0.2533 0.2472 0.2424 0.2322 0.2318 0.2244 0.2276 0.2232 0.2174 0.2133 0.2090 0.2097 0.2042 0.1999 0.1996 0.2024 0.1954 0.1955 0.1922 0.1919 0.1876 0.1850 0.1857 0.1853 0.1801 0.1851 0.1822 0.1757 0.1762 0.1755 0.1767 0.1715 0.1691 0.1700 0.1684]
