train_acc,valid_acc,test_acc,train_loss,valid_loss,train_aug_loss
0.9810475707054138,0.9604302048683167,0.9663988351821899,[3.4240 0.3169 0.2311 0.2423 0.2480 0.2906 0.2261 0.2158 0.1688 0.1966 0.1185 0.1787 0.1237 0.0860 0.1168 0.1670 0.0845 0.0584 0.1239 0.1028 0.1712 0.0768 0.1202 0.0631 0.0812 0.0874 0.0847 0.1261 0.0676 0.1041 0.0743 0.0735 0.1322 0.0750 0.0826 0.0850 0.0622 0.0686 0.0754 0.0533 0.0486 0.0809 0.0707 0.0603 0.0825 0.0439 0.0501 0.0719 0.0596 0.0247],[3.5101 0.3441 0.2620 0.2645 0.2786 0.3213 0.2594 0.2771 0.2184 0.2488 0.1870 0.2416 0.1957 0.1498 0.1900 0.2508 0.1570 0.1402 0.1911 0.1848 0.2594 0.1678 0.2126 0.1573 0.1791 0.1776 0.1901 0.2226 0.1744 0.2123 0.1793 0.1827 0.2425 0.1876 0.2029 0.2013 0.1626 0.1861 0.1949 0.1665 0.1752 0.2168 0.1935 0.1838 0.2254 0.1804 0.1898 0.2189 0.2025 0.1478],[1.7178 0.5453 0.3665 0.3169 0.2813 0.2629 0.2445 0.2311 0.2189 0.2125 0.1988 0.1936 0.1905 0.1833 0.1813 0.1759 0.1694 0.1660 0.1669 0.1595 0.1553 0.1500 0.1464 0.1468 0.1459 0.1403 0.1398 0.1360 0.1342 0.1327 0.1278 0.1279 0.1287 0.1237 0.1257 0.1250 0.1210 0.1175 0.1169 0.1153 0.1149 0.1132 0.1104 0.1126 0.1109 0.1077 0.1069 0.1064 0.1090 0.1048]
