train_acc,valid_acc,test_acc,train_loss,valid_loss,train_aug_loss
0.9919123649597168,0.9678714871406555,0.9520785212516785,[3.4723 2.4117 1.2678 0.4320 0.6257 0.3699 0.4911 0.2692 0.3278 0.2032 0.4554 0.2816 0.1968 0.6308 0.2120 0.1599 0.1115 0.1714 0.1454 0.1010 0.1742 0.2041 0.1055 0.1791 0.0819 0.1055 0.1641 0.0722 0.0685 0.0710 0.1133 0.0777 0.2440 0.0572 0.0605 0.0999 0.0581 0.0664 0.0656 0.1541 0.0456 0.1595 0.0506 0.1467 0.0788 0.0893 0.0636 0.0734 0.0724 0.0843 0.0385 0.0668 0.0498 0.0500 0.0526 0.0673 0.0401 0.1375 0.1261 0.0423 0.0477 0.0489 0.0701 0.0445 0.0440 0.0377 0.0681 0.0360 0.0481 0.0879 0.0262 0.0405 0.0245 0.0853 0.0226 0.0479 0.0492 0.0420 0.0405 0.0943 0.0313 0.0684 0.0371 0.0303 0.0214 0.0374 0.0339 0.0398 0.0297 0.0320 0.0374 0.0336 0.0358 0.0614 0.0302 0.0205 0.0396 0.0563 0.0357 0.0190],[3.4042 2.4267 1.3766 0.5618 0.7059 0.4820 0.4830 0.3030 0.3820 0.2419 0.5062 0.3287 0.2381 0.5341 0.2831 0.2171 0.1671 0.2284 0.1981 0.1502 0.2466 0.2500 0.1782 0.2123 0.1451 0.1681 0.2243 0.1429 0.1368 0.1340 0.2126 0.1567 0.3296 0.1237 0.1330 0.2089 0.1326 0.1414 0.1544 0.2589 0.1247 0.2895 0.1419 0.2647 0.1721 0.2078 0.1753 0.1622 0.1814 0.2033 0.1337 0.1772 0.1610 0.1601 0.1380 0.1639 0.1480 0.3188 0.2401 0.1511 0.1471 0.1546 0.1946 0.1603 0.1565 0.1527 0.1863 0.1334 0.1823 0.2167 0.1256 0.1610 0.1150 0.2322 0.1290 0.1782 0.1746 0.1748 0.1817 0.2454 0.1595 0.2291 0.1681 0.1549 0.1302 0.1900 0.1878 0.1975 0.1573 0.1652 0.1944 0.1748 0.1874 0.2306 0.1692 0.1378 0.1908 0.2197 0.1831 0.1415],[2.0176 1.5042 0.6537 0.3734 0.3119 0.2763 0.2506 0.2348 0.2235 0.2125 0.2031 0.1948 0.1880 0.1777 0.1765 0.1690 0.1650 0.1597 0.1559 0.1509 0.1500 0.1443 0.1424 0.1411 0.1357 0.1340 0.1317 0.1283 0.1273 0.1254 0.1201 0.1194 0.1196 0.1158 0.1139 0.1159 0.1115 0.1112 0.1094 0.1056 0.1053 0.1038 0.0997 0.1008 0.1003 0.0981 0.0969 0.0953 0.0943 0.0930 0.0954 0.0935 0.0919 0.0919 0.0888 0.0887 0.0873 0.0858 0.0855 0.0846 0.0828 0.0826 0.0819 0.0813 0.0809 0.0787 0.0793 0.0805 0.0774 0.0775 0.0754 0.0757 0.0726 0.0754 0.0718 0.0730 0.0745 0.0718 0.0711 0.0709 0.0717 0.0695 0.0697 0.0678 0.0678 0.0667 0.0660 0.0649 0.0671 0.0641 0.0657 0.0643 0.0630 0.0637 0.0609 0.0634 0.0632 0.0620 0.0616 0.0598]
