train_acc,valid_acc,test_acc,train_loss,valid_loss,train_aug_loss
0.9779181480407715,0.9640827775001526,0.957998514175415,[1.8791 0.5013 0.3374 0.2496 0.2278 0.2221 0.2733 0.1865 0.2386 0.2236 0.2567 0.1989 0.1967 0.1190 0.1904 0.1381 0.1818 0.1650 0.1130 0.1384 0.2162 0.1355 0.1519 0.1402 0.1300 0.1047 0.1220 0.1290 0.0995 0.0804 0.0856 0.1108 0.1214 0.1107 0.1201 0.1012 0.0768 0.0731 0.0914 0.0823 0.0726 0.1130 0.0924 0.1191 0.1025 0.1165 0.1037 0.0933 0.0779 0.0804],[1.8933 0.5154 0.3182 0.2572 0.2378 0.2243 0.2805 0.1968 0.2571 0.2436 0.2681 0.2112 0.2110 0.1631 0.2321 0.1701 0.2134 0.2012 0.1488 0.1721 0.2436 0.1776 0.1868 0.1750 0.1821 0.1586 0.1659 0.1751 0.1460 0.1299 0.1387 0.1564 0.1668 0.1737 0.1669 0.1508 0.1266 0.1261 0.1313 0.1312 0.1300 0.1622 0.1463 0.1713 0.1566 0.1607 0.1555 0.1510 0.1351 0.1386],[1.8568 0.9949 0.5518 0.4484 0.3946 0.3623 0.3391 0.3197 0.3040 0.2939 0.2846 0.2782 0.2659 0.2590 0.2568 0.2528 0.2435 0.2431 0.2349 0.2319 0.2259 0.2246 0.2190 0.2199 0.2141 0.2148 0.2115 0.2090 0.2015 0.2016 0.1984 0.1978 0.2005 0.1946 0.1922 0.1901 0.1868 0.1865 0.1866 0.1847 0.1808 0.1791 0.1799 0.1786 0.1740 0.1754 0.1778 0.1715 0.1733 0.1697]
