train_acc,valid_acc,test_acc,train_loss,valid_loss,train_aug_loss
0.98265141248703,0.9598214030265808,0.9629291296005249,[2.3297 0.6370 0.2832 0.2223 0.1944 0.1759 0.1496 0.1627 0.1480 0.1258 0.1138 0.1338 0.1170 0.1254 0.1044 0.1062 0.0916 0.0982 0.1050 0.0918 0.1006 0.0799 0.0803 0.0786 0.0847 0.1001 0.0813 0.0812 0.0775 0.0810 0.0758 0.0719 0.0628 0.0720 0.0691 0.0754 0.0680 0.0523 0.0623 0.0667 0.0616 0.0681 0.0524 0.0574 0.0642 0.0633 0.0586 0.0615 0.0546 0.0561],[2.3030 0.7281 0.3484 0.2704 0.2379 0.2289 0.1994 0.2255 0.2184 0.1747 0.1615 0.1978 0.1750 0.1803 0.1663 0.1785 0.1599 0.1652 0.1732 0.1636 0.1776 0.1557 0.1497 0.1488 0.1580 0.1834 0.1613 0.1576 0.1469 0.1594 0.1584 0.1585 0.1453 0.1587 0.1480 0.1703 0.1606 0.1447 0.1562 0.1590 0.1505 0.1559 0.1437 0.1558 0.1515 0.1544 0.1510 0.1591 0.1542 0.1578],[1.9478 1.2343 0.5176 0.3995 0.3482 0.3153 0.2928 0.2767 0.2612 0.2517 0.2417 0.2330 0.2267 0.2192 0.2156 0.2098 0.2023 0.1975 0.1939 0.1880 0.1897 0.1823 0.1788 0.1805 0.1720 0.1729 0.1650 0.1640 0.1678 0.1611 0.1614 0.1606 0.1520 0.1513 0.1510 0.1509 0.1449 0.1474 0.1441 0.1398 0.1405 0.1390 0.1368 0.1384 0.1362 0.1333 0.1302 0.1327 0.1296 0.1260]
