train_acc,valid_acc,test_acc,train_loss,valid_loss,train_aug_loss
0.9889608025550842,0.9722526669502258,0.9471709132194519,[2.1279 2.3650 0.4394 0.3667 0.2737 0.2165 0.2270 0.1885 0.2304 0.2012 0.1128 0.1115 0.1335 0.1045 0.1184 0.1431 0.1104 0.0969 0.0769 0.0799 0.1206 0.1154 0.1634 0.0728 0.0727 0.0835 0.0868 0.0748 0.0794 0.0580 0.0563 0.0635 0.0668 0.0497 0.1130 0.0614 0.0675 0.0500 0.0465 0.1461 0.0544 0.0697 0.0428 0.0556 0.0541 0.0378 0.0506 0.0348 0.0413 0.0788 0.0337 0.0449 0.0321 0.0654 0.0312 0.0553 0.0411 0.0303 0.0465 0.0260 0.0519 0.0310 0.0298 0.0357 0.0450 0.0430 0.0261 0.0259 0.0316 0.0264 0.0403 0.0287 0.0359 0.0710 0.0702 0.0349 0.0206 0.0318 0.0271 0.0844 0.0220 0.0204 0.0229 0.0318 0.0223 0.0243 0.0144 0.0204 0.0640 0.0237 0.0267 0.0191 0.0173 0.0159 0.0166 0.0186 0.0223 0.0226 0.0213 0.0227],[2.1345 2.4228 0.4894 0.4216 0.3605 0.2483 0.3069 0.2286 0.2827 0.2259 0.1767 0.1675 0.1817 0.1482 0.1865 0.1905 0.1601 0.1445 0.1204 0.1279 0.1673 0.1534 0.2426 0.1433 0.1280 0.1561 0.1504 0.1536 0.1561 0.1094 0.1292 0.1494 0.1525 0.1170 0.2145 0.1521 0.1346 0.1224 0.1145 0.2692 0.1330 0.1521 0.1040 0.1314 0.1327 0.1006 0.1298 0.0954 0.1186 0.1861 0.1118 0.1281 0.1057 0.1704 0.1079 0.1393 0.1375 0.1167 0.1364 0.1101 0.1594 0.1149 0.1059 0.1220 0.1380 0.1524 0.1085 0.0975 0.1249 0.1261 0.1182 0.1287 0.1416 0.1871 0.2133 0.1366 0.1128 0.1502 0.1139 0.2261 0.1061 0.1152 0.1077 0.1418 0.1125 0.1198 0.1115 0.1161 0.2038 0.1283 0.1381 0.1230 0.1243 0.1059 0.1087 0.1076 0.1263 0.1328 0.1261 0.1310],[2.0106 1.3802 0.5490 0.3606 0.3074 0.2742 0.2550 0.2410 0.2236 0.2154 0.2077 0.1977 0.1908 0.1848 0.1760 0.1716 0.1694 0.1614 0.1601 0.1541 0.1489 0.1454 0.1437 0.1414 0.1364 0.1335 0.1302 0.1312 0.1272 0.1256 0.1243 0.1234 0.1192 0.1185 0.1158 0.1122 0.1123 0.1062 0.1075 0.1069 0.1037 0.1044 0.1014 0.1010 0.0995 0.0987 0.0955 0.0967 0.0962 0.0949 0.0916 0.0934 0.0900 0.0892 0.0883 0.0890 0.0861 0.0851 0.0861 0.0806 0.0837 0.0804 0.0824 0.0795 0.0803 0.0773 0.0804 0.0786 0.0766 0.0750 0.0745 0.0754 0.0740 0.0735 0.0726 0.0718 0.0723 0.0705 0.0713 0.0688 0.0694 0.0670 0.0663 0.0661 0.0666 0.0654 0.0653 0.0644 0.0636 0.0636 0.0636 0.0618 0.0639 0.0618 0.0612 0.0609 0.0614 0.0600 0.0578 0.0598]
