train_acc,valid_acc,test_acc,train_loss,valid_loss,train_aug_loss
0.9765881896018982,0.9630681872367859,0.9654857516288757,[2.0516 0.4454 0.3138 0.2854 0.2505 0.2253 0.2293 0.1921 0.1603 0.1758 0.1287 0.1573 0.1534 0.1728 0.1411 0.1639 0.1443 0.1010 0.1118 0.1711 0.1250 0.1123 0.1485 0.1351 0.1005 0.1448 0.1182 0.1050 0.1151 0.1202 0.0773 0.1242 0.1391 0.1423 0.0900 0.1019 0.0945 0.1199 0.0983 0.0785 0.0834 0.1021 0.1087 0.0949 0.0932 0.0979 0.0855 0.1089 0.0742 0.1201],[2.0285 0.4790 0.3304 0.2864 0.2652 0.2429 0.2562 0.2100 0.2008 0.1955 0.1623 0.1798 0.1779 0.1987 0.1779 0.1902 0.1700 0.1418 0.1547 0.2034 0.1617 0.1542 0.1810 0.1745 0.1364 0.1850 0.1570 0.1469 0.1582 0.1603 0.1257 0.1672 0.1828 0.1867 0.1391 0.1497 0.1399 0.1634 0.1400 0.1256 0.1288 0.1521 0.1570 0.1436 0.1485 0.1426 0.1398 0.1668 0.1286 0.1702],[1.9026 1.0639 0.5571 0.4522 0.3947 0.3612 0.3429 0.3190 0.3068 0.2976 0.2919 0.2800 0.2689 0.2631 0.2600 0.2520 0.2496 0.2450 0.2387 0.2359 0.2283 0.2282 0.2205 0.2191 0.2166 0.2143 0.2107 0.2085 0.2063 0.2026 0.2000 0.2000 0.1971 0.1929 0.1943 0.1911 0.1897 0.1864 0.1876 0.1828 0.1859 0.1821 0.1776 0.1785 0.1809 0.1740 0.1708 0.1708 0.1724 0.1723]
