train_acc,valid_acc,test_acc,train_loss,valid_loss,train_aug_loss
0.9802456498146057,0.9592126607894897,0.9645726680755615,[2.3045 0.5829 0.3237 0.2001 0.2323 0.2315 0.2133 0.1890 0.1812 0.2030 0.1319 0.1552 0.1652 0.1375 0.1837 0.1296 0.1468 0.1328 0.1388 0.1301 0.0999 0.0982 0.1382 0.1266 0.0927 0.1055 0.1214 0.1118 0.1074 0.0817 0.1067 0.0932 0.1016 0.1079 0.0859 0.0724 0.0993 0.0635 0.0990 0.0916 0.0894 0.0673 0.0888 0.0652 0.0903 0.0750 0.0649 0.0778 0.0764 0.0655],[2.1390 0.5950 0.3585 0.2587 0.2572 0.2630 0.2556 0.2346 0.2264 0.2497 0.1810 0.2156 0.2243 0.2027 0.2403 0.1908 0.2055 0.1976 0.2070 0.1900 0.1643 0.1651 0.1989 0.1929 0.1694 0.1768 0.1934 0.1801 0.1778 0.1567 0.1778 0.1759 0.1870 0.1892 0.1622 0.1627 0.1796 0.1524 0.1804 0.1760 0.1721 0.1513 0.1693 0.1485 0.1745 0.1609 0.1441 0.1618 0.1650 0.1524],[1.8846 1.1168 0.5665 0.4422 0.3880 0.3621 0.3396 0.3217 0.3018 0.2930 0.2850 0.2794 0.2662 0.2590 0.2548 0.2454 0.2445 0.2372 0.2328 0.2307 0.2238 0.2194 0.2176 0.2134 0.2133 0.2067 0.2065 0.2030 0.2037 0.1988 0.1972 0.1911 0.1911 0.1904 0.1890 0.1876 0.1854 0.1830 0.1795 0.1835 0.1731 0.1755 0.1723 0.1734 0.1741 0.1684 0.1707 0.1653 0.1669 0.1688]
