train_acc,valid_acc,test_acc,train_loss,valid_loss,train_aug_loss
0.9886022806167603,0.9718875288963318,0.9517898559570312,[2.1806 2.9066 0.7985 0.4758 0.3918 0.3008 0.2596 0.2636 0.2184 0.1852 0.1768 0.1424 0.1610 0.1356 0.1258 0.1376 0.1159 0.1300 0.1154 0.0952 0.0952 0.1031 0.0950 0.1060 0.0986 0.0760 0.0739 0.0739 0.0730 0.0774 0.0609 0.0679 0.0796 0.0718 0.0676 0.0598 0.0675 0.0640 0.0566 0.0596 0.0557 0.0729 0.0496 0.0665 0.0515 0.0449 0.0481 0.0462 0.0541 0.0455 0.0450 0.0418 0.0392 0.0366 0.0412 0.0569 0.0389 0.0353 0.0333 0.0450 0.0329 0.0317 0.0323 0.0294 0.0301 0.0359 0.0421 0.0297 0.0331 0.0428 0.0325 0.0364 0.0253 0.0277 0.0331 0.0225 0.0278 0.0224 0.0245 0.0319 0.0303 0.0231 0.0235 0.0208 0.0238 0.0221 0.0231 0.0217 0.0284 0.0190 0.0174 0.0210 0.0207 0.0209 0.0227 0.0265 0.0231 0.0163 0.0175 0.0176],[2.1956 2.9615 0.9864 0.5922 0.4627 0.3573 0.3108 0.3212 0.2496 0.2452 0.2286 0.1813 0.2118 0.1876 0.1758 0.1921 0.1488 0.1803 0.1623 0.1467 0.1486 0.1520 0.1604 0.1624 0.1560 0.1277 0.1308 0.1275 0.1315 0.1445 0.1124 0.1296 0.1493 0.1431 0.1309 0.1155 0.1497 0.1419 0.1316 0.1292 0.1280 0.1614 0.1185 0.1526 0.1347 0.1164 0.1263 0.1181 0.1397 0.1294 0.1344 0.1303 0.1205 0.1085 0.1091 0.1701 0.1153 0.1134 0.1066 0.1515 0.0999 0.1103 0.1150 0.1031 0.1124 0.1248 0.1445 0.1223 0.1432 0.1560 0.1291 0.1411 0.1144 0.1280 0.1343 0.1005 0.1117 0.1116 0.1160 0.1390 0.1313 0.1123 0.1172 0.1173 0.1235 0.1227 0.1255 0.1113 0.1324 0.1119 0.1066 0.1212 0.1148 0.1323 0.1315 0.1497 0.1428 0.1191 0.1170 0.1264],[2.0453 1.6961 0.9217 0.5439 0.4325 0.3750 0.3377 0.3100 0.2918 0.2746 0.2619 0.2533 0.2387 0.2316 0.2215 0.2140 0.2081 0.2036 0.1940 0.1896 0.1828 0.1806 0.1768 0.1714 0.1674 0.1666 0.1577 0.1574 0.1529 0.1509 0.1498 0.1465 0.1431 0.1405 0.1377 0.1383 0.1383 0.1305 0.1308 0.1266 0.1245 0.1233 0.1216 0.1200 0.1199 0.1186 0.1167 0.1131 0.1124 0.1105 0.1112 0.1074 0.1065 0.1045 0.1058 0.1040 0.0995 0.1029 0.0986 0.0979 0.0964 0.0969 0.0948 0.0944 0.0948 0.0918 0.0913 0.0886 0.0889 0.0891 0.0883 0.0873 0.0863 0.0849 0.0843 0.0848 0.0842 0.0819 0.0797 0.0822 0.0818 0.0785 0.0776 0.0778 0.0782 0.0763 0.0784 0.0744 0.0744 0.0720 0.0757 0.0706 0.0722 0.0736 0.0697 0.0692 0.0709 0.0687 0.0689 0.0684]
