train_acc,valid_acc,test_acc,train_loss,valid_loss,train_aug_loss
0.9824851155281067,0.961850643157959,0.9611030220985413,[2.0458 2.9232 2.0845 0.5369 0.3996 0.3419 0.3013 0.2559 0.2232 0.2362 0.2390 0.1815 0.2068 0.1880 0.1543 0.1691 0.1418 0.1582 0.1517 0.1497 0.1336 0.1380 0.1237 0.1380 0.1162 0.1112 0.1033 0.1171 0.1078 0.1066 0.1062 0.0999 0.0954 0.1033 0.1062 0.0923 0.0840 0.1001 0.0802 0.0868 0.0801 0.0756 0.0902 0.0800 0.0686 0.0736 0.0777 0.0789 0.0632 0.0682 0.0737 0.0703 0.0706 0.0742 0.0531 0.0660 0.0692 0.0590 0.0645 0.0598 0.0623 0.0560 0.0629 0.0526 0.0667 0.0652 0.0559 0.0485 0.0577 0.0545 0.0604 0.0543 0.0471 0.0396 0.0482 0.0621 0.0507 0.0411 0.0428 0.0482 0.0507 0.0646 0.0428 0.0489 0.0504 0.0457 0.0409 0.0487 0.0527 0.0520 0.0544 0.0521 0.0482 0.0437 0.0490 0.0381 0.0325 0.0369 0.0437 0.0326],[2.0492 2.7797 2.0996 0.5860 0.4374 0.3858 0.3500 0.2983 0.2735 0.2717 0.2811 0.2194 0.2569 0.2224 0.2071 0.2186 0.1853 0.1955 0.1990 0.2146 0.1807 0.1881 0.1739 0.1959 0.1767 0.1665 0.1728 0.1745 0.1740 0.1773 0.1662 0.1609 0.1630 0.1662 0.1667 0.1614 0.1483 0.1625 0.1461 0.1580 0.1478 0.1485 0.1619 0.1582 0.1458 0.1604 0.1624 0.1588 0.1497 0.1500 0.1546 0.1556 0.1563 0.1611 0.1361 0.1495 0.1619 0.1494 0.1489 0.1496 0.1517 0.1566 0.1623 0.1435 0.1677 0.1639 0.1571 0.1355 0.1523 0.1604 0.1644 0.1631 0.1450 0.1355 0.1456 0.1584 0.1528 0.1441 0.1538 0.1592 0.1594 0.1755 0.1559 0.1694 0.1703 0.1585 0.1553 0.1734 0.1788 0.1623 0.1696 0.1832 0.1645 0.1565 0.1786 0.1528 0.1551 0.1677 0.1669 0.1545],[2.0549 1.8188 1.4714 0.7140 0.5127 0.4354 0.3890 0.3569 0.3283 0.3136 0.2933 0.2854 0.2712 0.2611 0.2534 0.2433 0.2364 0.2333 0.2206 0.2172 0.2131 0.2073 0.2016 0.1973 0.1943 0.1881 0.1878 0.1803 0.1772 0.1701 0.1712 0.1686 0.1673 0.1631 0.1587 0.1587 0.1540 0.1553 0.1527 0.1512 0.1444 0.1454 0.1445 0.1419 0.1402 0.1388 0.1370 0.1335 0.1346 0.1316 0.1291 0.1288 0.1271 0.1231 0.1252 0.1228 0.1212 0.1215 0.1189 0.1156 0.1205 0.1148 0.1157 0.1141 0.1120 0.1125 0.1099 0.1103 0.1062 0.1063 0.1057 0.1043 0.1031 0.1036 0.1042 0.1032 0.1014 0.1007 0.0963 0.0975 0.0972 0.0978 0.0962 0.0951 0.0937 0.0928 0.0936 0.0900 0.0921 0.0910 0.0895 0.0894 0.0884 0.0887 0.0855 0.0859 0.0852 0.0877 0.0821 0.0861]
