train_acc,valid_acc,test_acc,train_loss,valid_loss,train_aug_loss
0.9715811014175415,0.9504870176315308,0.9552593231201172,[2.0446 1.5194 1.0453 0.5956 0.5583 0.4662 0.3613 0.2935 0.2601 0.2269 0.2239 0.2151 0.1869 0.1742 0.1701 0.1838 0.1344 0.1462 0.1535 0.1437 0.1191 0.1653 0.1415 0.1078 0.1323 0.0973 0.1283 0.1119 0.1387 0.1035 0.1215 0.1082 0.0946 0.1261 0.1146 0.1004 0.1289 0.0944 0.0849 0.1246 0.0988 0.0783 0.1040 0.0856 0.0873 0.0877 0.1051 0.0997 0.0954 0.1062],[1.9490 1.4010 0.9444 0.5652 0.5457 0.4637 0.3769 0.3159 0.2844 0.2599 0.2551 0.2644 0.2308 0.2184 0.2264 0.2368 0.1884 0.2078 0.2139 0.2077 0.1846 0.2316 0.2092 0.1734 0.2021 0.1702 0.2005 0.1832 0.2177 0.1741 0.2033 0.1826 0.1675 0.2022 0.1934 0.1810 0.2106 0.1756 0.1649 0.2048 0.1773 0.1652 0.1995 0.1737 0.1724 0.1757 0.1889 0.1854 0.1838 0.1979],[1.9444 1.6460 1.1048 0.7360 0.5918 0.5055 0.4662 0.4164 0.3868 0.3654 0.3464 0.3312 0.3160 0.3046 0.2901 0.2801 0.2749 0.2636 0.2580 0.2520 0.2420 0.2396 0.2317 0.2305 0.2265 0.2221 0.2186 0.2156 0.2084 0.2076 0.2020 0.2053 0.1988 0.1980 0.1940 0.1877 0.1894 0.1852 0.1843 0.1816 0.1806 0.1776 0.1777 0.1753 0.1708 0.1709 0.1704 0.1680 0.1639 0.1643]
