train_acc,valid_acc,test_acc,train_loss,valid_loss,train_aug_loss
0.9801967740058899,0.9634740352630615,0.9625639319419861,[1.7890 0.5945 0.2962 0.2442 0.1993 0.1962 0.1868 0.1960 0.2009 0.2312 0.1371 0.1119 0.1251 0.1267 0.1075 0.1149 0.1199 0.1329 0.1003 0.1780 0.1025 0.1018 0.1167 0.0908 0.0800 0.1112 0.0889 0.1091 0.1225 0.0880 0.1058 0.1082 0.0819 0.0923 0.0847 0.0835 0.0739 0.1043 0.0584 0.0983 0.0826 0.0654 0.0776 0.0796 0.0727 0.1472 0.1186 0.0679 0.0785 0.0681],[1.8047 0.5451 0.2953 0.2634 0.2218 0.2159 0.2101 0.2162 0.2305 0.2483 0.1678 0.1548 0.1669 0.1686 0.1492 0.1516 0.1639 0.1649 0.1463 0.2185 0.1478 0.1491 0.1666 0.1367 0.1321 0.1593 0.1400 0.1558 0.1643 0.1352 0.1564 0.1620 0.1340 0.1507 0.1434 0.1500 0.1430 0.1636 0.1265 0.1651 0.1464 0.1211 0.1380 0.1418 0.1366 0.2049 0.1804 0.1298 0.1462 0.1315],[1.8219 0.9645 0.5817 0.4730 0.4166 0.3860 0.3587 0.3418 0.3271 0.3143 0.2999 0.2985 0.2880 0.2791 0.2704 0.2679 0.2624 0.2571 0.2563 0.2485 0.2448 0.2414 0.2347 0.2275 0.2284 0.2217 0.2225 0.2220 0.2186 0.2137 0.2131 0.2091 0.2101 0.2038 0.2055 0.2016 0.1999 0.1967 0.1935 0.1927 0.1916 0.1869 0.1890 0.1844 0.1876 0.1865 0.1845 0.1830 0.1800 0.1797]
