train_acc,valid_acc,test_acc,train_loss,valid_loss,train_aug_loss
0.987951934337616,0.9718875288963318,0.9399538040161133,[2.1212 1.9381 0.5759 0.2832 0.3281 0.2458 0.2353 0.1877 0.1926 0.1643 0.1678 0.2175 0.1636 0.1208 0.1430 0.1406 0.1583 0.0825 0.0992 0.1159 0.2055 0.0818 0.0965 0.0954 0.0963 0.0927 0.0940 0.0529 0.0564 0.0695 0.0610 0.0873 0.0687 0.1055 0.0945 0.0788 0.0664 0.0536 0.0624 0.0989 0.0523 0.0472 0.0445 0.0747 0.0377 0.0407 0.0442 0.0461 0.1669 0.0453 0.0390 0.0509 0.0365 0.0331 0.0350 0.0711 0.0424 0.0482 0.0383 0.0454 0.0296 0.0957 0.0538 0.0284 0.0461 0.0346 0.0210 0.0629 0.0418 0.0442 0.0243 0.0854 0.0389 0.0342 0.0371 0.0381 0.0420 0.0233 0.0714 0.0256 0.0301 0.0216 0.0181 0.0361 0.0199 0.0190 0.0171 0.0546 0.0167 0.0180 0.0154 0.0224 0.0182 0.0495 0.0258 0.0354 0.0154 0.0134 0.0177 0.0130],[2.1520 2.2009 0.6778 0.3349 0.3867 0.2802 0.2897 0.2017 0.2311 0.1949 0.2019 0.2566 0.1957 0.1784 0.1826 0.1957 0.2177 0.1251 0.1359 0.1597 0.2734 0.1269 0.1537 0.1589 0.1674 0.1424 0.1732 0.0964 0.1102 0.1243 0.1071 0.1540 0.1176 0.1892 0.1676 0.1392 0.1414 0.1266 0.1304 0.1946 0.1240 0.1112 0.1070 0.1714 0.0942 0.1117 0.1224 0.1099 0.2771 0.1067 0.1056 0.1167 0.1054 0.0943 0.1056 0.1678 0.1343 0.1344 0.1258 0.1478 0.1044 0.2465 0.1524 0.1040 0.1466 0.1362 0.1014 0.1968 0.1260 0.1649 0.0977 0.2062 0.1394 0.1415 0.1276 0.1375 0.1596 0.1168 0.2242 0.1116 0.1433 0.1228 0.0982 0.1542 0.1120 0.1024 0.1005 0.1871 0.1112 0.1113 0.1054 0.1334 0.1158 0.1940 0.1297 0.1610 0.1067 0.1097 0.1134 0.1122],[2.0059 1.4523 0.5737 0.3658 0.3059 0.2770 0.2546 0.2365 0.2255 0.2155 0.2053 0.1991 0.1899 0.1811 0.1773 0.1732 0.1659 0.1605 0.1556 0.1540 0.1478 0.1459 0.1418 0.1403 0.1373 0.1343 0.1337 0.1313 0.1271 0.1259 0.1226 0.1217 0.1173 0.1166 0.1153 0.1121 0.1108 0.1086 0.1068 0.1052 0.1048 0.1033 0.1029 0.1016 0.0984 0.0975 0.0973 0.0969 0.0928 0.0919 0.0911 0.0915 0.0906 0.0879 0.0884 0.0844 0.0849 0.0843 0.0846 0.0823 0.0817 0.0804 0.0797 0.0794 0.0785 0.0771 0.0755 0.0774 0.0759 0.0736 0.0727 0.0719 0.0707 0.0708 0.0719 0.0698 0.0677 0.0670 0.0698 0.0679 0.0669 0.0680 0.0654 0.0649 0.0649 0.0643 0.0643 0.0630 0.0609 0.0609 0.0594 0.0607 0.0604 0.0610 0.0587 0.0590 0.0577 0.0591 0.0554 0.0564]
