train_acc,valid_acc,test_acc,train_loss,valid_loss,train_aug_loss
0.9806563854217529,0.9606330990791321,0.956720232963562,[4.8972 0.5634 0.2835 0.2248 0.1615 0.1651 0.1452 0.1330 0.1387 0.1255 0.1150 0.1159 0.1173 0.1260 0.0863 0.1138 0.0942 0.0877 0.0931 0.0941 0.0885 0.0750 0.0855 0.0668 0.0932 0.0665 0.0814 0.0796 0.0702 0.0634 0.0627 0.0850 0.0951 0.0668 0.0636 0.0588 0.0571 0.0616 0.0656 0.0580 0.0585 0.0899 0.0588 0.0598 0.0629 0.0675 0.0618 0.0527 0.0541 0.0521],[4.7682 0.5493 0.3056 0.2515 0.2045 0.2079 0.1834 0.1816 0.1908 0.1812 0.1735 0.1722 0.1850 0.1979 0.1442 0.1756 0.1636 0.1552 0.1598 0.1631 0.1552 0.1496 0.1546 0.1331 0.1636 0.1359 0.1561 0.1609 0.1409 0.1332 0.1363 0.1700 0.1800 0.1405 0.1353 0.1290 0.1393 0.1372 0.1382 0.1401 0.1342 0.1746 0.1324 0.1420 0.1460 0.1525 0.1523 0.1372 0.1385 0.1386],[1.4235 0.5823 0.4342 0.3694 0.3359 0.3157 0.2968 0.2744 0.2743 0.2566 0.2552 0.2480 0.2376 0.2328 0.2284 0.2243 0.2192 0.2161 0.2089 0.2122 0.2002 0.2037 0.1974 0.1956 0.1986 0.1930 0.1893 0.1896 0.1846 0.1824 0.1830 0.1799 0.1792 0.1780 0.1753 0.1758 0.1719 0.1711 0.1721 0.1686 0.1700 0.1679 0.1678 0.1660 0.1639 0.1589 0.1617 0.1598 0.1601 0.1586]
