train_acc,valid_acc,test_acc,train_loss,valid_loss,train_aug_loss
0.9746127128601074,0.9555600881576538,0.9574506878852844,[2.0187 1.4394 0.7722 0.4801 0.4830 0.3188 0.2906 0.2787 0.2533 0.2430 0.2147 0.2488 0.1866 0.1753 0.1676 0.1605 0.1766 0.1868 0.1541 0.1362 0.1689 0.1446 0.1538 0.1428 0.1099 0.1405 0.1019 0.1100 0.1224 0.1393 0.0927 0.1056 0.1355 0.1232 0.1076 0.1623 0.1050 0.1114 0.0793 0.0731 0.0989 0.1040 0.0821 0.0770 0.0987 0.0870 0.1059 0.1011 0.0884 0.0783],[1.9071 1.3745 0.7352 0.5034 0.5092 0.3453 0.3297 0.3193 0.2952 0.2863 0.2591 0.2894 0.2442 0.2227 0.2219 0.2157 0.2434 0.2340 0.2090 0.2010 0.2392 0.2032 0.2105 0.2032 0.1813 0.2094 0.1693 0.1791 0.1947 0.2128 0.1635 0.1776 0.2151 0.1966 0.1833 0.2411 0.1806 0.1820 0.1500 0.1549 0.1838 0.1913 0.1590 0.1541 0.1829 0.1689 0.1989 0.1854 0.1757 0.1671],[1.9350 1.5857 0.9970 0.6864 0.5523 0.4913 0.4400 0.4028 0.3769 0.3534 0.3362 0.3207 0.3069 0.2989 0.2879 0.2791 0.2661 0.2607 0.2611 0.2454 0.2424 0.2355 0.2331 0.2298 0.2190 0.2178 0.2157 0.2115 0.2090 0.2061 0.2021 0.1967 0.1992 0.1921 0.1893 0.1885 0.1870 0.1832 0.1834 0.1789 0.1754 0.1753 0.1750 0.1732 0.1694 0.1715 0.1661 0.1636 0.1617 0.1646]
