train_acc,valid_acc,test_acc,train_loss,valid_loss,train_aug_loss
0.9758546948432922,0.9630681872367859,0.9649379253387451,[1.9481 1.3919 0.7994 0.2578 0.2442 0.1717 0.2602 0.1939 0.2054 0.1773 0.1747 0.1951 0.1376 0.1626 0.1683 0.1294 0.1701 0.1654 0.1133 0.1289 0.1164 0.1367 0.1267 0.0967 0.1083 0.0963 0.1107 0.0808 0.0831 0.0911 0.0815 0.1026 0.0776 0.1075 0.0855 0.0933 0.1114 0.0756 0.0866 0.1118 0.0942 0.1086 0.0737 0.0825 0.0821 0.0773 0.0856 0.0817 0.0802 0.0976],[1.9761 1.3934 0.8336 0.2929 0.2641 0.2168 0.2738 0.2137 0.2140 0.2003 0.1930 0.2202 0.1777 0.1988 0.1963 0.1604 0.2082 0.1992 0.1449 0.1635 0.1524 0.1721 0.1705 0.1341 0.1456 0.1421 0.1522 0.1207 0.1331 0.1362 0.1407 0.1591 0.1361 0.1586 0.1305 0.1459 0.1674 0.1250 0.1405 0.1801 0.1462 0.1590 0.1216 0.1399 0.1332 0.1339 0.1536 0.1403 0.1376 0.1505],[1.9417 1.5700 0.7751 0.5105 0.4206 0.3811 0.3475 0.3313 0.3141 0.3019 0.2905 0.2822 0.2706 0.2617 0.2607 0.2518 0.2490 0.2406 0.2377 0.2318 0.2287 0.2238 0.2198 0.2192 0.2156 0.2122 0.2079 0.2062 0.2053 0.2006 0.1974 0.1963 0.1909 0.1938 0.1912 0.1867 0.1871 0.1858 0.1852 0.1802 0.1793 0.1776 0.1789 0.1785 0.1714 0.1717 0.1707 0.1715 0.1729 0.1670]
