train_acc,valid_acc,test_acc,train_loss,valid_loss,train_aug_loss
0.973732590675354,0.9537337422370911,0.9527027010917664,[2.1071 1.4063 0.8735 0.5786 0.4700 0.3672 0.3577 0.2803 0.2745 0.2387 0.2205 0.2116 0.1993 0.2082 0.1909 0.2101 0.1509 0.1687 0.1653 0.1830 0.1238 0.1748 0.1478 0.1534 0.1275 0.1639 0.1644 0.1511 0.1636 0.0970 0.1353 0.1158 0.0825 0.1503 0.1471 0.1063 0.1049 0.1514 0.1407 0.1200 0.1161 0.1559 0.1030 0.1080 0.1027 0.0842 0.0887 0.1313 0.1112 0.1560],[1.9731 1.3125 0.7984 0.5628 0.4635 0.3713 0.3572 0.3054 0.2949 0.2644 0.2576 0.2530 0.2339 0.2405 0.2207 0.2523 0.1924 0.2145 0.2160 0.2325 0.1780 0.2229 0.2009 0.2085 0.1866 0.2251 0.2264 0.2079 0.2326 0.1585 0.2014 0.1791 0.1485 0.2240 0.2286 0.1732 0.1762 0.2296 0.2180 0.1976 0.1845 0.2299 0.1871 0.1866 0.1856 0.1564 0.1674 0.2230 0.1991 0.2454],[1.9481 1.6565 1.0632 0.6994 0.5719 0.4969 0.4503 0.4119 0.3874 0.3613 0.3436 0.3259 0.3134 0.3037 0.2926 0.2825 0.2723 0.2624 0.2599 0.2524 0.2469 0.2391 0.2340 0.2286 0.2263 0.2210 0.2201 0.2164 0.2120 0.2087 0.2050 0.2047 0.2007 0.1961 0.1970 0.1899 0.1856 0.1856 0.1890 0.1824 0.1811 0.1771 0.1773 0.1743 0.1738 0.1700 0.1713 0.1667 0.1678 0.1631]
