train_acc,valid_acc,test_acc,train_loss,valid_loss,train_aug_loss
0.977888822555542,0.9541395902633667,0.9585464000701904,[2.9882 0.6747 0.2903 0.3387 0.4093 0.1974 0.2073 0.1730 0.2100 0.1958 0.1606 0.1181 0.1358 0.1308 0.1209 0.1478 0.1149 0.2004 0.1436 0.1013 0.0897 0.1046 0.1361 0.0902 0.1054 0.1020 0.0845 0.1214 0.0880 0.1360 0.0808 0.0823 0.0716 0.0765 0.0741 0.0733 0.0797 0.1498 0.0904 0.0798 0.0855 0.0680 0.0873 0.0891 0.0705 0.0780 0.0833 0.0883 0.0939 0.0804],[2.9833 0.6361 0.3059 0.3530 0.4081 0.2281 0.2367 0.2235 0.2433 0.2352 0.2068 0.1749 0.1920 0.1894 0.1788 0.2049 0.1786 0.2544 0.2056 0.1669 0.1594 0.1682 0.2120 0.1591 0.1688 0.1725 0.1609 0.1959 0.1587 0.2189 0.1666 0.1578 0.1578 0.1592 0.1484 0.1527 0.1553 0.2337 0.1647 0.1638 0.1622 0.1567 0.1622 0.1737 0.1548 0.1571 0.1562 0.1774 0.1779 0.1661],[1.7907 1.0133 0.5880 0.4722 0.4129 0.3798 0.3538 0.3366 0.3279 0.3154 0.2984 0.2934 0.2807 0.2797 0.2691 0.2609 0.2559 0.2558 0.2531 0.2464 0.2399 0.2377 0.2355 0.2313 0.2284 0.2202 0.2206 0.2150 0.2126 0.2091 0.2137 0.2093 0.2041 0.2049 0.2012 0.1991 0.1967 0.1942 0.1941 0.1904 0.1867 0.1894 0.1849 0.1854 0.1845 0.1829 0.1826 0.1785 0.1790 0.1793]
