train_acc,valid_acc,test_acc,train_loss,valid_loss,train_aug_loss
0.9819668531417847,0.9586039185523987,0.9631117582321167,[1.9968 2.6106 4.5967 0.7511 0.4680 0.4646 0.3083 0.2998 0.2877 0.2544 0.2317 0.2280 0.2115 0.1794 0.1780 0.1732 0.1941 0.1570 0.1608 0.1457 0.1417 0.1519 0.1618 0.1301 0.1400 0.1440 0.1262 0.1248 0.1112 0.1077 0.1014 0.1072 0.1153 0.1040 0.1066 0.1166 0.1125 0.0943 0.1187 0.0981 0.0923 0.1071 0.0869 0.0935 0.0927 0.0942 0.0940 0.0800 0.0819 0.0863 0.0769 0.0809 0.0792 0.0813 0.0905 0.0718 0.0771 0.0772 0.0824 0.0754 0.0711 0.0755 0.0698 0.0720 0.0626 0.0720 0.0563 0.0782 0.0629 0.0514 0.0617 0.0644 0.0697 0.0687 0.0653 0.0607 0.0663 0.0579 0.0682 0.0607 0.0494 0.0704 0.0556 0.0470 0.0542 0.0478 0.0583 0.0591 0.0553 0.0492 0.0555 0.0619 0.0493 0.0473 0.0563 0.0518 0.0512 0.0481 0.0469 0.0441],[1.9926 2.5119 4.3114 0.8003 0.5251 0.5085 0.3527 0.3417 0.3363 0.2896 0.2627 0.2728 0.2421 0.2221 0.2280 0.2138 0.2484 0.2024 0.2149 0.1914 0.1894 0.2098 0.2057 0.1885 0.1968 0.2111 0.1813 0.1796 0.1721 0.1628 0.1573 0.1573 0.1804 0.1624 0.1701 0.1864 0.1838 0.1531 0.1917 0.1659 0.1559 0.1810 0.1572 0.1710 0.1648 0.1618 0.1584 0.1536 0.1559 0.1633 0.1500 0.1545 0.1534 0.1567 0.1722 0.1422 0.1629 0.1526 0.1678 0.1568 0.1545 0.1583 0.1562 0.1659 0.1464 0.1603 0.1431 0.1610 0.1535 0.1365 0.1486 0.1502 0.1632 0.1594 0.1515 0.1570 0.1607 0.1509 0.1655 0.1556 0.1441 0.1692 0.1544 0.1437 0.1557 0.1444 0.1594 0.1601 0.1563 0.1567 0.1583 0.1735 0.1527 0.1514 0.1647 0.1639 0.1620 0.1693 0.1606 0.1521],[2.0893 1.8607 1.6804 0.9468 0.5959 0.4976 0.4380 0.4024 0.3752 0.3559 0.3341 0.3186 0.3068 0.2941 0.2873 0.2756 0.2698 0.2615 0.2540 0.2484 0.2387 0.2364 0.2303 0.2242 0.2178 0.2164 0.2135 0.2051 0.2039 0.2010 0.1993 0.1959 0.1912 0.1878 0.1883 0.1825 0.1802 0.1774 0.1781 0.1749 0.1732 0.1683 0.1671 0.1642 0.1601 0.1587 0.1596 0.1564 0.1577 0.1513 0.1524 0.1513 0.1500 0.1477 0.1419 0.1432 0.1412 0.1419 0.1384 0.1384 0.1344 0.1360 0.1373 0.1330 0.1339 0.1318 0.1314 0.1310 0.1268 0.1287 0.1270 0.1259 0.1240 0.1253 0.1245 0.1190 0.1221 0.1185 0.1171 0.1194 0.1150 0.1148 0.1139 0.1115 0.1140 0.1137 0.1098 0.1104 0.1104 0.1109 0.1101 0.1090 0.1065 0.1087 0.1059 0.1057 0.1063 0.1034 0.1005 0.1035]
