train_acc,valid_acc,test_acc,train_loss,valid_loss,train_aug_loss
0.9866805076599121,0.9659090638160706,0.9651205539703369,[1.9937 2.5531 0.6506 0.4086 0.2938 0.2617 0.2592 0.2437 0.2021 0.1628 0.1942 0.1570 0.1598 0.1328 0.1238 0.1359 0.1155 0.1058 0.1241 0.1033 0.0978 0.0888 0.1057 0.0924 0.0824 0.0846 0.0734 0.0808 0.0774 0.0747 0.0654 0.0665 0.0775 0.0615 0.0668 0.0667 0.0609 0.0606 0.0568 0.0699 0.0632 0.0560 0.0602 0.0540 0.0512 0.0486 0.0483 0.0617 0.0440 0.0621 0.0495 0.0530 0.0401 0.0406 0.0384 0.0403 0.0393 0.0400 0.0369 0.0372 0.0369 0.0378 0.0367 0.0412 0.0371 0.0356 0.0432 0.0313 0.0340 0.0269 0.0301 0.0302 0.0315 0.0386 0.0325 0.0319 0.0265 0.0459 0.0243 0.0225 0.0275 0.0253 0.0230 0.0226 0.0252 0.0270 0.0207 0.0290 0.0277 0.0275 0.0304 0.0286 0.0206 0.0213 0.0186 0.0321 0.0234 0.0203 0.0229 0.0166],[1.9797 2.4597 0.6717 0.4819 0.3520 0.3159 0.3120 0.3010 0.2258 0.2157 0.2475 0.2122 0.2193 0.1791 0.1746 0.2007 0.1742 0.1635 0.1819 0.1642 0.1550 0.1451 0.1865 0.1528 0.1389 0.1458 0.1300 0.1481 0.1524 0.1451 0.1320 0.1329 0.1548 0.1329 0.1383 0.1427 0.1322 0.1388 0.1396 0.1483 0.1481 0.1364 0.1454 0.1371 0.1346 0.1246 0.1374 0.1564 0.1192 0.1653 0.1326 0.1465 0.1169 0.1253 0.1180 0.1213 0.1271 0.1298 0.1272 0.1287 0.1236 0.1234 0.1273 0.1396 0.1271 0.1287 0.1375 0.1206 0.1320 0.1177 0.1317 0.1288 0.1290 0.1481 0.1348 0.1352 0.1239 0.1711 0.1336 0.1171 0.1326 0.1275 0.1286 0.1259 0.1340 0.1400 0.1190 0.1327 0.1477 0.1368 0.1506 0.1536 0.1274 0.1382 0.1338 0.1593 0.1371 0.1421 0.1322 0.1241],[2.0643 1.7745 1.1021 0.6272 0.4796 0.4118 0.3740 0.3473 0.3258 0.3062 0.2957 0.2788 0.2692 0.2540 0.2483 0.2379 0.2314 0.2213 0.2162 0.2115 0.2062 0.1990 0.1953 0.1913 0.1850 0.1837 0.1773 0.1746 0.1708 0.1665 0.1632 0.1610 0.1600 0.1540 0.1515 0.1491 0.1488 0.1474 0.1417 0.1397 0.1399 0.1373 0.1399 0.1346 0.1357 0.1310 0.1261 0.1285 0.1265 0.1243 0.1230 0.1219 0.1223 0.1172 0.1168 0.1149 0.1133 0.1129 0.1103 0.1096 0.1079 0.1071 0.1060 0.1044 0.1043 0.1038 0.1036 0.1019 0.0972 0.0981 0.0989 0.0987 0.0975 0.0966 0.0964 0.0943 0.0916 0.0905 0.0903 0.0898 0.0893 0.0872 0.0885 0.0882 0.0868 0.0861 0.0838 0.0849 0.0840 0.0850 0.0816 0.0782 0.0803 0.0821 0.0796 0.0776 0.0784 0.0753 0.0776 0.0758]
