train_acc,valid_acc,test_acc,train_loss,valid_loss,train_aug_loss
0.9832088351249695,0.9612419009208679,0.9627465009689331,[1.9845 3.8739 5.0017 1.6142 0.4771 0.4427 0.3308 0.3796 0.2680 0.2509 0.2238 0.2169 0.1920 0.1673 0.2081 0.1759 0.1507 0.1501 0.1451 0.1537 0.1393 0.1603 0.1295 0.1403 0.1461 0.1273 0.1292 0.1189 0.1200 0.1070 0.1027 0.1167 0.1015 0.1060 0.0925 0.1112 0.0999 0.0979 0.1075 0.1032 0.0950 0.0926 0.0926 0.0907 0.0898 0.0895 0.0938 0.0828 0.0916 0.0813 0.0776 0.0880 0.0787 0.0768 0.0691 0.0780 0.0777 0.0670 0.0869 0.0763 0.0633 0.0718 0.0709 0.0759 0.0844 0.0771 0.0681 0.0623 0.0629 0.0692 0.0561 0.0703 0.0672 0.0469 0.0586 0.0700 0.0502 0.0578 0.0535 0.0585 0.0607 0.0663 0.0531 0.0506 0.0445 0.0768 0.0545 0.0504 0.0425 0.0599 0.0461 0.0449 0.0520 0.0460 0.0492 0.0499 0.0498 0.0435 0.0606 0.0457],[1.9902 3.5789 4.7016 1.6106 0.5315 0.4693 0.3546 0.4037 0.3046 0.2735 0.2588 0.2382 0.2205 0.2022 0.2495 0.2204 0.1940 0.1872 0.1819 0.1955 0.1811 0.2051 0.1742 0.1866 0.1797 0.1711 0.1790 0.1624 0.1661 0.1563 0.1547 0.1668 0.1567 0.1578 0.1431 0.1598 0.1549 0.1586 0.1697 0.1604 0.1527 0.1546 0.1584 0.1488 0.1565 0.1551 0.1662 0.1483 0.1619 0.1574 0.1522 0.1564 0.1444 0.1446 0.1419 0.1573 0.1508 0.1443 0.1729 0.1588 0.1394 0.1504 0.1481 0.1674 0.1601 0.1531 0.1496 0.1407 0.1462 0.1483 0.1425 0.1540 0.1567 0.1264 0.1415 0.1624 0.1330 0.1490 0.1440 0.1430 0.1568 0.1631 0.1463 0.1386 0.1340 0.1668 0.1463 0.1496 0.1339 0.1570 0.1390 0.1390 0.1454 0.1462 0.1416 0.1502 0.1555 0.1410 0.1661 0.1477],[2.0742 1.8564 1.6528 0.9645 0.6108 0.4940 0.4265 0.3901 0.3622 0.3424 0.3269 0.3128 0.2982 0.2884 0.2791 0.2696 0.2601 0.2513 0.2462 0.2443 0.2385 0.2315 0.2249 0.2215 0.2161 0.2113 0.2081 0.2049 0.1993 0.1999 0.1935 0.1915 0.1883 0.1895 0.1830 0.1809 0.1807 0.1744 0.1697 0.1734 0.1677 0.1660 0.1663 0.1631 0.1614 0.1589 0.1581 0.1525 0.1557 0.1543 0.1512 0.1506 0.1478 0.1447 0.1445 0.1426 0.1427 0.1385 0.1394 0.1353 0.1364 0.1356 0.1340 0.1336 0.1306 0.1312 0.1285 0.1290 0.1293 0.1279 0.1248 0.1257 0.1231 0.1209 0.1211 0.1211 0.1216 0.1185 0.1171 0.1168 0.1153 0.1156 0.1150 0.1146 0.1118 0.1118 0.1139 0.1079 0.1073 0.1125 0.1093 0.1071 0.1064 0.1054 0.1059 0.1058 0.1036 0.1052 0.1022 0.1038]
