train_acc,valid_acc,test_acc,train_loss,valid_loss,train_aug_loss
0.9781626462936401,0.9579951167106628,0.9594594836235046,[2.0097 2.6156 1.8976 0.5363 0.4348 0.3474 0.3393 0.2853 0.2707 0.2527 0.2564 0.2689 0.2430 0.2213 0.2256 0.2079 0.1938 0.1883 0.1713 0.1587 0.1554 0.1644 0.1766 0.1544 0.1593 0.1243 0.1447 0.1158 0.1227 0.1321 0.1279 0.1268 0.1356 0.1082 0.1250 0.1149 0.1336 0.1104 0.1122 0.1335 0.1367 0.1173 0.1084 0.1258 0.0997 0.0953 0.1192 0.1238 0.1030 0.1112 0.1047 0.1314 0.0994 0.1090 0.1031 0.0895 0.0954 0.1016 0.0662 0.0895 0.0940 0.0829 0.0715 0.0700 0.0886 0.0852 0.0639 0.0686 0.0968 0.0792 0.0845 0.0909 0.0782 0.0668 0.0808 0.0738 0.0709 0.0833 0.0932 0.0713 0.0757 0.0640 0.0668 0.0814 0.0887 0.0729 0.0796 0.0870 0.0753 0.0549 0.0794 0.0657 0.0603 0.0669 0.0601 0.0594 0.0535 0.0653 0.0605 0.0656],[2.0056 2.5394 1.8348 0.5574 0.4365 0.3632 0.3349 0.2911 0.2947 0.2644 0.2778 0.2806 0.2510 0.2355 0.2363 0.2393 0.2167 0.2290 0.2015 0.1946 0.2030 0.1977 0.2183 0.1958 0.2005 0.1673 0.1998 0.1599 0.1693 0.1809 0.1759 0.1792 0.1894 0.1656 0.1856 0.1738 0.1976 0.1779 0.1775 0.1892 0.2071 0.1795 0.1747 0.1919 0.1727 0.1585 0.1857 0.2013 0.1763 0.1792 0.1791 0.2115 0.1761 0.1899 0.1794 0.1696 0.1711 0.1825 0.1421 0.1653 0.1747 0.1698 0.1543 0.1455 0.1717 0.1779 0.1422 0.1539 0.1892 0.1718 0.1735 0.1834 0.1651 0.1589 0.1675 0.1642 0.1722 0.1847 0.1854 0.1682 0.1752 0.1601 0.1601 0.1842 0.1906 0.1756 0.1843 0.1972 0.1826 0.1639 0.1927 0.1784 0.1620 0.1823 0.1654 0.1708 0.1655 0.1819 0.1774 0.1786],[2.0676 1.8444 1.4468 0.7687 0.5618 0.4789 0.4303 0.3863 0.3628 0.3415 0.3263 0.3145 0.2939 0.2882 0.2833 0.2727 0.2610 0.2553 0.2474 0.2413 0.2364 0.2269 0.2248 0.2221 0.2131 0.2138 0.2050 0.2053 0.2009 0.1971 0.1927 0.1885 0.1909 0.1868 0.1806 0.1789 0.1769 0.1764 0.1740 0.1675 0.1683 0.1667 0.1654 0.1617 0.1582 0.1584 0.1571 0.1540 0.1542 0.1507 0.1477 0.1471 0.1481 0.1451 0.1440 0.1419 0.1436 0.1391 0.1387 0.1388 0.1346 0.1337 0.1338 0.1327 0.1299 0.1315 0.1301 0.1275 0.1271 0.1241 0.1252 0.1223 0.1242 0.1215 0.1190 0.1186 0.1200 0.1174 0.1199 0.1167 0.1159 0.1140 0.1123 0.1126 0.1129 0.1102 0.1105 0.1079 0.1064 0.1106 0.1084 0.1056 0.1047 0.1051 0.1011 0.1022 0.1034 0.1020 0.1018 0.1012]
