train_acc,valid_acc,test_acc,train_loss,valid_loss,train_aug_loss
0.9817028045654297,0.9642857313156128,0.9643900394439697,[2.4474 0.7233 0.2537 0.2040 0.1924 0.2112 0.1513 0.1714 0.1268 0.1170 0.1059 0.1127 0.1146 0.1206 0.1415 0.1103 0.0979 0.0964 0.1463 0.1205 0.1339 0.0798 0.0791 0.0789 0.1001 0.1079 0.1281 0.0847 0.1023 0.0719 0.1135 0.0926 0.0685 0.0704 0.0584 0.0806 0.0604 0.0832 0.0902 0.0706 0.0593 0.0532 0.0619 0.0645 0.0829 0.0529 0.0570 0.0919 0.0674 0.0468],[2.5030 0.6952 0.2853 0.2482 0.2225 0.2191 0.1880 0.2041 0.1794 0.1760 0.1530 0.1753 0.1602 0.1678 0.1981 0.1670 0.1466 0.1649 0.1942 0.1874 0.1796 0.1369 0.1426 0.1400 0.1665 0.1641 0.1807 0.1439 0.1689 0.1396 0.1745 0.1598 0.1358 0.1376 0.1303 0.1467 0.1353 0.1594 0.1640 0.1391 0.1396 0.1261 0.1377 0.1355 0.1574 0.1241 0.1202 0.1601 0.1360 0.1243],[1.8589 0.9419 0.5573 0.4411 0.3998 0.3599 0.3387 0.3219 0.3112 0.2977 0.2903 0.2789 0.2719 0.2663 0.2600 0.2549 0.2498 0.2429 0.2402 0.2363 0.2291 0.2246 0.2248 0.2210 0.2139 0.2121 0.2099 0.2102 0.2027 0.2066 0.2012 0.2011 0.1964 0.1968 0.1940 0.1896 0.1862 0.1871 0.1835 0.1831 0.1812 0.1760 0.1777 0.1730 0.1766 0.1746 0.1725 0.1699 0.1689 0.1680]
