train_acc,valid_acc,test_acc,train_loss,valid_loss,train_aug_loss
0.9755222201347351,0.9638798832893372,0.957998514175415,[1.8563 0.5579 0.2833 0.2724 0.2442 0.2380 0.2130 0.1975 0.1919 0.2096 0.1416 0.1277 0.1332 0.1930 0.1779 0.1442 0.1396 0.1301 0.1000 0.1252 0.1500 0.1681 0.1360 0.1571 0.1240 0.1411 0.1182 0.1258 0.0847 0.1228 0.1175 0.1019 0.1145 0.1081 0.0814 0.1364 0.1001 0.1239 0.1129 0.1361 0.0792 0.1016 0.0919 0.1136 0.0959 0.0933 0.0704 0.0764 0.0694 0.0616],[1.7313 0.5790 0.2989 0.2990 0.2619 0.2520 0.2227 0.2187 0.1981 0.2112 0.1628 0.1561 0.1595 0.2325 0.2282 0.1781 0.1682 0.1648 0.1517 0.1850 0.1938 0.2296 0.1814 0.2065 0.1616 0.1939 0.1660 0.1754 0.1340 0.1633 0.1732 0.1529 0.1698 0.1573 0.1219 0.1881 0.1331 0.1879 0.1739 0.1949 0.1394 0.1535 0.1441 0.1584 0.1559 0.1462 0.1236 0.1355 0.1300 0.1327],[1.8941 1.0873 0.5652 0.4588 0.3997 0.3684 0.3436 0.3272 0.3125 0.2947 0.2867 0.2803 0.2697 0.2615 0.2542 0.2502 0.2473 0.2426 0.2382 0.2300 0.2247 0.2238 0.2204 0.2202 0.2151 0.2092 0.2090 0.2034 0.2021 0.1976 0.1989 0.1989 0.1912 0.1904 0.1870 0.1867 0.1882 0.1854 0.1821 0.1843 0.1795 0.1775 0.1788 0.1747 0.1729 0.1728 0.1731 0.1686 0.1680 0.1634]
