train_acc,valid_acc,test_acc,train_loss,valid_loss,train_aug_loss
0.9791601300239563,0.9592126607894897,0.9607377648353577,[2.0048 3.6278 0.4008 0.4289 0.2531 0.2128 0.1670 0.1831 0.1667 0.2005 0.1588 0.1362 0.1357 0.1257 0.1454 0.1293 0.1238 0.1390 0.1259 0.1008 0.0993 0.1174 0.1490 0.1621 0.1078 0.1002 0.1010 0.1124 0.1110 0.1050 0.0879 0.1034 0.0967 0.1168 0.1252 0.0901 0.0973 0.0817 0.1018 0.0924 0.0968 0.0629 0.1094 0.0688 0.0651 0.0823 0.0648 0.0681 0.0887 0.0973],[2.0227 3.3748 0.4490 0.4585 0.3004 0.2589 0.2053 0.2187 0.2166 0.2322 0.2020 0.1956 0.1774 0.1912 0.1888 0.1972 0.1713 0.1940 0.1721 0.1528 0.1704 0.1707 0.1884 0.2223 0.1585 0.1656 0.1633 0.1677 0.1775 0.1756 0.1554 0.1641 0.1679 0.1651 0.1918 0.1604 0.1665 0.1537 0.1672 0.1624 0.1596 0.1375 0.1752 0.1413 0.1379 0.1467 0.1359 0.1372 0.1620 0.1826],[1.9455 1.7179 0.8573 0.4824 0.4088 0.3636 0.3427 0.3142 0.3002 0.2906 0.2766 0.2735 0.2639 0.2559 0.2455 0.2406 0.2394 0.2307 0.2262 0.2231 0.2186 0.2144 0.2136 0.2123 0.2045 0.2049 0.2014 0.2030 0.1931 0.1922 0.1946 0.1902 0.1872 0.1822 0.1866 0.1804 0.1790 0.1766 0.1763 0.1733 0.1728 0.1729 0.1726 0.1702 0.1677 0.1666 0.1638 0.1607 0.1634 0.1623]
