train_acc,valid_acc,test_acc,train_loss,valid_loss,train_aug_loss
0.9814192056655884,0.9622564911842346,0.9594594836235046,[1.9617 0.8002 0.3339 0.2206 0.2011 0.1946 0.2544 0.1628 0.2458 0.1320 0.1737 0.1173 0.1528 0.1175 0.1071 0.1403 0.1321 0.1070 0.0963 0.0884 0.1263 0.0973 0.0884 0.1066 0.0962 0.0749 0.0930 0.1127 0.0748 0.0954 0.1079 0.1018 0.0764 0.0656 0.1384 0.0977 0.0590 0.0856 0.0678 0.0613 0.0622 0.0808 0.0726 0.0651 0.0808 0.0657 0.0835 0.0881 0.1501 0.0597],[1.8888 0.8586 0.3340 0.2256 0.2131 0.2125 0.2712 0.1898 0.2541 0.1712 0.1946 0.1593 0.1845 0.1576 0.1533 0.1784 0.1759 0.1491 0.1456 0.1413 0.1688 0.1491 0.1380 0.1591 0.1567 0.1339 0.1459 0.1592 0.1352 0.1447 0.1676 0.1568 0.1379 0.1249 0.2018 0.1623 0.1252 0.1413 0.1283 0.1292 0.1293 0.1399 0.1388 0.1308 0.1513 0.1393 0.1444 0.1609 0.2253 0.1245],[1.8242 0.9465 0.5596 0.4557 0.4089 0.3708 0.3448 0.3332 0.3171 0.3031 0.2943 0.2886 0.2810 0.2736 0.2632 0.2600 0.2535 0.2453 0.2485 0.2426 0.2372 0.2353 0.2329 0.2238 0.2211 0.2221 0.2183 0.2161 0.2122 0.2105 0.2089 0.2096 0.2012 0.2023 0.1979 0.1943 0.1937 0.1927 0.1921 0.1871 0.1851 0.1869 0.1882 0.1853 0.1806 0.1816 0.1791 0.1790 0.1760 0.1750]
