train_acc,valid_acc,test_acc,train_loss,valid_loss,train_aug_loss
0.9823072552680969,0.9649507403373718,0.9416859149932861,[2.1185 0.5996 0.3191 0.2841 0.2334 0.2564 0.1679 0.1855 0.1602 0.1964 0.1468 0.1155 0.1620 0.1001 0.0946 0.1430 0.0993 0.0829 0.0747 0.1242 0.1331 0.0868 0.2880 0.0709 0.1003 0.0641 0.0703 0.0684 0.0754 0.0696 0.0702 0.0581 0.0615 0.0551 0.0560 0.0519 0.0783 0.0462 0.0674 0.0694 0.0444 0.0805 0.0429 0.0517 0.0410 0.0468 0.0788 0.0384 0.0418 0.0575 0.0369 0.0505 0.0338 0.0588 0.0684 0.0315 0.0497 0.0384 0.0316 0.0397 0.0540 0.0334 0.0338 0.0579 0.0296 0.0408 0.0374 0.0395 0.0323 0.0351 0.0228 0.0273 0.0256 0.0214 0.0305 0.0213 0.0382 0.0278 0.0228 0.0306 0.0256 0.0174 0.0208 0.0186 0.0232 0.0241 0.0314 0.0186 0.0451 0.0204 0.0165 0.0166 0.0308 0.0282 0.0139 0.0232 0.0285 0.0147 0.0312 0.0142],[2.0928 0.6080 0.3515 0.3285 0.2357 0.2983 0.1920 0.2228 0.1841 0.2416 0.1707 0.1715 0.2448 0.1430 0.1418 0.2022 0.1569 0.1340 0.1213 0.1903 0.2210 0.1477 0.3995 0.1353 0.1949 0.1274 0.1388 0.1309 0.1571 0.1406 0.1563 0.1373 0.1412 0.1294 0.1391 0.1108 0.1926 0.1281 0.1707 0.1773 0.1183 0.1813 0.1228 0.1516 0.1158 0.1386 0.1813 0.1248 0.1346 0.1740 0.1304 0.1512 0.1136 0.1829 0.1993 0.1336 0.1816 0.1473 0.1318 0.1519 0.2129 0.1429 0.1475 0.2171 0.1364 0.1601 0.1598 0.1745 0.1564 0.1646 0.1375 0.1269 0.1461 0.1265 0.1582 0.1291 0.1679 0.1497 0.1390 0.1617 0.1588 0.1288 0.1408 0.1315 0.1594 0.1544 0.1885 0.1514 0.2386 0.1486 0.1293 0.1326 0.1972 0.1864 0.1331 0.1739 0.1908 0.1503 0.1987 0.1597],[2.0039 1.2371 0.5046 0.3847 0.3293 0.3001 0.2742 0.2564 0.2406 0.2321 0.2190 0.2127 0.2043 0.1971 0.1920 0.1850 0.1783 0.1733 0.1692 0.1642 0.1638 0.1589 0.1571 0.1523 0.1495 0.1472 0.1401 0.1405 0.1383 0.1347 0.1314 0.1304 0.1265 0.1241 0.1239 0.1196 0.1221 0.1181 0.1161 0.1156 0.1130 0.1091 0.1092 0.1080 0.1086 0.1063 0.1017 0.1024 0.1021 0.1011 0.0991 0.0985 0.0971 0.1001 0.0941 0.0937 0.0918 0.0930 0.0907 0.0897 0.0881 0.0873 0.0858 0.0884 0.0840 0.0855 0.0831 0.0839 0.0823 0.0795 0.0811 0.0799 0.0792 0.0776 0.0746 0.0772 0.0756 0.0757 0.0765 0.0730 0.0747 0.0741 0.0721 0.0719 0.0719 0.0680 0.0684 0.0693 0.0679 0.0680 0.0672 0.0669 0.0654 0.0665 0.0655 0.0654 0.0636 0.0646 0.0640 0.0624]
