train_acc,valid_acc,test_acc,train_loss,valid_loss,train_aug_loss
0.9845192432403564,0.9632710814476013,0.9647552967071533,[2.7512 1.3219 0.3240 0.2452 0.2890 0.1658 0.1546 0.1432 0.1326 0.1334 0.1087 0.1082 0.1124 0.1012 0.0995 0.1047 0.1011 0.0931 0.0909 0.0915 0.0977 0.0922 0.0783 0.0734 0.0694 0.0812 0.0676 0.0759 0.0715 0.0635 0.0684 0.0634 0.0597 0.0606 0.0544 0.0555 0.0561 0.0587 0.0523 0.0509 0.0497 0.0563 0.0695 0.0618 0.0601 0.0506 0.0489 0.0585 0.0525 0.0468],[2.6390 1.6097 0.3521 0.2948 0.3505 0.2148 0.1935 0.1993 0.1862 0.1903 0.1631 0.1659 0.1565 0.1491 0.1571 0.1528 0.1761 0.1563 0.1539 0.1591 0.1630 0.1700 0.1502 0.1515 0.1357 0.1552 0.1377 0.1610 0.1591 0.1418 0.1571 0.1417 0.1351 0.1356 0.1395 0.1370 0.1350 0.1304 0.1357 0.1264 0.1225 0.1312 0.1476 0.1422 0.1434 0.1337 0.1280 0.1401 0.1378 0.1369],[1.9572 1.3605 0.5355 0.4007 0.3515 0.3265 0.2995 0.2850 0.2691 0.2585 0.2492 0.2444 0.2306 0.2246 0.2176 0.2137 0.2143 0.2041 0.2017 0.1994 0.1946 0.1936 0.1876 0.1835 0.1819 0.1766 0.1760 0.1725 0.1691 0.1704 0.1649 0.1641 0.1583 0.1590 0.1535 0.1555 0.1537 0.1479 0.1491 0.1463 0.1416 0.1425 0.1419 0.1406 0.1352 0.1345 0.1329 0.1323 0.1323 0.1293]
