train_acc,valid_acc,test_acc,train_loss,valid_loss,train_aug_loss
0.9824948906898499,0.9614447951316833,0.9647552967071533,[2.1403 0.9288 0.2978 0.2891 0.3466 0.2814 0.1576 0.1964 0.2141 0.2375 0.2042 0.1804 0.1307 0.1530 0.1201 0.1463 0.1512 0.1132 0.1367 0.1647 0.1306 0.1060 0.1313 0.0869 0.0916 0.1299 0.0876 0.1590 0.1195 0.1637 0.1119 0.0817 0.1314 0.1107 0.1197 0.1155 0.1240 0.1375 0.0758 0.0656 0.0840 0.1062 0.0716 0.0971 0.0734 0.0728 0.0610 0.0687 0.0719 0.1051],[2.0049 0.9155 0.2982 0.2880 0.3434 0.2909 0.1956 0.2271 0.2593 0.2769 0.2385 0.2185 0.1701 0.1994 0.1768 0.2007 0.2131 0.1655 0.1833 0.2115 0.1916 0.1698 0.1957 0.1467 0.1502 0.1998 0.1590 0.2282 0.1840 0.2330 0.1846 0.1572 0.2027 0.1863 0.2003 0.1949 0.2060 0.2190 0.1526 0.1441 0.1594 0.1941 0.1502 0.1707 0.1494 0.1633 0.1360 0.1529 0.1556 0.1869],[1.8649 1.1321 0.6622 0.5205 0.4452 0.4063 0.3775 0.3484 0.3325 0.3176 0.3025 0.2938 0.2856 0.2794 0.2686 0.2595 0.2585 0.2489 0.2473 0.2452 0.2414 0.2340 0.2308 0.2327 0.2226 0.2226 0.2161 0.2139 0.2106 0.2085 0.2071 0.2036 0.2016 0.2018 0.1946 0.1935 0.1936 0.1918 0.1937 0.1886 0.1841 0.1855 0.1828 0.1848 0.1819 0.1749 0.1786 0.1744 0.1740 0.1768]
