train_acc,valid_acc,test_acc,train_loss,valid_loss,train_aug_loss
0.9847832918167114,0.9655032753944397,0.967494547367096,[1.9963 0.7531 0.3054 0.3277 0.1794 0.1852 0.1793 0.1583 0.1665 0.1780 0.1580 0.1215 0.1289 0.1294 0.1027 0.1784 0.1262 0.1419 0.1168 0.1310 0.1030 0.1177 0.0910 0.0924 0.0755 0.0962 0.0752 0.0951 0.0816 0.1220 0.0719 0.0890 0.0611 0.0624 0.0715 0.0580 0.0773 0.0851 0.0977 0.0487 0.0731 0.0634 0.0592 0.0749 0.0793 0.0735 0.0679 0.0651 0.0582 0.0809],[2.0391 0.6443 0.2847 0.3248 0.2087 0.2061 0.2006 0.1967 0.1959 0.2116 0.1994 0.1680 0.1770 0.1888 0.1583 0.2262 0.1755 0.2074 0.1849 0.1941 0.1633 0.1827 0.1497 0.1636 0.1495 0.1696 0.1436 0.1675 0.1583 0.1938 0.1522 0.1645 0.1448 0.1365 0.1495 0.1431 0.1630 0.1741 0.1931 0.1280 0.1594 0.1482 0.1496 0.1696 0.1703 0.1665 0.1582 0.1539 0.1531 0.1721],[1.8169 0.9141 0.5285 0.4275 0.3883 0.3567 0.3345 0.3154 0.3041 0.2876 0.2770 0.2692 0.2611 0.2585 0.2516 0.2421 0.2382 0.2297 0.2284 0.2289 0.2209 0.2143 0.2135 0.2130 0.2053 0.2035 0.2069 0.1983 0.1931 0.1959 0.1912 0.1886 0.1889 0.1869 0.1834 0.1817 0.1805 0.1782 0.1783 0.1734 0.1737 0.1711 0.1695 0.1659 0.1657 0.1645 0.1634 0.1646 0.1621 0.1591]
