train_acc,valid_acc,test_acc,train_loss,valid_loss,train_aug_loss
0.9911496639251709,0.9717938303947449,0.9684075713157654,[1.9842 2.8780 1.1505 0.4830 0.6657 0.4116 0.3670 0.2903 0.2203 0.2311 0.2257 0.1926 0.2228 0.1955 0.1607 0.1854 0.1341 0.1089 0.1581 0.1044 0.1263 0.1020 0.1119 0.0852 0.1012 0.0885 0.0770 0.0832 0.0910 0.0753 0.0719 0.0757 0.0737 0.0621 0.0609 0.0691 0.0644 0.0697 0.0608 0.0593 0.0611 0.0577 0.0537 0.0555 0.0445 0.0459 0.0537 0.0440 0.0573 0.0553 0.0550 0.0439 0.0376 0.0441 0.0424 0.0449 0.0434 0.0504 0.0452 0.0383 0.0369 0.0398 0.0359 0.0368 0.0367 0.0411 0.0382 0.0321 0.0356 0.0358 0.0270 0.0332 0.0330 0.0459 0.0296 0.0258 0.0319 0.0332 0.0326 0.0295 0.0323 0.0253 0.0419 0.0308 0.0250 0.0265 0.0293 0.0297 0.0282 0.0311 0.0311 0.0330 0.0257 0.0203 0.0209 0.0209 0.0231 0.0259 0.0188 0.0289],[1.9717 2.9923 1.1003 0.4851 0.7138 0.4145 0.3871 0.3161 0.2597 0.2724 0.2504 0.2294 0.2652 0.2399 0.1851 0.2347 0.1751 0.1509 0.2090 0.1493 0.1712 0.1458 0.1597 0.1416 0.1570 0.1426 0.1251 0.1390 0.1537 0.1301 0.1200 0.1335 0.1424 0.1178 0.1199 0.1322 0.1301 0.1335 0.1164 0.1271 0.1237 0.1106 0.1187 0.1245 0.1071 0.1089 0.1247 0.1044 0.1262 0.1393 0.1343 0.1218 0.1037 0.1182 0.1095 0.1143 0.1193 0.1363 0.1304 0.1136 0.1165 0.1206 0.1224 0.1192 0.1262 0.1217 0.1151 0.1182 0.1297 0.1228 0.0981 0.1172 0.1215 0.1553 0.1064 0.1045 0.1262 0.1187 0.1256 0.1260 0.1305 0.1101 0.1476 0.1381 0.1130 0.1222 0.1319 0.1281 0.1335 0.1326 0.1338 0.1456 0.1289 0.1079 0.1096 0.1117 0.1162 0.1244 0.1207 0.1412],[2.0649 1.7820 1.1877 0.6680 0.5025 0.4240 0.3799 0.3475 0.3278 0.3037 0.2911 0.2798 0.2625 0.2539 0.2467 0.2394 0.2308 0.2226 0.2183 0.2130 0.2047 0.1978 0.1936 0.1878 0.1840 0.1786 0.1754 0.1727 0.1691 0.1654 0.1651 0.1625 0.1566 0.1541 0.1509 0.1473 0.1463 0.1421 0.1440 0.1390 0.1412 0.1366 0.1333 0.1330 0.1319 0.1280 0.1250 0.1261 0.1222 0.1252 0.1217 0.1199 0.1183 0.1164 0.1177 0.1146 0.1127 0.1118 0.1098 0.1109 0.1083 0.1057 0.1060 0.1017 0.1001 0.1021 0.1007 0.1011 0.0991 0.0994 0.0949 0.0953 0.0948 0.0943 0.0954 0.0917 0.0920 0.0925 0.0903 0.0906 0.0876 0.0896 0.0890 0.0846 0.0884 0.0865 0.0838 0.0837 0.0812 0.0830 0.0827 0.0825 0.0804 0.0798 0.0794 0.0779 0.0800 0.0781 0.0763 0.0761]
