train_acc,valid_acc,test_acc,train_loss,valid_loss,train_aug_loss
0.9853407144546509,0.966923713684082,0.9625639319419861,[4.8598 1.0728 0.5190 0.4501 0.3946 0.4539 0.3189 0.3617 0.3833 0.4052 0.3226 0.3152 0.2295 0.3553 0.2704 0.2859 0.2466 0.2158 0.3096 0.2701 0.2166 0.1928 0.1994 0.2342 0.2007 0.2836 0.2245 0.2370 0.1906 0.1640 0.1937 0.1555 0.1964 0.1553 0.2075 0.2423 0.2102 0.1640 0.2073 0.1257 0.1905 0.1519 0.1391 0.1016 0.1376 0.1669 0.1060 0.1926 0.1331 0.1336 0.1364 0.1201 0.1288 0.1063 0.1698 0.1004 0.1092 0.0904 0.1043 0.0973 0.1015 0.0808 0.1012 0.1248 0.1237 0.0927 0.0911 0.1050 0.1086 0.0728 0.0869 0.0908 0.1035 0.1185 0.0694 0.1190 0.1180 0.0796 0.1254 0.0851 0.0766 0.0733 0.1146 0.0957 0.0756 0.0864 0.0681 0.0743 0.0707 0.0738 0.0944 0.0803 0.0643 0.0612 0.0808 0.0688 0.0711 0.0748 0.0922 0.0525],[4.3731 1.0294 0.5302 0.4557 0.4237 0.4360 0.3594 0.3559 0.3724 0.3991 0.3309 0.3285 0.2595 0.3451 0.2786 0.3001 0.2800 0.2441 0.3266 0.2719 0.2483 0.2138 0.2233 0.2495 0.2159 0.2865 0.2423 0.2422 0.2171 0.1971 0.2091 0.1921 0.2166 0.1817 0.2369 0.2620 0.2400 0.1948 0.2363 0.1670 0.2187 0.1878 0.1715 0.1449 0.1769 0.2047 0.1487 0.2317 0.1712 0.1780 0.1746 0.1612 0.1651 0.1499 0.2106 0.1475 0.1596 0.1380 0.1462 0.1422 0.1497 0.1357 0.1485 0.1692 0.1744 0.1477 0.1429 0.1543 0.1628 0.1254 0.1419 0.1414 0.1564 0.1741 0.1219 0.1723 0.1747 0.1332 0.1812 0.1393 0.1347 0.1328 0.1756 0.1588 0.1355 0.1445 0.1253 0.1366 0.1365 0.1318 0.1567 0.1442 0.1240 0.1225 0.1400 0.1271 0.1334 0.1342 0.1589 0.1169],[1.8422 1.3996 0.9673 0.7572 0.6496 0.5758 0.5345 0.4944 0.4675 0.4455 0.4224 0.4090 0.3950 0.3826 0.3752 0.3589 0.3467 0.3362 0.3277 0.3200 0.3119 0.3049 0.3009 0.2917 0.2921 0.2801 0.2760 0.2688 0.2622 0.2623 0.2536 0.2501 0.2504 0.2434 0.2362 0.2403 0.2361 0.2302 0.2289 0.2226 0.2218 0.2189 0.2205 0.2148 0.2118 0.2140 0.2056 0.2075 0.2059 0.1993 0.2011 0.1984 0.1976 0.1956 0.1985 0.1955 0.1870 0.1902 0.1896 0.1845 0.1834 0.1816 0.1826 0.1819 0.1786 0.1779 0.1748 0.1751 0.1747 0.1700 0.1684 0.1696 0.1679 0.1681 0.1688 0.1652 0.1631 0.1655 0.1620 0.1634 0.1586 0.1609 0.1589 0.1596 0.1566 0.1567 0.1583 0.1558 0.1543 0.1572 0.1545 0.1510 0.1533 0.1525 0.1501 0.1502 0.1503 0.1480 0.1496 0.1469]
