train_acc,valid_acc,test_acc,train_loss,valid_loss,train_aug_loss
0.9827741384506226,0.9594742655754089,0.9396651387214661,[1.9161 5.5218 2.5916 0.6764 0.4240 0.2644 0.3393 0.1992 0.1803 0.1622 0.1729 0.1814 0.1503 0.1293 0.1592 0.1179 0.1189 0.1178 0.0963 0.0916 0.0993 0.0830 0.0879 0.0788 0.0790 0.0797 0.0827 0.0688 0.0768 0.0765 0.0662 0.0747 0.0605 0.0938 0.0632 0.0622 0.0521 0.0684 0.0590 0.0652 0.0632 0.0594 0.0533 0.0485 0.0676 0.0499 0.0585 0.0427 0.0555 0.0500 0.0475 0.0518 0.0430 0.0428 0.0443 0.0404 0.0394 0.0366 0.0375 0.0396 0.0380 0.0356 0.0424 0.0359 0.0606 0.0406 0.0275 0.0394 0.0313 0.0335 0.0555 0.0315 0.0336 0.0287 0.0342 0.0255 0.0271 0.0502 0.0387 0.0250 0.0498 0.0249 0.0242 0.0286 0.0235 0.0219 0.0212 0.0290 0.0337 0.0245 0.0205 0.0222 0.0226 0.0298 0.0191 0.0190 0.0237 0.0393 0.0174 0.0223],[1.9130 4.9580 2.5033 0.7748 0.4717 0.3148 0.4124 0.2601 0.2353 0.2180 0.2447 0.2614 0.2075 0.1944 0.2252 0.1832 0.1871 0.1901 0.1576 0.1505 0.1513 0.1516 0.1546 0.1410 0.1425 0.1612 0.1599 0.1334 0.1457 0.1584 0.1403 0.1629 0.1217 0.2091 0.1475 0.1552 0.1197 0.1694 0.1539 0.1616 0.1608 0.1643 0.1332 0.1275 0.1750 0.1481 0.1567 0.1287 0.1709 0.1526 0.1476 0.1562 0.1302 0.1402 0.1518 0.1380 0.1348 0.1338 0.1307 0.1581 0.1370 0.1379 0.1661 0.1418 0.2033 0.1541 0.1274 0.1454 0.1359 0.1491 0.2069 0.1419 0.1566 0.1340 0.1661 0.1344 0.1454 0.2009 0.1742 0.1335 0.2179 0.1344 0.1231 0.1442 0.1335 0.1318 0.1287 0.1490 0.1705 0.1444 0.1243 0.1483 0.1520 0.1734 0.1367 0.1297 0.1562 0.2073 0.1206 0.1429],[2.0624 1.7916 1.4541 0.7447 0.4873 0.3947 0.3499 0.3154 0.2934 0.2807 0.2617 0.2490 0.2393 0.2294 0.2221 0.2130 0.2081 0.1989 0.1970 0.1910 0.1863 0.1798 0.1792 0.1705 0.1688 0.1622 0.1595 0.1571 0.1548 0.1534 0.1449 0.1464 0.1426 0.1388 0.1374 0.1354 0.1344 0.1334 0.1304 0.1285 0.1257 0.1253 0.1243 0.1208 0.1184 0.1184 0.1177 0.1124 0.1106 0.1111 0.1097 0.1067 0.1078 0.1069 0.1041 0.1033 0.1042 0.1014 0.0995 0.0974 0.0981 0.0968 0.0956 0.0941 0.0937 0.0926 0.0915 0.0932 0.0907 0.0872 0.0877 0.0887 0.0856 0.0847 0.0844 0.0834 0.0831 0.0829 0.0822 0.0830 0.0795 0.0805 0.0797 0.0780 0.0775 0.0759 0.0757 0.0776 0.0744 0.0746 0.0736 0.0718 0.0725 0.0700 0.0693 0.0712 0.0701 0.0683 0.0693 0.0713]
