train_acc,valid_acc,test_acc,train_loss,valid_loss,train_aug_loss
0.9946805238723755,0.9700620770454407,0.9575635194778442,[3.1439 0.5934 0.3383 0.3411 0.2634 0.1972 0.1856 0.1309 0.1770 0.1257 0.1476 0.1320 0.1286 0.0923 0.0964 0.1359 0.0938 0.1062 0.0796 0.3488 0.0817 0.0717 0.0625 0.0722 0.0777 0.0597 0.0676 0.0625 0.0608 0.0513 0.0554 0.0518 0.0693 0.0467 0.0591 0.0511 0.0473 0.0459 0.0716 0.0463 0.0538 0.0560 0.0434 0.0419 0.0561 0.0448 0.0396 0.0377 0.0463 0.0818 0.0445 0.0358 0.0330 0.1330 0.0340 0.0312 0.0559 0.0306 0.0295 0.0312 0.0366 0.0298 0.0400 0.0255 0.0367 0.0221 0.0227 0.0228 0.0266 0.0368 0.0298 0.0209 0.0210 0.0300 0.0218 0.0259 0.0249 0.0466 0.0236 0.0256 0.0218 0.0256 0.0255 0.0317 0.0166 0.0171 0.0188 0.0184 0.0204 0.0179 0.0241 0.0315 0.0142 0.0141 0.0215 0.0186 0.0151 0.0199 0.0156 0.0139],[2.9292 0.6286 0.3682 0.3759 0.3143 0.2323 0.2139 0.1772 0.2256 0.1821 0.1852 0.1928 0.1979 0.1556 0.1493 0.1988 0.1499 0.1827 0.1568 0.3736 0.1586 0.1576 0.1314 0.1481 0.1419 0.1422 0.1695 0.1383 0.1328 0.1314 0.1340 0.1315 0.1777 0.1293 0.1670 0.1445 0.1263 0.1371 0.1712 0.1438 0.1599 0.1363 0.1284 0.1436 0.1776 0.1433 0.1310 0.1289 0.1554 0.2062 0.1534 0.1356 0.1337 0.2966 0.1394 0.1238 0.1892 0.1304 0.1286 0.1275 0.1355 0.1286 0.1522 0.1272 0.1524 0.1178 0.1246 0.1285 0.1333 0.1686 0.1397 0.1221 0.1317 0.1531 0.1289 0.1406 0.1340 0.1980 0.1441 0.1377 0.1378 0.1546 0.1361 0.1573 0.1294 0.1176 0.1306 0.1292 0.1430 0.1332 0.1525 0.1822 0.1378 0.1328 0.1473 0.1473 0.1244 0.1371 0.1328 0.1342],[2.0052 1.3001 0.5418 0.3997 0.3413 0.3026 0.2771 0.2579 0.2463 0.2323 0.2231 0.2111 0.2047 0.1945 0.1917 0.1847 0.1797 0.1710 0.1674 0.1647 0.1607 0.1569 0.1544 0.1492 0.1485 0.1440 0.1405 0.1359 0.1359 0.1330 0.1309 0.1270 0.1264 0.1255 0.1208 0.1199 0.1192 0.1163 0.1155 0.1158 0.1129 0.1110 0.1101 0.1068 0.1075 0.1082 0.1022 0.1027 0.1027 0.0989 0.0982 0.0996 0.0978 0.0939 0.0957 0.0939 0.0917 0.0908 0.0928 0.0873 0.0889 0.0883 0.0874 0.0875 0.0853 0.0837 0.0849 0.0834 0.0817 0.0804 0.0818 0.0809 0.0769 0.0786 0.0766 0.0771 0.0776 0.0736 0.0752 0.0732 0.0740 0.0733 0.0721 0.0727 0.0695 0.0691 0.0690 0.0688 0.0666 0.0675 0.0667 0.0667 0.0683 0.0655 0.0667 0.0664 0.0658 0.0636 0.0635 0.0630]
