train_acc,valid_acc,test_acc,train_loss,valid_loss,train_aug_loss
0.9845192432403564,0.9681412577629089,0.9643900394439697,[2.4747 2.0632 0.6258 0.4709 0.3848 0.4695 0.4064 0.4049 0.3023 0.2643 0.2793 0.3035 0.3273 0.2832 0.2699 0.2974 0.2448 0.2069 0.2412 0.2273 0.2853 0.3389 0.2814 0.2310 0.2507 0.2897 0.2051 0.2602 0.1374 0.2353 0.1720 0.1749 0.2176 0.2128 0.1803 0.1385 0.1506 0.1618 0.1637 0.1634 0.1736 0.1578 0.1184 0.1735 0.2082 0.1302 0.1407 0.1386 0.1436 0.1499 0.1736 0.1259 0.1076 0.1244 0.1363 0.1482 0.1437 0.1207 0.1082 0.1432 0.1131 0.1120 0.1302 0.1430 0.1222 0.1089 0.0843 0.1159 0.0804 0.0838 0.0830 0.1470 0.0840 0.0791 0.1007 0.0877 0.0831 0.1062 0.1246 0.0799 0.0802 0.0597 0.0849 0.0756 0.0700 0.0926 0.1133 0.1243 0.0799 0.0744 0.0626 0.0887 0.0769 0.0830 0.0559 0.0585 0.0682 0.0752 0.0748 0.0645],[2.1612 1.7338 0.6511 0.5040 0.4163 0.4364 0.4370 0.4113 0.3331 0.2918 0.3111 0.3208 0.3469 0.3268 0.2863 0.3155 0.2667 0.2324 0.2713 0.2713 0.3024 0.3618 0.2992 0.2590 0.2791 0.3161 0.2277 0.2809 0.1759 0.2668 0.2040 0.2096 0.2509 0.2428 0.2154 0.1778 0.1972 0.2021 0.2040 0.2096 0.2213 0.1992 0.1533 0.2060 0.2348 0.1775 0.1868 0.1717 0.1843 0.2014 0.2156 0.1693 0.1595 0.1757 0.1797 0.1982 0.1904 0.1630 0.1611 0.1869 0.1719 0.1664 0.1728 0.1935 0.1793 0.1662 0.1354 0.1677 0.1311 0.1328 0.1424 0.2130 0.1405 0.1453 0.1541 0.1475 0.1389 0.1671 0.1851 0.1325 0.1411 0.1178 0.1430 0.1331 0.1307 0.1503 0.1794 0.1900 0.1415 0.1331 0.1253 0.1561 0.1332 0.1468 0.1142 0.1156 0.1377 0.1468 0.1400 0.1255],[1.8236 1.4822 1.0347 0.8087 0.6839 0.6110 0.5568 0.5188 0.4875 0.4623 0.4377 0.4219 0.4029 0.3912 0.3825 0.3706 0.3640 0.3531 0.3437 0.3322 0.3242 0.3169 0.3102 0.2997 0.2945 0.2923 0.2811 0.2785 0.2744 0.2642 0.2643 0.2609 0.2540 0.2484 0.2481 0.2441 0.2432 0.2398 0.2369 0.2330 0.2276 0.2261 0.2221 0.2214 0.2183 0.2152 0.2148 0.2104 0.2089 0.2045 0.2059 0.2049 0.1993 0.1976 0.1970 0.1978 0.1946 0.1917 0.1916 0.1904 0.1857 0.1844 0.1847 0.1864 0.1803 0.1807 0.1784 0.1793 0.1771 0.1791 0.1761 0.1714 0.1718 0.1741 0.1703 0.1712 0.1705 0.1680 0.1691 0.1625 0.1648 0.1660 0.1648 0.1626 0.1621 0.1594 0.1590 0.1577 0.1597 0.1545 0.1553 0.1555 0.1555 0.1554 0.1513 0.1513 0.1516 0.1508 0.1526 0.1492]
