train_acc,valid_acc,test_acc,train_loss,valid_loss,train_aug_loss
0.9893943667411804,0.9740781188011169,0.9546766877174377,[2.0798 2.0656 1.0112 0.4477 0.3849 0.2237 0.3422 0.3366 0.3251 0.2426 0.2931 0.3443 0.2488 0.1821 0.2182 0.2184 0.2362 0.2537 0.1433 0.1696 0.2680 0.1464 0.1308 0.0863 0.0985 0.1367 0.1349 0.1033 0.0623 0.1637 0.1592 0.1078 0.1667 0.1048 0.1634 0.0854 0.1699 0.0989 0.0496 0.1138 0.0758 0.1238 0.1323 0.2025 0.0922 0.0714 0.0535 0.0884 0.1068 0.0846 0.0832 0.0312 0.0506 0.0713 0.0798 0.0335 0.1006 0.0696 0.1011 0.0909 0.0892 0.0422 0.1916 0.0352 0.0898 0.0287 0.0266 0.0528 0.0563 0.0650 0.1096 0.1141 0.0370 0.0375 0.0692 0.0536 0.0851 0.1067 0.0392 0.0237 0.1370 0.0403 0.0504 0.0740 0.0708 0.0386 0.0452 0.0365 0.0470 0.0817 0.0662 0.0283 0.0503 0.0315 0.0650 0.1036 0.0556 0.0435 0.0687 0.0203],[2.0796 2.2142 1.2594 0.5955 0.5258 0.3168 0.4670 0.4357 0.4234 0.3099 0.3763 0.4515 0.3402 0.2316 0.2918 0.2975 0.3131 0.3489 0.1742 0.2207 0.3494 0.1912 0.1869 0.1453 0.1446 0.2132 0.1971 0.1643 0.1127 0.2251 0.2369 0.1765 0.2546 0.1681 0.2802 0.1428 0.2390 0.1763 0.1126 0.1835 0.1305 0.1902 0.2187 0.3209 0.1776 0.1367 0.1251 0.1776 0.2152 0.1709 0.1762 0.0832 0.1226 0.1571 0.1789 0.0888 0.1970 0.1568 0.2013 0.1837 0.1965 0.1229 0.3018 0.1077 0.1839 0.1047 0.0911 0.1475 0.1418 0.1471 0.2203 0.2205 0.1256 0.1385 0.1626 0.1490 0.2124 0.2134 0.1357 0.1010 0.2540 0.1435 0.1630 0.1906 0.1937 0.1418 0.1464 0.1376 0.1596 0.1936 0.1820 0.1164 0.1766 0.1357 0.1777 0.2153 0.1651 0.1625 0.2076 0.0970],[2.0028 1.5636 0.6734 0.3986 0.3291 0.2879 0.2693 0.2470 0.2300 0.2234 0.2111 0.2017 0.1977 0.1891 0.1822 0.1766 0.1688 0.1666 0.1598 0.1567 0.1556 0.1525 0.1450 0.1432 0.1421 0.1398 0.1331 0.1330 0.1271 0.1269 0.1251 0.1241 0.1219 0.1221 0.1153 0.1145 0.1118 0.1130 0.1111 0.1077 0.1086 0.1074 0.1053 0.1023 0.1037 0.0993 0.0992 0.0982 0.0969 0.0957 0.0954 0.0939 0.0925 0.0887 0.0898 0.0895 0.0890 0.0866 0.0869 0.0859 0.0844 0.0838 0.0826 0.0834 0.0823 0.0823 0.0780 0.0778 0.0806 0.0779 0.0779 0.0757 0.0770 0.0742 0.0760 0.0741 0.0722 0.0722 0.0721 0.0711 0.0721 0.0699 0.0715 0.0689 0.0674 0.0693 0.0673 0.0670 0.0657 0.0662 0.0666 0.0631 0.0642 0.0637 0.0620 0.0639 0.0623 0.0611 0.0601 0.0601]
