train_acc,valid_acc,test_acc,train_loss,valid_loss,train_aug_loss
0.985614538192749,0.9657061696052551,0.9631117582321167,[1.9872 3.1419 2.3958 0.5865 0.3745 0.3129 0.2874 0.2595 0.2179 0.2218 0.2484 0.2301 0.1874 0.1816 0.2067 0.1899 0.1773 0.1571 0.1529 0.1523 0.1596 0.1338 0.1801 0.1318 0.1064 0.1384 0.1135 0.1066 0.1323 0.0983 0.0994 0.1202 0.1211 0.1001 0.0970 0.1138 0.1033 0.0971 0.0927 0.0858 0.0963 0.0818 0.0950 0.0892 0.0810 0.0843 0.0837 0.0647 0.0962 0.0775 0.0723 0.0760 0.0692 0.0650 0.0553 0.0568 0.0597 0.0762 0.0486 0.0554 0.0621 0.0600 0.0659 0.0528 0.0494 0.0737 0.0589 0.0626 0.0538 0.0520 0.0450 0.0461 0.0423 0.0408 0.0403 0.0516 0.0863 0.0505 0.0549 0.0498 0.0402 0.0447 0.0408 0.0363 0.0386 0.0462 0.0595 0.0415 0.0300 0.0456 0.0329 0.0531 0.0382 0.0502 0.0402 0.0317 0.0411 0.0264 0.0370 0.0474],[2.0006 2.9760 2.5121 0.5953 0.4108 0.3556 0.3049 0.2688 0.2337 0.2377 0.2541 0.2461 0.2111 0.2018 0.2379 0.2145 0.1983 0.1809 0.1773 0.1776 0.1852 0.1650 0.2156 0.1693 0.1492 0.1720 0.1591 0.1553 0.1730 0.1480 0.1487 0.1711 0.1664 0.1608 0.1493 0.1729 0.1584 0.1509 0.1512 0.1443 0.1542 0.1449 0.1567 0.1485 0.1478 0.1514 0.1506 0.1327 0.1761 0.1552 0.1464 0.1479 0.1408 0.1358 0.1311 0.1404 0.1430 0.1641 0.1310 0.1419 0.1424 0.1401 0.1495 0.1375 0.1334 0.1642 0.1484 0.1505 0.1474 0.1446 0.1338 0.1345 0.1294 0.1184 0.1312 0.1460 0.1820 0.1495 0.1573 0.1460 0.1315 0.1370 0.1374 0.1388 0.1359 0.1506 0.1853 0.1431 0.1245 0.1543 0.1396 0.1695 0.1470 0.1552 0.1495 0.1369 0.1538 0.1200 0.1461 0.1608],[2.0746 1.8663 1.6756 0.9840 0.5877 0.4693 0.4136 0.3696 0.3477 0.3309 0.3091 0.2984 0.2843 0.2731 0.2630 0.2543 0.2474 0.2407 0.2358 0.2269 0.2183 0.2165 0.2107 0.2046 0.1975 0.1964 0.1933 0.1907 0.1859 0.1832 0.1772 0.1775 0.1730 0.1707 0.1663 0.1664 0.1641 0.1615 0.1590 0.1545 0.1522 0.1526 0.1504 0.1464 0.1454 0.1444 0.1427 0.1385 0.1361 0.1362 0.1344 0.1329 0.1311 0.1305 0.1285 0.1276 0.1262 0.1265 0.1216 0.1211 0.1210 0.1201 0.1181 0.1167 0.1157 0.1160 0.1148 0.1116 0.1101 0.1132 0.1108 0.1096 0.1103 0.1065 0.1057 0.1045 0.1046 0.1034 0.1028 0.1032 0.1015 0.1009 0.0993 0.0998 0.0961 0.0987 0.0969 0.0947 0.0945 0.0950 0.0936 0.0909 0.0909 0.0924 0.0909 0.0925 0.0884 0.0877 0.0870 0.0871]
