train_acc,valid_acc,test_acc,train_loss,valid_loss,train_aug_loss
0.9799620509147644,0.960024356842041,0.9625639319419861,[2.1235 0.9040 0.4641 0.3878 0.2318 0.2706 0.2428 0.1956 0.2618 0.1659 0.1838 0.2671 0.1734 0.1685 0.1606 0.1306 0.1215 0.1319 0.1182 0.1103 0.1330 0.1325 0.1483 0.1180 0.1025 0.1075 0.1135 0.1062 0.1130 0.0869 0.0804 0.1210 0.0780 0.1016 0.1135 0.1081 0.1540 0.1151 0.0866 0.0671 0.1167 0.0751 0.1113 0.0768 0.0997 0.1219 0.0730 0.1281 0.0947 0.0786],[1.9678 0.8603 0.4571 0.3671 0.2431 0.2813 0.2546 0.2167 0.2869 0.1978 0.2070 0.2858 0.2046 0.1947 0.1964 0.1686 0.1676 0.1793 0.1614 0.1524 0.1736 0.1744 0.1886 0.1681 0.1528 0.1588 0.1611 0.1537 0.1648 0.1399 0.1343 0.1733 0.1323 0.1548 0.1649 0.1653 0.2076 0.1681 0.1400 0.1236 0.1816 0.1340 0.1701 0.1347 0.1608 0.1839 0.1339 0.1887 0.1532 0.1421],[1.8631 1.1980 0.6742 0.5203 0.4568 0.4094 0.3798 0.3606 0.3362 0.3279 0.3110 0.3004 0.2855 0.2791 0.2746 0.2707 0.2636 0.2536 0.2492 0.2460 0.2389 0.2381 0.2330 0.2282 0.2276 0.2205 0.2238 0.2171 0.2134 0.2076 0.2061 0.2068 0.2005 0.1993 0.1986 0.1984 0.1929 0.1934 0.1915 0.1860 0.1868 0.1837 0.1801 0.1756 0.1767 0.1790 0.1763 0.1768 0.1744 0.1719]
