train_acc,valid_acc,test_acc,train_loss,valid_loss,train_aug_loss
0.9837270975112915,0.9630681872367859,0.9614682197570801,[2.0051 5.2421 3.7614 0.7366 0.3472 0.3174 0.2978 0.2705 0.2637 0.2403 0.2375 0.1821 0.1989 0.1963 0.1814 0.1620 0.1697 0.1353 0.1446 0.1476 0.1419 0.1314 0.1240 0.1297 0.1272 0.1122 0.1384 0.1083 0.0996 0.0997 0.0974 0.1078 0.1036 0.1001 0.0920 0.1112 0.0870 0.1023 0.1106 0.0865 0.0985 0.0752 0.0725 0.0851 0.0824 0.0733 0.0724 0.0798 0.0768 0.0682 0.0696 0.0599 0.0635 0.0903 0.0777 0.0742 0.0860 0.0657 0.0712 0.0603 0.0629 0.0569 0.0594 0.0479 0.0526 0.0673 0.0532 0.0511 0.0599 0.0576 0.0554 0.0479 0.0607 0.0452 0.0541 0.0486 0.0549 0.0560 0.0447 0.0452 0.0446 0.0485 0.0444 0.0426 0.0394 0.0508 0.0511 0.0404 0.0499 0.0378 0.0345 0.0381 0.0404 0.0404 0.0313 0.0390 0.0498 0.0365 0.0445 0.0378],[2.0024 4.8184 3.3302 0.7520 0.3719 0.3430 0.3414 0.2918 0.2767 0.2667 0.2472 0.2023 0.2264 0.2158 0.2068 0.1927 0.2034 0.1721 0.1835 0.1807 0.1820 0.1701 0.1694 0.1796 0.1744 0.1585 0.1838 0.1592 0.1473 0.1582 0.1567 0.1688 0.1578 0.1587 0.1560 0.1816 0.1496 0.1655 0.1806 0.1507 0.1679 0.1464 0.1445 0.1514 0.1518 0.1472 0.1446 0.1508 0.1474 0.1383 0.1393 0.1355 0.1409 0.1816 0.1499 0.1517 0.1744 0.1486 0.1549 0.1543 0.1488 0.1492 0.1479 0.1319 0.1447 0.1637 0.1494 0.1429 0.1660 0.1555 0.1473 0.1448 0.1628 0.1389 0.1560 0.1494 0.1624 0.1564 0.1519 0.1425 0.1465 0.1574 0.1522 0.1481 0.1476 0.1548 0.1583 0.1519 0.1637 0.1441 0.1457 0.1533 0.1493 0.1524 0.1379 0.1481 0.1647 0.1571 0.1619 0.1565],[2.0860 1.8885 1.6410 0.9416 0.5802 0.4637 0.4058 0.3702 0.3455 0.3249 0.3098 0.2930 0.2781 0.2717 0.2615 0.2529 0.2457 0.2391 0.2333 0.2260 0.2230 0.2184 0.2137 0.2090 0.2039 0.1997 0.1930 0.1930 0.1901 0.1856 0.1826 0.1782 0.1764 0.1751 0.1701 0.1706 0.1614 0.1638 0.1616 0.1602 0.1586 0.1558 0.1514 0.1505 0.1512 0.1486 0.1465 0.1467 0.1433 0.1412 0.1380 0.1384 0.1370 0.1352 0.1390 0.1327 0.1306 0.1308 0.1299 0.1297 0.1272 0.1257 0.1240 0.1229 0.1220 0.1233 0.1205 0.1204 0.1178 0.1157 0.1145 0.1157 0.1130 0.1134 0.1108 0.1101 0.1104 0.1095 0.1082 0.1090 0.1077 0.1057 0.1025 0.1059 0.1031 0.1028 0.1047 0.1003 0.0975 0.1037 0.1005 0.0976 0.0972 0.0973 0.0978 0.0939 0.0937 0.0942 0.0955 0.0912]
