train_acc,valid_acc,test_acc,train_loss,valid_loss,train_aug_loss
0.9813898205757141,0.963676929473877,0.9651205539703369,[2.5714 0.6777 0.2674 0.2607 0.1820 0.2169 0.1794 0.1574 0.1578 0.1449 0.1361 0.1254 0.1420 0.1606 0.1291 0.1396 0.1057 0.1143 0.1225 0.0988 0.1177 0.0881 0.0980 0.1003 0.0913 0.0893 0.0839 0.0765 0.0821 0.0868 0.1132 0.1448 0.0800 0.1130 0.0937 0.0834 0.0725 0.0662 0.0899 0.0679 0.0748 0.0740 0.0686 0.0832 0.0780 0.0570 0.0617 0.0810 0.0608 0.0989],[2.6091 0.6659 0.2750 0.2746 0.2195 0.2325 0.2064 0.1853 0.1841 0.1740 0.1651 0.1878 0.1847 0.1903 0.1674 0.1850 0.1472 0.1564 0.1730 0.1474 0.1557 0.1337 0.1525 0.1582 0.1333 0.1417 0.1422 0.1272 0.1417 0.1534 0.1738 0.1937 0.1441 0.1646 0.1588 0.1359 0.1353 0.1278 0.1514 0.1298 0.1428 0.1392 0.1443 0.1626 0.1524 0.1283 0.1246 0.1499 0.1273 0.1776],[1.7717 0.8413 0.5329 0.4500 0.4044 0.3745 0.3468 0.3330 0.3181 0.3062 0.2965 0.2898 0.2789 0.2750 0.2634 0.2597 0.2584 0.2536 0.2495 0.2437 0.2385 0.2368 0.2341 0.2281 0.2252 0.2190 0.2250 0.2173 0.2189 0.2096 0.2134 0.2092 0.2069 0.2046 0.2010 0.1992 0.1992 0.1943 0.1948 0.1914 0.1945 0.1890 0.1900 0.1829 0.1854 0.1812 0.1813 0.1812 0.1810 0.1802]
