train_acc,valid_acc,test_acc,train_loss,valid_loss,train_aug_loss
0.9868467450141907,0.9644886255264282,0.9640248417854309,[2.0392 2.2863 2.5652 0.5406 0.4222 0.3445 0.2079 0.2453 0.2346 0.2173 0.1896 0.1715 0.1632 0.1495 0.1451 0.1249 0.1327 0.1409 0.1075 0.1167 0.1102 0.1069 0.0912 0.0861 0.0968 0.0932 0.0873 0.0879 0.0876 0.0899 0.0769 0.0783 0.0922 0.0740 0.0746 0.0745 0.0752 0.0736 0.0713 0.0682 0.0681 0.0687 0.0660 0.0677 0.0637 0.0602 0.0600 0.0609 0.0800 0.0665 0.0584 0.0641 0.0584 0.0614 0.0581 0.0552 0.0539 0.0548 0.0516 0.0562 0.0486 0.0465 0.0511 0.0558 0.0482 0.0439 0.0482 0.0466 0.0424 0.0440 0.0447 0.0433 0.0432 0.0399 0.0428 0.0483 0.0423 0.0406 0.0406 0.0413 0.0382 0.0400 0.0391 0.0399 0.0366 0.0394 0.0350 0.0362 0.0375 0.0363 0.0340 0.0344 0.0341 0.0338 0.0329 0.0392 0.0335 0.0333 0.0357 0.0338],[2.0266 2.2106 2.5438 0.5874 0.4566 0.3790 0.2339 0.3004 0.2746 0.2607 0.2303 0.2071 0.2199 0.1952 0.1938 0.1680 0.1865 0.1828 0.1568 0.1711 0.1600 0.1603 0.1377 0.1346 0.1521 0.1483 0.1360 0.1504 0.1530 0.1552 0.1298 0.1432 0.1563 0.1342 0.1393 0.1436 0.1494 0.1436 0.1388 0.1370 0.1413 0.1352 0.1410 0.1303 0.1349 0.1330 0.1301 0.1323 0.1541 0.1463 0.1369 0.1444 0.1415 0.1340 0.1369 0.1317 0.1332 0.1318 0.1305 0.1393 0.1308 0.1236 0.1333 0.1417 0.1329 0.1258 0.1275 0.1283 0.1204 0.1240 0.1207 0.1244 0.1253 0.1276 0.1352 0.1462 0.1389 0.1334 0.1317 0.1330 0.1307 0.1321 0.1327 0.1485 0.1331 0.1306 0.1300 0.1336 0.1341 0.1343 0.1317 0.1297 0.1298 0.1415 0.1341 0.1527 0.1314 0.1392 0.1459 0.1403],[2.0833 1.8614 1.6914 0.9644 0.5950 0.4874 0.4343 0.3974 0.3765 0.3528 0.3317 0.3178 0.3112 0.2943 0.2863 0.2784 0.2691 0.2630 0.2546 0.2508 0.2449 0.2358 0.2325 0.2253 0.2239 0.2192 0.2146 0.2103 0.2063 0.2045 0.1985 0.1971 0.1905 0.1921 0.1881 0.1877 0.1834 0.1824 0.1808 0.1756 0.1758 0.1746 0.1724 0.1681 0.1671 0.1656 0.1625 0.1608 0.1586 0.1571 0.1544 0.1571 0.1538 0.1529 0.1494 0.1465 0.1458 0.1458 0.1456 0.1420 0.1424 0.1393 0.1393 0.1393 0.1357 0.1358 0.1366 0.1340 0.1326 0.1308 0.1308 0.1312 0.1289 0.1299 0.1286 0.1270 0.1269 0.1222 0.1257 0.1220 0.1230 0.1198 0.1203 0.1191 0.1181 0.1187 0.1166 0.1162 0.1150 0.1147 0.1140 0.1120 0.1123 0.1111 0.1106 0.1117 0.1074 0.1095 0.1076 0.1078]
