train_acc,valid_acc,test_acc,train_loss,valid_loss,train_aug_loss
0.9835804104804993,0.9667207598686218,0.9645726680755615,[2.6375 0.6008 0.2993 0.2500 0.1900 0.1711 0.2168 0.1833 0.1462 0.1404 0.1188 0.1376 0.1180 0.1167 0.1017 0.1130 0.0971 0.1059 0.1051 0.0972 0.0968 0.0985 0.0905 0.0748 0.0839 0.0909 0.0922 0.0908 0.0714 0.0784 0.0781 0.0620 0.0690 0.1001 0.0643 0.0937 0.0827 0.0608 0.0706 0.0722 0.0787 0.0578 0.0793 0.0539 0.0691 0.0504 0.0702 0.0597 0.0593 0.0547],[2.5227 0.6845 0.3242 0.2778 0.2009 0.1669 0.2290 0.1974 0.1596 0.1678 0.1448 0.1881 0.1422 0.1456 0.1272 0.1481 0.1310 0.1443 0.1386 0.1357 0.1389 0.1437 0.1352 0.1338 0.1243 0.1486 0.1483 0.1311 0.1215 0.1302 0.1350 0.1255 0.1266 0.1576 0.1286 0.1474 0.1381 0.1263 0.1316 0.1384 0.1506 0.1212 0.1528 0.1304 0.1428 0.1186 0.1349 0.1570 0.1437 0.1264],[1.9455 1.1936 0.5147 0.3946 0.3510 0.3220 0.2966 0.2835 0.2679 0.2562 0.2505 0.2380 0.2295 0.2274 0.2207 0.2135 0.2095 0.2034 0.1974 0.1950 0.1882 0.1856 0.1844 0.1818 0.1785 0.1727 0.1725 0.1687 0.1677 0.1635 0.1628 0.1584 0.1593 0.1526 0.1538 0.1532 0.1507 0.1503 0.1453 0.1472 0.1423 0.1399 0.1385 0.1393 0.1381 0.1382 0.1351 0.1352 0.1311 0.1304]
