train_acc,valid_acc,test_acc,train_loss,valid_loss,train_aug_loss
0.9923720955848694,0.9752435088157654,0.9649379253387451,[1.9932 5.5181 1.3060 0.5724 0.4451 0.3227 0.2972 0.3259 0.2043 0.2449 0.1980 0.1618 0.1727 0.1438 0.1290 0.1472 0.1421 0.1264 0.1402 0.1174 0.0977 0.1226 0.1062 0.0951 0.1078 0.1251 0.0853 0.0827 0.0740 0.0951 0.0811 0.0694 0.0718 0.0579 0.0638 0.0597 0.0598 0.0646 0.0562 0.0515 0.0555 0.0880 0.0520 0.0685 0.0572 0.0633 0.0484 0.0622 0.0489 0.0433 0.0576 0.0499 0.0928 0.0419 0.0561 0.0436 0.0464 0.0432 0.0372 0.0392 0.0427 0.0390 0.0879 0.0509 0.0367 0.0337 0.0355 0.0409 0.0343 0.0346 0.0473 0.0296 0.0277 0.0265 0.0315 0.0358 0.0260 0.0238 0.0277 0.0243 0.0357 0.0260 0.0325 0.0264 0.0409 0.0275 0.0467 0.0281 0.0258 0.0323 0.0285 0.0217 0.0199 0.0236 0.0193 0.0349 0.0298 0.0207 0.0327 0.0364],[1.9941 5.1116 1.3136 0.6858 0.5228 0.3513 0.3188 0.3748 0.2339 0.2560 0.2376 0.1911 0.2079 0.1944 0.1599 0.1913 0.1771 0.1754 0.1871 0.1557 0.1399 0.1791 0.1476 0.1369 0.1638 0.1764 0.1394 0.1296 0.1191 0.1465 0.1428 0.1182 0.1181 0.1043 0.1186 0.1168 0.1172 0.1214 0.1107 0.1058 0.1183 0.1652 0.1095 0.1332 0.1255 0.1346 0.1117 0.1317 0.1109 0.1039 0.1239 0.1194 0.1961 0.1068 0.1240 0.1158 0.1149 0.1158 0.1077 0.1096 0.1250 0.1124 0.1779 0.1365 0.1104 0.0969 0.1083 0.1172 0.1108 0.1041 0.1325 0.1054 0.1051 0.0944 0.1076 0.1162 0.1040 0.0931 0.1054 0.0997 0.1214 0.1097 0.1149 0.1101 0.1405 0.1199 0.1530 0.1175 0.1085 0.1250 0.1242 0.1085 0.1002 0.1172 0.1037 0.1327 0.1232 0.1086 0.1358 0.1454],[2.0761 1.7901 1.2319 0.6621 0.4949 0.4222 0.3820 0.3487 0.3247 0.3028 0.2924 0.2772 0.2647 0.2567 0.2461 0.2368 0.2318 0.2235 0.2136 0.2108 0.2052 0.2012 0.1933 0.1935 0.1847 0.1821 0.1789 0.1738 0.1723 0.1664 0.1639 0.1598 0.1587 0.1560 0.1529 0.1501 0.1481 0.1449 0.1407 0.1408 0.1385 0.1379 0.1345 0.1326 0.1316 0.1290 0.1296 0.1281 0.1244 0.1217 0.1219 0.1193 0.1181 0.1174 0.1178 0.1155 0.1146 0.1090 0.1118 0.1102 0.1079 0.1059 0.1046 0.1057 0.1041 0.1029 0.1006 0.1002 0.0988 0.0984 0.0994 0.0963 0.0957 0.0974 0.0916 0.0925 0.0927 0.0911 0.0925 0.0893 0.0885 0.0895 0.0866 0.0882 0.0848 0.0857 0.0869 0.0830 0.0829 0.0831 0.0819 0.0811 0.0787 0.0796 0.0792 0.0803 0.0767 0.0741 0.0760 0.0763]
