train_acc,valid_acc,test_acc,train_loss,valid_loss,train_aug_loss
0.9901912808418274,0.9663149118423462,0.9605551362037659,[1.9603 3.2121 3.0279 0.6261 0.3368 0.2873 0.2561 0.2281 0.2122 0.2031 0.1893 0.2106 0.1822 0.1734 0.1685 0.1837 0.1346 0.1552 0.1221 0.1461 0.1409 0.1239 0.1369 0.1254 0.1155 0.1283 0.1151 0.0988 0.1409 0.1016 0.0881 0.1023 0.0931 0.1036 0.0945 0.0978 0.1066 0.0949 0.0907 0.0825 0.0882 0.0774 0.0750 0.0801 0.0742 0.0766 0.0655 0.0809 0.1030 0.0860 0.0759 0.0675 0.0725 0.0697 0.0778 0.0682 0.0523 0.0543 0.0927 0.0655 0.0627 0.0652 0.0610 0.0625 0.0577 0.0574 0.0614 0.0591 0.0567 0.0542 0.0546 0.0560 0.0612 0.0480 0.0468 0.0529 0.0607 0.0503 0.0508 0.0526 0.0467 0.0505 0.0529 0.0536 0.0515 0.0357 0.0439 0.0641 0.0307 0.0333 0.0371 0.0356 0.0433 0.0292 0.0370 0.0306 0.0513 0.0340 0.0376 0.0372],[1.9557 2.9692 2.9491 0.6432 0.3719 0.3309 0.2910 0.2593 0.2377 0.2411 0.2266 0.2360 0.2065 0.1964 0.1973 0.2272 0.1698 0.1890 0.1615 0.1820 0.1801 0.1681 0.1819 0.1800 0.1615 0.1770 0.1689 0.1517 0.1926 0.1560 0.1401 0.1548 0.1447 0.1650 0.1506 0.1579 0.1576 0.1555 0.1528 0.1453 0.1510 0.1395 0.1336 0.1470 0.1446 0.1530 0.1331 0.1634 0.1838 0.1695 0.1537 0.1421 0.1521 0.1509 0.1558 0.1476 0.1354 0.1310 0.1772 0.1586 0.1489 0.1557 0.1465 0.1532 0.1504 0.1453 0.1499 0.1586 0.1531 0.1418 0.1463 0.1475 0.1529 0.1472 0.1398 0.1531 0.1616 0.1569 0.1577 0.1590 0.1493 0.1507 0.1534 0.1599 0.1489 0.1338 0.1459 0.1729 0.1322 0.1314 0.1408 0.1350 0.1510 0.1276 0.1433 0.1254 0.1585 0.1372 0.1447 0.1487],[2.0761 1.8589 1.6026 0.8658 0.5481 0.4522 0.4042 0.3685 0.3452 0.3305 0.3131 0.2965 0.2858 0.2749 0.2656 0.2583 0.2476 0.2416 0.2353 0.2306 0.2233 0.2170 0.2115 0.2074 0.2024 0.1948 0.1967 0.1906 0.1861 0.1865 0.1802 0.1760 0.1768 0.1700 0.1710 0.1662 0.1641 0.1603 0.1579 0.1553 0.1525 0.1490 0.1478 0.1474 0.1441 0.1439 0.1453 0.1390 0.1402 0.1393 0.1359 0.1378 0.1322 0.1322 0.1293 0.1317 0.1276 0.1279 0.1237 0.1246 0.1232 0.1227 0.1185 0.1181 0.1198 0.1147 0.1170 0.1151 0.1132 0.1095 0.1099 0.1103 0.1094 0.1084 0.1077 0.1061 0.1060 0.1081 0.1031 0.1039 0.1041 0.1018 0.1002 0.0975 0.0993 0.0974 0.0969 0.0957 0.0967 0.0959 0.0950 0.0943 0.0929 0.0936 0.0931 0.0904 0.0907 0.0898 0.0880 0.0895]
