train_acc,valid_acc,test_acc,train_loss,valid_loss,train_aug_loss
0.9872281551361084,0.9628652334213257,0.9665814638137817,[4.3737 0.5376 0.3211 0.3425 0.2329 0.1962 0.2233 0.1948 0.2346 0.1906 0.1472 0.1634 0.1375 0.1702 0.1397 0.1402 0.1441 0.1122 0.1325 0.1280 0.0979 0.0994 0.0861 0.1147 0.0943 0.0849 0.0881 0.1199 0.1279 0.0786 0.1191 0.0743 0.0720 0.0697 0.0754 0.1203 0.1035 0.0720 0.0775 0.0674 0.0358 0.0625 0.0577 0.0726 0.0676 0.0532 0.0487 0.0706 0.0573 0.0640 0.0795 0.0874 0.0403 0.0572 0.0629 0.0395 0.1041 0.0462 0.0595 0.0425 0.0461 0.0326 0.0733 0.0275 0.0523 0.0566 0.0638 0.0580 0.0662 0.0492 0.0496 0.0326 0.0450 0.0141 0.0465 0.0230 0.0199 0.0330 0.0518 0.0301 0.0808 0.0363 0.0332 0.0353 0.0329 0.0592 0.0115 0.0341 0.0326 0.0171 0.0212 0.0236 0.0206 0.0256 0.0337 0.0245 0.0521 0.0172 0.0239 0.0218],[3.9888 0.5584 0.3252 0.3444 0.2576 0.2190 0.2632 0.2306 0.2651 0.2354 0.1936 0.2134 0.1830 0.2411 0.2025 0.2004 0.2094 0.1846 0.2085 0.1966 0.1680 0.1727 0.1635 0.1982 0.1777 0.1646 0.1703 0.2207 0.2348 0.1690 0.2247 0.1752 0.1672 0.1605 0.1800 0.2445 0.2236 0.1779 0.1915 0.1801 0.1331 0.1830 0.1676 0.2014 0.1764 0.1762 0.1602 0.1999 0.1822 0.1990 0.1982 0.2315 0.1638 0.1800 0.1985 0.1558 0.2514 0.1720 0.2056 0.1670 0.1800 0.1516 0.2156 0.1395 0.1885 0.1991 0.2188 0.2041 0.2312 0.2126 0.1999 0.1765 0.1948 0.1408 0.1893 0.1450 0.1460 0.1854 0.2160 0.1829 0.2728 0.1990 0.1995 0.1955 0.1869 0.2439 0.1415 0.1981 0.2016 0.1494 0.1598 0.1793 0.1752 0.2010 0.2145 0.1783 0.2288 0.1679 0.1763 0.1760],[1.7763 0.6780 0.4170 0.3475 0.3059 0.2811 0.2607 0.2397 0.2301 0.2184 0.2061 0.1981 0.1958 0.1853 0.1777 0.1740 0.1674 0.1652 0.1613 0.1560 0.1519 0.1493 0.1443 0.1434 0.1365 0.1365 0.1346 0.1331 0.1279 0.1229 0.1234 0.1197 0.1154 0.1179 0.1137 0.1106 0.1126 0.1082 0.1066 0.1047 0.1043 0.1011 0.1003 0.0999 0.0991 0.0984 0.0959 0.0950 0.0924 0.0891 0.0899 0.0897 0.0884 0.0874 0.0848 0.0852 0.0843 0.0832 0.0825 0.0811 0.0820 0.0801 0.0790 0.0801 0.0792 0.0765 0.0749 0.0755 0.0737 0.0736 0.0721 0.0699 0.0704 0.0716 0.0695 0.0703 0.0682 0.0682 0.0673 0.0648 0.0643 0.0659 0.0636 0.0655 0.0631 0.0625 0.0598 0.0638 0.0606 0.0639 0.0625 0.0590 0.0577 0.0575 0.0575 0.0603 0.0578 0.0575 0.0564 0.0568]
