train_acc,valid_acc,test_acc,train_loss,valid_loss,train_aug_loss
0.9925127029418945,0.9660459756851196,0.9474595785140991,[2.3760 0.4857 0.3618 0.2594 0.2064 0.1654 0.1486 0.1552 0.1223 0.1227 0.1128 0.0974 0.1103 0.0963 0.0879 0.0875 0.0750 0.0780 0.0770 0.0607 0.0789 0.0691 0.0571 0.0587 0.0623 0.0639 0.0436 0.0508 0.0475 0.0507 0.0417 0.0394 0.0471 0.0424 0.0384 0.0369 0.0354 0.0420 0.0327 0.0331 0.0395 0.0361 0.0283 0.0323 0.0224 0.0309 0.0264 0.0323 0.0300 0.0265 0.0203 0.0292 0.0228 0.0290 0.0240 0.0255 0.0176 0.0329 0.0294 0.0203 0.0243 0.0189 0.0181 0.0208 0.0200 0.0147 0.0201 0.0139 0.0171 0.0191 0.0170 0.0179 0.0117 0.0144 0.0190 0.0142 0.0111 0.0106 0.0125 0.0096 0.0106 0.0183 0.0101 0.0123 0.0092 0.0136 0.0151 0.0092 0.0089 0.0095 0.0104 0.0146 0.0121 0.0140 0.0100 0.0105 0.0075 0.0084 0.0074 0.0076],[2.4212 0.5603 0.4278 0.3312 0.2601 0.2109 0.2083 0.2121 0.1795 0.1901 0.1788 0.1632 0.1798 0.1704 0.1588 0.1619 0.1450 0.1560 0.1494 0.1327 0.1632 0.1413 0.1304 0.1312 0.1482 0.1577 0.1207 0.1372 0.1356 0.1385 0.1282 0.1225 0.1480 0.1336 0.1328 0.1355 0.1338 0.1505 0.1346 0.1322 0.1491 0.1382 0.1253 0.1338 0.1207 0.1468 0.1337 0.1440 0.1374 0.1307 0.1216 0.1483 0.1297 0.1451 0.1271 0.1369 0.1229 0.1495 0.1415 0.1288 0.1437 0.1388 0.1331 0.1449 0.1446 0.1231 0.1544 0.1222 0.1470 0.1565 0.1497 0.1374 0.1306 0.1444 0.1500 0.1564 0.1378 0.1378 0.1421 0.1319 0.1414 0.1626 0.1383 0.1514 0.1328 0.1603 0.1642 0.1402 0.1422 0.1534 0.1498 0.1685 0.1566 0.1675 0.1512 0.1547 0.1337 0.1526 0.1437 0.1588],[1.8323 0.7605 0.4511 0.3636 0.3196 0.2899 0.2656 0.2472 0.2337 0.2214 0.2109 0.2000 0.1912 0.1839 0.1772 0.1700 0.1646 0.1588 0.1564 0.1497 0.1470 0.1423 0.1391 0.1349 0.1279 0.1295 0.1224 0.1226 0.1183 0.1146 0.1142 0.1128 0.1110 0.1066 0.1054 0.1029 0.1028 0.0981 0.0953 0.0944 0.0940 0.0929 0.0919 0.0882 0.0885 0.0857 0.0854 0.0847 0.0838 0.0827 0.0790 0.0777 0.0788 0.0776 0.0762 0.0738 0.0742 0.0746 0.0714 0.0704 0.0705 0.0686 0.0683 0.0662 0.0670 0.0668 0.0652 0.0634 0.0620 0.0618 0.0592 0.0608 0.0603 0.0588 0.0592 0.0591 0.0582 0.0573 0.0576 0.0542 0.0527 0.0529 0.0555 0.0523 0.0542 0.0512 0.0525 0.0503 0.0498 0.0491 0.0499 0.0490 0.0497 0.0483 0.0485 0.0476 0.0463 0.0466 0.0458 0.0463]
