train_acc,valid_acc,test_acc,train_loss,valid_loss,train_aug_loss
0.9845192432403564,0.9648944735527039,0.9667640328407288,[1.8213 0.5163 0.2358 0.2306 0.2773 0.1930 0.1644 0.1724 0.1597 0.1943 0.1330 0.1053 0.1239 0.1064 0.1292 0.1013 0.0932 0.1135 0.1117 0.0951 0.1002 0.0804 0.0838 0.0703 0.1143 0.1268 0.0910 0.0720 0.0703 0.0883 0.0759 0.1138 0.0795 0.0726 0.1088 0.0965 0.0622 0.0659 0.0673 0.0640 0.1145 0.0828 0.0887 0.0837 0.0778 0.0727 0.0592 0.0624 0.0779 0.0508],[1.8535 0.5224 0.2456 0.2383 0.2855 0.2173 0.1981 0.2119 0.2015 0.2353 0.1730 0.1652 0.1719 0.1590 0.1792 0.1487 0.1554 0.1670 0.1648 0.1533 0.1559 0.1410 0.1395 0.1312 0.1758 0.1890 0.1592 0.1383 0.1311 0.1497 0.1415 0.1810 0.1427 0.1378 0.1777 0.1704 0.1281 0.1386 0.1327 0.1301 0.1876 0.1518 0.1603 0.1547 0.1467 0.1509 0.1279 0.1412 0.1523 0.1156],[1.8041 0.8613 0.5262 0.4356 0.3871 0.3529 0.3338 0.3168 0.3016 0.2853 0.2811 0.2737 0.2634 0.2542 0.2523 0.2470 0.2364 0.2358 0.2317 0.2329 0.2222 0.2214 0.2147 0.2124 0.2074 0.2063 0.2060 0.1990 0.1990 0.1961 0.1933 0.1919 0.1895 0.1860 0.1844 0.1852 0.1806 0.1770 0.1788 0.1773 0.1749 0.1740 0.1731 0.1729 0.1692 0.1689 0.1681 0.1649 0.1661 0.1644]
