train_acc,valid_acc,test_acc,train_loss,valid_loss,train_aug_loss
0.9833065867424011,0.9634740352630615,0.9629291296005249,[1.9700 1.8755 1.5902 0.4538 0.3885 0.3378 0.2914 0.2883 0.2726 0.2693 0.2187 0.1962 0.1810 0.1959 0.1819 0.1582 0.1837 0.1582 0.1510 0.1455 0.1573 0.1260 0.1496 0.1401 0.1277 0.1338 0.1224 0.1342 0.1147 0.0980 0.1058 0.1113 0.0882 0.1068 0.0847 0.0894 0.0942 0.1030 0.0914 0.0999 0.0929 0.0878 0.0855 0.0884 0.0760 0.0848 0.0722 0.0619 0.0823 0.0875 0.0933 0.0822 0.0848 0.0846 0.0588 0.0740 0.0726 0.0784 0.0632 0.0665 0.0645 0.0690 0.0488 0.0515 0.0839 0.0578 0.0581 0.0464 0.0506 0.0594 0.0570 0.0529 0.0495 0.0492 0.0497 0.0590 0.0462 0.0557 0.0478 0.0432 0.0607 0.0531 0.0520 0.0425 0.0513 0.0404 0.0467 0.0426 0.0393 0.0358 0.0427 0.0412 0.0451 0.0433 0.0415 0.0360 0.0415 0.0461 0.0358 0.0452],[1.9587 1.9098 1.7084 0.4886 0.4330 0.3852 0.3425 0.3278 0.3181 0.2892 0.2466 0.2369 0.2181 0.2293 0.2241 0.1929 0.2239 0.1977 0.1909 0.1867 0.2012 0.1683 0.1991 0.1815 0.1784 0.1910 0.1717 0.1800 0.1765 0.1518 0.1619 0.1662 0.1438 0.1617 0.1444 0.1494 0.1579 0.1625 0.1596 0.1578 0.1552 0.1454 0.1579 0.1531 0.1393 0.1501 0.1445 0.1265 0.1527 0.1547 0.1627 0.1573 0.1645 0.1600 0.1291 0.1552 0.1443 0.1662 0.1409 0.1506 0.1502 0.1494 0.1257 0.1324 0.1629 0.1412 0.1383 0.1327 0.1429 0.1462 0.1454 0.1413 0.1363 0.1392 0.1437 0.1546 0.1425 0.1557 0.1417 0.1385 0.1582 0.1573 0.1583 0.1409 0.1581 0.1428 0.1487 0.1410 0.1376 0.1349 0.1385 0.1368 0.1545 0.1529 0.1463 0.1407 0.1591 0.1573 0.1435 0.1549],[2.0703 1.8388 1.5796 0.8182 0.5466 0.4501 0.4041 0.3640 0.3403 0.3227 0.3076 0.2933 0.2757 0.2723 0.2599 0.2510 0.2421 0.2345 0.2317 0.2264 0.2168 0.2112 0.2076 0.2048 0.1977 0.1917 0.1922 0.1878 0.1831 0.1792 0.1751 0.1751 0.1719 0.1683 0.1644 0.1610 0.1593 0.1580 0.1560 0.1532 0.1519 0.1510 0.1449 0.1439 0.1431 0.1411 0.1391 0.1381 0.1367 0.1374 0.1328 0.1322 0.1306 0.1271 0.1278 0.1275 0.1242 0.1240 0.1213 0.1211 0.1182 0.1185 0.1194 0.1160 0.1158 0.1160 0.1137 0.1138 0.1091 0.1102 0.1091 0.1051 0.1070 0.1075 0.1051 0.1024 0.1029 0.1030 0.1020 0.0978 0.1001 0.1021 0.0994 0.0980 0.0964 0.0979 0.0952 0.0953 0.0950 0.0936 0.0931 0.0915 0.0895 0.0930 0.0899 0.0873 0.0878 0.0889 0.0898 0.0888]
