train_acc,valid_acc,test_acc,train_loss,valid_loss,train_aug_loss
0.9762556552886963,0.963676929473877,0.9537984132766724,[2.0305 1.8763 1.6969 0.5343 0.3339 0.3009 0.2811 0.2797 0.2412 0.2558 0.1987 0.1850 0.1804 0.1919 0.1719 0.1550 0.1483 0.1596 0.1353 0.1309 0.1323 0.1292 0.1246 0.1324 0.1263 0.1101 0.1221 0.1163 0.1148 0.1253 0.1131 0.1064 0.1053 0.1140 0.1125 0.1098 0.1150 0.0900 0.1163 0.1021 0.1006 0.0979 0.0756 0.0844 0.0688 0.0880 0.0930 0.0964 0.0848 0.0799 0.0743 0.0761 0.0693 0.0715 0.0648 0.0744 0.0738 0.0664 0.0716 0.0604 0.0744 0.0550 0.0610 0.0518 0.0674 0.0623 0.0560 0.0587 0.0497 0.0477 0.0513 0.0504 0.0657 0.0649 0.0543 0.0636 0.0603 0.0645 0.0461 0.0719 0.0520 0.0407 0.0419 0.0637 0.0504 0.0476 0.0428 0.0389 0.0466 0.0371 0.0468 0.0452 0.0448 0.0572 0.0375 0.0367 0.0332 0.0609 0.0397 0.0415],[2.0192 1.8722 1.7385 0.5335 0.3568 0.3122 0.2863 0.2824 0.2615 0.2883 0.2177 0.2013 0.2049 0.2140 0.1870 0.1920 0.1775 0.1819 0.1648 0.1648 0.1604 0.1672 0.1582 0.1757 0.1588 0.1489 0.1654 0.1557 0.1522 0.1634 0.1537 0.1448 0.1527 0.1726 0.1733 0.1568 0.1741 0.1514 0.1707 0.1686 0.1597 0.1539 0.1298 0.1495 0.1261 0.1514 0.1663 0.1664 0.1467 0.1455 0.1499 0.1496 0.1285 0.1389 0.1371 0.1484 0.1539 0.1374 0.1474 0.1317 0.1493 0.1333 0.1366 0.1301 0.1438 0.1388 0.1399 0.1504 0.1350 0.1338 0.1322 0.1399 0.1545 0.1492 0.1435 0.1517 0.1574 0.1620 0.1368 0.1612 0.1523 0.1271 0.1412 0.1628 0.1502 0.1397 0.1337 0.1369 0.1493 0.1380 0.1470 0.1436 0.1464 0.1575 0.1371 0.1390 0.1265 0.1723 0.1464 0.1472],[2.0762 1.8651 1.5670 0.8245 0.5555 0.4594 0.4052 0.3739 0.3473 0.3318 0.3119 0.2990 0.2846 0.2768 0.2614 0.2542 0.2440 0.2416 0.2317 0.2261 0.2175 0.2158 0.2081 0.2017 0.2018 0.1980 0.1919 0.1874 0.1839 0.1829 0.1771 0.1752 0.1723 0.1706 0.1636 0.1649 0.1619 0.1563 0.1557 0.1526 0.1527 0.1514 0.1490 0.1469 0.1461 0.1423 0.1441 0.1396 0.1369 0.1373 0.1348 0.1341 0.1313 0.1293 0.1283 0.1295 0.1283 0.1253 0.1208 0.1242 0.1213 0.1176 0.1196 0.1153 0.1186 0.1133 0.1145 0.1154 0.1115 0.1103 0.1139 0.1121 0.1071 0.1058 0.1061 0.1037 0.1037 0.1033 0.1026 0.0991 0.1018 0.1009 0.1017 0.0998 0.0978 0.0977 0.0976 0.0973 0.0951 0.0943 0.0949 0.0933 0.0927 0.0921 0.0892 0.0916 0.0888 0.0862 0.0868 0.0900]
