train_acc,valid_acc,test_acc,train_loss,valid_loss,train_aug_loss
0.9817321300506592,0.96875,0.9680423736572266,[1.8932 0.3823 0.3434 0.2424 0.2046 0.2193 0.2037 0.2002 0.1957 0.2087 0.2176 0.1504 0.1613 0.1623 0.1548 0.1322 0.1257 0.1484 0.1516 0.1434 0.1182 0.1168 0.0880 0.1404 0.1424 0.1100 0.1052 0.1251 0.1097 0.1495 0.1048 0.0961 0.1048 0.1495 0.0885 0.1300 0.1034 0.0764 0.0818 0.0889 0.1048 0.0885 0.0606 0.0924 0.0996 0.0741 0.0897 0.0858 0.0878 0.0716],[1.7917 0.3722 0.3219 0.2358 0.2121 0.2243 0.2100 0.2013 0.2145 0.2249 0.2326 0.1759 0.1831 0.1861 0.1803 0.1521 0.1574 0.1752 0.1812 0.1857 0.1515 0.1575 0.1295 0.1689 0.1631 0.1393 0.1459 0.1551 0.1487 0.1794 0.1422 0.1389 0.1394 0.1671 0.1318 0.1621 0.1405 0.1217 0.1251 0.1364 0.1583 0.1356 0.1081 0.1375 0.1534 0.1244 0.1411 0.1331 0.1440 0.1225],[1.8662 0.9894 0.5466 0.4391 0.3993 0.3609 0.3368 0.3229 0.3081 0.2981 0.2868 0.2776 0.2686 0.2638 0.2558 0.2498 0.2440 0.2446 0.2394 0.2314 0.2300 0.2238 0.2226 0.2167 0.2173 0.2111 0.2097 0.2057 0.2063 0.2019 0.1994 0.1954 0.1945 0.1929 0.1950 0.1900 0.1872 0.1868 0.1822 0.1836 0.1817 0.1791 0.1770 0.1762 0.1782 0.1751 0.1708 0.1732 0.1745 0.1697]
