train_acc,valid_acc,test_acc,train_loss,valid_loss,train_aug_loss
0.9856438636779785,0.9648944735527039,0.9678597450256348,[2.0347 3.0658 0.4421 0.3327 0.3102 0.2522 0.2332 0.2355 0.1692 0.1744 0.1727 0.1890 0.1714 0.1258 0.1401 0.1140 0.1221 0.1431 0.1255 0.1215 0.1075 0.1155 0.1223 0.1024 0.1223 0.0986 0.0837 0.0920 0.0846 0.0961 0.0889 0.0849 0.0868 0.0719 0.0694 0.0886 0.0733 0.0810 0.0903 0.0589 0.0723 0.0792 0.0770 0.0770 0.0841 0.0978 0.0634 0.0601 0.0656 0.0738 0.0604 0.0699 0.0555 0.0678 0.0541 0.0625 0.0496 0.0579 0.0548 0.0418 0.0414 0.0520 0.0405 0.0510 0.0523 0.0526 0.0422 0.0470 0.0364 0.0443 0.0468 0.0491 0.0371 0.0390 0.0365 0.0356 0.0401 0.0448 0.0454 0.0439 0.0598 0.0387 0.0371 0.0301 0.0360 0.0346 0.0263 0.0373 0.0342 0.0330 0.0334 0.0379 0.0231 0.0251 0.0359 0.0390 0.0314 0.0233 0.0281 0.0326],[1.9906 2.9436 0.4554 0.3238 0.3346 0.2773 0.2615 0.2576 0.2040 0.2030 0.2171 0.2259 0.1967 0.1628 0.1770 0.1609 0.1662 0.1920 0.1877 0.1752 0.1566 0.1568 0.1905 0.1510 0.1925 0.1442 0.1346 0.1409 0.1551 0.1435 0.1464 0.1527 0.1470 0.1230 0.1250 0.1493 0.1347 0.1486 0.1680 0.1217 0.1319 0.1510 0.1421 0.1489 0.1593 0.1691 0.1298 0.1328 0.1361 0.1443 0.1306 0.1378 0.1209 0.1408 0.1299 0.1412 0.1174 0.1384 0.1265 0.1153 0.1149 0.1389 0.1159 0.1417 0.1489 0.1301 0.1295 0.1287 0.1235 0.1276 0.1533 0.1414 0.1296 0.1297 0.1232 0.1336 0.1328 0.1365 0.1552 0.1421 0.1625 0.1302 0.1367 0.1202 0.1246 0.1380 0.1252 0.1392 0.1359 0.1322 0.1247 0.1284 0.1220 0.1223 0.1439 0.1499 0.1339 0.1245 0.1354 0.1452],[2.0213 1.7096 0.7880 0.4643 0.3881 0.3468 0.3210 0.3008 0.2824 0.2689 0.2592 0.2461 0.2395 0.2307 0.2217 0.2157 0.2130 0.2024 0.1992 0.1919 0.1883 0.1866 0.1816 0.1780 0.1766 0.1737 0.1717 0.1625 0.1634 0.1600 0.1599 0.1547 0.1528 0.1533 0.1506 0.1486 0.1430 0.1420 0.1412 0.1372 0.1355 0.1340 0.1336 0.1325 0.1305 0.1267 0.1277 0.1253 0.1236 0.1215 0.1223 0.1221 0.1195 0.1181 0.1177 0.1171 0.1138 0.1125 0.1132 0.1105 0.1118 0.1074 0.1089 0.1063 0.1056 0.1070 0.1022 0.1029 0.1041 0.1034 0.1005 0.0990 0.1008 0.0975 0.0977 0.0942 0.0935 0.0958 0.0944 0.0934 0.0896 0.0914 0.0916 0.0906 0.0936 0.0895 0.0884 0.0884 0.0863 0.0860 0.0861 0.0865 0.0837 0.0853 0.0835 0.0856 0.0822 0.0820 0.0813 0.0825]
