train_acc,valid_acc,test_acc,train_loss,valid_loss,train_aug_loss
0.986142635345459,0.9640827775001526,0.9621986746788025,[2.0411 2.0638 2.4527 0.7637 0.4756 0.3248 0.3023 0.2588 0.2555 0.1976 0.2006 0.2136 0.1925 0.1628 0.1560 0.1685 0.1516 0.1576 0.1461 0.1405 0.1337 0.1266 0.1236 0.1344 0.1209 0.1123 0.1032 0.1088 0.1133 0.1060 0.1009 0.0958 0.1153 0.1162 0.1056 0.1091 0.0942 0.0783 0.0907 0.0861 0.0959 0.0918 0.0893 0.0730 0.0767 0.0846 0.0764 0.0787 0.0756 0.0727 0.0826 0.0677 0.0654 0.0626 0.0692 0.0696 0.0620 0.0574 0.0595 0.0588 0.0607 0.0707 0.0632 0.0582 0.0585 0.0559 0.0516 0.0528 0.0533 0.0496 0.0552 0.0570 0.0519 0.0460 0.0545 0.0436 0.0577 0.0584 0.0485 0.0504 0.0484 0.0402 0.0491 0.0463 0.0503 0.0437 0.0464 0.0522 0.0414 0.0460 0.0415 0.0378 0.0447 0.0371 0.0380 0.0425 0.0415 0.0431 0.0355 0.0451],[2.0340 2.0401 2.4340 0.8550 0.5159 0.3655 0.3471 0.3134 0.2800 0.2228 0.2396 0.2637 0.2296 0.1979 0.1898 0.1953 0.1730 0.1891 0.1720 0.1767 0.1725 0.1554 0.1565 0.1677 0.1632 0.1498 0.1481 0.1483 0.1550 0.1554 0.1458 0.1369 0.1654 0.1702 0.1641 0.1643 0.1435 0.1234 0.1430 0.1307 0.1485 0.1451 0.1537 0.1243 0.1330 0.1453 0.1327 0.1391 0.1443 0.1356 0.1488 0.1322 0.1246 0.1246 0.1294 0.1412 0.1328 0.1209 0.1323 0.1287 0.1277 0.1418 0.1376 0.1304 0.1331 0.1298 0.1251 0.1259 0.1189 0.1205 0.1304 0.1344 0.1290 0.1183 0.1362 0.1269 0.1349 0.1407 0.1263 0.1326 0.1355 0.1193 0.1276 0.1252 0.1330 0.1240 0.1277 0.1440 0.1316 0.1358 0.1233 0.1246 0.1447 0.1250 0.1362 0.1400 0.1255 0.1347 0.1323 0.1359],[2.0763 1.8563 1.7340 1.1695 0.6633 0.5276 0.4550 0.4103 0.3874 0.3610 0.3447 0.3287 0.3166 0.3042 0.2916 0.2818 0.2742 0.2672 0.2601 0.2583 0.2503 0.2422 0.2344 0.2310 0.2259 0.2200 0.2164 0.2137 0.2083 0.2062 0.2005 0.2028 0.1985 0.1921 0.1916 0.1865 0.1876 0.1851 0.1806 0.1806 0.1729 0.1742 0.1732 0.1707 0.1697 0.1646 0.1657 0.1606 0.1574 0.1581 0.1583 0.1564 0.1537 0.1531 0.1524 0.1493 0.1499 0.1477 0.1473 0.1432 0.1440 0.1447 0.1415 0.1414 0.1385 0.1354 0.1353 0.1363 0.1327 0.1320 0.1329 0.1310 0.1306 0.1301 0.1271 0.1257 0.1254 0.1283 0.1216 0.1252 0.1220 0.1206 0.1199 0.1199 0.1212 0.1177 0.1184 0.1193 0.1170 0.1169 0.1141 0.1135 0.1142 0.1156 0.1114 0.1106 0.1112 0.1093 0.1111 0.1077]
