train_acc,valid_acc,test_acc,train_loss,valid_loss,train_aug_loss
0.9733023047447205,0.9594155550003052,0.9581811428070068,[1.9873 2.7515 3.5313 1.1080 0.4609 0.4357 0.3798 0.2633 0.2839 0.2447 0.2395 0.2451 0.2140 0.2341 0.2124 0.1755 0.1893 0.1882 0.1702 0.1816 0.1703 0.1660 0.1389 0.1389 0.1387 0.1350 0.1350 0.1263 0.1415 0.1294 0.1245 0.1158 0.1153 0.1152 0.1134 0.1187 0.1257 0.1249 0.1066 0.1180 0.1085 0.1006 0.1142 0.1180 0.1095 0.0792 0.1030 0.0871 0.0969 0.1238 0.0864 0.0938 0.1039 0.0836 0.1367 0.1051 0.1004 0.0874 0.0928 0.0705 0.0808 0.0638 0.0856 0.0888 0.0826 0.0782 0.0736 0.0734 0.0734 0.0705 0.0648 0.0732 0.0864 0.0630 0.0657 0.0871 0.0629 0.0617 0.0744 0.0610 0.0825 0.0664 0.0630 0.0707 0.0593 0.0653 0.0656 0.0461 0.0626 0.0550 0.0580 0.0558 0.0560 0.0503 0.0593 0.0529 0.0467 0.0641 0.0438 0.0501],[1.9787 2.6184 3.5004 1.1728 0.4859 0.4797 0.3913 0.2744 0.3203 0.2715 0.2673 0.2656 0.2349 0.2651 0.2446 0.2027 0.2175 0.2150 0.2055 0.2056 0.2147 0.2056 0.1710 0.1761 0.1845 0.1758 0.1919 0.1750 0.1900 0.1745 0.1768 0.1641 0.1639 0.1603 0.1660 0.1666 0.1831 0.1717 0.1622 0.1744 0.1679 0.1573 0.1861 0.1836 0.1773 0.1322 0.1592 0.1479 0.1598 0.1976 0.1460 0.1626 0.1707 0.1545 0.2184 0.1736 0.1803 0.1576 0.1574 0.1384 0.1496 0.1333 0.1592 0.1629 0.1591 0.1572 0.1579 0.1541 0.1493 0.1510 0.1438 0.1569 0.1718 0.1491 0.1430 0.1906 0.1491 0.1402 0.1599 0.1422 0.1807 0.1473 0.1570 0.1676 0.1504 0.1598 0.1561 0.1356 0.1573 0.1439 0.1495 0.1476 0.1592 0.1458 0.1621 0.1504 0.1363 0.1658 0.1428 0.1519],[2.0847 1.8891 1.7790 1.0641 0.6126 0.4864 0.4264 0.3868 0.3610 0.3442 0.3225 0.3036 0.2949 0.2840 0.2767 0.2678 0.2616 0.2511 0.2440 0.2379 0.2338 0.2271 0.2179 0.2186 0.2082 0.2081 0.2030 0.1988 0.2005 0.1914 0.1876 0.1850 0.1835 0.1805 0.1790 0.1760 0.1724 0.1705 0.1695 0.1638 0.1609 0.1643 0.1580 0.1572 0.1567 0.1549 0.1526 0.1495 0.1469 0.1443 0.1464 0.1440 0.1386 0.1395 0.1357 0.1406 0.1352 0.1367 0.1359 0.1322 0.1307 0.1299 0.1297 0.1292 0.1265 0.1235 0.1257 0.1235 0.1213 0.1200 0.1194 0.1209 0.1172 0.1162 0.1154 0.1149 0.1130 0.1142 0.1153 0.1106 0.1109 0.1102 0.1086 0.1087 0.1068 0.1072 0.1085 0.1063 0.1038 0.0999 0.1030 0.1015 0.1018 0.1011 0.1002 0.0991 0.1004 0.0993 0.0973 0.0973]
