train_acc,valid_acc,test_acc,train_loss,valid_loss,train_aug_loss
0.9875117540359497,0.9675324559211731,0.967677116394043,[1.9831 6.0853 2.4725 0.6517 0.4029 0.3035 0.2523 0.2639 0.2121 0.1962 0.1818 0.1798 0.1522 0.1677 0.1544 0.1593 0.1392 0.1246 0.1218 0.1215 0.1396 0.1148 0.1051 0.1028 0.0913 0.1083 0.1145 0.1107 0.0966 0.0955 0.0754 0.1113 0.1066 0.0949 0.0917 0.0778 0.0893 0.0832 0.0847 0.0710 0.0882 0.0680 0.0776 0.0904 0.0707 0.0835 0.0678 0.0744 0.0687 0.0685 0.0548 0.0639 0.0636 0.0605 0.0588 0.0628 0.0566 0.0468 0.0549 0.0579 0.0452 0.0643 0.0500 0.0489 0.0594 0.0502 0.0363 0.0503 0.0475 0.0438 0.0570 0.0571 0.0464 0.0420 0.0374 0.0479 0.0536 0.0455 0.0383 0.0332 0.0471 0.0399 0.0422 0.0377 0.0250 0.0374 0.0334 0.0250 0.0274 0.0273 0.0334 0.0355 0.0337 0.0355 0.0415 0.0281 0.0289 0.0340 0.0314 0.0347],[1.9827 5.3249 2.2608 0.6893 0.4401 0.3215 0.2608 0.2754 0.2313 0.2265 0.1885 0.1855 0.1772 0.1876 0.1702 0.1811 0.1626 0.1493 0.1488 0.1447 0.1617 0.1359 0.1368 0.1377 0.1280 0.1456 0.1457 0.1410 0.1336 0.1311 0.1148 0.1496 0.1452 0.1322 0.1380 0.1271 0.1417 0.1249 0.1324 0.1213 0.1337 0.1203 0.1295 0.1391 0.1205 0.1396 0.1193 0.1323 0.1374 0.1230 0.1168 0.1219 0.1241 0.1244 0.1264 0.1266 0.1248 0.1112 0.1214 0.1213 0.1125 0.1397 0.1177 0.1170 0.1317 0.1148 0.1047 0.1210 0.1192 0.1167 0.1289 0.1354 0.1257 0.1172 0.1158 0.1330 0.1318 0.1301 0.1190 0.1105 0.1296 0.1230 0.1271 0.1227 0.1051 0.1252 0.1167 0.1052 0.1116 0.1067 0.1185 0.1284 0.1288 0.1352 0.1403 0.1227 0.1211 0.1203 0.1217 0.1275],[2.0775 1.8374 1.2852 0.7327 0.5182 0.4331 0.3880 0.3567 0.3347 0.3190 0.3036 0.2910 0.2806 0.2676 0.2578 0.2506 0.2427 0.2343 0.2266 0.2220 0.2143 0.2129 0.2072 0.2020 0.1980 0.1957 0.1900 0.1826 0.1825 0.1815 0.1778 0.1752 0.1711 0.1705 0.1620 0.1635 0.1610 0.1579 0.1552 0.1543 0.1531 0.1526 0.1485 0.1464 0.1461 0.1413 0.1422 0.1413 0.1417 0.1383 0.1336 0.1312 0.1314 0.1261 0.1311 0.1264 0.1254 0.1271 0.1255 0.1202 0.1223 0.1210 0.1187 0.1194 0.1160 0.1175 0.1158 0.1146 0.1146 0.1122 0.1093 0.1085 0.1081 0.1089 0.1077 0.1061 0.1061 0.1036 0.1025 0.1014 0.1013 0.1016 0.1011 0.1000 0.0971 0.0974 0.0962 0.0947 0.0952 0.0936 0.0933 0.0964 0.0920 0.0915 0.0917 0.0896 0.0899 0.0869 0.0876 0.0898]
