train_acc,valid_acc,test_acc,train_loss,valid_loss,train_aug_loss
0.9776443243026733,0.9638798832893372,0.9576333165168762,[1.7271 0.5351 0.2627 0.2462 0.2253 0.1914 0.1594 0.1561 0.1465 0.1650 0.1738 0.1500 0.1201 0.1225 0.1879 0.0911 0.1515 0.1393 0.1253 0.1427 0.1602 0.1379 0.1302 0.0863 0.0980 0.0807 0.0987 0.0897 0.0945 0.0718 0.0861 0.0895 0.0715 0.0918 0.0964 0.0824 0.1070 0.0680 0.0897 0.0802 0.0748 0.0858 0.0705 0.0728 0.0846 0.0715 0.0948 0.0849 0.0771 0.0676],[1.7419 0.5404 0.2947 0.2572 0.2217 0.2145 0.1780 0.1815 0.1759 0.1871 0.1963 0.1732 0.1532 0.1563 0.2212 0.1281 0.1858 0.1775 0.1756 0.1882 0.1926 0.1830 0.1680 0.1329 0.1503 0.1325 0.1449 0.1398 0.1410 0.1221 0.1375 0.1430 0.1218 0.1416 0.1472 0.1361 0.1601 0.1155 0.1431 0.1358 0.1248 0.1474 0.1319 0.1296 0.1439 0.1262 0.1483 0.1411 0.1394 0.1255],[1.7308 0.9502 0.5819 0.4722 0.4176 0.3808 0.3547 0.3342 0.3232 0.3152 0.3014 0.2918 0.2778 0.2761 0.2703 0.2610 0.2603 0.2563 0.2471 0.2421 0.2417 0.2414 0.2307 0.2325 0.2232 0.2267 0.2224 0.2210 0.2158 0.2145 0.2082 0.2084 0.2084 0.2034 0.2025 0.1993 0.1988 0.2007 0.1969 0.1947 0.1955 0.1891 0.1873 0.1899 0.1872 0.1820 0.1787 0.1820 0.1795 0.1798]
