train_acc,valid_acc,test_acc,train_loss,valid_loss,train_aug_loss
0.9919613599777222,0.9655032753944397,0.9660335779190063,[2.0087 1.7999 1.1395 0.6133 0.6915 0.4922 0.5379 0.3312 0.2948 0.3070 0.2032 0.2214 0.2317 0.1710 0.1899 0.2005 0.1771 0.2072 0.1772 0.1224 0.2111 0.1348 0.1289 0.1292 0.1000 0.1260 0.1034 0.1167 0.1009 0.1020 0.1256 0.1282 0.1328 0.0875 0.1160 0.1103 0.1362 0.0781 0.0906 0.1096 0.1219 0.0889 0.0732 0.0795 0.1020 0.0935 0.0717 0.1006 0.0902 0.0849 0.0608 0.0697 0.0527 0.0603 0.0512 0.0710 0.0794 0.0689 0.0582 0.0586 0.0564 0.0599 0.0599 0.0639 0.0624 0.0736 0.0816 0.0876 0.0704 0.0538 0.0594 0.0686 0.0592 0.0385 0.0575 0.0432 0.0590 0.0510 0.0410 0.0546 0.0527 0.0553 0.0546 0.0446 0.0538 0.0407 0.0470 0.0415 0.0374 0.0379 0.0569 0.0436 0.0342 0.0233 0.0314 0.0298 0.0348 0.0256 0.0304 0.0334],[2.0004 1.8340 1.1069 0.6194 0.7683 0.5268 0.5752 0.3700 0.3383 0.3668 0.2557 0.2776 0.2854 0.2106 0.2278 0.2423 0.2186 0.2433 0.2311 0.1724 0.2856 0.1962 0.1915 0.1941 0.1610 0.1926 0.1716 0.1896 0.1682 0.1720 0.2050 0.1907 0.2156 0.1630 0.1926 0.1912 0.2214 0.1511 0.1769 0.2011 0.2199 0.1657 0.1562 0.1547 0.2043 0.1877 0.1537 0.1909 0.1755 0.1762 0.1451 0.1602 0.1357 0.1548 0.1396 0.1634 0.1822 0.1723 0.1529 0.1614 0.1567 0.1624 0.1561 0.1777 0.1712 0.1906 0.2070 0.2121 0.1878 0.1589 0.1749 0.1793 0.1719 0.1450 0.1763 0.1557 0.1783 0.1654 0.1601 0.1769 0.1741 0.1854 0.1757 0.1573 0.1765 0.1721 0.1746 0.1667 0.1646 0.1675 0.1839 0.1635 0.1558 0.1303 0.1507 0.1534 0.1668 0.1423 0.1587 0.1588],[2.0262 1.7964 1.4396 0.6611 0.4514 0.3863 0.3445 0.3154 0.2918 0.2796 0.2662 0.2522 0.2458 0.2326 0.2249 0.2203 0.2120 0.2085 0.2018 0.1965 0.1904 0.1846 0.1804 0.1772 0.1766 0.1714 0.1671 0.1663 0.1624 0.1595 0.1574 0.1550 0.1537 0.1513 0.1495 0.1447 0.1431 0.1422 0.1388 0.1380 0.1362 0.1353 0.1339 0.1338 0.1297 0.1277 0.1274 0.1230 0.1217 0.1225 0.1212 0.1226 0.1210 0.1175 0.1162 0.1147 0.1140 0.1127 0.1113 0.1097 0.1105 0.1120 0.1080 0.1053 0.1045 0.1033 0.1032 0.1044 0.1001 0.0990 0.0988 0.1002 0.1003 0.0986 0.0975 0.0994 0.0977 0.0962 0.0922 0.0923 0.0910 0.0913 0.0910 0.0896 0.0885 0.0904 0.0900 0.0864 0.0869 0.0863 0.0854 0.0847 0.0834 0.0834 0.0840 0.0836 0.0817 0.0827 0.0824 0.0799]
