train_acc,valid_acc,test_acc,train_loss,valid_loss,train_aug_loss
0.9746714234352112,0.9608360528945923,0.9583637714385986,[1.9414 0.5731 0.3018 0.3062 0.2072 0.1720 0.1902 0.1865 0.1463 0.2059 0.1641 0.2142 0.1669 0.1487 0.1453 0.1152 0.1580 0.1176 0.1416 0.1380 0.1578 0.1429 0.0912 0.1194 0.1323 0.1135 0.1377 0.1208 0.1234 0.0850 0.1254 0.0745 0.0900 0.1261 0.0870 0.0791 0.1249 0.0818 0.1087 0.0807 0.1083 0.0971 0.0805 0.0858 0.1064 0.0939 0.0709 0.0846 0.0776 0.0913],[1.7292 0.5623 0.3252 0.3217 0.2510 0.2181 0.2182 0.2051 0.1912 0.2280 0.1994 0.2474 0.1960 0.1920 0.1812 0.1675 0.2087 0.1602 0.1823 0.1808 0.2087 0.1918 0.1434 0.1761 0.1818 0.1684 0.1895 0.1718 0.1665 0.1331 0.1787 0.1529 0.1612 0.1928 0.1432 0.1442 0.1817 0.1444 0.1743 0.1495 0.1717 0.1611 0.1465 0.1561 0.1706 0.1727 0.1357 0.1457 0.1532 0.1692],[1.8966 1.0918 0.5579 0.4487 0.3949 0.3605 0.3380 0.3180 0.3058 0.2919 0.2794 0.2785 0.2653 0.2612 0.2554 0.2475 0.2419 0.2379 0.2359 0.2302 0.2251 0.2246 0.2209 0.2185 0.2147 0.2105 0.2067 0.2062 0.2002 0.1987 0.1974 0.1945 0.1970 0.1960 0.1907 0.1846 0.1879 0.1839 0.1875 0.1819 0.1793 0.1786 0.1753 0.1721 0.1738 0.1740 0.1723 0.1708 0.1685 0.1659]
