train_acc,valid_acc,test_acc,train_loss,valid_loss,train_aug_loss
0.9825536012649536,0.9606330990791321,0.9612855911254883,[2.4443 3.3730 3.9620 0.8158 0.4464 0.3679 0.2923 0.2720 0.2565 0.2345 0.2004 0.2062 0.2169 0.2014 0.1807 0.1854 0.1670 0.1473 0.1548 0.1736 0.1390 0.1502 0.1379 0.1402 0.1252 0.1372 0.1287 0.1164 0.1245 0.1315 0.1147 0.1163 0.0993 0.1212 0.1193 0.0984 0.1171 0.0996 0.0994 0.1030 0.0918 0.0977 0.0876 0.0861 0.0778 0.0874 0.0968 0.0877 0.0854 0.0756 0.0712 0.0816 0.0924 0.0825 0.1074 0.0845 0.0761 0.0731 0.0769 0.0709 0.0657 0.0789 0.0689 0.0793 0.0644 0.0662 0.0841 0.0670 0.0692 0.0698 0.0571 0.0654 0.0667 0.0573 0.0858 0.0577 0.0697 0.0513 0.0695 0.0726 0.0458 0.0536 0.0671 0.0499 0.0475 0.0601 0.0553 0.0692 0.0493 0.0475 0.0475 0.0503 0.0616 0.0590 0.0610 0.0565 0.0517 0.0469 0.0430 0.0560],[2.4428 3.2304 3.8854 0.8835 0.4894 0.3857 0.3181 0.3003 0.2727 0.2741 0.2368 0.2401 0.2566 0.2278 0.2140 0.2283 0.2058 0.1840 0.1966 0.2154 0.1792 0.1982 0.1725 0.1790 0.1718 0.1798 0.1800 0.1621 0.1764 0.1876 0.1684 0.1671 0.1476 0.1766 0.1739 0.1471 0.1785 0.1565 0.1594 0.1629 0.1436 0.1579 0.1455 0.1500 0.1414 0.1544 0.1665 0.1550 0.1479 0.1414 0.1400 0.1484 0.1738 0.1586 0.1876 0.1630 0.1571 0.1461 0.1629 0.1499 0.1381 0.1593 0.1567 0.1604 0.1429 0.1477 0.1824 0.1439 0.1609 0.1485 0.1423 0.1462 0.1571 0.1440 0.1883 0.1528 0.1674 0.1431 0.1661 0.1722 0.1362 0.1469 0.1731 0.1483 0.1409 0.1580 0.1477 0.1785 0.1494 0.1360 0.1441 0.1528 0.1652 0.1626 0.1669 0.1723 0.1555 0.1490 0.1478 0.1676],[2.0647 1.8362 1.5785 0.8469 0.5637 0.4730 0.4257 0.3906 0.3635 0.3422 0.3299 0.3152 0.3035 0.2917 0.2771 0.2740 0.2650 0.2546 0.2529 0.2447 0.2400 0.2297 0.2269 0.2228 0.2172 0.2108 0.2091 0.2035 0.2030 0.2007 0.1967 0.1935 0.1888 0.1895 0.1847 0.1843 0.1810 0.1772 0.1744 0.1681 0.1687 0.1685 0.1679 0.1643 0.1597 0.1598 0.1611 0.1579 0.1575 0.1533 0.1499 0.1527 0.1505 0.1474 0.1465 0.1429 0.1463 0.1422 0.1426 0.1405 0.1347 0.1377 0.1349 0.1338 0.1336 0.1315 0.1300 0.1295 0.1291 0.1279 0.1264 0.1275 0.1272 0.1235 0.1231 0.1213 0.1162 0.1172 0.1185 0.1191 0.1147 0.1151 0.1141 0.1182 0.1130 0.1133 0.1134 0.1117 0.1096 0.1086 0.1103 0.1092 0.1086 0.1043 0.1077 0.1042 0.1068 0.1067 0.1029 0.1016]
