train_acc,valid_acc,test_acc,train_loss,valid_loss,train_aug_loss
0.9841998815536499,0.9594742655754089,0.9382216930389404,[2.0190 3.1864 0.9576 0.5263 0.3319 0.2530 0.2517 0.2381 0.2318 0.2060 0.1574 0.1923 0.1596 0.1496 0.1334 0.1398 0.1283 0.1332 0.1221 0.0996 0.0943 0.1005 0.0959 0.1093 0.0847 0.0697 0.0966 0.0701 0.0753 0.0732 0.0738 0.0683 0.0750 0.0611 0.0654 0.0615 0.0622 0.0590 0.0581 0.0465 0.0573 0.0602 0.0479 0.0575 0.0505 0.0478 0.0528 0.0416 0.0474 0.0457 0.0435 0.0486 0.0735 0.0379 0.0456 0.0458 0.0536 0.0442 0.0458 0.0463 0.0393 0.0378 0.0357 0.0359 0.0304 0.0376 0.0357 0.0327 0.0298 0.0296 0.0263 0.0267 0.0366 0.0289 0.0233 0.0287 0.0270 0.0276 0.0337 0.0252 0.0325 0.0293 0.0248 0.0283 0.0269 0.0288 0.0262 0.0316 0.0228 0.0334 0.0217 0.0201 0.0175 0.0184 0.0182 0.0203 0.0202 0.0230 0.0173 0.0274],[2.0381 3.1635 1.0826 0.6744 0.4444 0.3252 0.3127 0.3146 0.3053 0.2672 0.2239 0.2720 0.2277 0.2193 0.1826 0.2215 0.1954 0.2008 0.1852 0.1758 0.1702 0.1814 0.1741 0.2081 0.1647 0.1447 0.1908 0.1543 0.1671 0.1613 0.1774 0.1502 0.1669 0.1405 0.1614 0.1597 0.1639 0.1461 0.1639 0.1457 0.1584 0.1631 0.1454 0.1655 0.1507 0.1275 0.1665 0.1330 0.1530 0.1378 0.1501 0.1625 0.2098 0.1441 0.1644 0.1660 0.1876 0.1726 0.1598 0.1731 0.1621 0.1596 0.1544 0.1497 0.1447 0.1725 0.1581 0.1535 0.1441 0.1431 0.1410 0.1427 0.1645 0.1518 0.1368 0.1513 0.1537 0.1618 0.1852 0.1554 0.1795 0.1701 0.1480 0.1621 0.1615 0.1718 0.1445 0.1822 0.1589 0.1800 0.1636 0.1475 0.1547 0.1630 0.1701 0.1715 0.1598 0.1717 0.1514 0.1726],[2.0561 1.7384 1.0228 0.5759 0.4474 0.3825 0.3445 0.3179 0.2950 0.2793 0.2630 0.2515 0.2442 0.2309 0.2235 0.2144 0.2073 0.2038 0.1942 0.1875 0.1814 0.1804 0.1763 0.1730 0.1667 0.1640 0.1592 0.1563 0.1519 0.1493 0.1453 0.1439 0.1447 0.1413 0.1389 0.1345 0.1325 0.1317 0.1290 0.1277 0.1257 0.1219 0.1244 0.1178 0.1185 0.1174 0.1131 0.1145 0.1130 0.1126 0.1089 0.1091 0.1062 0.1034 0.1035 0.1034 0.1022 0.1005 0.0992 0.1000 0.0969 0.0965 0.0962 0.0945 0.0928 0.0912 0.0905 0.0904 0.0891 0.0878 0.0881 0.0873 0.0844 0.0860 0.0854 0.0848 0.0835 0.0808 0.0814 0.0794 0.0782 0.0780 0.0781 0.0775 0.0775 0.0773 0.0767 0.0746 0.0751 0.0730 0.0741 0.0740 0.0706 0.0715 0.0696 0.0721 0.0690 0.0680 0.0709 0.0661]
