train_acc,valid_acc,test_acc,train_loss,valid_loss,train_aug_loss
0.9824948906898499,0.9630681872367859,0.9629291296005249,[1.9025 1.2184 0.4343 0.3621 0.2340 0.1918 0.2395 0.2344 0.2052 0.1946 0.2640 0.2050 0.1547 0.1431 0.1412 0.1275 0.1573 0.1598 0.1262 0.1649 0.1328 0.1470 0.1339 0.1008 0.1532 0.1188 0.1240 0.0972 0.0926 0.0987 0.0875 0.1032 0.1165 0.0902 0.1015 0.0909 0.0840 0.0881 0.0889 0.0958 0.0842 0.0778 0.0944 0.0916 0.0979 0.0658 0.1251 0.0946 0.0563 0.0748],[1.9011 1.1076 0.4413 0.4034 0.2612 0.2319 0.2589 0.2616 0.2351 0.2229 0.2842 0.2387 0.1893 0.1834 0.1884 0.1735 0.2006 0.2029 0.1793 0.2047 0.1832 0.1968 0.1812 0.1525 0.2024 0.1652 0.1736 0.1490 0.1463 0.1594 0.1452 0.1663 0.1735 0.1506 0.1613 0.1527 0.1419 0.1508 0.1481 0.1609 0.1438 0.1435 0.1572 0.1553 0.1694 0.1334 0.1938 0.1630 0.1269 0.1443],[1.8971 1.2989 0.7296 0.5421 0.4622 0.4137 0.3796 0.3592 0.3376 0.3236 0.3086 0.2961 0.2858 0.2773 0.2710 0.2639 0.2582 0.2572 0.2475 0.2433 0.2403 0.2368 0.2304 0.2244 0.2219 0.2224 0.2161 0.2130 0.2083 0.2047 0.2032 0.2002 0.1995 0.1992 0.1924 0.1909 0.1889 0.1872 0.1892 0.1838 0.1836 0.1839 0.1804 0.1781 0.1744 0.1733 0.1702 0.1692 0.1730 0.1699]
