train_acc,valid_acc,test_acc,train_loss,valid_loss,train_aug_loss
0.9865142107009888,0.9691558480262756,0.9673119187355042,[2.3116 0.4383 0.2805 0.2395 0.2398 0.2386 0.1271 0.1991 0.0975 0.1421 0.1390 0.1666 0.1136 0.1985 0.1102 0.2397 0.2234 0.1319 0.0713 0.1219 0.0781 0.0835 0.1068 0.0824 0.1020 0.0932 0.1176 0.0929 0.0488 0.0599 0.0581 0.0953 0.0457 0.0776 0.0463 0.0408 0.0368 0.1156 0.0385 0.0350 0.0670 0.0606 0.0916 0.0564 0.0527 0.0592 0.0823 0.0579 0.1323 0.0966],[2.3365 0.4066 0.2852 0.2351 0.2470 0.2535 0.1560 0.2315 0.1372 0.1916 0.1709 0.2062 0.1548 0.2262 0.1487 0.2900 0.2855 0.1795 0.1222 0.1804 0.1276 0.1445 0.1821 0.1586 0.1783 0.1778 0.2028 0.1752 0.1193 0.1310 0.1363 0.1773 0.1169 0.1630 0.1257 0.1232 0.1155 0.2192 0.1135 0.1207 0.1753 0.1570 0.2162 0.1486 0.1521 0.1523 0.1944 0.1599 0.2555 0.2158],[1.7519 0.5666 0.3822 0.3247 0.2887 0.2692 0.2501 0.2366 0.2299 0.2171 0.2075 0.1981 0.1935 0.1889 0.1828 0.1766 0.1731 0.1724 0.1668 0.1632 0.1556 0.1549 0.1505 0.1479 0.1471 0.1437 0.1389 0.1367 0.1359 0.1337 0.1344 0.1273 0.1286 0.1252 0.1275 0.1237 0.1208 0.1216 0.1167 0.1192 0.1141 0.1148 0.1101 0.1093 0.1118 0.1075 0.1072 0.1045 0.1061 0.1051]
