train_acc,valid_acc,test_acc,train_loss,valid_loss,train_aug_loss
0.9826905131340027,0.9626623392105103,0.9614682197570801,[1.9026 1.4607 0.3666 0.4059 0.2185 0.2450 0.1957 0.1574 0.1484 0.1379 0.1617 0.1559 0.1384 0.1146 0.1225 0.1323 0.1037 0.1001 0.1038 0.0858 0.0919 0.1091 0.0849 0.1065 0.0951 0.1310 0.1135 0.0881 0.1067 0.1077 0.0689 0.0943 0.0762 0.0740 0.0695 0.0845 0.0634 0.0606 0.0663 0.0612 0.0751 0.0739 0.0924 0.0531 0.0585 0.0659 0.0669 0.0609 0.0961 0.0491],[1.8970 1.3708 0.3551 0.4185 0.2367 0.2573 0.2112 0.1861 0.1870 0.1715 0.1958 0.1953 0.1800 0.1567 0.1669 0.1836 0.1512 0.1477 0.1640 0.1357 0.1506 0.1685 0.1422 0.1624 0.1521 0.1911 0.1783 0.1507 0.1740 0.1797 0.1403 0.1628 0.1386 0.1414 0.1419 0.1601 0.1331 0.1306 0.1399 0.1364 0.1548 0.1519 0.1706 0.1231 0.1350 0.1469 0.1460 0.1428 0.1762 0.1345],[1.9449 1.0753 0.6145 0.4821 0.4281 0.3797 0.3513 0.3366 0.3109 0.3018 0.2965 0.2841 0.2793 0.2692 0.2608 0.2544 0.2501 0.2468 0.2404 0.2359 0.2275 0.2264 0.2235 0.2165 0.2167 0.2143 0.2129 0.2061 0.2051 0.2028 0.2004 0.1973 0.1979 0.1923 0.1919 0.1895 0.1871 0.1848 0.1807 0.1841 0.1795 0.1781 0.1748 0.1761 0.1726 0.1743 0.1714 0.1703 0.1677 0.1678]
