train_acc,valid_acc,test_acc,train_loss,valid_loss,train_aug_loss
0.989369809627533,0.9665178656578064,0.9663988351821899,[3.2761 0.3001 0.2500 0.1911 0.2017 0.1523 0.1206 0.1882 0.1395 0.1122 0.1182 0.1186 0.0852 0.1157 0.0858 0.0868 0.1312 0.1200 0.0749 0.0948 0.0808 0.1258 0.0647 0.0839 0.0830 0.1183 0.0526 0.0701 0.0663 0.0423 0.1695 0.0778 0.0406 0.0618 0.1420 0.0689 0.0952 0.0483 0.0502 0.0309 0.0465 0.0339 0.0319 0.0736 0.0867 0.0298 0.1216 0.0353 0.0677 0.0519],[2.7944 0.3275 0.2903 0.2421 0.2320 0.1936 0.1549 0.2308 0.1891 0.1615 0.1644 0.1739 0.1647 0.1739 0.1550 0.1534 0.2010 0.1834 0.1426 0.1692 0.1532 0.2104 0.1419 0.1642 0.1653 0.2217 0.1403 0.1564 0.1605 0.1241 0.2749 0.1757 0.1269 0.1504 0.2515 0.1555 0.2000 0.1577 0.1570 0.1225 0.1557 0.1458 0.1334 0.1867 0.2034 0.1398 0.2562 0.1532 0.1973 0.1701],[1.7871 0.5915 0.3803 0.3184 0.2842 0.2626 0.2454 0.2304 0.2192 0.2101 0.2009 0.2000 0.1884 0.1837 0.1741 0.1759 0.1710 0.1671 0.1629 0.1564 0.1537 0.1515 0.1466 0.1477 0.1405 0.1383 0.1367 0.1365 0.1317 0.1316 0.1237 0.1268 0.1259 0.1231 0.1217 0.1189 0.1198 0.1172 0.1158 0.1146 0.1117 0.1104 0.1076 0.1086 0.1077 0.1066 0.1058 0.1034 0.0992 0.1014]
