train_acc,valid_acc,test_acc,train_loss,valid_loss,train_aug_loss
0.9852331280708313,0.9634740352630615,0.9653031229972839,[6.3600 0.3136 0.2001 0.1840 0.1805 0.1282 0.1735 0.1329 0.1743 0.2266 0.1075 0.1890 0.1245 0.1292 0.0814 0.1068 0.0906 0.1020 0.0869 0.0879 0.1145 0.0933 0.0937 0.1237 0.0793 0.1103 0.0751 0.0770 0.0827 0.1305 0.0763 0.0789 0.0769 0.0924 0.0672 0.0758 0.1054 0.1000 0.0716 0.0658 0.0531 0.0658 0.0657 0.0589 0.0677 0.0689 0.0466 0.0553 0.0539 0.0568],[5.9246 0.3174 0.2273 0.2168 0.2212 0.1795 0.2294 0.1851 0.2261 0.2759 0.1571 0.2397 0.1794 0.1861 0.1397 0.1634 0.1485 0.1653 0.1492 0.1551 0.1746 0.1594 0.1630 0.1900 0.1472 0.1787 0.1491 0.1566 0.1504 0.2029 0.1439 0.1499 0.1516 0.1650 0.1382 0.1530 0.1813 0.1897 0.1515 0.1402 0.1312 0.1394 0.1490 0.1345 0.1507 0.1503 0.1234 0.1353 0.1371 0.1398],[1.3673 0.5599 0.4189 0.3668 0.3326 0.3055 0.2909 0.2773 0.2698 0.2568 0.2483 0.2430 0.2359 0.2337 0.2252 0.2244 0.2186 0.2142 0.2111 0.2110 0.2106 0.2053 0.2030 0.1975 0.1933 0.1933 0.1910 0.1874 0.1869 0.1842 0.1863 0.1809 0.1784 0.1799 0.1782 0.1749 0.1780 0.1704 0.1729 0.1708 0.1711 0.1667 0.1667 0.1689 0.1660 0.1644 0.1677 0.1599 0.1627 0.1596]
