train_acc,valid_acc,test_acc,train_loss,valid_loss,train_aug_loss
0.9807444214820862,0.9604302048683167,0.9627465009689331,[1.9315 1.2183 0.5679 0.6335 0.4196 0.2738 0.2766 0.2416 0.3087 0.2175 0.2527 0.2309 0.3000 0.1575 0.1514 0.2252 0.1887 0.1918 0.2392 0.1275 0.1888 0.2012 0.1776 0.1802 0.1079 0.1397 0.1082 0.1436 0.1196 0.1059 0.0965 0.1064 0.1271 0.1729 0.1022 0.0765 0.1296 0.1446 0.2047 0.1616 0.1285 0.1182 0.0930 0.0829 0.0746 0.1155 0.0998 0.1431 0.0784 0.0656],[1.8576 1.0764 0.5315 0.6080 0.4274 0.2871 0.2995 0.2579 0.3320 0.2386 0.2824 0.2570 0.3486 0.1956 0.1869 0.2590 0.2407 0.2408 0.2865 0.1775 0.2480 0.2579 0.2290 0.2378 0.1571 0.1997 0.1663 0.2026 0.1765 0.1492 0.1510 0.1632 0.1834 0.2438 0.1598 0.1358 0.1873 0.2009 0.2747 0.2325 0.1908 0.1789 0.1584 0.1548 0.1348 0.1851 0.1719 0.2345 0.1373 0.1288],[1.8986 1.3879 0.8291 0.5969 0.4947 0.4382 0.4001 0.3739 0.3517 0.3334 0.3210 0.3089 0.2985 0.2928 0.2794 0.2731 0.2640 0.2601 0.2534 0.2515 0.2444 0.2394 0.2349 0.2298 0.2289 0.2246 0.2200 0.2186 0.2143 0.2130 0.2093 0.2069 0.2073 0.2002 0.2012 0.1977 0.1979 0.1939 0.1918 0.1882 0.1849 0.1857 0.1828 0.1825 0.1789 0.1789 0.1781 0.1748 0.1744 0.1725]
