train_acc,valid_acc,test_acc,train_loss,valid_loss,train_aug_loss
0.987951934337616,0.9737130403518677,0.9509238004684448,[2.0811 1.5202 1.1196 0.3581 0.5038 0.3078 0.1634 0.1893 0.1866 0.2186 0.1991 0.2372 0.1714 0.1324 0.2337 0.1926 0.1157 0.1084 0.1116 0.0997 0.0750 0.1050 0.0818 0.1393 0.0882 0.0840 0.0970 0.0663 0.0907 0.1168 0.0761 0.0881 0.0821 0.0657 0.0599 0.0632 0.0822 0.0524 0.0843 0.0477 0.0530 0.0470 0.0441 0.0435 0.0481 0.0476 0.0496 0.0359 0.0417 0.0408 0.0391 0.0440 0.0698 0.0367 0.0419 0.0467 0.0388 0.0517 0.0346 0.0497 0.0429 0.0592 0.0777 0.0333 0.0267 0.0362 0.0352 0.0432 0.0963 0.0381 0.0272 0.0295 0.0301 0.0376 0.0332 0.0295 0.0766 0.0327 0.0633 0.0396 0.0331 0.0247 0.0220 0.0347 0.0302 0.0314 0.0249 0.0390 0.0239 0.0356 0.0259 0.0564 0.0239 0.0395 0.0267 0.0315 0.0190 0.0379 0.0381 0.0158],[2.0854 1.6325 1.2615 0.4241 0.6482 0.3272 0.1915 0.2279 0.2108 0.2620 0.2513 0.2941 0.1995 0.1876 0.2525 0.2537 0.1799 0.1411 0.1462 0.1151 0.1063 0.1497 0.1218 0.1641 0.1436 0.1218 0.1641 0.1094 0.1413 0.1859 0.1110 0.1438 0.1455 0.1234 0.1177 0.1061 0.1575 0.1106 0.1486 0.0906 0.1128 0.0988 0.1007 0.0936 0.1007 0.0965 0.1146 0.0871 0.0970 0.1011 0.0924 0.1048 0.1550 0.0985 0.1038 0.1141 0.0960 0.1280 0.0968 0.1318 0.1156 0.1472 0.1864 0.1075 0.0914 0.1068 0.1120 0.1252 0.2131 0.1277 0.1024 0.1037 0.0970 0.1046 0.1186 0.1002 0.1943 0.1150 0.1676 0.1358 0.1101 0.1018 0.0955 0.1266 0.1049 0.1147 0.1023 0.1299 0.1053 0.1286 0.1151 0.1823 0.1008 0.1518 0.1155 0.1314 0.1113 0.1496 0.1420 0.1093],[1.9979 1.4458 0.6299 0.4018 0.3298 0.2972 0.2730 0.2531 0.2360 0.2250 0.2136 0.2096 0.1978 0.1911 0.1847 0.1776 0.1741 0.1695 0.1665 0.1604 0.1569 0.1534 0.1506 0.1470 0.1417 0.1420 0.1387 0.1347 0.1317 0.1299 0.1276 0.1264 0.1237 0.1238 0.1213 0.1187 0.1195 0.1150 0.1137 0.1119 0.1109 0.1094 0.1068 0.1060 0.1041 0.1051 0.1032 0.1000 0.1001 0.0964 0.0959 0.0956 0.0942 0.0947 0.0916 0.0928 0.0913 0.0905 0.0883 0.0891 0.0881 0.0875 0.0861 0.0855 0.0810 0.0848 0.0830 0.0817 0.0824 0.0779 0.0795 0.0783 0.0797 0.0765 0.0750 0.0766 0.0741 0.0741 0.0755 0.0727 0.0736 0.0710 0.0716 0.0696 0.0711 0.0674 0.0696 0.0666 0.0681 0.0682 0.0673 0.0649 0.0650 0.0658 0.0657 0.0638 0.0651 0.0615 0.0631 0.0628]
