train_acc,valid_acc,test_acc,train_loss,valid_loss,train_aug_loss
0.9791503548622131,0.9620535969734192,0.9656683802604675,[1.8371 0.6038 0.3305 0.3529 0.2497 0.2125 0.2343 0.2140 0.1516 0.1391 0.1705 0.1643 0.1493 0.1697 0.1588 0.1269 0.1351 0.1304 0.1510 0.0908 0.1213 0.1412 0.1137 0.1184 0.1424 0.1223 0.1094 0.0917 0.1082 0.1049 0.1091 0.1180 0.1009 0.1152 0.0981 0.1220 0.1110 0.0744 0.0972 0.1064 0.0994 0.0838 0.0735 0.0906 0.0881 0.1025 0.0718 0.1037 0.0957 0.0912],[1.8250 0.6447 0.3467 0.3698 0.2634 0.2291 0.2697 0.2401 0.1776 0.1790 0.2060 0.1917 0.1867 0.2119 0.1972 0.1729 0.1789 0.1790 0.1892 0.1438 0.1674 0.1902 0.1682 0.1657 0.1965 0.1755 0.1663 0.1459 0.1658 0.1666 0.1642 0.1745 0.1622 0.1720 0.1561 0.1866 0.1763 0.1322 0.1569 0.1763 0.1691 0.1534 0.1390 0.1608 0.1527 0.1724 0.1407 0.1715 0.1612 0.1681],[1.9231 1.1940 0.5953 0.4637 0.4042 0.3668 0.3455 0.3266 0.3055 0.2960 0.2837 0.2795 0.2672 0.2658 0.2551 0.2460 0.2436 0.2381 0.2328 0.2327 0.2246 0.2232 0.2180 0.2160 0.2140 0.2099 0.2036 0.2088 0.2009 0.2009 0.2024 0.1959 0.1950 0.1931 0.1893 0.1843 0.1859 0.1847 0.1854 0.1810 0.1810 0.1739 0.1761 0.1730 0.1731 0.1715 0.1685 0.1694 0.1706 0.1701]
