train_acc,valid_acc,test_acc,train_loss,valid_loss,train_aug_loss
0.9826490879058838,0.9675064086914062,0.9486142992973328,[2.0916 1.7380 0.3660 0.3691 0.2891 0.2044 0.3251 0.3161 0.2599 0.2456 0.2276 0.1370 0.1320 0.1970 0.0918 0.0944 0.1061 0.1046 0.0980 0.0953 0.1427 0.0883 0.0925 0.0912 0.1048 0.0678 0.0970 0.0906 0.0637 0.0576 0.0946 0.0809 0.0738 0.0515 0.0862 0.0557 0.0560 0.1977 0.0534 0.0588 0.0576 0.0394 0.0425 0.0862 0.0524 0.0542 0.0413 0.0835 0.1994 0.0417 0.0458 0.0477 0.0675 0.0775 0.0473 0.0411 0.0446 0.0672 0.0441 0.0673 0.0764 0.0272 0.0464 0.0423 0.0358 0.0687 0.0508 0.0497 0.0378 0.0414 0.0397 0.0431 0.0275 0.0286 0.0337 0.0283 0.0300 0.0225 0.0419 0.0269 0.0192 0.0520 0.0239 0.0203 0.0319 0.0334 0.0347 0.0468 0.0298 0.0245 0.0198 0.0240 0.0231 0.0271 0.0243 0.0182 0.0374 0.0269 0.0380 0.0229],[2.0797 1.9169 0.4038 0.4016 0.2907 0.2276 0.3038 0.3413 0.2969 0.2562 0.2869 0.1614 0.1655 0.2299 0.1284 0.1487 0.1705 0.1578 0.1470 0.1459 0.1670 0.1527 0.1470 0.1471 0.1457 0.1241 0.1602 0.1551 0.1209 0.1106 0.1679 0.1677 0.1499 0.1041 0.1744 0.1193 0.1392 0.3125 0.1347 0.1369 0.1388 0.1137 0.1149 0.1662 0.1262 0.1435 0.1173 0.1922 0.3141 0.1185 0.1317 0.1180 0.1682 0.1733 0.1367 0.1250 0.1391 0.1716 0.1405 0.1851 0.1983 0.1141 0.1456 0.1429 0.1384 0.1838 0.1590 0.1506 0.1440 0.1474 0.1437 0.1567 0.1312 0.1246 0.1430 0.1306 0.1408 0.1218 0.1640 0.1354 0.1191 0.1769 0.1460 0.1114 0.1508 0.1274 0.1667 0.1818 0.1476 0.1384 0.1268 0.1448 0.1423 0.1602 0.1245 0.1309 0.1677 0.1616 0.1758 0.1483],[2.0305 1.6025 0.6753 0.3985 0.3316 0.2915 0.2692 0.2512 0.2374 0.2241 0.2169 0.2005 0.1931 0.1898 0.1853 0.1803 0.1708 0.1690 0.1643 0.1589 0.1544 0.1503 0.1469 0.1446 0.1419 0.1397 0.1371 0.1359 0.1313 0.1306 0.1309 0.1248 0.1224 0.1221 0.1195 0.1201 0.1175 0.1150 0.1105 0.1088 0.1091 0.1074 0.1069 0.1038 0.1050 0.1021 0.1013 0.0977 0.0972 0.0960 0.0972 0.0951 0.0945 0.0920 0.0921 0.0929 0.0909 0.0869 0.0872 0.0862 0.0853 0.0844 0.0838 0.0827 0.0825 0.0803 0.0806 0.0795 0.0791 0.0763 0.0794 0.0759 0.0765 0.0753 0.0762 0.0743 0.0747 0.0709 0.0718 0.0720 0.0719 0.0696 0.0699 0.0687 0.0668 0.0665 0.0674 0.0652 0.0645 0.0647 0.0632 0.0644 0.0634 0.0647 0.0626 0.0613 0.0628 0.0612 0.0599 0.0616]
