train_acc,valid_acc,test_acc,train_loss,valid_loss,train_aug_loss
0.9885385632514954,0.9646915793418884,0.9618334770202637,[1.9296 1.7763 2.4559 0.6506 0.4361 0.3416 0.3594 0.2583 0.2392 0.2471 0.2589 0.2162 0.2374 0.2019 0.1815 0.1754 0.1436 0.1821 0.1432 0.1497 0.1283 0.1279 0.1215 0.1214 0.1266 0.1404 0.1078 0.1306 0.1213 0.1253 0.1117 0.1331 0.1037 0.0996 0.1001 0.1038 0.0983 0.1005 0.0934 0.0978 0.0741 0.0775 0.0845 0.0776 0.0792 0.1046 0.0999 0.0695 0.0743 0.0741 0.0634 0.0703 0.0690 0.0722 0.0442 0.0622 0.0589 0.0605 0.0727 0.0691 0.0594 0.0633 0.0543 0.0539 0.0549 0.0499 0.0532 0.0522 0.0619 0.0538 0.0434 0.0551 0.0534 0.0332 0.0575 0.0393 0.0424 0.0385 0.0527 0.0432 0.0395 0.0454 0.0316 0.0473 0.0344 0.0493 0.0485 0.0384 0.0345 0.0355 0.0357 0.0402 0.0367 0.0333 0.0359 0.0400 0.0340 0.0363 0.0450 0.0310],[1.9240 1.8261 2.5761 0.6687 0.4692 0.3610 0.3975 0.2864 0.2492 0.2700 0.2784 0.2468 0.2563 0.2258 0.1974 0.2154 0.1776 0.2264 0.1740 0.1918 0.1662 0.1597 0.1629 0.1559 0.1597 0.1755 0.1521 0.1859 0.1685 0.1709 0.1529 0.1771 0.1536 0.1551 0.1487 0.1511 0.1582 0.1564 0.1509 0.1521 0.1376 0.1366 0.1488 0.1332 0.1455 0.1804 0.1764 0.1449 0.1402 0.1470 0.1309 0.1345 0.1345 0.1470 0.1233 0.1386 0.1356 0.1376 0.1560 0.1506 0.1336 0.1346 0.1320 0.1329 0.1327 0.1297 0.1306 0.1308 0.1533 0.1339 0.1245 0.1426 0.1446 0.1215 0.1461 0.1269 0.1312 0.1223 0.1435 0.1394 0.1394 0.1345 0.1211 0.1435 0.1307 0.1424 0.1431 0.1313 0.1193 0.1334 0.1250 0.1315 0.1396 0.1263 0.1288 0.1508 0.1344 0.1378 0.1536 0.1317],[2.0636 1.8234 1.5293 0.7383 0.4984 0.4184 0.3739 0.3416 0.3189 0.3020 0.2828 0.2721 0.2597 0.2488 0.2417 0.2300 0.2207 0.2181 0.2111 0.2031 0.1989 0.1893 0.1861 0.1818 0.1782 0.1751 0.1712 0.1678 0.1649 0.1583 0.1595 0.1563 0.1539 0.1518 0.1464 0.1439 0.1433 0.1410 0.1375 0.1355 0.1338 0.1326 0.1300 0.1285 0.1247 0.1253 0.1243 0.1202 0.1184 0.1176 0.1155 0.1163 0.1156 0.1095 0.1134 0.1080 0.1087 0.1084 0.1058 0.1038 0.1021 0.1021 0.1027 0.1001 0.0989 0.0973 0.0990 0.0975 0.0949 0.0947 0.0933 0.0930 0.0918 0.0886 0.0919 0.0892 0.0875 0.0887 0.0865 0.0859 0.0853 0.0865 0.0836 0.0835 0.0813 0.0830 0.0806 0.0820 0.0789 0.0794 0.0769 0.0771 0.0764 0.0780 0.0753 0.0755 0.0736 0.0751 0.0741 0.0735]
