train_acc,valid_acc,test_acc,train_loss,valid_loss,train_aug_loss
0.9806075096130371,0.9679383039474487,0.9611030220985413,[2.3545 1.0640 0.2972 0.2604 0.1840 0.1821 0.1899 0.1414 0.1430 0.1476 0.1283 0.1216 0.1198 0.0958 0.1018 0.1049 0.1014 0.0962 0.0953 0.0946 0.1027 0.0852 0.0970 0.0725 0.0832 0.0756 0.0619 0.0750 0.0633 0.0610 0.0675 0.0681 0.0762 0.0632 0.0645 0.0706 0.0752 0.0632 0.0639 0.0564 0.0688 0.0634 0.0643 0.0689 0.0478 0.0497 0.0649 0.0531 0.0605 0.0505],[2.2970 1.1471 0.3461 0.3099 0.2045 0.2175 0.2194 0.1794 0.1810 0.1777 0.1608 0.1591 0.1637 0.1417 0.1409 0.1433 0.1491 0.1458 0.1442 0.1394 0.1540 0.1421 0.1506 0.1287 0.1374 0.1357 0.1123 0.1371 0.1233 0.1167 0.1244 0.1274 0.1391 0.1283 0.1307 0.1348 0.1433 0.1325 0.1356 0.1184 0.1322 0.1336 0.1312 0.1415 0.1167 0.1220 0.1413 0.1216 0.1383 0.1140],[1.9476 1.3857 0.5511 0.4022 0.3538 0.3142 0.2981 0.2773 0.2639 0.2548 0.2471 0.2382 0.2339 0.2245 0.2174 0.2130 0.2076 0.2031 0.1959 0.1933 0.1881 0.1854 0.1822 0.1810 0.1756 0.1765 0.1726 0.1677 0.1702 0.1622 0.1617 0.1583 0.1594 0.1545 0.1552 0.1526 0.1506 0.1488 0.1473 0.1468 0.1420 0.1420 0.1414 0.1391 0.1387 0.1368 0.1350 0.1354 0.1329 0.1323]
