train_acc,valid_acc,test_acc,train_loss,valid_loss,train_aug_loss
0.9843921065330505,0.9711850881576538,0.9653031229972839,[2.2118 1.0517 0.2817 0.2027 0.2377 0.1831 0.1929 0.1569 0.1567 0.1398 0.1386 0.1341 0.1089 0.1194 0.1166 0.1027 0.1093 0.1251 0.1027 0.1068 0.0824 0.0869 0.0914 0.0903 0.0935 0.0765 0.0989 0.0899 0.0962 0.0811 0.1017 0.0721 0.0698 0.0655 0.0904 0.0896 0.0504 0.0700 0.0735 0.0639 0.0636 0.0647 0.0589 0.0665 0.0645 0.0648 0.0698 0.0473 0.0606 0.0613],[2.1388 1.1471 0.2991 0.2429 0.2649 0.1945 0.2262 0.1858 0.1784 0.1601 0.1692 0.1633 0.1398 0.1491 0.1460 0.1370 0.1503 0.1811 0.1426 0.1506 0.1227 0.1291 0.1239 0.1374 0.1313 0.1262 0.1518 0.1322 0.1487 0.1297 0.1570 0.1173 0.1144 0.1132 0.1412 0.1523 0.0990 0.1277 0.1234 0.1185 0.1236 0.1208 0.1147 0.1199 0.1310 0.1237 0.1325 0.1114 0.1243 0.1286],[1.9470 1.3349 0.5095 0.3905 0.3403 0.3156 0.2905 0.2762 0.2581 0.2574 0.2409 0.2350 0.2255 0.2198 0.2179 0.2076 0.2042 0.1971 0.1979 0.1890 0.1867 0.1833 0.1837 0.1791 0.1728 0.1723 0.1724 0.1644 0.1643 0.1604 0.1586 0.1605 0.1576 0.1534 0.1514 0.1500 0.1499 0.1478 0.1446 0.1440 0.1403 0.1424 0.1399 0.1346 0.1331 0.1368 0.1344 0.1306 0.1337 0.1317]
