train_acc,valid_acc,test_acc,train_loss,valid_loss,train_aug_loss
0.9728230834007263,0.9439935088157654,0.9470416307449341,[2.0519 2.0499 0.5129 0.4152 0.3483 0.2921 0.3150 0.2313 0.2274 0.2461 0.1881 0.2070 0.1961 0.2287 0.3857 0.2037 0.1961 0.1859 0.1818 0.1936 0.1348 0.1227 0.1552 0.1561 0.1355 0.2007 0.1211 0.1446 0.1639 0.1717 0.1604 0.1209 0.1799 0.2299 0.1850 0.1988 0.1636 0.1758 0.1826 0.1613 0.2559 0.0988 0.1160 0.1470 0.1181 0.1577 0.2087 0.1788 0.0919 0.1531 0.0943 0.2080 0.1529 0.2138 0.1220 0.0895 0.1070 0.0744 0.1035 0.1008 0.2050 0.1470 0.0960 0.1480 0.2124 0.1143 0.1109 0.2024 0.1269 0.1165 0.1685 0.1323 0.0962 0.1208 0.1925 0.1438 0.0988 0.1160 0.1272 0.1444 0.2559 0.0882 0.0880 0.0741 0.1547 0.1510 0.0904 0.0767 0.1090 0.2345 0.1549 0.0940 0.1473 0.1845 0.1594 0.0995 0.1437 0.1148 0.0913 0.1330],[2.0317 2.1143 0.6263 0.5311 0.4533 0.3794 0.3769 0.2803 0.2894 0.3340 0.2514 0.2844 0.2561 0.3299 0.4356 0.2790 0.2744 0.2596 0.2726 0.3155 0.2266 0.2103 0.2443 0.2515 0.2178 0.3073 0.2088 0.2351 0.2766 0.2787 0.2720 0.2387 0.2957 0.3522 0.3089 0.3149 0.2868 0.3092 0.3007 0.2945 0.3561 0.2316 0.2470 0.2753 0.2554 0.3080 0.3633 0.3137 0.2237 0.2811 0.2289 0.3759 0.3042 0.3353 0.2584 0.2319 0.2424 0.2019 0.2568 0.2648 0.3699 0.3189 0.2459 0.3051 0.4354 0.2743 0.2627 0.4112 0.3074 0.2696 0.3591 0.3069 0.2524 0.2917 0.3936 0.3324 0.2684 0.3124 0.3266 0.3520 0.4717 0.2598 0.2512 0.2454 0.3497 0.3440 0.2653 0.2454 0.2915 0.4760 0.3905 0.2851 0.3709 0.4303 0.3845 0.3119 0.3794 0.3378 0.2983 0.3641],[2.0738 1.7255 0.9402 0.5697 0.4551 0.3970 0.3539 0.3277 0.3031 0.2898 0.2770 0.2624 0.2491 0.2408 0.2290 0.2239 0.2164 0.2082 0.2023 0.1968 0.1922 0.1893 0.1838 0.1779 0.1737 0.1725 0.1695 0.1631 0.1623 0.1569 0.1560 0.1511 0.1495 0.1464 0.1432 0.1412 0.1384 0.1381 0.1366 0.1297 0.1323 0.1291 0.1304 0.1257 0.1217 0.1222 0.1212 0.1159 0.1172 0.1149 0.1124 0.1153 0.1123 0.1096 0.1103 0.1078 0.1051 0.1060 0.1044 0.0989 0.1003 0.0985 0.0983 0.0994 0.0972 0.0977 0.0957 0.0946 0.0941 0.0941 0.0900 0.0868 0.0897 0.0903 0.0866 0.0864 0.0876 0.0867 0.0850 0.0825 0.0821 0.0837 0.0816 0.0811 0.0788 0.0795 0.0790 0.0791 0.0764 0.0780 0.0755 0.0749 0.0749 0.0743 0.0730 0.0724 0.0731 0.0716 0.0714 0.0723]
