train_acc,valid_acc,test_acc,train_loss,valid_loss,train_aug_loss
0.9917455911636353,0.9700620770454407,0.9575635194778442,[2.0915 3.5628 1.1338 1.0911 0.5643 0.5106 0.3628 0.3388 0.3595 0.2314 0.1793 0.2265 0.2637 0.2100 0.2163 0.2391 0.1748 0.2072 0.1842 0.1482 0.1358 0.2152 0.1563 0.1980 0.0966 0.1183 0.1585 0.1370 0.0990 0.0750 0.1001 0.0720 0.0891 0.1391 0.0655 0.0748 0.0904 0.0983 0.1063 0.0592 0.0814 0.1227 0.0659 0.0702 0.0616 0.0930 0.0856 0.0809 0.0754 0.0939 0.0521 0.0970 0.0480 0.0552 0.0895 0.0573 0.0557 0.0460 0.0508 0.0568 0.0443 0.0434 0.0560 0.0496 0.0535 0.0493 0.0390 0.0398 0.0530 0.0390 0.0400 0.0546 0.0624 0.0463 0.0326 0.0340 0.0302 0.0338 0.0292 0.0255 0.0316 0.0336 0.0480 0.0293 0.0339 0.0283 0.0320 0.0373 0.0314 0.0439 0.0294 0.0632 0.0272 0.0381 0.0306 0.0326 0.0362 0.0324 0.0231 0.0296],[2.0858 3.2791 1.0881 1.2971 0.6476 0.6038 0.4325 0.4050 0.4322 0.2709 0.2227 0.2936 0.3130 0.2917 0.2841 0.2942 0.2426 0.2482 0.2330 0.2086 0.1938 0.2991 0.2208 0.2822 0.1671 0.2025 0.2419 0.2234 0.1628 0.1260 0.1818 0.1318 0.1578 0.2294 0.1359 0.1346 0.1602 0.1674 0.1948 0.1286 0.1755 0.2067 0.1422 0.1406 0.1343 0.1688 0.1629 0.1778 0.1612 0.1798 0.1260 0.2047 0.1246 0.1349 0.1967 0.1415 0.1479 0.1282 0.1519 0.1455 0.1201 0.1266 0.1595 0.1346 0.1453 0.1458 0.1222 0.1248 0.1544 0.1219 0.1410 0.1476 0.1636 0.1454 0.1164 0.1153 0.1093 0.1148 0.1190 0.1051 0.1179 0.1222 0.1513 0.1228 0.1367 0.1263 0.1240 0.1476 0.1247 0.1373 0.1292 0.1862 0.1199 0.1486 0.1376 0.1292 0.1381 0.1392 0.1182 0.1258],[2.0843 1.7675 1.2880 0.6590 0.4296 0.3673 0.3240 0.2974 0.2751 0.2578 0.2454 0.2321 0.2244 0.2144 0.2097 0.2004 0.1946 0.1896 0.1869 0.1776 0.1740 0.1685 0.1647 0.1585 0.1570 0.1535 0.1511 0.1464 0.1458 0.1436 0.1385 0.1382 0.1349 0.1307 0.1310 0.1283 0.1256 0.1240 0.1220 0.1189 0.1180 0.1174 0.1137 0.1137 0.1134 0.1100 0.1114 0.1088 0.1072 0.1052 0.1033 0.1027 0.1019 0.0975 0.1005 0.0976 0.0992 0.0934 0.0959 0.0951 0.0910 0.0919 0.0902 0.0865 0.0893 0.0865 0.0878 0.0875 0.0848 0.0858 0.0843 0.0824 0.0828 0.0829 0.0813 0.0808 0.0786 0.0794 0.0781 0.0771 0.0782 0.0759 0.0756 0.0738 0.0713 0.0740 0.0729 0.0701 0.0720 0.0708 0.0719 0.0698 0.0697 0.0693 0.0686 0.0656 0.0676 0.0677 0.0640 0.0666]
