train_acc,valid_acc,test_acc,train_loss,valid_loss,train_aug_loss
0.9834826588630676,0.9653003215789795,0.9621986746788025,[2.4424 2.4583 0.5536 0.2774 0.2773 0.1908 0.2046 0.1552 0.1597 0.1413 0.1288 0.1275 0.1249 0.1093 0.1115 0.1350 0.1337 0.0968 0.1005 0.1021 0.0990 0.1119 0.0925 0.1027 0.1172 0.0872 0.1251 0.1381 0.0858 0.1279 0.0800 0.0856 0.0782 0.0946 0.0723 0.0738 0.0832 0.0840 0.0693 0.0719 0.0660 0.0664 0.0899 0.0646 0.0598 0.0667 0.0692 0.0546 0.0640 0.0701],[2.3834 2.4756 0.6545 0.3170 0.3212 0.2314 0.2563 0.1962 0.2006 0.1718 0.1704 0.1715 0.1783 0.1577 0.1544 0.1639 0.1746 0.1432 0.1505 0.1539 0.1523 0.1584 0.1444 0.1568 0.1945 0.1459 0.1748 0.1942 0.1372 0.1810 0.1378 0.1494 0.1376 0.1495 0.1298 0.1306 0.1430 0.1546 0.1322 0.1371 0.1317 0.1245 0.1532 0.1266 0.1346 0.1326 0.1317 0.1179 0.1212 0.1417],[1.9455 1.7409 0.9481 0.4950 0.4050 0.3609 0.3393 0.3183 0.2935 0.2898 0.2793 0.2636 0.2614 0.2525 0.2468 0.2394 0.2321 0.2272 0.2193 0.2173 0.2115 0.2136 0.2066 0.2074 0.2068 0.1948 0.1923 0.1947 0.1916 0.1874 0.1860 0.1836 0.1817 0.1803 0.1735 0.1791 0.1750 0.1730 0.1677 0.1709 0.1708 0.1656 0.1637 0.1620 0.1646 0.1669 0.1576 0.1593 0.1568 0.1556]
