train_acc,valid_acc,test_acc,train_loss,valid_loss,train_aug_loss
0.9919123649597168,0.9660459756851196,0.9477482438087463,[2.1590 0.4848 0.3038 0.2141 0.1738 0.1515 0.1465 0.1244 0.1489 0.1221 0.1256 0.1024 0.0998 0.0820 0.0871 0.0779 0.0726 0.0855 0.0681 0.0596 0.0699 0.0645 0.0712 0.0681 0.0510 0.0546 0.0611 0.0482 0.0431 0.0496 0.0429 0.0456 0.0451 0.0361 0.0401 0.0353 0.0358 0.0343 0.0356 0.0324 0.0346 0.0447 0.0310 0.0268 0.0327 0.0236 0.0310 0.0268 0.0328 0.0257 0.0270 0.0294 0.0216 0.0209 0.0321 0.0213 0.0222 0.0259 0.0198 0.0178 0.0225 0.0169 0.0155 0.0177 0.0158 0.0153 0.0160 0.0137 0.0175 0.0144 0.0168 0.0165 0.0133 0.0130 0.0120 0.0136 0.0115 0.0107 0.0128 0.0111 0.0099 0.0102 0.0108 0.0084 0.0087 0.0106 0.0090 0.0096 0.0076 0.0095 0.0085 0.0115 0.0094 0.0096 0.0093 0.0065 0.0074 0.0072 0.0084 0.0060],[2.1533 0.6199 0.3714 0.2729 0.2279 0.2136 0.2137 0.1765 0.2255 0.1961 0.2041 0.1777 0.1778 0.1492 0.1648 0.1422 0.1432 0.1716 0.1341 0.1273 0.1454 0.1460 0.1468 0.1556 0.1324 0.1385 0.1583 0.1365 0.1250 0.1456 0.1320 0.1348 0.1378 0.1162 0.1285 0.1284 0.1271 0.1367 0.1308 0.1292 0.1347 0.1604 0.1311 0.1202 0.1330 0.1151 0.1407 0.1277 0.1390 0.1295 0.1280 0.1437 0.1199 0.1346 0.1698 0.1261 0.1325 0.1372 0.1294 0.1359 0.1482 0.1304 0.1322 0.1454 0.1379 0.1383 0.1405 0.1350 0.1385 0.1329 0.1484 0.1482 0.1409 0.1379 0.1427 0.1320 0.1312 0.1401 0.1418 0.1383 0.1287 0.1417 0.1279 0.1251 0.1412 0.1336 0.1372 0.1305 0.1341 0.1522 0.1373 0.1559 0.1476 0.1390 0.1411 0.1528 0.1415 0.1397 0.1520 0.1469],[1.8803 0.8445 0.4615 0.3703 0.3182 0.2910 0.2657 0.2494 0.2347 0.2200 0.2116 0.1995 0.1916 0.1830 0.1758 0.1693 0.1628 0.1605 0.1539 0.1474 0.1453 0.1444 0.1380 0.1348 0.1318 0.1276 0.1266 0.1243 0.1196 0.1197 0.1129 0.1113 0.1096 0.1066 0.1090 0.1052 0.1017 0.1015 0.0976 0.0978 0.0956 0.0937 0.0909 0.0904 0.0889 0.0869 0.0838 0.0855 0.0827 0.0822 0.0792 0.0782 0.0804 0.0764 0.0764 0.0749 0.0748 0.0722 0.0723 0.0721 0.0718 0.0688 0.0684 0.0677 0.0673 0.0654 0.0643 0.0651 0.0629 0.0634 0.0617 0.0617 0.0606 0.0592 0.0583 0.0587 0.0585 0.0565 0.0553 0.0569 0.0552 0.0554 0.0525 0.0525 0.0522 0.0528 0.0524 0.0514 0.0514 0.0500 0.0508 0.0492 0.0474 0.0493 0.0457 0.0472 0.0467 0.0469 0.0446 0.0464]
