train_acc,valid_acc,test_acc,train_loss,valid_loss,train_aug_loss
0.9833457469940186,0.9659090638160706,0.959094226360321,[2.2496 1.6188 0.4414 0.2089 0.1787 0.1733 0.1564 0.1548 0.1633 0.1253 0.1259 0.1165 0.1206 0.1182 0.1020 0.1013 0.1060 0.0990 0.0990 0.1087 0.0889 0.0930 0.0914 0.0950 0.0882 0.0903 0.0798 0.0789 0.0771 0.0741 0.0705 0.0823 0.0714 0.0707 0.0639 0.0679 0.0651 0.0730 0.0606 0.0657 0.0628 0.0614 0.0691 0.0630 0.0527 0.0548 0.0605 0.0602 0.0638 0.0543],[2.1997 1.4432 0.4320 0.2256 0.2021 0.2108 0.1988 0.1816 0.2200 0.1599 0.1678 0.1597 0.1557 0.1526 0.1400 0.1492 0.1549 0.1455 0.1467 0.1488 0.1319 0.1378 0.1417 0.1357 0.1457 0.1444 0.1303 0.1332 0.1363 0.1267 0.1298 0.1447 0.1363 0.1300 0.1275 0.1288 0.1199 0.1468 0.1164 0.1260 0.1375 0.1255 0.1392 0.1247 0.1160 0.1166 0.1297 0.1279 0.1278 0.1307],[1.9579 1.4650 0.5722 0.4191 0.3696 0.3334 0.3194 0.3003 0.2890 0.2746 0.2661 0.2599 0.2504 0.2448 0.2419 0.2329 0.2304 0.2273 0.2187 0.2146 0.2132 0.2095 0.2061 0.2006 0.1983 0.1967 0.1951 0.1928 0.1940 0.1893 0.1830 0.1842 0.1816 0.1778 0.1752 0.1778 0.1707 0.1726 0.1720 0.1714 0.1678 0.1704 0.1668 0.1629 0.1590 0.1619 0.1624 0.1602 0.1589 0.1558]
