train_acc,valid_acc,test_acc,train_loss,valid_loss,train_aug_loss
0.9792481660842896,0.9677354097366333,0.9611030220985413,[2.8606 0.3695 0.2483 0.2039 0.1739 0.1930 0.2883 0.1512 0.1642 0.1300 0.1232 0.1667 0.1391 0.1525 0.1310 0.1364 0.0979 0.1134 0.1251 0.1175 0.1043 0.1002 0.1033 0.1049 0.1039 0.1079 0.0991 0.0886 0.0814 0.1065 0.0691 0.1147 0.0728 0.0924 0.1197 0.0704 0.0877 0.0734 0.1110 0.0739 0.0894 0.0702 0.1015 0.0782 0.0947 0.1092 0.0930 0.0632 0.0579 0.1000],[2.9259 0.3687 0.2640 0.2244 0.1918 0.2092 0.2809 0.1817 0.1782 0.1638 0.1551 0.2075 0.1691 0.1856 0.1632 0.1719 0.1364 0.1515 0.1549 0.1639 0.1366 0.1410 0.1465 0.1457 0.1496 0.1554 0.1444 0.1372 0.1262 0.1473 0.1110 0.1521 0.1189 0.1397 0.1648 0.1196 0.1341 0.1273 0.1638 0.1313 0.1410 0.1202 0.1564 0.1349 0.1454 0.1588 0.1487 0.1162 0.1143 0.1625],[1.7268 0.8304 0.5282 0.4453 0.3951 0.3670 0.3469 0.3357 0.3169 0.2994 0.2922 0.2849 0.2811 0.2732 0.2689 0.2595 0.2534 0.2503 0.2488 0.2418 0.2358 0.2338 0.2294 0.2292 0.2212 0.2207 0.2179 0.2134 0.2134 0.2104 0.2076 0.2053 0.2048 0.2023 0.2013 0.1974 0.1987 0.1938 0.1914 0.1922 0.1888 0.1859 0.1864 0.1841 0.1819 0.1831 0.1795 0.1784 0.1803 0.1751]
