train_acc,valid_acc,test_acc,train_loss,valid_loss,train_aug_loss
0.983169674873352,0.9689528942108154,0.9632943868637085,[2.2494 0.4101 0.2606 0.2151 0.1867 0.1894 0.1594 0.1455 0.1482 0.1302 0.1359 0.1286 0.1157 0.1264 0.1152 0.0960 0.0976 0.0844 0.1063 0.1018 0.0947 0.0941 0.0841 0.0931 0.0955 0.0750 0.0824 0.0838 0.0801 0.0829 0.0662 0.0789 0.0650 0.0819 0.0654 0.0705 0.0637 0.0743 0.0745 0.0574 0.0613 0.0578 0.0582 0.0633 0.0666 0.0542 0.0503 0.0516 0.0504 0.0516],[2.2147 0.4370 0.2765 0.2411 0.2043 0.2015 0.1864 0.1633 0.1552 0.1462 0.1685 0.1407 0.1272 0.1540 0.1399 0.1229 0.1229 0.1228 0.1479 0.1373 0.1285 0.1300 0.1254 0.1297 0.1376 0.1226 0.1239 0.1329 0.1279 0.1280 0.1197 0.1247 0.1183 0.1341 0.1193 0.1159 0.1165 0.1278 0.1342 0.1191 0.1271 0.1157 0.1270 0.1312 0.1263 0.1184 0.1099 0.1108 0.1174 0.1154],[1.9642 1.0741 0.4790 0.3864 0.3437 0.3168 0.2979 0.2806 0.2638 0.2538 0.2451 0.2353 0.2308 0.2208 0.2197 0.2108 0.2092 0.2006 0.1995 0.1929 0.1903 0.1876 0.1837 0.1784 0.1752 0.1745 0.1711 0.1672 0.1655 0.1628 0.1608 0.1565 0.1593 0.1555 0.1500 0.1486 0.1507 0.1455 0.1454 0.1418 0.1414 0.1403 0.1379 0.1374 0.1372 0.1350 0.1338 0.1298 0.1316 0.1278]
