train_acc,valid_acc,test_acc,train_loss,valid_loss,train_aug_loss
0.9848517179489136,0.9673295617103577,0.9654857516288757,[2.3281 0.4010 0.2436 0.1896 0.2198 0.1697 0.1407 0.1700 0.1100 0.1058 0.0997 0.1209 0.1057 0.0907 0.1024 0.0862 0.0725 0.1077 0.1031 0.0713 0.1084 0.1146 0.0770 0.1073 0.1545 0.0846 0.1135 0.2174 0.0909 0.1480 0.0883 0.0838 0.1117 0.0872 0.0767 0.0561 0.0587 0.0815 0.0476 0.1431 0.0426 0.0670 0.1066 0.0466 0.0690 0.0584 0.0545 0.0451 0.0952 0.0352],[2.3357 0.3658 0.2660 0.2169 0.2421 0.2148 0.1856 0.2111 0.1536 0.1645 0.1551 0.1868 0.1665 0.1401 0.1654 0.1539 0.1380 0.1675 0.1648 0.1416 0.1851 0.1727 0.1513 0.1770 0.2347 0.1622 0.1921 0.3038 0.1637 0.2443 0.1795 0.1750 0.2209 0.1869 0.1616 0.1383 0.1560 0.1724 0.1445 0.2451 0.1255 0.1634 0.2127 0.1457 0.1688 0.1654 0.1486 0.1486 0.2236 0.1384],[1.7717 0.5752 0.3796 0.3204 0.2849 0.2615 0.2469 0.2343 0.2242 0.2125 0.2039 0.1990 0.1903 0.1890 0.1811 0.1800 0.1721 0.1671 0.1622 0.1629 0.1608 0.1546 0.1478 0.1463 0.1474 0.1438 0.1364 0.1382 0.1385 0.1349 0.1323 0.1319 0.1265 0.1255 0.1251 0.1200 0.1177 0.1198 0.1154 0.1160 0.1129 0.1140 0.1140 0.1139 0.1063 0.1068 0.1073 0.1075 0.1032 0.1029]
