train_acc,valid_acc,test_acc,train_loss,valid_loss,train_aug_loss
0.9749159216880798,0.9579951167106628,0.9547114968299866,[3.2548 0.2808 0.2680 0.2457 0.2481 0.2494 0.1650 0.1526 0.1251 0.1723 0.2424 0.1450 0.0806 0.1281 0.1254 0.1144 0.0905 0.1537 0.1323 0.1059 0.1526 0.1132 0.0793 0.0741 0.1016 0.1081 0.0906 0.0721 0.1025 0.1227 0.0581 0.0633 0.0494 0.0595 0.0431 0.0689 0.0477 0.1064 0.0644 0.1216 0.0476 0.0798 0.0615 0.0400 0.0850 0.0682 0.0578 0.0313 0.0795 0.0468],[2.7340 0.3349 0.2844 0.2871 0.2691 0.2978 0.2061 0.2110 0.1761 0.2305 0.3164 0.2196 0.1464 0.2022 0.2060 0.1831 0.1771 0.2285 0.2238 0.1976 0.2517 0.2085 0.1532 0.1781 0.2193 0.2081 0.1901 0.1631 0.2118 0.2286 0.1564 0.1750 0.1493 0.1662 0.1571 0.1736 0.1548 0.2322 0.1751 0.2461 0.1744 0.2190 0.1756 0.1622 0.2058 0.1858 0.1880 0.1469 0.2295 0.1584],[1.6305 0.4977 0.3571 0.3076 0.2792 0.2570 0.2387 0.2269 0.2159 0.2125 0.1998 0.1919 0.1882 0.1843 0.1755 0.1708 0.1703 0.1666 0.1604 0.1566 0.1515 0.1488 0.1451 0.1435 0.1429 0.1391 0.1364 0.1345 0.1322 0.1278 0.1287 0.1244 0.1242 0.1235 0.1224 0.1173 0.1193 0.1152 0.1163 0.1138 0.1084 0.1122 0.1125 0.1107 0.1077 0.1072 0.1031 0.1060 0.1025 0.1012]
