train_acc,valid_acc,test_acc,train_loss,valid_loss,train_aug_loss
0.9812138080596924,0.9612419009208679,0.9634770154953003,[1.9982 4.5860 2.1494 0.6164 0.4939 0.3085 0.3136 0.2705 0.2454 0.2259 0.2012 0.2094 0.2145 0.1995 0.1521 0.1477 0.1482 0.1538 0.1495 0.1264 0.1153 0.1194 0.1270 0.1355 0.1071 0.0995 0.1012 0.1045 0.1141 0.1006 0.0966 0.0892 0.0998 0.0832 0.0875 0.0724 0.0837 0.0730 0.0619 0.0902 0.0786 0.0544 0.0658 0.0772 0.0639 0.0576 0.0646 0.0630 0.0629 0.0582 0.0623 0.0483 0.0450 0.0549 0.0530 0.0482 0.0548 0.0623 0.0490 0.0587 0.0470 0.0499 0.0466 0.0565 0.0369 0.0458 0.0470 0.0402 0.0445 0.0409 0.0466 0.0408 0.0397 0.0392 0.0412 0.0469 0.0345 0.0399 0.0376 0.0378 0.0414 0.0324 0.0355 0.0295 0.0314 0.0310 0.0340 0.0280 0.0331 0.0378 0.0315 0.0345 0.0443 0.0295 0.0297 0.0283 0.0392 0.0365 0.0282 0.0366],[2.0007 4.2542 2.1963 0.6624 0.5020 0.3356 0.3246 0.2787 0.2797 0.2546 0.2302 0.2319 0.2557 0.2260 0.2027 0.1925 0.1958 0.1969 0.1960 0.1825 0.1730 0.1776 0.2025 0.1970 0.1810 0.1694 0.1720 0.1751 0.2037 0.1803 0.1687 0.1652 0.1775 0.1599 0.1684 0.1576 0.1737 0.1541 0.1462 0.1722 0.1623 0.1392 0.1587 0.1719 0.1574 0.1444 0.1601 0.1530 0.1573 0.1519 0.1630 0.1456 0.1425 0.1548 0.1538 0.1486 0.1632 0.1698 0.1461 0.1664 0.1530 0.1634 0.1515 0.1690 0.1434 0.1454 0.1548 0.1522 0.1580 0.1538 0.1552 0.1538 0.1573 0.1549 0.1593 0.1692 0.1489 0.1584 0.1612 0.1580 0.1706 0.1502 0.1608 0.1553 0.1506 0.1619 0.1654 0.1506 0.1637 0.1749 0.1623 0.1548 0.1787 0.1562 0.1663 0.1673 0.1990 0.1721 0.1701 0.1786],[2.0803 1.8367 1.5458 0.8009 0.5249 0.4340 0.3856 0.3478 0.3227 0.3038 0.2805 0.2707 0.2608 0.2505 0.2400 0.2291 0.2217 0.2152 0.2058 0.2027 0.1978 0.1936 0.1845 0.1837 0.1774 0.1728 0.1685 0.1643 0.1637 0.1602 0.1563 0.1549 0.1500 0.1472 0.1483 0.1442 0.1406 0.1369 0.1369 0.1322 0.1346 0.1319 0.1290 0.1272 0.1255 0.1230 0.1218 0.1201 0.1189 0.1166 0.1174 0.1141 0.1124 0.1118 0.1110 0.1083 0.1077 0.1043 0.1032 0.1041 0.1022 0.1002 0.1008 0.0997 0.0999 0.0974 0.0937 0.0962 0.0945 0.0908 0.0926 0.0902 0.0913 0.0899 0.0880 0.0879 0.0866 0.0876 0.0856 0.0866 0.0837 0.0820 0.0836 0.0817 0.0809 0.0820 0.0789 0.0774 0.0764 0.0772 0.0783 0.0763 0.0755 0.0768 0.0742 0.0724 0.0737 0.0738 0.0736 0.0726]
