train_acc,valid_acc,test_acc,train_loss,valid_loss,train_aug_loss
0.9863577485084534,0.9586039185523987,0.9689554572105408,[2.6284 4.0102 5.6193 0.7986 0.4509 0.4006 0.3242 0.2468 0.2542 0.2167 0.2204 0.2037 0.1729 0.1750 0.1814 0.1550 0.1569 0.1497 0.1400 0.1263 0.1234 0.1344 0.1142 0.1148 0.1329 0.1190 0.1184 0.1012 0.0972 0.0957 0.0894 0.0946 0.0950 0.0876 0.0992 0.0714 0.0788 0.1015 0.0788 0.0856 0.0787 0.0748 0.0830 0.0766 0.0762 0.0672 0.0696 0.0661 0.0698 0.0593 0.0611 0.0626 0.0610 0.0594 0.0551 0.0473 0.0568 0.0557 0.0539 0.0535 0.0511 0.0451 0.0575 0.0557 0.0526 0.0552 0.0477 0.0387 0.0416 0.0444 0.0545 0.0381 0.0395 0.0368 0.0384 0.0378 0.0443 0.0441 0.0418 0.0365 0.0493 0.0383 0.0429 0.0429 0.0497 0.0391 0.0376 0.0499 0.0307 0.0289 0.0251 0.0279 0.0320 0.0233 0.0283 0.0293 0.0347 0.0349 0.0395 0.0238],[2.6231 3.7074 5.1398 0.8243 0.4996 0.4410 0.3883 0.2890 0.2797 0.2498 0.2627 0.2398 0.2097 0.2129 0.2186 0.1933 0.2010 0.2010 0.1934 0.1757 0.1793 0.1810 0.1712 0.1771 0.2008 0.1809 0.1808 0.1744 0.1668 0.1630 0.1671 0.1599 0.1648 0.1614 0.1770 0.1490 0.1550 0.1826 0.1497 0.1639 0.1615 0.1588 0.1575 0.1563 0.1764 0.1524 0.1470 0.1556 0.1585 0.1446 0.1457 0.1493 0.1546 0.1490 0.1472 0.1420 0.1534 0.1483 0.1499 0.1509 0.1484 0.1495 0.1607 0.1529 0.1617 0.1623 0.1521 0.1410 0.1515 0.1576 0.1652 0.1452 0.1488 0.1605 0.1529 0.1516 0.1561 0.1634 0.1590 0.1452 0.1636 0.1591 0.1555 0.1625 0.1788 0.1648 0.1614 0.1768 0.1539 0.1486 0.1521 0.1533 0.1699 0.1445 0.1522 0.1578 0.1712 0.1678 0.1803 0.1560],[2.0556 1.8194 1.6041 0.8474 0.5436 0.4490 0.3958 0.3610 0.3309 0.3139 0.2977 0.2781 0.2696 0.2524 0.2490 0.2366 0.2291 0.2234 0.2136 0.2085 0.2012 0.1958 0.1917 0.1848 0.1822 0.1793 0.1746 0.1704 0.1685 0.1639 0.1603 0.1551 0.1582 0.1533 0.1480 0.1486 0.1456 0.1416 0.1386 0.1371 0.1344 0.1327 0.1325 0.1312 0.1282 0.1274 0.1228 0.1229 0.1192 0.1223 0.1188 0.1179 0.1133 0.1137 0.1105 0.1111 0.1076 0.1098 0.1058 0.1038 0.1029 0.1037 0.1042 0.1023 0.0986 0.0984 0.0963 0.0961 0.0959 0.0970 0.0938 0.0938 0.0949 0.0895 0.0917 0.0909 0.0899 0.0862 0.0888 0.0860 0.0868 0.0852 0.0845 0.0840 0.0856 0.0820 0.0838 0.0806 0.0810 0.0790 0.0767 0.0783 0.0779 0.0762 0.0765 0.0767 0.0749 0.0742 0.0746 0.0753]
