train_acc,valid_acc,test_acc,train_loss,valid_loss,train_aug_loss
0.9829350113868713,0.9596185088157654,0.9594594836235046,[2.3096 0.6578 0.2608 0.2597 0.1724 0.1815 0.2258 0.1773 0.1286 0.1410 0.1483 0.1399 0.1578 0.1521 0.1525 0.1723 0.1094 0.0977 0.1260 0.1157 0.1032 0.0897 0.1025 0.0796 0.1037 0.1291 0.1111 0.1234 0.0748 0.0855 0.0773 0.0897 0.0840 0.0724 0.0790 0.0814 0.0847 0.0690 0.0749 0.0682 0.0656 0.0830 0.0912 0.0620 0.0830 0.0796 0.0675 0.0978 0.0577 0.0575],[2.2742 0.6745 0.3018 0.2930 0.2036 0.2215 0.2627 0.2286 0.1758 0.1914 0.1933 0.1937 0.2140 0.2095 0.2155 0.2408 0.1701 0.1712 0.1932 0.1944 0.1782 0.1596 0.1667 0.1473 0.1795 0.2072 0.1837 0.1939 0.1448 0.1589 0.1509 0.1622 0.1640 0.1468 0.1614 0.1592 0.1724 0.1459 0.1586 0.1480 0.1490 0.1636 0.1806 0.1462 0.1592 0.1620 0.1448 0.1901 0.1337 0.1436],[1.7777 0.8445 0.5504 0.4608 0.4108 0.3770 0.3549 0.3367 0.3283 0.3108 0.3008 0.2938 0.2886 0.2775 0.2711 0.2639 0.2579 0.2563 0.2493 0.2467 0.2403 0.2384 0.2362 0.2316 0.2284 0.2250 0.2221 0.2230 0.2214 0.2132 0.2129 0.2124 0.2084 0.2071 0.1997 0.1963 0.1969 0.1964 0.1910 0.1941 0.1914 0.1904 0.1874 0.1865 0.1867 0.1876 0.1811 0.1793 0.1784 0.1761]
