train_acc,valid_acc,test_acc,train_loss,valid_loss,train_aug_loss
0.9779768586158752,0.9638798832893372,0.9645726680755615,[2.7230 0.6176 0.2504 0.2085 0.2226 0.1812 0.1636 0.1410 0.1649 0.1351 0.1259 0.1265 0.1345 0.1278 0.1093 0.1082 0.1039 0.1224 0.1063 0.1192 0.0854 0.0967 0.0982 0.0886 0.0877 0.0947 0.0761 0.0696 0.0780 0.0669 0.0795 0.0781 0.0975 0.0711 0.0727 0.0747 0.0861 0.0974 0.0779 0.0613 0.0743 0.0663 0.0754 0.0604 0.0626 0.0641 0.0578 0.0584 0.0620 0.0596],[2.6287 0.7127 0.2686 0.2313 0.2744 0.2192 0.1998 0.1793 0.2028 0.1759 0.1645 0.1772 0.1848 0.1785 0.1584 0.1546 0.1525 0.1800 0.1633 0.1692 0.1453 0.1569 0.1590 0.1422 0.1468 0.1613 0.1333 0.1296 0.1459 0.1305 0.1474 0.1455 0.1683 0.1414 0.1463 0.1516 0.1647 0.1787 0.1554 0.1400 0.1542 0.1426 0.1555 0.1372 0.1373 0.1401 0.1381 0.1421 0.1412 0.1398],[1.9517 1.2101 0.5132 0.3946 0.3472 0.3182 0.2945 0.2792 0.2643 0.2520 0.2434 0.2348 0.2256 0.2222 0.2155 0.2101 0.2052 0.2020 0.1985 0.1924 0.1880 0.1879 0.1799 0.1790 0.1770 0.1726 0.1698 0.1658 0.1658 0.1626 0.1618 0.1613 0.1560 0.1567 0.1501 0.1508 0.1470 0.1480 0.1456 0.1429 0.1435 0.1395 0.1383 0.1378 0.1359 0.1353 0.1333 0.1344 0.1297 0.1285]
