train_acc,valid_acc,test_acc,train_loss,valid_loss,train_aug_loss
0.9834924340248108,0.9681412577629089,0.9623813033103943,[5.4903 0.2988 0.2348 0.2311 0.1540 0.1415 0.1919 0.2241 0.1294 0.1884 0.1326 0.1476 0.0929 0.0860 0.0715 0.0694 0.0801 0.0660 0.0687 0.0753 0.1058 0.0852 0.0975 0.1082 0.0921 0.0675 0.0494 0.0799 0.0685 0.0840 0.0704 0.0858 0.0403 0.0394 0.0731 0.1182 0.0649 0.0585 0.0419 0.0897 0.1118 0.0512 0.0488 0.0405 0.0688 0.0269 0.0377 0.0681 0.0815 0.0352],[5.0155 0.3151 0.2569 0.2536 0.1818 0.1817 0.2305 0.2780 0.1747 0.1985 0.1770 0.1901 0.1332 0.1362 0.1213 0.1246 0.1266 0.1204 0.1350 0.1275 0.1778 0.1466 0.1624 0.1752 0.1556 0.1319 0.1121 0.1551 0.1463 0.1498 0.1532 0.1706 0.1230 0.1200 0.1681 0.2262 0.1607 0.1503 0.1366 0.1922 0.2057 0.1502 0.1534 0.1303 0.1760 0.1168 0.1439 0.1851 0.2141 0.1399],[1.7612 0.5712 0.3753 0.3182 0.2822 0.2615 0.2459 0.2306 0.2239 0.2131 0.2033 0.1940 0.1916 0.1897 0.1790 0.1757 0.1710 0.1668 0.1636 0.1586 0.1576 0.1536 0.1502 0.1468 0.1441 0.1420 0.1397 0.1379 0.1325 0.1347 0.1323 0.1296 0.1239 0.1254 0.1232 0.1233 0.1180 0.1229 0.1132 0.1155 0.1148 0.1133 0.1092 0.1100 0.1087 0.1087 0.1062 0.1056 0.1031 0.1036]
