train_acc,valid_acc,test_acc,train_loss,valid_loss,train_aug_loss
0.981194257736206,0.963676929473877,0.9611030220985413,[2.5519 0.3846 0.3059 0.2469 0.2050 0.2203 0.1724 0.1978 0.1657 0.1588 0.1449 0.1348 0.1441 0.1601 0.1409 0.0992 0.1211 0.1187 0.1257 0.1217 0.1016 0.0947 0.0870 0.1056 0.0944 0.0798 0.1110 0.1039 0.1032 0.0820 0.0823 0.1126 0.0966 0.0864 0.0667 0.0946 0.0981 0.0901 0.0676 0.0614 0.0737 0.0919 0.0647 0.0770 0.1069 0.0750 0.0788 0.0615 0.1175 0.0782],[2.6956 0.3793 0.2873 0.2435 0.2003 0.2433 0.1991 0.2139 0.1900 0.1779 0.1777 0.1751 0.1785 0.1932 0.1735 0.1423 0.1536 0.1632 0.1709 0.1645 0.1495 0.1414 0.1394 0.1546 0.1409 0.1283 0.1564 0.1554 0.1536 0.1304 0.1317 0.1618 0.1478 0.1392 0.1256 0.1569 0.1535 0.1481 0.1305 0.1234 0.1346 0.1507 0.1263 0.1388 0.1687 0.1400 0.1412 0.1183 0.1851 0.1473],[1.7484 0.8605 0.5421 0.4633 0.4126 0.3788 0.3575 0.3383 0.3213 0.3129 0.3033 0.2948 0.2838 0.2759 0.2675 0.2660 0.2602 0.2569 0.2511 0.2458 0.2435 0.2376 0.2334 0.2308 0.2307 0.2285 0.2230 0.2210 0.2164 0.2161 0.2114 0.2104 0.2081 0.2031 0.2043 0.2018 0.2015 0.1970 0.1955 0.1957 0.1934 0.1928 0.1867 0.1881 0.1876 0.1799 0.1858 0.1826 0.1811 0.1788]
