train_acc,valid_acc,test_acc,train_loss,valid_loss,train_aug_loss
0.9841965436935425,0.966923713684082,0.9605551362037659,[2.7648 1.1849 0.2661 0.2241 0.2106 0.2757 0.1433 0.1672 0.1748 0.1450 0.1112 0.1414 0.1002 0.1145 0.1630 0.1260 0.1165 0.1045 0.1098 0.0995 0.0964 0.0995 0.1026 0.1046 0.0924 0.0826 0.0838 0.0870 0.0762 0.0768 0.0941 0.0943 0.0875 0.0774 0.0794 0.0856 0.0930 0.0715 0.1093 0.0776 0.0853 0.0858 0.0717 0.0924 0.0529 0.0746 0.0596 0.0614 0.0635 0.0482],[2.7124 1.0865 0.2905 0.2411 0.2254 0.2917 0.1893 0.1953 0.2122 0.1840 0.1653 0.1877 0.1488 0.1650 0.2139 0.1812 0.1756 0.1607 0.1651 0.1552 0.1539 0.1709 0.1690 0.1691 0.1590 0.1575 0.1546 0.1532 0.1402 0.1448 0.1673 0.1622 0.1535 0.1403 0.1482 0.1634 0.1657 0.1522 0.1802 0.1559 0.1631 0.1608 0.1490 0.1806 0.1295 0.1562 0.1413 0.1403 0.1472 0.1185],[1.8809 1.0250 0.5863 0.4648 0.4060 0.3754 0.3417 0.3223 0.3116 0.2956 0.2844 0.2824 0.2671 0.2611 0.2500 0.2486 0.2414 0.2374 0.2318 0.2297 0.2235 0.2203 0.2192 0.2178 0.2089 0.2093 0.2019 0.2035 0.1979 0.1978 0.1947 0.1908 0.1914 0.1877 0.1891 0.1842 0.1821 0.1778 0.1747 0.1811 0.1776 0.1726 0.1699 0.1685 0.1699 0.1696 0.1674 0.1642 0.1643 0.1632]
