train_acc,valid_acc,test_acc,train_loss,valid_loss,train_aug_loss
0.9840748310089111,0.9620299339294434,0.9451501369476318,[2.4438 3.2391 0.5077 0.2688 0.1811 0.1670 0.1509 0.1610 0.1316 0.1380 0.1385 0.0983 0.1729 0.1003 0.1155 0.1063 0.0932 0.1409 0.0727 0.0790 0.0774 0.0821 0.0641 0.0733 0.0669 0.0963 0.0689 0.0554 0.0495 0.0639 0.0624 0.0588 0.0558 0.0560 0.0448 0.0470 0.0666 0.0398 0.0790 0.0495 0.0456 0.0513 0.0515 0.0429 0.0487 0.0568 0.0422 0.0418 0.0389 0.0305 0.0623 0.0346 0.0342 0.0363 0.0312 0.0371 0.0331 0.0291 0.0332 0.0320 0.0298 0.0312 0.0618 0.0342 0.0427 0.0372 0.0344 0.0264 0.0303 0.0221 0.0295 0.1032 0.0342 0.0299 0.0223 0.0282 0.0247 0.0278 0.0298 0.0319 0.0179 0.0211 0.0209 0.0367 0.0288 0.0171 0.0246 0.0199 0.0186 0.0223 0.0260 0.0267 0.0196 0.0232 0.0225 0.0150 0.0150 0.0247 0.0186 0.0182],[2.3328 3.0449 0.5798 0.3071 0.2142 0.2079 0.2010 0.2343 0.1871 0.1926 0.1993 0.1502 0.2245 0.1659 0.1903 0.1711 0.1698 0.2209 0.1449 0.1613 0.1605 0.1763 0.1353 0.1597 0.1501 0.1914 0.1656 0.1334 0.1310 0.1708 0.1668 0.1560 0.1368 0.1442 0.1338 0.1357 0.1693 0.1357 0.1995 0.1549 0.1456 0.1549 0.1699 0.1572 0.1680 0.1896 0.1686 0.1510 0.1560 0.1330 0.1970 0.1351 0.1510 0.1650 0.1428 0.1552 0.1608 0.1458 0.1479 0.1499 0.1489 0.1532 0.2114 0.1636 0.1926 0.1776 0.1825 0.1575 0.1683 0.1439 0.1651 0.3151 0.1880 0.1712 0.1621 0.1804 0.1537 0.1645 0.2029 0.1876 0.1542 0.1516 0.1607 0.2112 0.1837 0.1456 0.1891 0.1720 0.1677 0.1767 0.1773 0.1982 0.1680 0.1925 0.1944 0.1472 0.1572 0.1914 0.1718 0.1824],[2.0087 1.5621 0.6584 0.3978 0.3329 0.2967 0.2757 0.2553 0.2394 0.2309 0.2167 0.2113 0.1987 0.1948 0.1874 0.1827 0.1807 0.1746 0.1678 0.1634 0.1613 0.1570 0.1523 0.1501 0.1449 0.1452 0.1418 0.1346 0.1363 0.1335 0.1301 0.1269 0.1261 0.1234 0.1216 0.1229 0.1174 0.1171 0.1163 0.1142 0.1122 0.1109 0.1080 0.1081 0.1077 0.1065 0.1052 0.1007 0.1012 0.1014 0.0982 0.0984 0.0971 0.0959 0.0957 0.0905 0.0918 0.0915 0.0914 0.0894 0.0914 0.0873 0.0881 0.0875 0.0871 0.0846 0.0839 0.0838 0.0811 0.0801 0.0818 0.0814 0.0821 0.0777 0.0799 0.0755 0.0772 0.0771 0.0759 0.0742 0.0729 0.0734 0.0737 0.0710 0.0732 0.0709 0.0703 0.0699 0.0692 0.0680 0.0698 0.0673 0.0681 0.0659 0.0654 0.0651 0.0655 0.0657 0.0643 0.0637]
