train_acc,valid_acc,test_acc,train_loss,valid_loss,train_aug_loss
0.9848321676254272,0.9626623392105103,0.9614682197570801,[1.9739 0.8140 0.3352 0.2300 0.2308 0.1920 0.1987 0.1675 0.1744 0.1394 0.1414 0.1447 0.1767 0.1176 0.1263 0.1347 0.1428 0.1134 0.1322 0.1494 0.1114 0.0928 0.0899 0.0830 0.1385 0.1078 0.0829 0.0845 0.0762 0.0779 0.1069 0.0777 0.0814 0.0798 0.0818 0.0894 0.0838 0.0789 0.0839 0.0730 0.0751 0.0675 0.0894 0.0811 0.0651 0.0660 0.0507 0.0766 0.0844 0.0593],[1.9574 0.7612 0.3834 0.2430 0.2547 0.2354 0.2364 0.2024 0.2200 0.1930 0.1811 0.1978 0.2191 0.1707 0.1895 0.1849 0.2047 0.1711 0.1934 0.2036 0.1745 0.1586 0.1516 0.1390 0.2009 0.1708 0.1506 0.1522 0.1445 0.1459 0.1804 0.1401 0.1443 0.1396 0.1529 0.1606 0.1567 0.1455 0.1568 0.1454 0.1467 0.1394 0.1693 0.1592 0.1354 0.1395 0.1247 0.1481 0.1605 0.1347],[1.7814 0.9290 0.5764 0.4714 0.4213 0.3846 0.3621 0.3416 0.3218 0.3127 0.3047 0.2933 0.2839 0.2775 0.2713 0.2626 0.2590 0.2545 0.2541 0.2495 0.2413 0.2347 0.2336 0.2294 0.2293 0.2258 0.2265 0.2187 0.2122 0.2116 0.2124 0.2080 0.2078 0.2052 0.1988 0.2004 0.1979 0.1947 0.1915 0.1915 0.1889 0.1896 0.1866 0.1858 0.1838 0.1834 0.1771 0.1784 0.1805 0.1797]
