train_acc,valid_acc,test_acc,train_loss,valid_loss,train_aug_loss
0.981986403465271,0.9661120176315308,0.9609203934669495,[1.9995 1.4974 0.3148 0.2307 0.2138 0.1950 0.1664 0.1803 0.1559 0.1612 0.1472 0.1236 0.1379 0.1449 0.1209 0.1207 0.1165 0.1175 0.1184 0.1005 0.1188 0.1206 0.1054 0.1029 0.1032 0.0933 0.0924 0.1026 0.0864 0.0777 0.0738 0.0776 0.0819 0.0992 0.0974 0.0842 0.0935 0.0714 0.0780 0.0708 0.0840 0.0761 0.0899 0.0785 0.0783 0.0769 0.0646 0.0570 0.0694 0.0878],[1.9737 1.3422 0.3611 0.2593 0.2537 0.2067 0.1856 0.2501 0.1734 0.1723 0.1669 0.1499 0.1638 0.1626 0.1482 0.1344 0.1477 0.1586 0.1580 0.1346 0.1484 0.1656 0.1371 0.1376 0.1347 0.1238 0.1252 0.1268 0.1187 0.1252 0.1201 0.1193 0.1223 0.1387 0.1459 0.1326 0.1369 0.1261 0.1307 0.1147 0.1236 0.1253 0.1408 0.1390 0.1318 0.1273 0.1128 0.1071 0.1210 0.1389],[1.9433 1.4734 0.5918 0.4190 0.3694 0.3398 0.3184 0.2970 0.2873 0.2762 0.2659 0.2581 0.2561 0.2429 0.2396 0.2336 0.2274 0.2228 0.2172 0.2148 0.2123 0.2016 0.2037 0.2043 0.2025 0.1964 0.1932 0.1959 0.1870 0.1870 0.1803 0.1839 0.1822 0.1785 0.1789 0.1750 0.1720 0.1723 0.1679 0.1700 0.1682 0.1657 0.1662 0.1616 0.1636 0.1588 0.1592 0.1573 0.1556 0.1535]
