train_acc,valid_acc,test_acc,train_loss,valid_loss,train_aug_loss
0.9754244089126587,0.9606330990791321,0.9536157846450806,[2.2984 0.7274 0.3886 0.2540 0.2372 0.2011 0.1661 0.1705 0.1460 0.1615 0.1439 0.1384 0.1254 0.1395 0.1191 0.1308 0.1231 0.0988 0.0783 0.1020 0.0788 0.0823 0.0969 0.0934 0.0977 0.0803 0.1061 0.0963 0.0801 0.0921 0.0837 0.0713 0.0745 0.0806 0.0853 0.0677 0.0810 0.0697 0.0962 0.0553 0.0782 0.0603 0.0605 0.0693 0.0675 0.0640 0.0726 0.0750 0.0604 0.0769],[2.2654 0.7695 0.4291 0.2756 0.2568 0.2359 0.1871 0.1980 0.1784 0.1837 0.1754 0.1618 0.1646 0.1574 0.1544 0.1589 0.1716 0.1416 0.1247 0.1384 0.1206 0.1291 0.1517 0.1427 0.1442 0.1354 0.1525 0.1503 0.1418 0.1497 0.1396 0.1313 0.1333 0.1376 0.1439 0.1225 0.1361 0.1269 0.1582 0.1281 0.1417 0.1285 0.1258 0.1386 0.1301 0.1393 0.1382 0.1472 0.1303 0.1472],[1.9609 1.3305 0.5391 0.4083 0.3548 0.3201 0.3019 0.2827 0.2675 0.2571 0.2475 0.2406 0.2317 0.2223 0.2213 0.2101 0.2096 0.2024 0.1997 0.1947 0.1896 0.1858 0.1849 0.1792 0.1811 0.1729 0.1698 0.1681 0.1675 0.1638 0.1643 0.1585 0.1561 0.1545 0.1533 0.1511 0.1506 0.1459 0.1446 0.1442 0.1431 0.1415 0.1403 0.1372 0.1405 0.1383 0.1341 0.1324 0.1338 0.1314]
