train_acc,valid_acc,test_acc,train_loss,valid_loss,train_aug_loss
0.9713171124458313,0.9575892686843872,0.9585464000701904,[2.0069 1.3672 0.9081 0.6646 0.3949 0.4168 0.3480 0.2615 0.2675 0.2503 0.2652 0.2102 0.2036 0.2326 0.1736 0.2084 0.1526 0.1598 0.1654 0.1821 0.1477 0.1252 0.1280 0.1736 0.1703 0.1312 0.1807 0.1652 0.1399 0.1166 0.0902 0.1169 0.1249 0.1338 0.1171 0.1382 0.1626 0.1057 0.1607 0.1186 0.0955 0.0780 0.1050 0.0891 0.1639 0.0921 0.0872 0.0890 0.1134 0.0994],[1.9210 1.2736 0.8107 0.5754 0.3663 0.3754 0.3329 0.2560 0.2701 0.2493 0.2645 0.2302 0.2269 0.2570 0.1942 0.2380 0.1905 0.1886 0.2065 0.2148 0.1844 0.1754 0.1682 0.2129 0.2103 0.1795 0.2200 0.2009 0.1836 0.1692 0.1365 0.1657 0.1886 0.1893 0.1651 0.1873 0.2207 0.1649 0.2234 0.1763 0.1568 0.1460 0.1668 0.1532 0.2245 0.1573 0.1454 0.1547 0.1788 0.1728],[1.9369 1.6275 1.0165 0.7044 0.5791 0.5070 0.4585 0.4214 0.3943 0.3740 0.3542 0.3370 0.3203 0.3085 0.2970 0.2871 0.2780 0.2727 0.2653 0.2571 0.2533 0.2485 0.2416 0.2402 0.2329 0.2272 0.2249 0.2212 0.2189 0.2128 0.2140 0.2080 0.2063 0.2075 0.2009 0.1952 0.1970 0.1940 0.1871 0.1881 0.1866 0.1860 0.1830 0.1787 0.1779 0.1747 0.1724 0.1744 0.1697 0.1717]
