train_acc,valid_acc,test_acc,train_loss,valid_loss,train_aug_loss
0.9818690419197083,0.9594155550003052,0.9632943868637085,[1.8534 0.7736 0.3405 0.2994 0.2159 0.2037 0.2004 0.1487 0.2828 0.2335 0.1549 0.1535 0.1352 0.1177 0.1212 0.1424 0.1649 0.1188 0.1407 0.0974 0.1110 0.1438 0.1173 0.0921 0.0938 0.1104 0.0877 0.0934 0.1109 0.0901 0.0914 0.0930 0.1034 0.0726 0.0965 0.1111 0.0700 0.0812 0.0981 0.0787 0.0730 0.0827 0.0788 0.0782 0.0661 0.0889 0.0863 0.0583 0.1482 0.0951],[1.7249 0.7668 0.3147 0.2873 0.2234 0.2255 0.2203 0.1770 0.3190 0.2413 0.1768 0.1929 0.1769 0.1617 0.1808 0.1991 0.2100 0.1664 0.1824 0.1431 0.1759 0.1867 0.1831 0.1484 0.1489 0.1638 0.1532 0.1495 0.1751 0.1527 0.1477 0.1647 0.1628 0.1271 0.1634 0.1726 0.1302 0.1441 0.1619 0.1511 0.1363 0.1608 0.1491 0.1423 0.1280 0.1518 0.1527 0.1249 0.2258 0.1698],[1.8652 1.0274 0.6111 0.4868 0.4309 0.3884 0.3601 0.3463 0.3287 0.3186 0.3019 0.2932 0.2858 0.2808 0.2690 0.2712 0.2598 0.2496 0.2503 0.2494 0.2403 0.2385 0.2322 0.2329 0.2274 0.2235 0.2207 0.2203 0.2199 0.2107 0.2127 0.2086 0.2051 0.2056 0.2063 0.1966 0.1980 0.1977 0.1972 0.1922 0.1922 0.1912 0.1854 0.1863 0.1839 0.1825 0.1810 0.1781 0.1783 0.1764]
