train_acc,valid_acc,test_acc,train_loss,valid_loss,train_aug_loss
0.9920123815536499,0.9686017036437988,0.9503464102745056,[1.9659 3.7692 0.8469 0.3612 0.3397 0.3187 0.2658 0.2068 0.2162 0.1617 0.1536 0.1567 0.1365 0.1082 0.1281 0.1185 0.1099 0.1016 0.1011 0.0997 0.0890 0.1071 0.0815 0.0998 0.0863 0.0870 0.0757 0.0763 0.0938 0.0651 0.0665 0.0806 0.0544 0.0678 0.0591 0.0631 0.0550 0.0517 0.0619 0.0514 0.0546 0.0492 0.0482 0.0546 0.0442 0.0441 0.0496 0.0428 0.0466 0.0378 0.0366 0.0434 0.0500 0.0416 0.0531 0.0383 0.0402 0.0400 0.0369 0.0403 0.0378 0.0332 0.0329 0.0357 0.0287 0.0374 0.0438 0.0321 0.0364 0.0427 0.0342 0.0242 0.0282 0.0325 0.0343 0.0263 0.0230 0.0242 0.0285 0.0264 0.0265 0.0250 0.0284 0.0278 0.0185 0.0209 0.0318 0.0211 0.0209 0.0232 0.0264 0.0182 0.0193 0.0178 0.0276 0.0173 0.0201 0.0214 0.0181 0.0261],[1.9861 3.6767 0.9367 0.4262 0.4097 0.3717 0.3437 0.2679 0.2509 0.2114 0.2090 0.2277 0.1937 0.1610 0.1914 0.1768 0.1727 0.1692 0.1620 0.1588 0.1472 0.1715 0.1448 0.1637 0.1486 0.1572 0.1437 0.1468 0.1786 0.1267 0.1292 0.1340 0.1122 0.1425 0.1324 0.1443 0.1289 0.1200 0.1429 0.1322 0.1325 0.1240 0.1240 0.1388 0.1151 0.1208 0.1300 0.1139 0.1274 0.1195 0.1135 0.1300 0.1456 0.1312 0.1488 0.1294 0.1253 0.1287 0.1285 0.1346 0.1330 0.1160 0.1314 0.1350 0.1144 0.1234 0.1405 0.1230 0.1301 0.1452 0.1360 0.1072 0.1225 0.1361 0.1223 0.1267 0.1265 0.1216 0.1368 0.1255 0.1392 0.1322 0.1378 0.1389 0.1154 0.1254 0.1489 0.1244 0.1358 0.1280 0.1398 0.1223 0.1253 0.1192 0.1531 0.1251 0.1241 0.1333 0.1321 0.1560],[2.0633 1.7394 0.9523 0.5404 0.4264 0.3693 0.3344 0.3078 0.2877 0.2700 0.2567 0.2438 0.2354 0.2255 0.2174 0.2091 0.2030 0.1956 0.1932 0.1888 0.1836 0.1782 0.1737 0.1700 0.1634 0.1610 0.1583 0.1569 0.1509 0.1473 0.1451 0.1441 0.1439 0.1396 0.1358 0.1365 0.1340 0.1314 0.1294 0.1268 0.1249 0.1216 0.1229 0.1146 0.1173 0.1161 0.1131 0.1147 0.1141 0.1095 0.1106 0.1073 0.1055 0.1074 0.1005 0.1017 0.1008 0.1011 0.0992 0.0979 0.0969 0.0967 0.0958 0.0938 0.0935 0.0935 0.0902 0.0893 0.0896 0.0888 0.0863 0.0847 0.0858 0.0871 0.0838 0.0836 0.0827 0.0832 0.0827 0.0791 0.0780 0.0781 0.0768 0.0768 0.0750 0.0755 0.0741 0.0739 0.0729 0.0722 0.0727 0.0721 0.0727 0.0721 0.0714 0.0714 0.0679 0.0698 0.0685 0.0667]
