train_acc,valid_acc,test_acc,train_loss,valid_loss,train_aug_loss
0.9826220273971558,0.9628652334213257,0.9596420526504517,[1.8671 0.8372 0.3268 0.3495 0.2209 0.2255 0.2354 0.1862 0.2067 0.2289 0.2305 0.1944 0.1758 0.1894 0.1534 0.1104 0.1928 0.1551 0.1652 0.1535 0.1195 0.1339 0.1627 0.1211 0.1059 0.1345 0.0839 0.1227 0.1399 0.1142 0.1083 0.0976 0.0710 0.0993 0.0801 0.1149 0.0912 0.0684 0.0639 0.0803 0.0746 0.0955 0.0859 0.0900 0.0594 0.0974 0.0784 0.0918 0.0727 0.0602],[1.8622 0.7338 0.3238 0.3362 0.2402 0.2350 0.2419 0.2043 0.2220 0.2511 0.2551 0.2224 0.1997 0.2203 0.1887 0.1620 0.2278 0.2055 0.2103 0.1923 0.1637 0.1679 0.2060 0.1590 0.1390 0.1801 0.1355 0.1554 0.1791 0.1629 0.1512 0.1443 0.1224 0.1485 0.1272 0.1614 0.1393 0.1208 0.1229 0.1306 0.1261 0.1502 0.1403 0.1373 0.1181 0.1531 0.1350 0.1513 0.1201 0.1169],[1.8790 1.2724 0.7013 0.5261 0.4560 0.4101 0.3798 0.3534 0.3344 0.3199 0.3042 0.2964 0.2898 0.2763 0.2703 0.2645 0.2597 0.2564 0.2469 0.2405 0.2395 0.2319 0.2315 0.2287 0.2238 0.2188 0.2135 0.2124 0.2109 0.2055 0.2027 0.2034 0.1970 0.1945 0.1976 0.1935 0.1904 0.1911 0.1861 0.1850 0.1836 0.1816 0.1766 0.1806 0.1788 0.1742 0.1735 0.1702 0.1720 0.1710]
