train_acc,valid_acc,test_acc,train_loss,valid_loss,train_aug_loss
0.9705151915550232,0.9527191519737244,0.9570854902267456,[2.0340 1.5218 1.5034 0.9691 0.7555 0.5130 0.4688 0.3658 0.3084 0.2869 0.2725 0.3074 0.2545 0.2311 0.2132 0.2322 0.1320 0.2144 0.1698 0.1260 0.1604 0.2164 0.1443 0.1378 0.1441 0.1362 0.1323 0.1459 0.1239 0.1213 0.1319 0.1299 0.1344 0.1635 0.0897 0.0948 0.1327 0.1309 0.1507 0.1454 0.1077 0.0794 0.1566 0.1738 0.1165 0.1512 0.0882 0.0793 0.0921 0.0858],[1.9346 1.4095 1.3174 0.9048 0.7185 0.4985 0.4570 0.3822 0.3286 0.3058 0.2855 0.3215 0.2852 0.2540 0.2417 0.2650 0.1762 0.2529 0.2208 0.1808 0.2088 0.2682 0.1949 0.1886 0.1991 0.2024 0.1922 0.2082 0.1851 0.1824 0.1961 0.1856 0.1960 0.2217 0.1527 0.1692 0.2084 0.1968 0.2303 0.2183 0.1827 0.1547 0.2313 0.2458 0.1922 0.2355 0.1634 0.1541 0.1763 0.1644],[1.9458 1.6208 1.1103 0.7321 0.5843 0.4988 0.4493 0.4156 0.3851 0.3619 0.3405 0.3258 0.3107 0.2996 0.2901 0.2845 0.2727 0.2669 0.2610 0.2529 0.2486 0.2410 0.2356 0.2268 0.2293 0.2252 0.2189 0.2159 0.2113 0.2099 0.2064 0.2047 0.1979 0.1951 0.1917 0.1885 0.1913 0.1884 0.1837 0.1843 0.1833 0.1783 0.1750 0.1753 0.1730 0.1722 0.1695 0.1699 0.1659 0.1678]
