train_acc,valid_acc,test_acc,train_loss,valid_loss,train_aug_loss
0.9822112917900085,0.9653003215789795,0.9658510088920593,[2.0657 0.7509 0.3522 0.2908 0.2725 0.1761 0.2067 0.1567 0.1541 0.1895 0.1463 0.1617 0.1537 0.1307 0.1223 0.1147 0.1228 0.1136 0.1039 0.1055 0.0964 0.0976 0.0859 0.0944 0.0810 0.1091 0.0960 0.1133 0.0822 0.0841 0.1006 0.0764 0.0841 0.0810 0.0903 0.1052 0.0855 0.0774 0.0822 0.0841 0.0805 0.0665 0.0779 0.0598 0.0931 0.0838 0.0733 0.0828 0.0775 0.0768],[2.0850 0.7461 0.4123 0.3495 0.3193 0.2124 0.2494 0.1944 0.1991 0.2216 0.1865 0.2092 0.1901 0.1783 0.1788 0.1657 0.1734 0.1650 0.1694 0.1619 0.1509 0.1628 0.1457 0.1620 0.1429 0.1641 0.1588 0.1867 0.1513 0.1495 0.1597 0.1472 0.1412 0.1455 0.1654 0.1629 0.1553 0.1440 0.1547 0.1398 0.1445 0.1385 0.1550 0.1287 0.1708 0.1622 0.1461 0.1578 0.1581 0.1506],[1.9471 1.5421 0.6809 0.4625 0.3944 0.3528 0.3299 0.3070 0.2959 0.2813 0.2735 0.2668 0.2602 0.2560 0.2414 0.2402 0.2344 0.2274 0.2228 0.2216 0.2155 0.2142 0.2113 0.2090 0.2022 0.2006 0.1958 0.1930 0.1896 0.1914 0.1882 0.1872 0.1871 0.1854 0.1781 0.1736 0.1783 0.1715 0.1749 0.1706 0.1721 0.1677 0.1672 0.1637 0.1653 0.1611 0.1608 0.1659 0.1584 0.1590]
