train_acc,valid_acc,test_acc,train_loss,valid_loss,train_aug_loss
0.9906215667724609,0.9661120176315308,0.9689554572105408,[2.1163 6.4418 7.6529 2.0401 0.6045 0.3861 0.3004 0.2609 0.2389 0.2009 0.2078 0.1852 0.1654 0.1539 0.1591 0.1691 0.1420 0.1406 0.1600 0.1333 0.1153 0.1286 0.1072 0.1156 0.1073 0.1097 0.1058 0.1187 0.1051 0.0867 0.1016 0.0905 0.0980 0.0939 0.0870 0.0949 0.0911 0.0834 0.0798 0.0862 0.0757 0.0885 0.0811 0.0666 0.0757 0.0662 0.0590 0.0699 0.0639 0.0623 0.0624 0.0602 0.0690 0.0617 0.0560 0.0602 0.0570 0.0501 0.0510 0.0532 0.0484 0.0509 0.0493 0.0514 0.0466 0.0511 0.0472 0.0387 0.0532 0.0518 0.0509 0.0445 0.0484 0.0455 0.0291 0.0392 0.0406 0.0429 0.0382 0.0448 0.0353 0.0427 0.0413 0.0450 0.0331 0.0400 0.0331 0.0375 0.0362 0.0401 0.0374 0.0337 0.0423 0.0373 0.0345 0.0395 0.0277 0.0335 0.0289 0.0362],[2.1055 5.8878 6.8592 1.9774 0.6584 0.4640 0.3597 0.3137 0.2801 0.2392 0.2448 0.2310 0.2082 0.1999 0.2113 0.2015 0.1927 0.1944 0.2160 0.1795 0.1702 0.1839 0.1612 0.1729 0.1695 0.1779 0.1732 0.1910 0.1622 0.1529 0.1700 0.1595 0.1754 0.1600 0.1672 0.1663 0.1620 0.1621 0.1585 0.1620 0.1579 0.1797 0.1656 0.1475 0.1551 0.1477 0.1382 0.1516 0.1524 0.1473 0.1605 0.1462 0.1690 0.1499 0.1518 0.1517 0.1486 0.1407 0.1483 0.1496 0.1419 0.1450 0.1536 0.1484 0.1421 0.1499 0.1494 0.1344 0.1546 0.1705 0.1570 0.1497 0.1533 0.1517 0.1267 0.1389 0.1438 0.1488 0.1563 0.1541 0.1408 0.1583 0.1632 0.1686 0.1459 0.1544 0.1401 0.1505 0.1600 0.1615 0.1485 0.1547 0.1551 0.1531 0.1640 0.1706 0.1411 0.1582 0.1481 0.1630],[2.0658 1.8386 1.7347 1.1092 0.6168 0.4661 0.4074 0.3698 0.3409 0.3210 0.3057 0.2884 0.2773 0.2699 0.2571 0.2511 0.2406 0.2343 0.2281 0.2189 0.2188 0.2082 0.2056 0.2002 0.1989 0.1921 0.1888 0.1867 0.1812 0.1772 0.1750 0.1721 0.1667 0.1675 0.1628 0.1618 0.1581 0.1529 0.1513 0.1491 0.1479 0.1487 0.1488 0.1439 0.1397 0.1418 0.1326 0.1355 0.1356 0.1336 0.1314 0.1333 0.1304 0.1277 0.1247 0.1229 0.1248 0.1229 0.1176 0.1202 0.1197 0.1172 0.1139 0.1144 0.1151 0.1127 0.1095 0.1100 0.1094 0.1053 0.1094 0.1054 0.1043 0.1057 0.1033 0.1040 0.1003 0.1006 0.0992 0.0980 0.1005 0.0970 0.0980 0.0947 0.0958 0.0972 0.0924 0.0943 0.0913 0.0910 0.0931 0.0891 0.0910 0.0905 0.0878 0.0864 0.0878 0.0839 0.0877 0.0856]
