train_acc,valid_acc,test_acc,train_loss,valid_loss,train_aug_loss
0.9817028045654297,0.9646915793418884,0.9623813033103943,[1.8376 2.8421 0.6605 0.3250 0.2338 0.2693 0.1866 0.1768 0.1655 0.1417 0.1983 0.1525 0.1369 0.1234 0.1309 0.1240 0.1131 0.1298 0.1454 0.1158 0.1002 0.1119 0.1174 0.0822 0.0833 0.1096 0.0805 0.1056 0.0938 0.0783 0.1045 0.0706 0.0774 0.0984 0.0876 0.0785 0.0718 0.0871 0.0849 0.0922 0.0916 0.0900 0.0806 0.0636 0.0822 0.0897 0.0597 0.0805 0.0931 0.0659],[1.8692 2.7129 0.7050 0.3586 0.2628 0.2814 0.2157 0.2059 0.2319 0.1728 0.2213 0.1917 0.1761 0.1572 0.1682 0.1502 0.1419 0.1689 0.1806 0.1647 0.1507 0.1528 0.1676 0.1254 0.1339 0.1626 0.1335 0.1481 0.1466 0.1258 0.1594 0.1227 0.1345 0.1558 0.1410 0.1388 0.1305 0.1521 0.1345 0.1474 0.1395 0.1516 0.1424 0.1190 0.1498 0.1655 0.1203 0.1476 0.1493 0.1326],[1.9505 1.6883 0.8473 0.4712 0.3899 0.3549 0.3273 0.3061 0.2908 0.2834 0.2707 0.2620 0.2542 0.2457 0.2439 0.2320 0.2305 0.2287 0.2203 0.2183 0.2129 0.2087 0.2085 0.2044 0.1983 0.2000 0.1954 0.1936 0.1924 0.1932 0.1817 0.1858 0.1829 0.1785 0.1798 0.1780 0.1738 0.1725 0.1716 0.1711 0.1672 0.1675 0.1667 0.1648 0.1624 0.1664 0.1625 0.1584 0.1549 0.1556]
