train_acc,valid_acc,test_acc,train_loss,valid_loss,train_aug_loss
0.9828860759735107,0.9606330990791321,0.9629291296005249,[1.7333 0.8511 0.2754 0.2616 0.2544 0.1904 0.1616 0.1797 0.1615 0.1377 0.1634 0.1423 0.1533 0.1233 0.1347 0.1120 0.1064 0.1204 0.0889 0.1260 0.1018 0.1321 0.1011 0.0982 0.1006 0.1487 0.0915 0.0767 0.0919 0.1343 0.0741 0.0792 0.1033 0.0665 0.0875 0.1061 0.0921 0.0927 0.0810 0.0802 0.0560 0.1015 0.0613 0.0826 0.0583 0.0858 0.0558 0.0689 0.0553 0.0774],[1.7150 0.8553 0.3244 0.2782 0.2970 0.2263 0.2076 0.2159 0.2035 0.1832 0.2083 0.1853 0.1993 0.1718 0.1900 0.1731 0.1620 0.1779 0.1449 0.1815 0.1567 0.1859 0.1618 0.1591 0.1606 0.2096 0.1472 0.1483 0.1503 0.1934 0.1358 0.1383 0.1648 0.1277 0.1471 0.1599 0.1589 0.1557 0.1479 0.1522 0.1236 0.1666 0.1237 0.1540 0.1227 0.1530 0.1283 0.1341 0.1213 0.1437],[1.8429 0.9955 0.5776 0.4689 0.4128 0.3768 0.3552 0.3336 0.3189 0.3050 0.2993 0.2893 0.2783 0.2702 0.2622 0.2590 0.2563 0.2477 0.2470 0.2415 0.2335 0.2336 0.2300 0.2252 0.2234 0.2207 0.2194 0.2153 0.2084 0.2047 0.2014 0.2106 0.1967 0.1985 0.1982 0.1958 0.1916 0.1914 0.1899 0.1889 0.1881 0.1849 0.1822 0.1801 0.1800 0.1816 0.1795 0.1764 0.1743 0.1744]
