train_acc,valid_acc,test_acc,train_loss,valid_loss,train_aug_loss
0.9859274625778198,0.9644886255264282,0.9662162065505981,[4.4438 0.8277 0.4449 0.3361 0.3308 0.3310 0.3130 0.3797 0.2792 0.2845 0.3340 0.3578 0.3518 0.2616 0.2516 0.2500 0.2187 0.1922 0.2363 0.1957 0.2241 0.2634 0.2023 0.1933 0.1713 0.1717 0.1341 0.1540 0.1878 0.1453 0.1566 0.1613 0.2212 0.1479 0.1630 0.1983 0.1358 0.1468 0.1282 0.1579 0.1462 0.1088 0.1138 0.1399 0.1681 0.1164 0.1348 0.1353 0.1613 0.1499 0.1019 0.0986 0.1373 0.1091 0.1030 0.1053 0.0955 0.0869 0.0882 0.0929 0.0843 0.1070 0.1137 0.0969 0.1131 0.0959 0.0689 0.0625 0.0634 0.0690 0.0880 0.0978 0.1315 0.0604 0.1009 0.1008 0.0944 0.1225 0.0760 0.1154 0.0807 0.0742 0.0588 0.0801 0.0641 0.1247 0.1246 0.0553 0.0641 0.0642 0.0842 0.0522 0.0911 0.0737 0.0846 0.0762 0.0791 0.0914 0.0835 0.0509],[3.9927 0.7962 0.5112 0.3508 0.3476 0.3439 0.3250 0.3907 0.3182 0.3059 0.3368 0.3612 0.3471 0.2846 0.2722 0.2607 0.2447 0.2179 0.2723 0.2233 0.2409 0.2783 0.2262 0.2160 0.2027 0.2119 0.1862 0.1811 0.2134 0.1774 0.1793 0.1976 0.2353 0.1793 0.2038 0.2282 0.1748 0.1833 0.1715 0.1901 0.1900 0.1606 0.1651 0.1871 0.2121 0.1603 0.1856 0.1788 0.2064 0.1921 0.1591 0.1476 0.1846 0.1535 0.1530 0.1441 0.1457 0.1412 0.1416 0.1435 0.1357 0.1574 0.1619 0.1485 0.1646 0.1435 0.1256 0.1189 0.1212 0.1238 0.1467 0.1547 0.1882 0.1182 0.1601 0.1531 0.1492 0.1774 0.1371 0.1751 0.1409 0.1344 0.1253 0.1442 0.1254 0.1860 0.1897 0.1164 0.1238 0.1293 0.1523 0.1168 0.1614 0.1382 0.1512 0.1467 0.1458 0.1628 0.1526 0.1166],[1.7889 1.2663 0.8714 0.6892 0.6062 0.5483 0.5048 0.4815 0.4531 0.4343 0.4064 0.3934 0.3757 0.3663 0.3561 0.3453 0.3361 0.3286 0.3176 0.3090 0.3049 0.2959 0.2927 0.2873 0.2807 0.2715 0.2736 0.2635 0.2620 0.2575 0.2533 0.2502 0.2451 0.2409 0.2366 0.2329 0.2308 0.2282 0.2273 0.2232 0.2215 0.2163 0.2157 0.2146 0.2114 0.2101 0.2012 0.2050 0.2029 0.1972 0.2006 0.1978 0.1937 0.1923 0.1909 0.1894 0.1893 0.1896 0.1850 0.1815 0.1827 0.1797 0.1782 0.1822 0.1746 0.1756 0.1742 0.1737 0.1719 0.1694 0.1679 0.1671 0.1660 0.1659 0.1661 0.1644 0.1654 0.1639 0.1622 0.1599 0.1596 0.1589 0.1611 0.1563 0.1542 0.1547 0.1518 0.1577 0.1524 0.1517 0.1506 0.1504 0.1525 0.1532 0.1480 0.1455 0.1509 0.1484 0.1468 0.1436]
