train_acc,valid_acc,test_acc,train_loss,valid_loss,train_aug_loss
0.9838835597038269,0.9626623392105103,0.9621986746788025,[1.7764 1.1217 0.3652 0.3055 0.1924 0.2800 0.1690 0.2378 0.2656 0.1473 0.1224 0.1475 0.1291 0.1566 0.1319 0.0975 0.1235 0.1081 0.1106 0.1218 0.1148 0.0981 0.0978 0.0896 0.1238 0.0761 0.1025 0.0838 0.1229 0.0813 0.0989 0.0757 0.1302 0.0639 0.1179 0.0683 0.0893 0.0572 0.0705 0.0643 0.0624 0.0663 0.0845 0.0697 0.0891 0.0659 0.0656 0.0523 0.0805 0.0597],[1.7251 1.1353 0.3637 0.2812 0.2114 0.2855 0.2051 0.2443 0.2750 0.1929 0.1756 0.1823 0.1659 0.1995 0.1746 0.1401 0.1673 0.1624 0.1548 0.1641 0.1645 0.1469 0.1518 0.1443 0.1788 0.1347 0.1499 0.1464 0.1806 0.1531 0.1543 0.1333 0.1874 0.1354 0.1772 0.1383 0.1543 0.1329 0.1449 0.1402 0.1376 0.1353 0.1558 0.1371 0.1643 0.1351 0.1406 0.1274 0.1530 0.1318],[1.8420 0.9622 0.5680 0.4599 0.4001 0.3687 0.3492 0.3269 0.3175 0.3031 0.2940 0.2843 0.2718 0.2643 0.2594 0.2563 0.2483 0.2421 0.2387 0.2361 0.2294 0.2223 0.2225 0.2150 0.2132 0.2123 0.2069 0.2030 0.2005 0.2029 0.2011 0.1944 0.1934 0.1922 0.1907 0.1857 0.1871 0.1811 0.1804 0.1819 0.1786 0.1781 0.1756 0.1728 0.1701 0.1722 0.1688 0.1724 0.1687 0.1693]
