train_acc,valid_acc,test_acc,train_loss,valid_loss,train_aug_loss
0.9806857109069824,0.9612419009208679,0.9603725075721741,[2.2968 1.0134 0.3424 0.2007 0.3235 0.1830 0.1726 0.1343 0.1321 0.1848 0.1641 0.1547 0.1409 0.1112 0.1412 0.1085 0.1123 0.0898 0.0861 0.0996 0.0978 0.0906 0.0906 0.0748 0.0938 0.1115 0.0884 0.0740 0.0662 0.0651 0.1110 0.0591 0.0991 0.0741 0.0685 0.0614 0.0909 0.0739 0.0553 0.0846 0.0773 0.1091 0.0536 0.0687 0.0599 0.0812 0.0571 0.0772 0.0663 0.0469],[2.3633 0.9955 0.3597 0.2588 0.3423 0.2285 0.2095 0.2040 0.1982 0.2358 0.2270 0.2178 0.2041 0.1789 0.2032 0.1851 0.1779 0.1747 0.1684 0.1868 0.1816 0.1692 0.1761 0.1541 0.1877 0.1992 0.1698 0.1667 0.1606 0.1555 0.2049 0.1546 0.1882 0.1644 0.1589 0.1610 0.1801 0.1639 0.1541 0.1746 0.1861 0.2093 0.1712 0.1758 0.1507 0.1771 0.1602 0.1784 0.1671 0.1669],[1.9634 1.0741 0.5880 0.4615 0.4059 0.3731 0.3415 0.3206 0.3097 0.2971 0.2852 0.2770 0.2701 0.2628 0.2532 0.2493 0.2424 0.2354 0.2338 0.2293 0.2236 0.2189 0.2153 0.2133 0.2110 0.2071 0.2022 0.2016 0.1951 0.1946 0.1904 0.1914 0.1896 0.1878 0.1833 0.1810 0.1785 0.1781 0.1781 0.1733 0.1730 0.1718 0.1704 0.1693 0.1685 0.1683 0.1632 0.1637 0.1661 0.1595]
