train_acc,valid_acc,test_acc,train_loss,valid_loss,train_aug_loss
0.9846659302711487,0.9661120176315308,0.9682250022888184,[2.8811 0.5398 0.2773 0.2383 0.2136 0.1881 0.1436 0.1253 0.1250 0.1371 0.1546 0.1267 0.2050 0.1275 0.1121 0.1129 0.1358 0.0790 0.0783 0.1151 0.0844 0.0802 0.1503 0.0992 0.1111 0.0966 0.1091 0.0606 0.0589 0.0626 0.0803 0.1089 0.0926 0.0903 0.0808 0.0679 0.0554 0.0567 0.0581 0.0922 0.0560 0.0895 0.0493 0.0713 0.0639 0.0636 0.0543 0.0545 0.0689 0.0437],[3.2025 0.5270 0.2740 0.2707 0.2351 0.2226 0.1849 0.1641 0.1695 0.1798 0.1985 0.1704 0.2471 0.1692 0.1599 0.1661 0.1832 0.1367 0.1338 0.1664 0.1452 0.1376 0.2153 0.1609 0.1740 0.1588 0.1760 0.1256 0.1244 0.1288 0.1518 0.1827 0.1765 0.1739 0.1554 0.1334 0.1278 0.1380 0.1345 0.1794 0.1370 0.1761 0.1237 0.1566 0.1607 0.1479 0.1459 0.1422 0.1583 0.1246],[1.7827 0.7770 0.5123 0.4259 0.3847 0.3469 0.3376 0.3139 0.2987 0.2873 0.2750 0.2719 0.2659 0.2594 0.2499 0.2464 0.2421 0.2364 0.2322 0.2283 0.2249 0.2171 0.2207 0.2144 0.2083 0.2039 0.2039 0.1987 0.2007 0.1984 0.1991 0.1886 0.1889 0.1896 0.1865 0.1843 0.1813 0.1787 0.1800 0.1791 0.1744 0.1747 0.1718 0.1715 0.1694 0.1664 0.1664 0.1627 0.1643 0.1639]
