train_acc,valid_acc,test_acc,train_loss,valid_loss,train_aug_loss
0.9923133850097656,0.9691558480262756,0.967494547367096,[1.9443 1.7960 1.1717 0.5567 0.5918 0.3538 0.2583 0.2931 0.2596 0.2343 0.1954 0.1899 0.1523 0.1535 0.1208 0.1345 0.1290 0.1068 0.1057 0.1093 0.0966 0.1102 0.1051 0.0826 0.0997 0.1094 0.0883 0.0748 0.0777 0.0740 0.0729 0.0670 0.0663 0.0828 0.0759 0.0689 0.0714 0.0685 0.0575 0.0655 0.0582 0.0580 0.0523 0.0642 0.0488 0.0753 0.0472 0.0541 0.0436 0.0533 0.0588 0.0466 0.0455 0.0532 0.0482 0.0427 0.0379 0.0593 0.0332 0.0385 0.0367 0.0365 0.0423 0.0405 0.0358 0.0502 0.0358 0.0306 0.0572 0.0313 0.0298 0.0536 0.0361 0.0394 0.0337 0.0352 0.0283 0.0266 0.0400 0.0377 0.0312 0.0300 0.0217 0.0386 0.0320 0.0224 0.0263 0.0221 0.0260 0.0215 0.0256 0.0572 0.0224 0.0202 0.0234 0.0238 0.0243 0.0207 0.0220 0.0261],[1.9366 1.7681 1.1366 0.6192 0.6411 0.3919 0.2952 0.3304 0.2935 0.2752 0.2436 0.2415 0.2013 0.2128 0.1788 0.2039 0.1948 0.1592 0.1649 0.1688 0.1693 0.1839 0.1723 0.1468 0.1773 0.1704 0.1513 0.1365 0.1493 0.1408 0.1537 0.1410 0.1355 0.1788 0.1617 0.1475 0.1540 0.1516 0.1330 0.1570 0.1450 0.1442 0.1360 0.1533 0.1327 0.1858 0.1353 0.1473 0.1253 0.1478 0.1630 0.1453 0.1378 0.1550 0.1483 0.1313 0.1258 0.1672 0.1240 0.1273 0.1326 0.1309 0.1503 0.1539 0.1410 0.1735 0.1374 0.1347 0.1848 0.1248 0.1289 0.1710 0.1488 0.1494 0.1418 0.1480 0.1262 0.1393 0.1779 0.1666 0.1407 0.1360 0.1248 0.1712 0.1550 0.1355 0.1466 0.1188 0.1432 0.1326 0.1425 0.2138 0.1298 0.1323 0.1359 0.1371 0.1460 0.1363 0.1467 0.1600],[2.0645 1.7828 1.3587 0.7656 0.5418 0.4520 0.4019 0.3640 0.3357 0.3147 0.2967 0.2809 0.2699 0.2588 0.2478 0.2378 0.2343 0.2258 0.2189 0.2142 0.2035 0.1979 0.1954 0.1905 0.1859 0.1827 0.1772 0.1753 0.1704 0.1701 0.1650 0.1655 0.1607 0.1533 0.1529 0.1513 0.1489 0.1503 0.1465 0.1409 0.1399 0.1387 0.1358 0.1319 0.1320 0.1314 0.1272 0.1259 0.1248 0.1252 0.1235 0.1192 0.1191 0.1201 0.1190 0.1136 0.1154 0.1120 0.1119 0.1098 0.1099 0.1076 0.1069 0.1061 0.1039 0.1023 0.1025 0.1002 0.0989 0.0991 0.1003 0.0964 0.0943 0.0961 0.0949 0.0941 0.0908 0.0914 0.0904 0.0869 0.0895 0.0889 0.0850 0.0871 0.0861 0.0844 0.0831 0.0866 0.0833 0.0831 0.0816 0.0810 0.0823 0.0801 0.0801 0.0780 0.0795 0.0796 0.0790 0.0763]
