train_acc,valid_acc,test_acc,train_loss,valid_loss,train_aug_loss
0.9839324951171875,0.9699675440788269,0.9614682197570801,[5.0422 0.3874 0.3015 0.2265 0.2356 0.2283 0.1046 0.1725 0.1837 0.1381 0.2225 0.1193 0.1308 0.1264 0.1103 0.1229 0.1569 0.1177 0.1423 0.1289 0.1105 0.0747 0.1205 0.1085 0.0656 0.0837 0.0483 0.0696 0.0665 0.0787 0.1036 0.1032 0.1255 0.0615 0.0488 0.0668 0.0517 0.1041 0.0943 0.0982 0.0465 0.0795 0.0655 0.1208 0.0616 0.1009 0.0435 0.0717 0.0575 0.0267],[4.4832 0.3684 0.2997 0.2146 0.2296 0.2370 0.1339 0.2002 0.2120 0.1621 0.2576 0.1559 0.1694 0.1696 0.1505 0.1623 0.2036 0.1705 0.1929 0.1841 0.1609 0.1312 0.1755 0.1693 0.1161 0.1379 0.1065 0.1365 0.1289 0.1524 0.1785 0.1810 0.2053 0.1397 0.1226 0.1543 0.1241 0.1832 0.1785 0.1887 0.1250 0.1651 0.1478 0.2157 0.1533 0.2033 0.1246 0.1734 0.1544 0.1101],[1.8427 0.6611 0.3929 0.3332 0.2925 0.2694 0.2532 0.2356 0.2253 0.2157 0.2074 0.1999 0.1939 0.1896 0.1829 0.1777 0.1714 0.1668 0.1638 0.1585 0.1588 0.1551 0.1519 0.1489 0.1465 0.1451 0.1387 0.1387 0.1360 0.1335 0.1336 0.1292 0.1260 0.1255 0.1235 0.1229 0.1201 0.1200 0.1177 0.1183 0.1151 0.1116 0.1112 0.1120 0.1113 0.1085 0.1064 0.1055 0.1038 0.1030]
