train_acc,valid_acc,test_acc,train_loss,valid_loss,train_aug_loss
0.9844703674316406,0.9632710814476013,0.956720232963562,[2.1252 2.5831 3.4488 0.6021 0.4404 0.3358 0.3111 0.2906 0.2524 0.2512 0.2152 0.2459 0.2116 0.2016 0.1676 0.1615 0.1685 0.2054 0.1827 0.1549 0.1602 0.1755 0.1465 0.1243 0.1382 0.1435 0.1182 0.1344 0.1339 0.1634 0.1107 0.1219 0.1097 0.1262 0.1044 0.1104 0.1029 0.1043 0.1132 0.1013 0.0979 0.0845 0.1027 0.1000 0.1142 0.1015 0.0938 0.0866 0.0866 0.0873 0.0951 0.0807 0.0693 0.0825 0.0787 0.0725 0.0871 0.0755 0.1046 0.0718 0.0713 0.1012 0.0843 0.0761 0.0711 0.0870 0.0607 0.0750 0.0746 0.0655 0.0619 0.0741 0.0667 0.0633 0.0867 0.0577 0.0672 0.0484 0.0600 0.0541 0.0431 0.0729 0.0568 0.0535 0.0620 0.0661 0.0529 0.0440 0.0653 0.0556 0.0704 0.0580 0.0468 0.0506 0.0493 0.0402 0.0492 0.0483 0.0499 0.0485],[2.1541 2.5634 3.5790 0.6587 0.4865 0.3605 0.3333 0.3293 0.2687 0.2668 0.2357 0.2772 0.2458 0.2303 0.1949 0.1826 0.1984 0.2496 0.2323 0.1976 0.2084 0.2134 0.1866 0.1662 0.1872 0.1897 0.1626 0.1793 0.1884 0.2123 0.1635 0.1768 0.1643 0.1877 0.1632 0.1769 0.1589 0.1551 0.1730 0.1583 0.1559 0.1442 0.1631 0.1619 0.1824 0.1661 0.1541 0.1642 0.1543 0.1546 0.1612 0.1501 0.1416 0.1560 0.1503 0.1456 0.1644 0.1539 0.1854 0.1433 0.1510 0.1789 0.1685 0.1565 0.1515 0.1686 0.1425 0.1642 0.1586 0.1565 0.1525 0.1688 0.1539 0.1556 0.1788 0.1450 0.1619 0.1396 0.1491 0.1514 0.1325 0.1732 0.1480 0.1434 0.1475 0.1699 0.1551 0.1404 0.1664 0.1507 0.1769 0.1604 0.1523 0.1511 0.1545 0.1433 0.1503 0.1448 0.1615 0.1567],[2.0686 1.8741 1.6840 0.9356 0.5956 0.4844 0.4261 0.3839 0.3555 0.3355 0.3211 0.3047 0.2884 0.2829 0.2695 0.2616 0.2564 0.2487 0.2388 0.2332 0.2279 0.2262 0.2174 0.2147 0.2098 0.2065 0.2010 0.1955 0.1952 0.1898 0.1869 0.1863 0.1821 0.1781 0.1741 0.1733 0.1697 0.1689 0.1658 0.1642 0.1634 0.1614 0.1588 0.1556 0.1522 0.1524 0.1506 0.1498 0.1448 0.1447 0.1440 0.1402 0.1424 0.1384 0.1356 0.1388 0.1337 0.1303 0.1307 0.1310 0.1322 0.1287 0.1265 0.1274 0.1268 0.1247 0.1209 0.1214 0.1213 0.1180 0.1198 0.1171 0.1167 0.1170 0.1171 0.1140 0.1118 0.1120 0.1098 0.1114 0.1087 0.1090 0.1090 0.1083 0.1056 0.1041 0.1057 0.1040 0.1020 0.1019 0.1018 0.1030 0.1002 0.0999 0.0983 0.0977 0.0976 0.0983 0.0947 0.0947]
