train_acc,valid_acc,test_acc,train_loss,valid_loss,train_aug_loss
0.9915288090705872,0.9737130403518677,0.9558314085006714,[2.0796 1.3160 0.6015 0.3273 0.2624 0.2600 0.2441 0.1828 0.2192 0.1453 0.1496 0.1440 0.1373 0.1561 0.1186 0.1310 0.1126 0.1038 0.1071 0.1326 0.1116 0.0929 0.0941 0.0908 0.1026 0.1157 0.0981 0.1259 0.1116 0.0767 0.1039 0.0677 0.0835 0.0637 0.0611 0.1044 0.0710 0.1569 0.0638 0.0605 0.0781 0.0522 0.0544 0.0636 0.0988 0.0951 0.0976 0.0502 0.0780 0.0661 0.0501 0.1953 0.0404 0.0841 0.0871 0.0841 0.0832 0.0463 0.0429 0.0484 0.0506 0.0357 0.0844 0.0325 0.0365 0.0601 0.0446 0.0274 0.0286 0.0390 0.0411 0.0376 0.0511 0.0808 0.0478 0.0585 0.0674 0.0566 0.0304 0.0268 0.0577 0.0351 0.0459 0.0365 0.0347 0.0490 0.0314 0.0294 0.0356 0.0259 0.0315 0.0487 0.0254 0.0267 0.0227 0.0363 0.0233 0.0252 0.0600 0.0334],[2.0799 1.4387 0.7047 0.3545 0.2964 0.3024 0.2839 0.2076 0.2878 0.1828 0.1933 0.1879 0.1750 0.2041 0.1524 0.1777 0.1532 0.1415 0.1505 0.1734 0.1601 0.1461 0.1470 0.1317 0.1603 0.1739 0.1435 0.1821 0.1734 0.1252 0.1728 0.1111 0.1335 0.1041 0.1113 0.1528 0.1340 0.2113 0.1226 0.1183 0.1363 0.1040 0.1204 0.1393 0.1772 0.1751 0.1896 0.1129 0.1473 0.1448 0.1218 0.2830 0.1075 0.1612 0.1737 0.1688 0.1692 0.1214 0.1101 0.1214 0.1296 0.1017 0.1773 0.1032 0.1100 0.1424 0.1336 0.0947 0.1124 0.1157 0.1226 0.1238 0.1478 0.1715 0.1321 0.1494 0.1563 0.1551 0.1141 0.1218 0.1561 0.1173 0.1509 0.1426 0.1335 0.1532 0.1243 0.1148 0.1359 0.1228 0.1304 0.1554 0.1220 0.1151 0.1147 0.1344 0.1284 0.1250 0.1758 0.1530],[2.0432 1.6873 0.8769 0.4842 0.3849 0.3357 0.3077 0.2840 0.2649 0.2526 0.2377 0.2263 0.2212 0.2102 0.2038 0.1972 0.1915 0.1862 0.1794 0.1772 0.1722 0.1669 0.1630 0.1599 0.1553 0.1535 0.1488 0.1466 0.1430 0.1392 0.1380 0.1341 0.1338 0.1301 0.1301 0.1267 0.1254 0.1248 0.1204 0.1178 0.1174 0.1167 0.1133 0.1122 0.1118 0.1099 0.1083 0.1066 0.1052 0.1030 0.1026 0.1035 0.0985 0.0972 0.0970 0.0954 0.0951 0.0921 0.0930 0.0921 0.0910 0.0906 0.0889 0.0894 0.0867 0.0866 0.0860 0.0835 0.0844 0.0829 0.0816 0.0824 0.0793 0.0788 0.0785 0.0788 0.0764 0.0766 0.0749 0.0728 0.0733 0.0734 0.0718 0.0734 0.0722 0.0714 0.0721 0.0704 0.0691 0.0691 0.0678 0.0674 0.0669 0.0669 0.0642 0.0640 0.0645 0.0650 0.0638 0.0622]
