train_acc,valid_acc,test_acc,train_loss,valid_loss,train_aug_loss
0.9889004230499268,0.9679383039474487,0.9649379253387451,[1.9359 2.4336 2.3690 0.5118 0.3897 0.3084 0.2830 0.2727 0.2190 0.1917 0.1974 0.1747 0.1617 0.1722 0.1517 0.1580 0.1342 0.1421 0.1327 0.1158 0.1158 0.1181 0.1117 0.1003 0.1234 0.1026 0.0996 0.1153 0.1030 0.0870 0.0972 0.0910 0.0865 0.0858 0.0860 0.0903 0.0767 0.0871 0.0761 0.0841 0.0590 0.0656 0.0642 0.0886 0.0585 0.0622 0.0630 0.0827 0.0573 0.0532 0.0774 0.0547 0.0750 0.0633 0.0567 0.0768 0.0655 0.0647 0.0649 0.0507 0.0560 0.0516 0.0566 0.0573 0.0418 0.0606 0.0568 0.0635 0.0345 0.0512 0.0442 0.0572 0.0574 0.0639 0.0325 0.0402 0.0395 0.0480 0.0429 0.0389 0.0430 0.0410 0.0368 0.0299 0.0483 0.0366 0.0291 0.0394 0.0294 0.0336 0.0300 0.0330 0.0309 0.0352 0.0272 0.0363 0.0237 0.0384 0.0649 0.0413],[1.9365 2.3078 2.2361 0.5153 0.4239 0.3395 0.3212 0.3037 0.2455 0.2211 0.2300 0.2036 0.1851 0.1985 0.1874 0.1868 0.1717 0.1730 0.1660 0.1532 0.1514 0.1654 0.1552 0.1393 0.1625 0.1589 0.1488 0.1530 0.1510 0.1339 0.1469 0.1364 0.1420 0.1324 0.1287 0.1403 0.1326 0.1414 0.1410 0.1429 0.1130 0.1285 0.1245 0.1444 0.1121 0.1238 0.1230 0.1428 0.1276 0.1152 0.1482 0.1258 0.1475 0.1332 0.1279 0.1494 0.1446 0.1380 0.1374 0.1161 0.1286 0.1278 0.1277 0.1312 0.1141 0.1405 0.1322 0.1451 0.1040 0.1343 0.1247 0.1349 0.1403 0.1543 0.1222 0.1214 0.1252 0.1385 0.1295 0.1278 0.1270 0.1380 0.1264 0.1129 0.1457 0.1254 0.1237 0.1338 0.1183 0.1289 0.1229 0.1220 0.1266 0.1313 0.1203 0.1287 0.1210 0.1438 0.1832 0.1437],[2.0746 1.8528 1.4812 0.8235 0.5448 0.4542 0.4074 0.3714 0.3442 0.3316 0.3144 0.2984 0.2821 0.2734 0.2670 0.2565 0.2476 0.2434 0.2326 0.2295 0.2233 0.2173 0.2115 0.2082 0.2027 0.1983 0.1938 0.1945 0.1885 0.1840 0.1800 0.1752 0.1750 0.1712 0.1692 0.1654 0.1665 0.1655 0.1584 0.1561 0.1548 0.1530 0.1524 0.1516 0.1465 0.1451 0.1447 0.1416 0.1413 0.1386 0.1382 0.1361 0.1363 0.1302 0.1314 0.1288 0.1274 0.1274 0.1264 0.1250 0.1244 0.1219 0.1206 0.1201 0.1208 0.1190 0.1168 0.1152 0.1146 0.1122 0.1105 0.1114 0.1112 0.1099 0.1063 0.1072 0.1053 0.1033 0.1073 0.1042 0.1046 0.1020 0.1010 0.0991 0.0980 0.0991 0.0992 0.0978 0.0997 0.0958 0.0952 0.0964 0.0923 0.0907 0.0923 0.0923 0.0903 0.0905 0.0902 0.0900]
