train_acc,valid_acc,test_acc,train_loss,valid_loss,train_aug_loss
0.9908284544944763,0.9620299339294434,0.9535219669342041,[2.1739 0.7721 0.3664 0.9364 0.2297 0.4990 0.2450 0.2186 0.1751 0.2255 0.1642 0.2363 0.1654 0.1852 0.1813 0.2048 0.1650 0.0972 0.1080 0.1061 0.1467 0.1942 0.1160 0.1121 0.0838 0.0962 0.0997 0.1077 0.0735 0.0864 0.0584 0.1088 0.1310 0.0794 0.1129 0.0737 0.0669 0.0591 0.0755 0.0559 0.0686 0.0626 0.0737 0.0765 0.0602 0.0621 0.0651 0.0720 0.0616 0.0690 0.0541 0.0412 0.0427 0.0559 0.0370 0.0414 0.0469 0.0819 0.0671 0.1006 0.0556 0.0724 0.0290 0.0449 0.0430 0.0301 0.0237 0.0323 0.0491 0.0489 0.0423 0.0680 0.0888 0.0838 0.0274 0.1047 0.0626 0.0365 0.0871 0.0271 0.0295 0.0196 0.0279 0.0189 0.0444 0.0336 0.0402 0.0214 0.0268 0.0366 0.0613 0.0415 0.0490 0.0271 0.0992 0.0380 0.0661 0.0567 0.0482 0.0264],[2.1760 0.9423 0.5280 1.2223 0.3394 0.6767 0.3509 0.3247 0.2649 0.3151 0.2701 0.3082 0.2476 0.2982 0.3006 0.3269 0.2522 0.1972 0.2197 0.2252 0.2774 0.2812 0.2177 0.2065 0.1928 0.2233 0.2311 0.2219 0.1764 0.2034 0.1602 0.2465 0.2554 0.1839 0.2473 0.1759 0.1768 0.1702 0.2027 0.1655 0.2047 0.1913 0.2026 0.2064 0.1724 0.1622 0.2068 0.2105 0.1965 0.1944 0.1899 0.1586 0.1670 0.1782 0.1455 0.1717 0.1728 0.2340 0.2266 0.2803 0.2046 0.2396 0.1300 0.1697 0.1787 0.1537 0.1369 0.1436 0.2214 0.1843 0.1837 0.2521 0.2691 0.2615 0.1527 0.2880 0.2251 0.1754 0.2952 0.1537 0.1802 0.1645 0.1797 0.1626 0.2235 0.1945 0.1871 0.1507 0.1702 0.1927 0.2279 0.1978 0.2187 0.1748 0.3173 0.2180 0.2716 0.2597 0.2355 0.1723],[2.0026 1.3506 0.4852 0.3568 0.3060 0.2762 0.2566 0.2378 0.2261 0.2144 0.2068 0.1972 0.1874 0.1808 0.1756 0.1732 0.1657 0.1613 0.1574 0.1572 0.1503 0.1508 0.1447 0.1394 0.1360 0.1344 0.1337 0.1296 0.1258 0.1246 0.1222 0.1234 0.1190 0.1166 0.1161 0.1122 0.1102 0.1106 0.1095 0.1078 0.1044 0.1028 0.1027 0.1034 0.1004 0.0973 0.0964 0.0951 0.0950 0.0946 0.0943 0.0915 0.0906 0.0902 0.0882 0.0871 0.0877 0.0878 0.0860 0.0839 0.0823 0.0798 0.0816 0.0818 0.0795 0.0808 0.0769 0.0789 0.0782 0.0765 0.0758 0.0738 0.0763 0.0719 0.0741 0.0717 0.0733 0.0698 0.0721 0.0688 0.0674 0.0684 0.0681 0.0664 0.0676 0.0684 0.0639 0.0639 0.0657 0.0657 0.0637 0.0624 0.0641 0.0620 0.0613 0.0608 0.0603 0.0602 0.0593 0.0602]
