train_acc,valid_acc,test_acc,train_loss,valid_loss,train_aug_loss
0.9807444214820862,0.9650974273681641,0.9603725075721741,[2.0052 1.4233 1.0586 0.7314 0.5160 0.4138 0.3546 0.3123 0.2877 0.2757 0.2539 0.2093 0.2382 0.2045 0.1824 0.1641 0.2303 0.1786 0.1519 0.1733 0.1640 0.1769 0.1360 0.1689 0.1139 0.1280 0.1317 0.1244 0.2067 0.1543 0.1397 0.1044 0.1171 0.1887 0.1122 0.1521 0.1361 0.0928 0.1352 0.1236 0.1107 0.1149 0.0840 0.1069 0.0621 0.1273 0.1009 0.1104 0.0761 0.1245],[1.9276 1.3330 0.9724 0.6921 0.5176 0.4009 0.3642 0.3195 0.2961 0.2861 0.2681 0.2327 0.2582 0.2244 0.2092 0.2032 0.2596 0.2027 0.1875 0.2086 0.2003 0.2191 0.1741 0.2079 0.1552 0.1698 0.1770 0.1655 0.2561 0.2006 0.1917 0.1504 0.1652 0.2335 0.1633 0.1971 0.1850 0.1457 0.1840 0.1803 0.1639 0.1645 0.1368 0.1633 0.1149 0.1873 0.1578 0.1672 0.1330 0.1815],[1.9406 1.6213 1.0483 0.7113 0.5838 0.5023 0.4544 0.4139 0.3867 0.3620 0.3408 0.3228 0.3127 0.2998 0.2902 0.2819 0.2711 0.2632 0.2540 0.2492 0.2443 0.2408 0.2320 0.2306 0.2247 0.2223 0.2173 0.2160 0.2070 0.2056 0.2019 0.2053 0.1985 0.1960 0.1940 0.1909 0.1880 0.1845 0.1826 0.1783 0.1804 0.1787 0.1760 0.1757 0.1704 0.1700 0.1700 0.1704 0.1638 0.1644]
