train_acc,valid_acc,test_acc,train_loss,valid_loss,train_aug_loss
0.9840498566627502,0.9644886255264282,0.9653031229972839,[2.2446 0.8500 0.2709 0.2964 0.2647 0.1941 0.2184 0.2000 0.1711 0.1547 0.1333 0.1589 0.1535 0.1189 0.1313 0.1114 0.1800 0.1233 0.1963 0.1040 0.1111 0.0921 0.1036 0.1118 0.0673 0.0656 0.0843 0.0751 0.1156 0.0879 0.2018 0.0838 0.1141 0.0672 0.0812 0.0567 0.0789 0.0758 0.0578 0.0606 0.0763 0.0675 0.0827 0.0595 0.0550 0.0494 0.0561 0.0769 0.0548 0.0624],[2.2370 0.7699 0.2830 0.3002 0.2989 0.2114 0.2360 0.2243 0.1865 0.1859 0.1773 0.1971 0.1959 0.1582 0.1737 0.1617 0.2165 0.1756 0.2384 0.1507 0.1603 0.1521 0.1614 0.1745 0.1310 0.1356 0.1471 0.1389 0.1794 0.1559 0.2604 0.1591 0.1844 0.1296 0.1511 0.1212 0.1478 0.1526 0.1235 0.1304 0.1549 0.1427 0.1608 0.1384 0.1317 0.1202 0.1282 0.1572 0.1363 0.1421],[1.8251 0.9653 0.5512 0.4523 0.3957 0.3597 0.3361 0.3230 0.3039 0.2966 0.2775 0.2739 0.2694 0.2624 0.2583 0.2406 0.2414 0.2386 0.2305 0.2289 0.2228 0.2192 0.2161 0.2150 0.2067 0.2075 0.2054 0.2019 0.1985 0.1936 0.1928 0.1924 0.1890 0.1863 0.1815 0.1818 0.1788 0.1797 0.1758 0.1738 0.1722 0.1703 0.1710 0.1668 0.1656 0.1681 0.1626 0.1643 0.1617 0.1627]
