train_acc,valid_acc,test_acc,train_loss,valid_loss,train_aug_loss
0.993638277053833,0.9729828238487244,0.9523671865463257,[2.1873 1.2949 0.3495 0.2335 0.2010 0.1535 0.1941 0.1578 0.1805 0.1442 0.1271 0.1221 0.1827 0.0957 0.0947 0.0933 0.0939 0.1084 0.0770 0.0691 0.0867 0.0701 0.0819 0.0818 0.0652 0.0659 0.1042 0.0979 0.0582 0.0581 0.0972 0.0542 0.0483 0.0516 0.0485 0.0491 0.0520 0.0559 0.0595 0.0835 0.0537 0.0395 0.0363 0.0390 0.0652 0.0345 0.0399 0.0431 0.0499 0.0513 0.0465 0.0282 0.0457 0.0466 0.0371 0.0565 0.0349 0.0337 0.0399 0.0338 0.0472 0.0260 0.0275 0.0353 0.0302 0.0265 0.0242 0.0256 0.0490 0.0303 0.0204 0.0197 0.0221 0.0909 0.0192 0.0195 0.0200 0.0219 0.0225 0.0185 0.0217 0.0255 0.0267 0.0191 0.0163 0.0174 0.0189 0.0151 0.0228 0.0225 0.0172 0.0139 0.0386 0.0382 0.0182 0.0180 0.0278 0.0186 0.0147 0.0127],[2.1265 1.2302 0.3628 0.2482 0.2202 0.1813 0.2343 0.2026 0.2318 0.1727 0.1796 0.1548 0.2408 0.1365 0.1376 0.1463 0.1453 0.1694 0.1179 0.1041 0.1544 0.1226 0.1489 0.1482 0.1189 0.1225 0.1777 0.1647 0.1166 0.1198 0.1830 0.1081 0.1061 0.1072 0.1094 0.1160 0.1246 0.1253 0.1418 0.1675 0.1361 0.1024 0.0996 0.1087 0.1507 0.0961 0.1032 0.1217 0.1420 0.1427 0.1282 0.0970 0.1376 0.1330 0.1347 0.1644 0.1235 0.1204 0.1376 0.1284 0.1441 0.1041 0.1035 0.1294 0.1198 0.1040 0.1002 0.1078 0.1524 0.1250 0.1016 0.0957 0.1056 0.2549 0.1023 0.1084 0.1091 0.1248 0.1159 0.1034 0.1147 0.1289 0.1418 0.1193 0.1190 0.1147 0.1061 0.1096 0.1295 0.1290 0.1217 0.1053 0.1803 0.1664 0.1198 0.1207 0.1553 0.1321 0.1220 0.1185],[2.0131 1.4568 0.5738 0.4015 0.3445 0.3053 0.2791 0.2578 0.2446 0.2332 0.2184 0.2118 0.2048 0.1977 0.1906 0.1835 0.1742 0.1760 0.1714 0.1652 0.1601 0.1552 0.1548 0.1514 0.1456 0.1403 0.1408 0.1364 0.1363 0.1342 0.1316 0.1298 0.1290 0.1248 0.1217 0.1205 0.1188 0.1154 0.1168 0.1135 0.1127 0.1093 0.1082 0.1093 0.1062 0.1070 0.1023 0.1007 0.1013 0.1012 0.0991 0.0971 0.0956 0.0955 0.0938 0.0922 0.0915 0.0931 0.0884 0.0919 0.0907 0.0887 0.0861 0.0871 0.0848 0.0861 0.0821 0.0837 0.0820 0.0798 0.0810 0.0807 0.0769 0.0771 0.0781 0.0757 0.0754 0.0751 0.0732 0.0738 0.0733 0.0752 0.0728 0.0708 0.0712 0.0699 0.0714 0.0704 0.0698 0.0691 0.0672 0.0677 0.0652 0.0673 0.0660 0.0659 0.0667 0.0649 0.0621 0.0643]
