train_acc,valid_acc,test_acc,train_loss,valid_loss,train_aug_loss
0.9884688258171082,0.9660459756851196,0.9442840814590454,[2.9684 0.4067 0.2507 0.2037 0.2096 0.1578 0.1543 0.1562 0.1220 0.1137 0.1150 0.1141 0.0925 0.0797 0.0818 0.0937 0.0755 0.0776 0.0843 0.0650 0.0547 0.0680 0.0528 0.0531 0.0513 0.0547 0.0508 0.0509 0.0508 0.0455 0.0365 0.0391 0.0416 0.0368 0.0406 0.0331 0.0415 0.0374 0.0360 0.0334 0.0373 0.0293 0.0291 0.0292 0.0244 0.0365 0.0268 0.0221 0.0258 0.0266 0.0247 0.0249 0.0200 0.0197 0.0208 0.0213 0.0191 0.0182 0.0175 0.0185 0.0165 0.0236 0.0206 0.0158 0.0213 0.0144 0.0164 0.0118 0.0110 0.0193 0.0160 0.0155 0.0120 0.0198 0.0145 0.0105 0.0107 0.0111 0.0138 0.0091 0.0087 0.0082 0.0169 0.0105 0.0089 0.0081 0.0081 0.0075 0.0104 0.0091 0.0090 0.0111 0.0074 0.0076 0.0079 0.0113 0.0065 0.0092 0.0053 0.0059],[3.2803 0.5166 0.3180 0.2662 0.2884 0.2262 0.2153 0.2323 0.1766 0.1791 0.1841 0.1944 0.1567 0.1390 0.1388 0.1800 0.1534 0.1625 0.1631 0.1401 0.1214 0.1435 0.1261 0.1358 0.1338 0.1365 0.1386 0.1268 0.1433 0.1212 0.1169 0.1227 0.1332 0.1275 0.1342 0.1156 0.1406 0.1395 0.1433 0.1271 0.1416 0.1164 0.1267 0.1317 0.1269 0.1567 0.1368 0.1245 0.1337 0.1359 0.1311 0.1346 0.1322 0.1313 0.1351 0.1431 0.1315 0.1350 0.1447 0.1409 0.1385 0.1447 0.1474 0.1329 0.1591 0.1292 0.1328 0.1216 0.1354 0.1460 0.1450 0.1462 0.1391 0.1580 0.1535 0.1393 0.1386 0.1447 0.1567 0.1342 0.1403 0.1440 0.1559 0.1496 0.1363 0.1398 0.1313 0.1347 0.1558 0.1536 0.1502 0.1482 0.1425 0.1511 0.1588 0.1629 0.1575 0.1670 0.1438 0.1527],[1.7903 0.7141 0.4475 0.3691 0.3262 0.2887 0.2658 0.2492 0.2324 0.2182 0.2092 0.1989 0.1905 0.1826 0.1745 0.1685 0.1622 0.1558 0.1517 0.1477 0.1442 0.1383 0.1366 0.1305 0.1287 0.1256 0.1246 0.1235 0.1195 0.1146 0.1129 0.1110 0.1085 0.1040 0.1038 0.1027 0.0999 0.1003 0.0964 0.0947 0.0934 0.0917 0.0900 0.0888 0.0868 0.0867 0.0826 0.0847 0.0824 0.0792 0.0801 0.0773 0.0775 0.0776 0.0754 0.0736 0.0744 0.0723 0.0703 0.0684 0.0678 0.0683 0.0657 0.0661 0.0652 0.0645 0.0642 0.0619 0.0627 0.0618 0.0617 0.0607 0.0585 0.0578 0.0565 0.0562 0.0584 0.0540 0.0548 0.0545 0.0552 0.0521 0.0542 0.0523 0.0518 0.0518 0.0512 0.0495 0.0499 0.0493 0.0483 0.0480 0.0482 0.0461 0.0472 0.0453 0.0457 0.0444 0.0451 0.0453]
