train_acc,valid_acc,test_acc,train_loss,valid_loss,train_aug_loss
0.9829936623573303,0.966923713684082,0.9592768549919128,[2.5548 0.6052 0.2637 0.2217 0.2021 0.1681 0.2005 0.2112 0.1462 0.1664 0.1971 0.1095 0.1400 0.1128 0.1348 0.1234 0.1157 0.1215 0.1209 0.0775 0.0948 0.1091 0.0922 0.0996 0.0936 0.1079 0.1109 0.1122 0.1063 0.0865 0.0880 0.1341 0.0835 0.0671 0.0730 0.0577 0.0917 0.0530 0.0622 0.0699 0.0835 0.0523 0.0609 0.0696 0.0710 0.0520 0.0500 0.0557 0.0665 0.0557],[2.5529 0.5707 0.2753 0.2394 0.2248 0.1875 0.2367 0.2436 0.1746 0.2012 0.2302 0.1495 0.1760 0.1643 0.1854 0.1693 0.1680 0.1835 0.1725 0.1313 0.1503 0.1623 0.1537 0.1561 0.1542 0.1717 0.1688 0.1762 0.1776 0.1542 0.1586 0.2166 0.1517 0.1433 0.1449 0.1218 0.1716 0.1216 0.1319 0.1484 0.1643 0.1257 0.1383 0.1457 0.1526 0.1258 0.1275 0.1409 0.1482 0.1326],[1.8167 0.8602 0.5317 0.4450 0.3927 0.3615 0.3335 0.3202 0.3048 0.2931 0.2775 0.2800 0.2624 0.2591 0.2536 0.2502 0.2442 0.2371 0.2316 0.2259 0.2217 0.2202 0.2170 0.2150 0.2101 0.2097 0.2072 0.1986 0.1997 0.1970 0.1940 0.1906 0.1930 0.1884 0.1866 0.1816 0.1813 0.1815 0.1772 0.1763 0.1749 0.1710 0.1690 0.1733 0.1745 0.1675 0.1650 0.1675 0.1637 0.1621]
