train_acc,valid_acc,test_acc,train_loss,valid_loss,train_aug_loss
0.9833410978317261,0.9675064086914062,0.9385104179382324,[2.1038 1.1910 0.3245 0.3284 0.2915 0.4333 0.2431 0.1854 0.1594 0.1436 0.1346 0.2061 0.1541 0.1118 0.0860 0.1382 0.0929 0.1001 0.0836 0.0969 0.0728 0.1034 0.0872 0.1414 0.1122 0.0842 0.0708 0.0768 0.0771 0.0610 0.0674 0.0686 0.0926 0.0677 0.0589 0.0499 0.1118 0.0792 0.1018 0.0417 0.1096 0.0586 0.0843 0.0811 0.0649 0.0410 0.0864 0.0397 0.0489 0.0439 0.0605 0.0766 0.0343 0.0358 0.0402 0.1281 0.0517 0.0718 0.0289 0.0297 0.0565 0.0523 0.0750 0.0328 0.0457 0.0321 0.0244 0.0241 0.0301 0.0310 0.0558 0.0588 0.0410 0.0713 0.0318 0.0248 0.0257 0.0754 0.0291 0.0487 0.0251 0.0726 0.0202 0.0199 0.0200 0.0330 0.0729 0.0323 0.1056 0.0341 0.0409 0.0206 0.0168 0.0268 0.0319 0.0874 0.0254 0.0190 0.0238 0.0305],[2.1032 1.2267 0.3843 0.3704 0.3296 0.4444 0.2857 0.2288 0.2051 0.1897 0.1841 0.2286 0.1948 0.1575 0.1248 0.1982 0.1405 0.1465 0.1356 0.1517 0.1327 0.1870 0.1476 0.2034 0.1921 0.1536 0.1379 0.1471 0.1299 0.1267 0.1390 0.1495 0.1775 0.1435 0.1450 0.1222 0.2097 0.1611 0.1966 0.1294 0.2418 0.1449 0.1934 0.1880 0.1586 0.1288 0.1983 0.1262 0.1414 0.1235 0.1850 0.1810 0.1253 0.1434 0.1344 0.2924 0.1771 0.2182 0.1283 0.1273 0.1734 0.1649 0.2128 0.1340 0.1735 0.1500 0.1345 0.1257 0.1455 0.1539 0.1788 0.2024 0.1527 0.1996 0.1419 0.1431 0.1522 0.2330 0.1542 0.2030 0.1351 0.2152 0.1312 0.1434 0.1325 0.2071 0.2331 0.1773 0.3156 0.2018 0.1930 0.1430 0.1334 0.1900 0.1638 0.2802 0.1638 0.1572 0.1627 0.1576],[2.0078 1.3532 0.5439 0.3743 0.3185 0.2789 0.2571 0.2391 0.2260 0.2158 0.2076 0.1988 0.1895 0.1834 0.1758 0.1737 0.1672 0.1623 0.1558 0.1522 0.1503 0.1474 0.1431 0.1399 0.1360 0.1345 0.1340 0.1269 0.1282 0.1269 0.1224 0.1218 0.1211 0.1178 0.1170 0.1132 0.1139 0.1095 0.1082 0.1088 0.1072 0.1034 0.1050 0.1024 0.1010 0.0963 0.0985 0.0952 0.0965 0.0941 0.0940 0.0913 0.0918 0.0899 0.0884 0.0884 0.0880 0.0862 0.0870 0.0845 0.0830 0.0819 0.0837 0.0806 0.0800 0.0778 0.0770 0.0770 0.0779 0.0766 0.0767 0.0744 0.0742 0.0747 0.0747 0.0725 0.0711 0.0721 0.0715 0.0708 0.0708 0.0692 0.0693 0.0676 0.0672 0.0663 0.0659 0.0651 0.0658 0.0647 0.0652 0.0640 0.0641 0.0608 0.0629 0.0643 0.0597 0.0624 0.0614 0.0594]
