train_acc,valid_acc,test_acc,train_loss,valid_loss,train_aug_loss
0.9841965436935425,0.9626623392105103,0.9671292901039124,[2.4462 0.9529 0.6305 0.4827 0.3484 0.3824 0.3616 0.4241 0.2991 0.3725 0.3531 0.2773 0.2414 0.2964 0.2732 0.2521 0.2702 0.2488 0.2448 0.2501 0.2445 0.1943 0.2570 0.1947 0.2537 0.2429 0.2683 0.1755 0.1884 0.1827 0.1735 0.1422 0.1362 0.1810 0.1436 0.1972 0.1673 0.1401 0.1544 0.1430 0.2205 0.1309 0.1211 0.1286 0.1667 0.1007 0.1813 0.1605 0.1319 0.1075 0.1189 0.1999 0.1181 0.1333 0.1813 0.1285 0.0886 0.1482 0.1041 0.0986 0.1171 0.1123 0.0780 0.0808 0.1201 0.1146 0.0891 0.0880 0.1435 0.0761 0.1157 0.1454 0.0718 0.1086 0.1093 0.1333 0.0966 0.0937 0.1172 0.0925 0.0725 0.0921 0.0638 0.0848 0.0932 0.1120 0.1085 0.0692 0.0858 0.0622 0.0927 0.0647 0.1049 0.0785 0.1201 0.0821 0.0616 0.0625 0.0773 0.1093],[2.1531 0.9404 0.6854 0.5021 0.3733 0.3883 0.3748 0.4532 0.3530 0.3937 0.3754 0.3039 0.2831 0.3117 0.3007 0.2746 0.2900 0.2688 0.2765 0.2730 0.2693 0.2331 0.2862 0.2399 0.2851 0.2814 0.2993 0.2236 0.2367 0.2250 0.2228 0.1974 0.1873 0.2280 0.1889 0.2506 0.2212 0.1940 0.2061 0.1982 0.2650 0.1857 0.1759 0.1810 0.2252 0.1616 0.2421 0.2203 0.2009 0.1706 0.1789 0.2525 0.1780 0.1926 0.2456 0.1975 0.1550 0.2193 0.1732 0.1636 0.1862 0.1847 0.1475 0.1520 0.1876 0.1836 0.1637 0.1548 0.2135 0.1458 0.1828 0.2207 0.1484 0.1793 0.1874 0.2170 0.1711 0.1710 0.1961 0.1691 0.1501 0.1668 0.1424 0.1633 0.1676 0.1973 0.1870 0.1488 0.1678 0.1440 0.1734 0.1434 0.1903 0.1621 0.2003 0.1646 0.1450 0.1473 0.1645 0.2005],[1.8018 1.2778 0.8990 0.7173 0.6296 0.5608 0.5170 0.4836 0.4573 0.4376 0.4194 0.4027 0.3833 0.3781 0.3636 0.3509 0.3427 0.3309 0.3227 0.3126 0.3081 0.3005 0.2985 0.2871 0.2818 0.2763 0.2708 0.2679 0.2640 0.2603 0.2541 0.2505 0.2450 0.2394 0.2381 0.2363 0.2363 0.2280 0.2258 0.2210 0.2225 0.2179 0.2136 0.2136 0.2099 0.2074 0.2050 0.2093 0.1985 0.1979 0.1975 0.1951 0.1963 0.1927 0.1911 0.1872 0.1900 0.1854 0.1846 0.1813 0.1834 0.1799 0.1759 0.1791 0.1788 0.1758 0.1760 0.1706 0.1706 0.1705 0.1706 0.1692 0.1686 0.1659 0.1638 0.1677 0.1648 0.1645 0.1598 0.1629 0.1613 0.1625 0.1585 0.1563 0.1596 0.1561 0.1536 0.1521 0.1545 0.1558 0.1522 0.1500 0.1497 0.1514 0.1529 0.1491 0.1488 0.1448 0.1447 0.1467]
