train_acc,valid_acc,test_acc,train_loss,valid_loss,train_aug_loss
0.9864360094070435,0.9699675440788269,0.9642074704170227,[3.1082 1.2822 0.5935 0.5380 0.5473 0.4814 0.5394 0.3167 0.3859 0.4190 0.3207 0.3743 0.2750 0.2775 0.3366 0.3640 0.3420 0.2497 0.3230 0.2546 0.3420 0.2910 0.2400 0.2590 0.2066 0.1724 0.1812 0.2805 0.1601 0.1710 0.1556 0.1818 0.1812 0.1626 0.1438 0.1586 0.1737 0.1827 0.1419 0.1490 0.1505 0.1558 0.1549 0.1248 0.1113 0.1270 0.1517 0.1191 0.0996 0.1143 0.1368 0.1019 0.1175 0.1057 0.1013 0.1207 0.1549 0.1093 0.1494 0.0920 0.1082 0.1044 0.1008 0.0827 0.0751 0.0883 0.0899 0.1136 0.1503 0.1123 0.1054 0.0871 0.0823 0.0810 0.1204 0.0838 0.0650 0.0957 0.0653 0.0740 0.0859 0.0978 0.0723 0.0953 0.0969 0.0619 0.0987 0.0704 0.0561 0.0768 0.0924 0.0727 0.0628 0.0849 0.0857 0.0516 0.0622 0.0722 0.0848 0.0752],[2.6340 1.1314 0.6120 0.5305 0.5189 0.4716 0.4988 0.3417 0.3876 0.4391 0.3289 0.3706 0.3139 0.2939 0.3380 0.3802 0.3455 0.2668 0.3326 0.2658 0.3569 0.3187 0.2622 0.2827 0.2427 0.2092 0.2120 0.3033 0.2060 0.2086 0.1883 0.2149 0.2176 0.2103 0.1798 0.2009 0.2043 0.2272 0.1816 0.1915 0.1927 0.1983 0.1943 0.1674 0.1608 0.1837 0.1939 0.1636 0.1449 0.1625 0.1863 0.1544 0.1651 0.1540 0.1526 0.1756 0.1949 0.1611 0.2033 0.1468 0.1569 0.1514 0.1515 0.1338 0.1309 0.1442 0.1441 0.1697 0.2015 0.1646 0.1670 0.1421 0.1388 0.1363 0.1795 0.1395 0.1234 0.1550 0.1251 0.1343 0.1422 0.1593 0.1331 0.1563 0.1630 0.1260 0.1626 0.1352 0.1197 0.1411 0.1620 0.1400 0.1257 0.1510 0.1478 0.1151 0.1284 0.1377 0.1512 0.1349],[1.8550 1.4465 1.0328 0.8066 0.6815 0.6098 0.5553 0.5172 0.4850 0.4598 0.4338 0.4222 0.3973 0.3812 0.3755 0.3613 0.3517 0.3453 0.3316 0.3254 0.3192 0.3120 0.3003 0.2970 0.2886 0.2807 0.2765 0.2659 0.2646 0.2613 0.2548 0.2492 0.2463 0.2440 0.2457 0.2379 0.2328 0.2328 0.2333 0.2242 0.2228 0.2181 0.2180 0.2129 0.2125 0.2097 0.2078 0.2096 0.2031 0.2050 0.1994 0.1976 0.1993 0.1930 0.1927 0.1899 0.1882 0.1886 0.1851 0.1843 0.1834 0.1827 0.1823 0.1754 0.1756 0.1776 0.1768 0.1740 0.1748 0.1724 0.1695 0.1669 0.1706 0.1691 0.1633 0.1677 0.1648 0.1656 0.1612 0.1630 0.1613 0.1597 0.1638 0.1593 0.1554 0.1579 0.1583 0.1532 0.1519 0.1536 0.1540 0.1521 0.1491 0.1527 0.1489 0.1500 0.1487 0.1464 0.1450 0.1470]
