train_acc,valid_acc,test_acc,train_loss,valid_loss,train_aug_loss
0.973732590675354,0.9571834206581116,0.956720232963562,[2.0269 1.3864 1.0054 0.6958 0.5181 0.4021 0.4055 0.2735 0.2882 0.2827 0.2221 0.1945 0.2280 0.2104 0.1978 0.1995 0.1850 0.1598 0.2104 0.1746 0.1253 0.1466 0.1291 0.1501 0.2047 0.1555 0.1098 0.1032 0.1188 0.1157 0.1519 0.0866 0.1044 0.1101 0.0952 0.0887 0.1306 0.0966 0.1078 0.0847 0.1149 0.1077 0.0998 0.1440 0.1012 0.0961 0.0857 0.0859 0.0825 0.0846],[1.9346 1.3191 0.8755 0.6590 0.4982 0.4003 0.3826 0.2822 0.3026 0.2966 0.2346 0.2207 0.2503 0.2354 0.2278 0.2351 0.2227 0.2043 0.2460 0.2169 0.1603 0.1925 0.1811 0.2010 0.2496 0.2076 0.1722 0.1535 0.1753 0.1766 0.2020 0.1429 0.1719 0.1646 0.1568 0.1563 0.1869 0.1588 0.1708 0.1487 0.1796 0.1687 0.1686 0.2130 0.1680 0.1693 0.1608 0.1594 0.1486 0.1574],[1.9444 1.6043 1.0692 0.7471 0.5995 0.5098 0.4569 0.4193 0.3885 0.3647 0.3448 0.3274 0.3134 0.2997 0.2937 0.2823 0.2732 0.2633 0.2598 0.2531 0.2436 0.2421 0.2365 0.2319 0.2253 0.2248 0.2229 0.2147 0.2087 0.2073 0.2051 0.2010 0.1988 0.1957 0.1934 0.1884 0.1921 0.1872 0.1852 0.1839 0.1774 0.1779 0.1740 0.1743 0.1716 0.1677 0.1714 0.1659 0.1642 0.1634]
