train_acc,valid_acc,test_acc,train_loss,valid_loss,train_aug_loss
0.9848419427871704,0.9610389471054077,0.9627465009689331,[4.3413 0.4135 0.3623 0.2471 0.2560 0.1937 0.3111 0.1787 0.2542 0.2283 0.2215 0.1718 0.1476 0.1241 0.1304 0.1637 0.2149 0.1612 0.1103 0.0999 0.0979 0.0813 0.1125 0.0712 0.1597 0.1175 0.0671 0.0641 0.0865 0.0715 0.0728 0.1058 0.0694 0.1162 0.0655 0.0802 0.0442 0.0733 0.0546 0.0855 0.0844 0.0525 0.0923 0.0554 0.0360 0.0481 0.0391 0.0479 0.0941 0.0807 0.0722 0.0633 0.0474 0.0501 0.0380 0.0661 0.0677 0.0375 0.0485 0.0394 0.0492 0.0550 0.0362 0.0274 0.0509 0.0266 0.0254 0.0579 0.0299 0.0721 0.0280 0.0436 0.0369 0.0503 0.0300 0.0246 0.0296 0.0232 0.0446 0.0516 0.0269 0.0296 0.0564 0.0448 0.0489 0.0414 0.0264 0.0363 0.0407 0.0215 0.0254 0.0166 0.0249 0.0352 0.0231 0.0175 0.0273 0.0339 0.0165 0.0118],[3.9846 0.3954 0.3791 0.2704 0.2825 0.2373 0.3394 0.2332 0.3148 0.2844 0.2788 0.2264 0.2133 0.1783 0.2052 0.2356 0.2848 0.2385 0.1825 0.1779 0.1840 0.1553 0.2006 0.1514 0.2568 0.2059 0.1508 0.1446 0.1875 0.1676 0.1712 0.2031 0.1717 0.2189 0.1644 0.1885 0.1367 0.1846 0.1572 0.1988 0.2106 0.1677 0.2013 0.1725 0.1413 0.1613 0.1557 0.1615 0.2111 0.2023 0.2013 0.1923 0.1760 0.1872 0.1537 0.2063 0.2089 0.1674 0.1850 0.1844 0.1942 0.2090 0.1740 0.1774 0.1866 0.1606 0.1506 0.2022 0.1641 0.2384 0.1634 0.2025 0.1836 0.2089 0.1712 0.1679 0.1742 0.1653 0.2103 0.2271 0.1918 0.1718 0.2400 0.2068 0.2208 0.2008 0.1861 0.1984 0.2108 0.1734 0.1872 0.1701 0.1851 0.2009 0.1900 0.1755 0.1943 0.2166 0.1689 0.1625],[1.6893 0.5874 0.4010 0.3381 0.3029 0.2731 0.2537 0.2388 0.2252 0.2163 0.2053 0.1993 0.1895 0.1821 0.1793 0.1704 0.1696 0.1643 0.1595 0.1567 0.1541 0.1489 0.1424 0.1433 0.1375 0.1348 0.1337 0.1296 0.1269 0.1249 0.1248 0.1188 0.1184 0.1165 0.1161 0.1101 0.1080 0.1100 0.1079 0.1058 0.1033 0.1035 0.0999 0.0994 0.0982 0.0981 0.0974 0.0935 0.0907 0.0929 0.0904 0.0901 0.0882 0.0881 0.0848 0.0866 0.0860 0.0847 0.0820 0.0802 0.0803 0.0823 0.0783 0.0757 0.0799 0.0743 0.0762 0.0750 0.0775 0.0746 0.0721 0.0733 0.0703 0.0691 0.0711 0.0697 0.0676 0.0688 0.0683 0.0681 0.0659 0.0682 0.0673 0.0633 0.0660 0.0658 0.0644 0.0606 0.0622 0.0609 0.0601 0.0602 0.0597 0.0596 0.0598 0.0572 0.0575 0.0582 0.0548 0.0586]
