train_acc,valid_acc,test_acc,train_loss,valid_loss,train_aug_loss
0.9860925674438477,0.9645856022834778,0.9402424693107605,[2.0638 2.2514 3.0825 4.3575 2.0659 1.1597 0.6714 0.5391 0.4436 0.4119 0.3653 0.3787 0.3710 0.3106 0.3251 0.2724 0.2588 0.2735 0.2464 0.2217 0.2457 0.2169 0.1823 0.1870 0.1909 0.1771 0.1728 0.1592 0.1386 0.1646 0.1576 0.1453 0.1337 0.1379 0.1271 0.1334 0.1331 0.1185 0.1227 0.1186 0.1169 0.1043 0.0973 0.1003 0.1025 0.0926 0.0868 0.0942 0.0989 0.0940 0.0859 0.0937 0.0819 0.0785 0.0780 0.0873 0.0786 0.0761 0.0773 0.0700 0.0784 0.0783 0.0679 0.0650 0.0637 0.0704 0.0690 0.0621 0.0631 0.0607 0.0619 0.0729 0.0652 0.0608 0.0579 0.0595 0.0614 0.0542 0.0594 0.0634 0.0571 0.0504 0.0539 0.0578 0.0567 0.0482 0.0507 0.0502 0.0488 0.0498 0.0516 0.0444 0.0516 0.0474 0.0443 0.0453 0.0410 0.0415 0.0457 0.0395],[2.0655 2.2367 2.9203 4.0244 2.1192 1.2579 0.7836 0.6119 0.5041 0.4536 0.3864 0.4047 0.4187 0.3486 0.3633 0.3227 0.2993 0.3332 0.2898 0.2622 0.2886 0.2590 0.2203 0.2322 0.2431 0.2196 0.2193 0.2042 0.1870 0.2244 0.2026 0.1896 0.1841 0.1967 0.1818 0.1998 0.1871 0.1827 0.1841 0.1792 0.1768 0.1608 0.1541 0.1519 0.1604 0.1403 0.1348 0.1465 0.1567 0.1599 0.1416 0.1579 0.1401 0.1365 0.1321 0.1496 0.1446 0.1383 0.1351 0.1274 0.1390 0.1473 0.1277 0.1271 0.1240 0.1404 0.1350 0.1201 0.1237 0.1245 0.1315 0.1437 0.1295 0.1273 0.1244 0.1262 0.1303 0.1199 0.1289 0.1324 0.1268 0.1207 0.1256 0.1329 0.1318 0.1180 0.1158 0.1247 0.1174 0.1246 0.1255 0.1158 0.1294 0.1178 0.1204 0.1241 0.1124 0.1120 0.1218 0.1121],[2.1784 1.9865 1.8704 1.7664 1.4738 1.0851 0.7972 0.6612 0.5782 0.5290 0.4875 0.4580 0.4299 0.4067 0.3857 0.3643 0.3498 0.3346 0.3237 0.3121 0.3047 0.2951 0.2846 0.2801 0.2716 0.2633 0.2581 0.2545 0.2476 0.2428 0.2368 0.2340 0.2272 0.2229 0.2204 0.2163 0.2130 0.2096 0.2064 0.2027 0.2001 0.1939 0.1939 0.1907 0.1835 0.1874 0.1823 0.1820 0.1769 0.1752 0.1726 0.1712 0.1707 0.1675 0.1659 0.1621 0.1621 0.1573 0.1583 0.1579 0.1535 0.1519 0.1530 0.1501 0.1484 0.1480 0.1442 0.1438 0.1436 0.1422 0.1403 0.1382 0.1382 0.1357 0.1364 0.1307 0.1310 0.1291 0.1287 0.1280 0.1266 0.1287 0.1247 0.1250 0.1243 0.1198 0.1191 0.1222 0.1208 0.1191 0.1178 0.1176 0.1156 0.1148 0.1133 0.1120 0.1119 0.1109 0.1110 0.1101]
