train_acc,valid_acc,test_acc,train_loss,valid_loss,train_aug_loss
0.9828860759735107,0.9590097665786743,0.9625639319419861,[1.9795 0.5988 0.2431 0.2025 0.2625 0.2138 0.1878 0.2342 0.1456 0.1324 0.1943 0.1266 0.1101 0.1093 0.1553 0.0991 0.1219 0.0901 0.1206 0.0881 0.1243 0.1408 0.0887 0.0878 0.0913 0.0935 0.0966 0.0782 0.0954 0.1395 0.0845 0.1012 0.0914 0.0801 0.0681 0.0720 0.0897 0.0770 0.0836 0.0810 0.0898 0.0564 0.0704 0.0716 0.0783 0.0819 0.0572 0.0738 0.0665 0.0929],[2.0270 0.6286 0.2744 0.2397 0.2896 0.2416 0.2355 0.2780 0.1896 0.1803 0.2376 0.1743 0.1686 0.1629 0.2214 0.1639 0.1890 0.1510 0.1895 0.1544 0.1910 0.1981 0.1509 0.1554 0.1672 0.1740 0.1706 0.1504 0.1657 0.2130 0.1555 0.1758 0.1672 0.1527 0.1495 0.1498 0.1708 0.1517 0.1683 0.1599 0.1676 0.1303 0.1495 0.1533 0.1638 0.1687 0.1389 0.1531 0.1496 0.1827],[1.7535 0.8676 0.5469 0.4464 0.3981 0.3712 0.3468 0.3292 0.3120 0.3035 0.2881 0.2833 0.2710 0.2667 0.2599 0.2551 0.2515 0.2442 0.2374 0.2369 0.2351 0.2280 0.2248 0.2208 0.2174 0.2162 0.2151 0.2094 0.2086 0.2029 0.2037 0.2006 0.1994 0.1975 0.1945 0.1941 0.1916 0.1875 0.1867 0.1876 0.1860 0.1852 0.1782 0.1791 0.1764 0.1738 0.1739 0.1718 0.1706 0.1693]
