train_acc,valid_acc,test_acc,train_loss,valid_loss,train_aug_loss
0.9780452847480774,0.9667207598686218,0.9638422131538391,[1.8156 0.4741 0.2971 0.2072 0.2239 0.1839 0.2179 0.2325 0.1562 0.1906 0.1563 0.1438 0.1462 0.1575 0.1258 0.1345 0.1440 0.1217 0.1638 0.1048 0.0984 0.1152 0.1252 0.1231 0.1354 0.1149 0.1456 0.1252 0.1151 0.1185 0.1528 0.0781 0.0910 0.0765 0.1094 0.1305 0.0963 0.0780 0.0703 0.0977 0.0720 0.0927 0.0746 0.0865 0.0926 0.1041 0.0997 0.1355 0.0715 0.0846],[1.6828 0.5022 0.3174 0.2272 0.2348 0.1993 0.2295 0.2508 0.1802 0.2155 0.1677 0.1687 0.1700 0.1748 0.1591 0.1653 0.1770 0.1571 0.1974 0.1479 0.1430 0.1548 0.1766 0.1665 0.1764 0.1560 0.1952 0.1654 0.1598 0.1652 0.2015 0.1262 0.1347 0.1253 0.1654 0.1780 0.1379 0.1323 0.1069 0.1493 0.1201 0.1486 0.1260 0.1400 0.1483 0.1545 0.1580 0.1914 0.1175 0.1346],[1.8974 1.1166 0.5738 0.4506 0.3968 0.3673 0.3396 0.3230 0.3140 0.2970 0.2918 0.2755 0.2719 0.2644 0.2572 0.2529 0.2449 0.2456 0.2412 0.2312 0.2304 0.2258 0.2260 0.2182 0.2151 0.2126 0.2100 0.2079 0.2067 0.2030 0.1996 0.2010 0.1963 0.1926 0.1932 0.1928 0.1919 0.1868 0.1850 0.1840 0.1826 0.1825 0.1813 0.1824 0.1773 0.1740 0.1775 0.1720 0.1723 0.1724]
