train_acc,valid_acc,test_acc,train_loss,valid_loss,train_aug_loss
0.9815267324447632,0.9632710814476013,0.9658510088920593,[1.9422 0.5802 0.3189 0.2258 0.2276 0.3318 0.1736 0.1666 0.1997 0.2110 0.1622 0.1126 0.1380 0.1488 0.1352 0.1380 0.1317 0.0991 0.1131 0.0920 0.1346 0.1495 0.1213 0.0935 0.1165 0.0880 0.1102 0.0993 0.0906 0.0880 0.1071 0.0750 0.0671 0.1181 0.0889 0.0871 0.0789 0.0921 0.1115 0.0770 0.0700 0.0765 0.0634 0.0577 0.0806 0.0595 0.0776 0.0588 0.0940 0.0578],[1.9280 0.5588 0.3187 0.2523 0.2499 0.3413 0.2069 0.1917 0.2306 0.2446 0.1904 0.1642 0.1816 0.1881 0.1760 0.1789 0.1702 0.1429 0.1619 0.1471 0.1807 0.1985 0.1738 0.1465 0.1789 0.1431 0.1693 0.1453 0.1434 0.1416 0.1627 0.1416 0.1273 0.1698 0.1501 0.1426 0.1336 0.1525 0.1739 0.1402 0.1323 0.1370 0.1237 0.1269 0.1438 0.1210 0.1396 0.1230 0.1691 0.1203],[1.8417 0.9573 0.5701 0.4632 0.4074 0.3765 0.3539 0.3352 0.3232 0.3076 0.2974 0.2883 0.2821 0.2704 0.2687 0.2592 0.2534 0.2504 0.2433 0.2419 0.2386 0.2296 0.2264 0.2267 0.2225 0.2174 0.2191 0.2133 0.2072 0.2083 0.2054 0.2020 0.2026 0.2015 0.1981 0.1964 0.1913 0.1902 0.1896 0.1870 0.1856 0.1842 0.1864 0.1814 0.1821 0.1832 0.1780 0.1749 0.1746 0.1744]
