train_acc,valid_acc,test_acc,train_loss,valid_loss,train_aug_loss
0.9754537343978882,0.9638798832893372,0.9621986746788025,[2.0849 1.5891 0.9758 0.9905 0.5938 0.4144 0.4671 0.3371 0.3279 0.2836 0.2968 0.2637 0.2130 0.1744 0.2441 0.2094 0.1595 0.1822 0.1483 0.1456 0.1170 0.1571 0.1367 0.1328 0.1204 0.1702 0.1100 0.1111 0.1306 0.0947 0.0785 0.1309 0.1287 0.0955 0.1075 0.0894 0.0988 0.1567 0.0822 0.1135 0.0885 0.1032 0.0913 0.0691 0.1019 0.1146 0.0772 0.0993 0.0785 0.0718],[1.9966 1.4607 0.8945 0.8790 0.5307 0.3788 0.4166 0.3083 0.3048 0.2683 0.2890 0.2572 0.2159 0.1864 0.2503 0.2194 0.1771 0.2024 0.1773 0.1779 0.1478 0.1810 0.1698 0.1728 0.1544 0.2037 0.1524 0.1502 0.1673 0.1342 0.1221 0.1718 0.1708 0.1435 0.1487 0.1351 0.1463 0.2009 0.1320 0.1661 0.1367 0.1502 0.1445 0.1247 0.1521 0.1694 0.1286 0.1607 0.1358 0.1296],[1.9596 1.6321 1.1087 0.7785 0.6365 0.5432 0.4920 0.4430 0.4093 0.3850 0.3659 0.3414 0.3297 0.3151 0.3056 0.2971 0.2847 0.2751 0.2694 0.2609 0.2585 0.2540 0.2450 0.2371 0.2359 0.2312 0.2296 0.2213 0.2161 0.2157 0.2128 0.2064 0.2066 0.2063 0.2017 0.1947 0.1925 0.1910 0.1903 0.1889 0.1879 0.1837 0.1820 0.1775 0.1760 0.1761 0.1765 0.1739 0.1714 0.1716]
