train_acc,valid_acc,test_acc,train_loss,valid_loss,train_aug_loss
0.9842160940170288,0.9681412577629089,0.9592768549919128,[2.0834 0.3279 0.2060 0.3044 0.1610 0.1523 0.1315 0.1634 0.1276 0.1281 0.1115 0.1276 0.1152 0.1327 0.0956 0.0888 0.0886 0.0805 0.0857 0.0671 0.0723 0.0889 0.0832 0.0928 0.0854 0.0740 0.1143 0.0988 0.0852 0.0708 0.0656 0.0661 0.0665 0.0669 0.0690 0.0642 0.0621 0.0633 0.0501 0.0633 0.0651 0.0522 0.0450 0.0598 0.0651 0.0532 0.0730 0.0529 0.0567 0.0476],[2.1737 0.3160 0.2172 0.3174 0.1931 0.1978 0.1696 0.2098 0.1760 0.1712 0.1431 0.1740 0.1622 0.1745 0.1503 0.1522 0.1446 0.1322 0.1421 0.1318 0.1380 0.1471 0.1464 0.1538 0.1543 0.1290 0.1788 0.1655 0.1463 0.1373 0.1327 0.1325 0.1306 0.1315 0.1411 0.1365 0.1289 0.1335 0.1150 0.1331 0.1382 0.1368 0.1187 0.1331 0.1372 0.1268 0.1545 0.1277 0.1264 0.1250],[1.4130 0.5781 0.4257 0.3634 0.3309 0.3104 0.2908 0.2832 0.2691 0.2611 0.2573 0.2439 0.2424 0.2338 0.2322 0.2246 0.2186 0.2175 0.2157 0.2084 0.2094 0.2017 0.2023 0.2008 0.1971 0.1954 0.1934 0.1880 0.1871 0.1856 0.1855 0.1821 0.1808 0.1810 0.1788 0.1773 0.1753 0.1754 0.1738 0.1718 0.1691 0.1681 0.1683 0.1682 0.1644 0.1662 0.1624 0.1618 0.1623 0.1587]
