train_acc,valid_acc,test_acc,train_loss,valid_loss,train_aug_loss
0.9802358746528625,0.9610389471054077,0.9600073099136353,[1.7955 0.5427 0.3063 0.3083 0.3109 0.2596 0.1881 0.1856 0.1532 0.1875 0.2341 0.1822 0.1841 0.1601 0.1389 0.1614 0.1231 0.1275 0.1492 0.1290 0.1491 0.1534 0.1263 0.1343 0.1181 0.0916 0.1142 0.0892 0.1175 0.1323 0.1226 0.1164 0.0926 0.1157 0.1135 0.0873 0.1194 0.1358 0.0928 0.0854 0.0692 0.0764 0.0656 0.0954 0.1111 0.0991 0.1001 0.1041 0.0723 0.0956],[1.7650 0.5335 0.3182 0.3167 0.3131 0.2634 0.2053 0.1925 0.1847 0.1986 0.2463 0.2032 0.2067 0.1816 0.1655 0.1876 0.1550 0.1595 0.1785 0.1620 0.1795 0.1886 0.1635 0.1698 0.1492 0.1297 0.1555 0.1369 0.1570 0.1694 0.1633 0.1587 0.1371 0.1624 0.1625 0.1355 0.1684 0.1881 0.1486 0.1463 0.1261 0.1349 0.1206 0.1490 0.1672 0.1544 0.1506 0.1606 0.1232 0.1500],[1.9046 1.1925 0.5822 0.4598 0.4000 0.3674 0.3444 0.3217 0.3101 0.2963 0.2859 0.2771 0.2697 0.2655 0.2552 0.2523 0.2445 0.2414 0.2330 0.2311 0.2252 0.2261 0.2199 0.2189 0.2151 0.2101 0.2074 0.2062 0.2022 0.2055 0.2006 0.1950 0.1937 0.1906 0.1922 0.1849 0.1877 0.1815 0.1840 0.1799 0.1766 0.1785 0.1758 0.1749 0.1734 0.1687 0.1755 0.1730 0.1665 0.1665]
