train_acc,valid_acc,test_acc,train_loss,valid_loss,train_aug_loss
0.9886070489883423,0.9671266078948975,0.9654857516288757,[1.7554 0.3968 0.2452 0.2339 0.1714 0.2039 0.1379 0.1202 0.1642 0.1638 0.0888 0.2216 0.0786 0.1089 0.1809 0.1161 0.0757 0.1171 0.1191 0.1249 0.0837 0.0986 0.1008 0.0571 0.1183 0.1323 0.0642 0.0840 0.0712 0.0495 0.0469 0.0426 0.0382 0.0941 0.0628 0.0631 0.0341 0.0449 0.0409 0.0481 0.0533 0.0338 0.0622 0.0540 0.0497 0.0563 0.0725 0.0413 0.0666 0.1234],[1.6093 0.3751 0.2635 0.2424 0.2065 0.2238 0.1772 0.1591 0.2006 0.2078 0.1295 0.2758 0.1243 0.1605 0.2343 0.1788 0.1349 0.1819 0.1927 0.2087 0.1534 0.1743 0.1779 0.1334 0.1881 0.2103 0.1433 0.1545 0.1542 0.1186 0.1231 0.1197 0.1273 0.1851 0.1541 0.1533 0.1139 0.1423 0.1314 0.1452 0.1509 0.1244 0.1734 0.1620 0.1601 0.1644 0.1890 0.1493 0.1816 0.2589],[1.6718 0.5170 0.3678 0.3138 0.2789 0.2596 0.2404 0.2280 0.2155 0.2086 0.2010 0.1973 0.1873 0.1858 0.1799 0.1749 0.1673 0.1665 0.1597 0.1580 0.1553 0.1527 0.1481 0.1461 0.1442 0.1396 0.1401 0.1393 0.1347 0.1319 0.1300 0.1263 0.1245 0.1242 0.1234 0.1184 0.1180 0.1179 0.1171 0.1162 0.1125 0.1119 0.1101 0.1122 0.1062 0.1064 0.1088 0.1059 0.1037 0.1029]
