train_acc,valid_acc,test_acc,train_loss,valid_loss,train_aug_loss
0.9758058190345764,0.9648944735527039,0.9665814638137817,[2.9145 0.7965 0.3345 0.2590 0.1991 0.1905 0.1722 0.1574 0.1820 0.1502 0.1512 0.1268 0.1428 0.1180 0.1265 0.1331 0.1264 0.1272 0.0987 0.1205 0.1084 0.1168 0.1206 0.0783 0.1030 0.1040 0.0923 0.1132 0.0873 0.0836 0.0851 0.0986 0.0878 0.0692 0.0925 0.0771 0.0830 0.0949 0.0814 0.0835 0.0819 0.0739 0.0785 0.0753 0.0773 0.0855 0.0962 0.0703 0.0695 0.0547],[2.8286 0.8653 0.3600 0.3134 0.2241 0.2235 0.2071 0.1999 0.2267 0.1887 0.1999 0.1759 0.1968 0.1638 0.1733 0.1744 0.1899 0.1883 0.1445 0.1798 0.1673 0.1631 0.1725 0.1244 0.1568 0.1571 0.1472 0.1613 0.1543 0.1466 0.1498 0.1588 0.1498 0.1261 0.1512 0.1329 0.1419 0.1697 0.1495 0.1480 0.1552 0.1389 0.1434 0.1372 0.1405 0.1538 0.1516 0.1395 0.1429 0.1285],[1.9550 1.5400 0.6616 0.4511 0.3822 0.3532 0.3210 0.3029 0.2915 0.2773 0.2707 0.2594 0.2588 0.2483 0.2406 0.2318 0.2304 0.2276 0.2234 0.2218 0.2142 0.2143 0.2075 0.2048 0.2008 0.1989 0.1965 0.1956 0.1895 0.1878 0.1899 0.1872 0.1830 0.1841 0.1810 0.1809 0.1734 0.1728 0.1748 0.1712 0.1690 0.1661 0.1689 0.1633 0.1625 0.1655 0.1646 0.1589 0.1558 0.1602]
