train_acc,valid_acc,test_acc,train_loss,valid_loss,train_aug_loss
0.9834728240966797,0.9657061696052551,0.9645726680755615,[1.8552 0.7852 0.3855 0.2781 0.2515 0.2537 0.2049 0.1754 0.1713 0.1751 0.1659 0.1426 0.1902 0.1511 0.1556 0.1254 0.1314 0.1445 0.1037 0.1161 0.1017 0.1234 0.1054 0.1137 0.1012 0.1140 0.1117 0.1038 0.1078 0.0863 0.1195 0.0872 0.0919 0.0974 0.1230 0.0678 0.0812 0.1162 0.0897 0.1021 0.0742 0.1413 0.0871 0.1180 0.1154 0.0818 0.0980 0.0821 0.0578 0.0557],[1.8319 0.7232 0.4038 0.2802 0.2596 0.2655 0.2384 0.1977 0.2029 0.2002 0.1931 0.1748 0.2210 0.1904 0.1936 0.1692 0.1739 0.1845 0.1543 0.1631 0.1429 0.1719 0.1532 0.1645 0.1549 0.1685 0.1573 0.1606 0.1561 0.1376 0.1714 0.1404 0.1463 0.1545 0.1818 0.1279 0.1401 0.1772 0.1501 0.1663 0.1328 0.2078 0.1564 0.1786 0.1816 0.1496 0.1679 0.1476 0.1341 0.1243],[1.8583 1.1159 0.6442 0.5110 0.4443 0.4016 0.3752 0.3553 0.3391 0.3230 0.3110 0.2984 0.2909 0.2829 0.2696 0.2670 0.2611 0.2551 0.2488 0.2424 0.2408 0.2359 0.2365 0.2248 0.2251 0.2171 0.2190 0.2119 0.2141 0.2089 0.2064 0.2037 0.2007 0.1977 0.1976 0.1944 0.1916 0.1908 0.1925 0.1873 0.1888 0.1823 0.1853 0.1789 0.1798 0.1757 0.1766 0.1711 0.1701 0.1735]
