train_acc,valid_acc,test_acc,train_loss,valid_loss,train_aug_loss
0.9787396192550659,0.9606330990791321,0.9603725075721741,[1.8109 1.6164 0.4287 0.2866 0.2504 0.2179 0.1928 0.2022 0.1865 0.1588 0.1484 0.1567 0.1549 0.1413 0.1322 0.1203 0.1572 0.1232 0.0940 0.1161 0.1188 0.1104 0.0943 0.1195 0.1010 0.1083 0.1166 0.0827 0.1022 0.0888 0.0956 0.0859 0.0698 0.0955 0.1008 0.0791 0.0809 0.0978 0.0811 0.0800 0.0675 0.0985 0.0599 0.0743 0.0723 0.0760 0.0864 0.0684 0.0635 0.0807],[1.8689 1.7646 0.4979 0.3430 0.2789 0.2678 0.2339 0.2451 0.2325 0.1993 0.1953 0.2000 0.2086 0.1845 0.1752 0.1776 0.2237 0.1749 0.1463 0.1644 0.1732 0.1702 0.1513 0.1709 0.1569 0.1644 0.1853 0.1443 0.1660 0.1443 0.1546 0.1455 0.1295 0.1653 0.1640 0.1419 0.1484 0.1691 0.1462 0.1522 0.1391 0.1688 0.1302 0.1447 0.1444 0.1479 0.1679 0.1434 0.1421 0.1628],[1.9551 1.5385 0.6645 0.4664 0.3966 0.3549 0.3308 0.3109 0.2952 0.2835 0.2741 0.2611 0.2585 0.2461 0.2434 0.2354 0.2340 0.2284 0.2251 0.2140 0.2139 0.2090 0.2091 0.2043 0.2032 0.2003 0.1961 0.1912 0.1934 0.1891 0.1854 0.1821 0.1786 0.1802 0.1831 0.1804 0.1755 0.1755 0.1703 0.1724 0.1693 0.1676 0.1683 0.1666 0.1635 0.1629 0.1599 0.1602 0.1569 0.1584]
