train_acc,valid_acc,test_acc,train_loss,valid_loss,train_aug_loss
0.9799522757530212,0.9665178656578064,0.9605551362037659,[1.8456 1.9559 0.7367 0.4048 0.3607 0.3033 0.3207 0.2497 0.2470 0.1784 0.2166 0.2161 0.2209 0.1844 0.2212 0.1994 0.1897 0.1877 0.1342 0.1319 0.1718 0.1328 0.1476 0.1896 0.1703 0.1073 0.1046 0.1739 0.1358 0.1277 0.1248 0.0978 0.1434 0.1033 0.1432 0.1149 0.1303 0.1213 0.1218 0.1220 0.1364 0.1314 0.1031 0.0885 0.0867 0.0652 0.1217 0.1225 0.0964 0.1077],[1.7955 1.6694 0.6529 0.3987 0.3538 0.3004 0.3067 0.2497 0.2534 0.1991 0.2307 0.2316 0.2429 0.2123 0.2522 0.2302 0.2207 0.2179 0.1677 0.1622 0.2087 0.1666 0.1822 0.2287 0.2114 0.1519 0.1471 0.2274 0.1797 0.1771 0.1672 0.1425 0.1975 0.1511 0.1946 0.1716 0.1870 0.1757 0.1836 0.1838 0.1998 0.1911 0.1651 0.1453 0.1412 0.1196 0.1831 0.1894 0.1590 0.1683],[1.9321 1.5862 1.0226 0.7092 0.5738 0.5048 0.4500 0.4090 0.3891 0.3627 0.3448 0.3281 0.3188 0.3069 0.2942 0.2839 0.2769 0.2689 0.2592 0.2578 0.2479 0.2458 0.2369 0.2342 0.2332 0.2293 0.2234 0.2203 0.2146 0.2109 0.2099 0.2057 0.2037 0.2040 0.1992 0.1978 0.1916 0.1914 0.1920 0.1860 0.1828 0.1830 0.1807 0.1788 0.1795 0.1762 0.1759 0.1708 0.1696 0.1693]
