train_acc,valid_acc,test_acc,train_loss,valid_loss,train_aug_loss
0.9900530576705933,0.9711573719978333,0.9535219669342041,[3.2265 0.6648 0.3264 0.2703 0.2342 0.2042 0.1762 0.1552 0.1368 0.1230 0.1891 0.1067 0.1114 0.1052 0.1033 0.1070 0.0992 0.1231 0.0764 0.1434 0.0676 0.0985 0.0874 0.0667 0.0688 0.0755 0.1500 0.0568 0.0982 0.0716 0.0552 0.0739 0.0650 0.0612 0.0505 0.0731 0.0592 0.0761 0.0547 0.0702 0.0638 0.0432 0.0497 0.0453 0.0516 0.0344 0.0425 0.0303 0.0497 0.1079 0.0325 0.0303 0.0304 0.0469 0.0412 0.0335 0.0302 0.0351 0.0338 0.0333 0.0384 0.0312 0.0862 0.0242 0.0268 0.0298 0.0269 0.0260 0.0521 0.0240 0.0215 0.0242 0.0268 0.0304 0.0337 0.0309 0.0451 0.0303 0.0199 0.0234 0.0492 0.0439 0.0166 0.0168 0.0220 0.0187 0.0176 0.0263 0.0488 0.0439 0.0180 0.0147 0.0209 0.0361 0.0291 0.0134 0.0162 0.0169 0.0180 0.0241],[2.9975 0.6981 0.3456 0.2738 0.2617 0.2431 0.2056 0.1940 0.1692 0.1720 0.2344 0.1499 0.1483 0.1487 0.1537 0.1522 0.1518 0.1925 0.1236 0.1818 0.1150 0.1677 0.1458 0.1251 0.1334 0.1458 0.2576 0.1138 0.1922 0.1454 0.1278 0.1571 0.1469 0.1385 0.1290 0.1712 0.1376 0.1747 0.1306 0.1689 0.1535 0.1149 0.1367 0.1261 0.1403 0.1051 0.1257 0.1044 0.1378 0.2538 0.1252 0.1176 0.1154 0.1400 0.1378 0.1163 0.1099 0.1277 0.1395 0.1415 0.1456 0.1392 0.2322 0.1061 0.1241 0.1399 0.1220 0.1296 0.1805 0.1294 0.1223 0.1179 0.1400 0.1421 0.1562 0.1455 0.1832 0.1451 0.1208 0.1376 0.1917 0.1896 0.1176 0.1276 0.1522 0.1373 0.1308 0.1684 0.2059 0.2031 0.1504 0.1501 0.1527 0.1896 0.1805 0.1276 0.1258 0.1453 0.1514 0.1704],[1.9986 1.2245 0.5043 0.3803 0.3318 0.2998 0.2750 0.2600 0.2445 0.2315 0.2196 0.2129 0.2067 0.1995 0.1933 0.1870 0.1806 0.1740 0.1706 0.1661 0.1592 0.1561 0.1539 0.1505 0.1453 0.1448 0.1428 0.1376 0.1373 0.1347 0.1318 0.1285 0.1290 0.1239 0.1233 0.1219 0.1197 0.1158 0.1161 0.1121 0.1129 0.1115 0.1104 0.1083 0.1061 0.1058 0.1032 0.1017 0.1032 0.0996 0.0993 0.0968 0.0988 0.0920 0.0916 0.0937 0.0916 0.0909 0.0897 0.0908 0.0879 0.0872 0.0853 0.0860 0.0842 0.0844 0.0838 0.0834 0.0801 0.0797 0.0791 0.0793 0.0802 0.0783 0.0783 0.0771 0.0762 0.0736 0.0756 0.0741 0.0735 0.0731 0.0714 0.0708 0.0714 0.0713 0.0705 0.0696 0.0679 0.0695 0.0677 0.0641 0.0657 0.0667 0.0647 0.0660 0.0657 0.0641 0.0632 0.0611]
