train_acc,valid_acc,test_acc,train_loss,valid_loss,train_aug_loss
0.9862795472145081,0.9634740352630615,0.9627465009689331,[4.8828 0.3207 0.2322 0.1912 0.1670 0.1697 0.1199 0.1508 0.1510 0.1244 0.1491 0.0910 0.1237 0.0973 0.1244 0.0719 0.0898 0.0933 0.1662 0.1098 0.1250 0.0837 0.0784 0.1276 0.1419 0.0619 0.0823 0.0898 0.0760 0.0863 0.0946 0.0738 0.0467 0.0628 0.0994 0.1327 0.0402 0.0593 0.1740 0.0931 0.0480 0.0426 0.0996 0.0523 0.0563 0.0577 0.0581 0.0493 0.0969 0.0607],[4.4602 0.3299 0.2512 0.2222 0.2019 0.2129 0.1659 0.1978 0.2019 0.1854 0.2234 0.1611 0.1878 0.1608 0.2055 0.1430 0.1649 0.1755 0.2516 0.1920 0.2033 0.1664 0.1687 0.2332 0.2540 0.1590 0.1833 0.1818 0.1668 0.1827 0.1949 0.1820 0.1410 0.1565 0.2218 0.2469 0.1343 0.1636 0.2977 0.2142 0.1595 0.1486 0.2357 0.1709 0.1778 0.1771 0.1790 0.1821 0.2271 0.1900],[1.8356 0.6233 0.3730 0.3167 0.2834 0.2591 0.2414 0.2324 0.2214 0.2122 0.1974 0.1959 0.1879 0.1812 0.1783 0.1729 0.1686 0.1664 0.1611 0.1577 0.1557 0.1510 0.1467 0.1447 0.1393 0.1416 0.1382 0.1337 0.1338 0.1333 0.1292 0.1261 0.1254 0.1254 0.1188 0.1217 0.1171 0.1169 0.1162 0.1117 0.1139 0.1097 0.1111 0.1085 0.1053 0.1080 0.1067 0.1031 0.1052 0.1029]
