train_acc,valid_acc,test_acc,train_loss,valid_loss,train_aug_loss
0.97861248254776,0.9632710814476013,0.9570854902267456,[2.0039 1.2806 0.7569 0.6247 0.5577 0.5113 0.3789 0.2898 0.2936 0.2664 0.2690 0.2000 0.2048 0.1850 0.1986 0.1681 0.1728 0.1899 0.1491 0.1436 0.1448 0.1279 0.1322 0.1170 0.1047 0.1455 0.1389 0.1293 0.1071 0.1114 0.1053 0.0901 0.1055 0.0987 0.1388 0.0991 0.0923 0.1319 0.1005 0.1194 0.1127 0.1277 0.1036 0.0762 0.0752 0.0931 0.0772 0.0664 0.0884 0.0740],[1.9223 1.1272 0.6913 0.5598 0.5082 0.4655 0.3638 0.2799 0.2890 0.2621 0.2671 0.2054 0.2122 0.1933 0.2117 0.1917 0.1939 0.2130 0.1836 0.1718 0.1748 0.1585 0.1629 0.1495 0.1376 0.1825 0.1794 0.1708 0.1484 0.1545 0.1477 0.1302 0.1465 0.1431 0.1821 0.1422 0.1366 0.1773 0.1466 0.1728 0.1652 0.1757 0.1525 0.1246 0.1252 0.1450 0.1311 0.1154 0.1422 0.1276],[1.9414 1.4760 0.9757 0.7064 0.5871 0.5129 0.4640 0.4260 0.3960 0.3768 0.3511 0.3307 0.3237 0.3085 0.2964 0.2884 0.2765 0.2715 0.2629 0.2559 0.2518 0.2428 0.2383 0.2351 0.2313 0.2264 0.2227 0.2184 0.2132 0.2096 0.2098 0.2056 0.2000 0.1974 0.1944 0.1938 0.1940 0.1907 0.1872 0.1841 0.1813 0.1804 0.1762 0.1781 0.1766 0.1742 0.1740 0.1655 0.1681 0.1675]
