train_acc,valid_acc,test_acc,train_loss,valid_loss,train_aug_loss
0.9846251606941223,0.9642205238342285,0.9471709132194519,[2.0804 2.0194 0.8438 0.4929 0.5005 0.2996 0.4925 0.3114 0.2187 0.2111 0.2170 0.1403 0.2062 0.1521 0.1786 0.2077 0.1016 0.1620 0.1697 0.1293 0.2077 0.1895 0.1422 0.1312 0.1349 0.0948 0.0865 0.1526 0.1697 0.1119 0.1523 0.0684 0.1641 0.1923 0.1955 0.1929 0.1001 0.1278 0.0815 0.0725 0.1126 0.0469 0.1040 0.0802 0.1005 0.0540 0.1381 0.0900 0.0802 0.0905 0.0950 0.1113 0.0879 0.1102 0.0946 0.0605 0.0658 0.1011 0.0597 0.0700 0.0338 0.2143 0.1424 0.0353 0.2243 0.0532 0.0700 0.0929 0.0696 0.0769 0.0255 0.0409 0.0448 0.0934 0.0399 0.0697 0.0335 0.0400 0.0249 0.0622 0.0923 0.0630 0.0640 0.0321 0.1526 0.1004 0.0868 0.0481 0.0521 0.0538 0.0650 0.0383 0.0327 0.0475 0.0828 0.0283 0.0999 0.0414 0.0766 0.0249],[2.0822 2.2149 1.0354 0.5855 0.6640 0.3892 0.5890 0.4459 0.3140 0.2898 0.3222 0.2083 0.2697 0.2243 0.2571 0.2915 0.1577 0.2574 0.2577 0.2152 0.3528 0.3077 0.2455 0.2192 0.2321 0.1640 0.1539 0.2599 0.2773 0.2204 0.2687 0.1467 0.2674 0.3257 0.3567 0.3387 0.1953 0.2267 0.1714 0.1543 0.2237 0.1032 0.2110 0.1692 0.2070 0.1343 0.2615 0.1927 0.1833 0.1899 0.2110 0.2294 0.2067 0.2469 0.2269 0.1675 0.1760 0.2251 0.1585 0.1821 0.1240 0.3951 0.2949 0.1278 0.4119 0.1542 0.1876 0.2105 0.1910 0.2018 0.1140 0.1487 0.1426 0.2358 0.1419 0.1998 0.1419 0.1435 0.1158 0.1913 0.2378 0.1934 0.2107 0.1339 0.3443 0.2673 0.2323 0.1765 0.1889 0.1895 0.2114 0.1583 0.1525 0.1957 0.2371 0.1408 0.2648 0.1718 0.2520 0.1431],[2.0239 1.5894 0.6993 0.3999 0.3314 0.2927 0.2648 0.2461 0.2361 0.2163 0.2130 0.2017 0.1940 0.1844 0.1796 0.1753 0.1697 0.1648 0.1619 0.1571 0.1527 0.1501 0.1459 0.1411 0.1411 0.1372 0.1330 0.1330 0.1323 0.1289 0.1244 0.1231 0.1214 0.1195 0.1199 0.1168 0.1149 0.1121 0.1115 0.1079 0.1095 0.1067 0.1065 0.1045 0.1004 0.1009 0.1012 0.0993 0.0968 0.0959 0.0954 0.0934 0.0940 0.0908 0.0909 0.0893 0.0891 0.0880 0.0869 0.0855 0.0858 0.0833 0.0847 0.0806 0.0827 0.0796 0.0806 0.0791 0.0782 0.0779 0.0759 0.0768 0.0757 0.0734 0.0732 0.0733 0.0737 0.0721 0.0703 0.0700 0.0697 0.0702 0.0684 0.0689 0.0665 0.0679 0.0680 0.0668 0.0661 0.0640 0.0637 0.0655 0.0635 0.0618 0.0636 0.0606 0.0616 0.0597 0.0625 0.0605]
