train_acc,valid_acc,test_acc,train_loss,valid_loss,train_aug_loss
0.980333685874939,0.9667207598686218,0.9660335779190063,[2.2253 0.7921 0.2598 0.2714 0.2369 0.1906 0.2210 0.2102 0.1606 0.1830 0.1440 0.1611 0.1649 0.1429 0.1654 0.1736 0.1780 0.1242 0.0952 0.1739 0.1139 0.0949 0.1163 0.1415 0.1182 0.1291 0.1149 0.1141 0.1256 0.1149 0.1319 0.1144 0.0989 0.1256 0.1210 0.0990 0.1111 0.0967 0.0962 0.0833 0.0700 0.1078 0.1043 0.0810 0.0859 0.1071 0.0762 0.0890 0.0725 0.0876],[2.1770 0.7841 0.2646 0.2585 0.2177 0.1862 0.2165 0.2027 0.1831 0.1988 0.1680 0.1781 0.1899 0.1585 0.1923 0.1985 0.2005 0.1655 0.1442 0.1970 0.1497 0.1361 0.1577 0.1806 0.1549 0.1699 0.1607 0.1512 0.1718 0.1622 0.1771 0.1615 0.1434 0.1724 0.1703 0.1452 0.1580 0.1432 0.1431 0.1333 0.1198 0.1562 0.1461 0.1405 0.1478 0.1666 0.1286 0.1510 0.1409 0.1399],[1.9093 1.1956 0.5894 0.4627 0.4059 0.3662 0.3386 0.3261 0.3111 0.3006 0.2911 0.2811 0.2721 0.2646 0.2543 0.2508 0.2457 0.2405 0.2352 0.2309 0.2305 0.2205 0.2260 0.2184 0.2151 0.2109 0.2102 0.2091 0.2050 0.2009 0.1998 0.1940 0.1963 0.1915 0.1944 0.1912 0.1878 0.1837 0.1871 0.1835 0.1807 0.1789 0.1778 0.1758 0.1751 0.1747 0.1719 0.1700 0.1709 0.1722]
