train_acc,valid_acc,test_acc,train_loss,valid_loss,train_aug_loss
0.9843725562095642,0.9663149118423462,0.9678597450256348,[2.8330 3.0426 0.3240 0.2045 0.1947 0.2349 0.1735 0.1613 0.1493 0.1391 0.1332 0.1259 0.1113 0.1157 0.1182 0.1106 0.0987 0.1017 0.0879 0.0942 0.0887 0.1040 0.0823 0.0790 0.0875 0.0768 0.0765 0.0783 0.0945 0.0786 0.0890 0.0854 0.0879 0.0628 0.0752 0.0667 0.0659 0.0646 0.0589 0.0608 0.0614 0.0541 0.0707 0.0545 0.0621 0.0570 0.0553 0.0582 0.0617 0.0526],[2.6752 2.7649 0.3682 0.2167 0.2188 0.2438 0.2140 0.2174 0.1693 0.1827 0.1730 0.1682 0.1632 0.1573 0.1747 0.1613 0.1494 0.1390 0.1362 0.1397 0.1311 0.1754 0.1248 0.1266 0.1392 0.1260 0.1319 0.1399 0.1396 0.1290 0.1339 0.1480 0.1317 0.1245 0.1494 0.1297 0.1201 0.1307 0.1275 0.1182 0.1251 0.1150 0.1278 0.1177 0.1170 0.1163 0.1402 0.1289 0.1318 0.1187],[1.9629 1.6318 0.6977 0.4357 0.3751 0.3425 0.3162 0.3004 0.2904 0.2782 0.2708 0.2581 0.2507 0.2448 0.2412 0.2356 0.2314 0.2249 0.2191 0.2195 0.2153 0.2093 0.2043 0.2029 0.1997 0.1974 0.1952 0.1911 0.1921 0.1893 0.1881 0.1796 0.1800 0.1770 0.1755 0.1755 0.1758 0.1713 0.1697 0.1661 0.1669 0.1666 0.1638 0.1633 0.1598 0.1604 0.1567 0.1564 0.1563 0.1547]
