train_acc,valid_acc,test_acc,train_loss,valid_loss,train_aug_loss
0.9850668907165527,0.9614447951316833,0.9640248417854309,[2.2019 0.7934 0.4203 0.2777 0.2726 0.1855 0.1879 0.1662 0.2260 0.1721 0.1797 0.1544 0.1039 0.0920 0.1580 0.1366 0.1267 0.0833 0.1121 0.0755 0.0980 0.0897 0.0951 0.0803 0.0959 0.0964 0.1123 0.0905 0.0837 0.0990 0.0920 0.0917 0.0701 0.1007 0.0819 0.0631 0.0592 0.0924 0.0686 0.0711 0.0792 0.1075 0.0575 0.0995 0.0707 0.0543 0.0550 0.0743 0.0746 0.0470],[2.2528 0.7493 0.3956 0.2999 0.2964 0.2222 0.2187 0.2108 0.2712 0.2276 0.2316 0.2107 0.1540 0.1465 0.2090 0.1935 0.1877 0.1443 0.1802 0.1349 0.1682 0.1504 0.1691 0.1446 0.1640 0.1768 0.1892 0.1745 0.1667 0.1830 0.1820 0.1756 0.1418 0.1803 0.1580 0.1391 0.1325 0.1741 0.1500 0.1546 0.1592 0.1873 0.1304 0.1915 0.1578 0.1306 0.1400 0.1620 0.1656 0.1303],[1.7867 0.8607 0.5279 0.4369 0.3897 0.3535 0.3367 0.3166 0.3031 0.2934 0.2800 0.2700 0.2584 0.2563 0.2488 0.2470 0.2382 0.2354 0.2296 0.2237 0.2173 0.2188 0.2148 0.2090 0.2117 0.2057 0.1992 0.1966 0.1969 0.1942 0.1925 0.1895 0.1886 0.1864 0.1857 0.1802 0.1822 0.1806 0.1770 0.1783 0.1733 0.1711 0.1724 0.1722 0.1695 0.1687 0.1645 0.1644 0.1626 0.1594]
