train_acc,valid_acc,test_acc,train_loss,valid_loss,train_aug_loss
0.9859008193016052,0.9642205238342285,0.943129301071167,[2.0619 2.0014 2.3072 2.2468 2.5055 2.0114 1.3781 0.8083 0.6854 0.5126 0.5062 0.4305 0.3429 0.3642 0.2988 0.2681 0.3048 0.2619 0.2407 0.2583 0.2554 0.2288 0.2238 0.2125 0.2134 0.1953 0.1857 0.1609 0.1790 0.1658 0.1706 0.1533 0.1560 0.1358 0.1561 0.1446 0.1282 0.1476 0.1325 0.1324 0.1141 0.1166 0.1158 0.1093 0.1109 0.1003 0.1049 0.1064 0.0973 0.1000 0.0928 0.0896 0.0831 0.0824 0.0867 0.0999 0.0795 0.0707 0.0827 0.0784 0.0769 0.0810 0.0802 0.0746 0.0651 0.0682 0.0703 0.0663 0.0678 0.0682 0.0687 0.0687 0.0573 0.0642 0.0637 0.0576 0.0592 0.0617 0.0572 0.0616 0.0698 0.0543 0.0557 0.0512 0.0488 0.0505 0.0511 0.0548 0.0483 0.0499 0.0479 0.0509 0.0462 0.0469 0.0486 0.0449 0.0528 0.0452 0.0438 0.0422],[2.0563 1.9836 2.2106 2.1089 2.3886 2.2026 1.4627 0.8896 0.7506 0.5472 0.5440 0.4702 0.3887 0.4040 0.3456 0.3030 0.3453 0.3045 0.2788 0.2984 0.3101 0.2639 0.2672 0.2601 0.2591 0.2390 0.2229 0.2060 0.2444 0.2136 0.2199 0.2087 0.2048 0.1878 0.1982 0.1982 0.1722 0.2063 0.1808 0.1843 0.1693 0.1688 0.1647 0.1639 0.1631 0.1533 0.1594 0.1633 0.1537 0.1614 0.1515 0.1558 0.1424 0.1462 0.1426 0.1613 0.1448 0.1293 0.1481 0.1424 0.1418 0.1450 0.1426 0.1472 0.1278 0.1349 0.1396 0.1309 0.1349 0.1370 0.1403 0.1433 0.1249 0.1356 0.1290 0.1251 0.1347 0.1387 0.1264 0.1340 0.1376 0.1260 0.1270 0.1250 0.1272 0.1237 0.1197 0.1390 0.1323 0.1312 0.1215 0.1261 0.1202 0.1197 0.1285 0.1223 0.1382 0.1272 0.1243 0.1197],[2.1853 2.0204 1.9180 1.8225 1.7332 1.4451 1.1834 0.9413 0.7552 0.6523 0.5859 0.5310 0.4944 0.4598 0.4304 0.4040 0.3860 0.3659 0.3473 0.3370 0.3279 0.3155 0.3005 0.2906 0.2859 0.2803 0.2720 0.2624 0.2604 0.2531 0.2458 0.2387 0.2362 0.2308 0.2249 0.2219 0.2186 0.2138 0.2108 0.2086 0.2059 0.1992 0.1980 0.1930 0.1922 0.1898 0.1875 0.1843 0.1808 0.1778 0.1760 0.1743 0.1727 0.1728 0.1687 0.1662 0.1645 0.1617 0.1599 0.1597 0.1545 0.1534 0.1547 0.1511 0.1510 0.1480 0.1468 0.1437 0.1444 0.1423 0.1411 0.1415 0.1407 0.1372 0.1374 0.1342 0.1329 0.1298 0.1318 0.1298 0.1284 0.1264 0.1287 0.1248 0.1249 0.1250 0.1221 0.1208 0.1209 0.1180 0.1196 0.1182 0.1171 0.1169 0.1143 0.1127 0.1131 0.1126 0.1106 0.1088]
