train_acc,valid_acc,test_acc,train_loss,valid_loss,train_aug_loss
0.9819081425666809,0.9646915793418884,0.960189938545227,[2.3810 0.7398 0.2731 0.3082 0.2457 0.1726 0.2036 0.1893 0.1325 0.1831 0.1709 0.1248 0.1321 0.1135 0.1139 0.1499 0.0926 0.1287 0.0814 0.1417 0.1516 0.1305 0.0815 0.0811 0.0833 0.0864 0.0983 0.1000 0.0927 0.0757 0.0685 0.0715 0.0887 0.0894 0.1031 0.0643 0.0735 0.0752 0.0778 0.0739 0.0774 0.1662 0.0647 0.0811 0.0679 0.0634 0.0737 0.0571 0.0829 0.0643],[2.3104 0.6605 0.2729 0.3139 0.2439 0.1960 0.2248 0.2037 0.1717 0.2218 0.2059 0.1598 0.1683 0.1551 0.1670 0.1799 0.1442 0.1706 0.1391 0.1963 0.1958 0.1907 0.1369 0.1422 0.1446 0.1447 0.1540 0.1463 0.1517 0.1314 0.1220 0.1308 0.1501 0.1527 0.1706 0.1241 0.1364 0.1334 0.1481 0.1401 0.1470 0.2368 0.1259 0.1474 0.1428 0.1330 0.1447 0.1208 0.1519 0.1349],[1.8332 0.9813 0.5776 0.4572 0.4034 0.3709 0.3414 0.3275 0.3102 0.2995 0.2894 0.2820 0.2695 0.2639 0.2590 0.2508 0.2454 0.2420 0.2380 0.2353 0.2292 0.2244 0.2218 0.2144 0.2146 0.2140 0.2101 0.2067 0.2043 0.2047 0.1989 0.1914 0.1954 0.1942 0.1886 0.1894 0.1876 0.1836 0.1835 0.1826 0.1775 0.1776 0.1757 0.1757 0.1744 0.1698 0.1677 0.1696 0.1706 0.1691]
