train_acc,valid_acc,test_acc,train_loss,valid_loss,train_aug_loss
0.982250452041626,0.9620535969734192,0.9631117582321167,[3.1025 1.2377 0.4145 0.2682 0.2213 0.2177 0.1788 0.1879 0.1603 0.1565 0.1219 0.1502 0.1297 0.1199 0.1075 0.1098 0.1030 0.0995 0.0980 0.0995 0.1127 0.1051 0.0805 0.1028 0.0926 0.0956 0.0965 0.0900 0.0700 0.0648 0.0834 0.0812 0.0748 0.0786 0.0648 0.0825 0.0727 0.0696 0.0619 0.0741 0.0625 0.0577 0.0772 0.0806 0.0664 0.0654 0.0526 0.0576 0.0517 0.0512],[2.9520 1.2942 0.4640 0.2959 0.2471 0.2567 0.2184 0.2315 0.1940 0.2040 0.1649 0.1858 0.1797 0.1652 0.1577 0.1704 0.1655 0.1560 0.1518 0.1601 0.1717 0.1775 0.1471 0.1765 0.1534 0.1588 0.1674 0.1566 0.1554 0.1341 0.1492 0.1516 0.1417 0.1625 0.1455 0.1429 0.1491 0.1509 0.1376 0.1565 0.1414 0.1405 0.1599 0.1685 0.1536 0.1497 0.1365 0.1444 0.1376 0.1267],[1.9560 1.4272 0.5618 0.4097 0.3572 0.3260 0.3037 0.2894 0.2679 0.2613 0.2461 0.2429 0.2304 0.2275 0.2178 0.2100 0.2103 0.2071 0.1974 0.1930 0.1896 0.1892 0.1797 0.1777 0.1785 0.1727 0.1704 0.1671 0.1668 0.1624 0.1619 0.1589 0.1571 0.1560 0.1529 0.1501 0.1514 0.1486 0.1458 0.1454 0.1450 0.1417 0.1374 0.1404 0.1370 0.1377 0.1357 0.1346 0.1305 0.1312]
