train_acc,valid_acc,test_acc,train_loss,valid_loss,train_aug_loss
0.9800109267234802,0.9659090638160706,0.9620160460472107,[1.9814 1.2372 0.6576 0.4775 0.4077 0.2455 0.2182 0.3048 0.1526 0.2064 0.1920 0.1549 0.1926 0.2734 0.2086 0.2031 0.1053 0.1476 0.0980 0.0902 0.1335 0.1658 0.0933 0.1308 0.1187 0.0904 0.0944 0.1060 0.0824 0.1446 0.1493 0.0949 0.1294 0.0730 0.0671 0.1267 0.1520 0.0995 0.1237 0.1065 0.0781 0.0870 0.0767 0.1125 0.1059 0.0832 0.1131 0.0940 0.0746 0.0847],[1.9469 1.1071 0.5957 0.4206 0.3685 0.2430 0.2244 0.2674 0.1661 0.2121 0.2006 0.1665 0.2023 0.2740 0.2248 0.2123 0.1407 0.1794 0.1360 0.1417 0.1661 0.1926 0.1306 0.1617 0.1535 0.1298 0.1348 0.1467 0.1233 0.1743 0.1819 0.1390 0.1667 0.1199 0.1113 0.1653 0.1886 0.1478 0.1665 0.1462 0.1263 0.1365 0.1219 0.1570 0.1509 0.1351 0.1598 0.1437 0.1309 0.1337],[1.9293 1.4256 0.8150 0.5891 0.4894 0.4314 0.3916 0.3651 0.3420 0.3263 0.3095 0.2968 0.2871 0.2750 0.2664 0.2635 0.2572 0.2508 0.2410 0.2388 0.2328 0.2315 0.2242 0.2200 0.2184 0.2157 0.2114 0.2045 0.2074 0.2027 0.1967 0.1969 0.1943 0.1917 0.1883 0.1899 0.1860 0.1845 0.1839 0.1794 0.1790 0.1755 0.1745 0.1752 0.1744 0.1695 0.1672 0.1655 0.1671 0.1632]
