train_acc,valid_acc,test_acc,train_loss,valid_loss,train_aug_loss
0.9799816012382507,0.9677354097366333,0.9654857516288757,[1.8431 0.6470 0.3880 0.3062 0.2664 0.2428 0.1849 0.2173 0.2278 0.1846 0.1557 0.2187 0.1998 0.1359 0.1587 0.1702 0.1243 0.1239 0.1568 0.1138 0.1115 0.1108 0.1588 0.0894 0.1100 0.1116 0.1299 0.1005 0.0907 0.1167 0.0878 0.0806 0.1044 0.0786 0.0922 0.1119 0.0740 0.0670 0.1184 0.1049 0.1163 0.1191 0.0827 0.0900 0.1311 0.0708 0.0694 0.0720 0.0974 0.0795],[1.7931 0.5763 0.3971 0.2991 0.2494 0.2274 0.1896 0.2134 0.2242 0.1819 0.1654 0.2059 0.2082 0.1561 0.1700 0.1858 0.1778 0.1556 0.1765 0.1389 0.1371 0.1388 0.1746 0.1267 0.1434 0.1379 0.1632 0.1312 0.1320 0.1565 0.1285 0.1205 0.1373 0.1231 0.1298 0.1508 0.1167 0.1110 0.1683 0.1371 0.1455 0.1566 0.1194 0.1269 0.1778 0.1159 0.1163 0.1208 0.1459 0.1224],[1.8945 1.0785 0.5747 0.4535 0.3994 0.3715 0.3386 0.3161 0.3067 0.2962 0.2807 0.2779 0.2697 0.2561 0.2518 0.2484 0.2394 0.2398 0.2389 0.2297 0.2258 0.2226 0.2213 0.2178 0.2137 0.2084 0.2075 0.2058 0.2016 0.2000 0.1989 0.1991 0.1946 0.1910 0.1921 0.1857 0.1903 0.1875 0.1834 0.1820 0.1839 0.1750 0.1784 0.1740 0.1725 0.1750 0.1671 0.1716 0.1666 0.1660]
