train_acc,valid_acc,test_acc,train_loss,valid_loss,train_aug_loss
0.9767153263092041,0.963676929473877,0.9632943868637085,[2.7826 0.4455 0.2400 0.2131 0.1915 0.2676 0.1617 0.1676 0.1397 0.1666 0.1260 0.1264 0.1324 0.1176 0.1120 0.1209 0.1040 0.0936 0.1080 0.0992 0.1055 0.0904 0.0992 0.0701 0.0931 0.0837 0.0954 0.0843 0.0940 0.0773 0.0757 0.0812 0.0655 0.0759 0.0768 0.0764 0.0885 0.0856 0.0684 0.0716 0.0700 0.0643 0.0573 0.0615 0.0710 0.0641 0.0517 0.0649 0.0561 0.0592],[2.6636 0.4611 0.2618 0.2310 0.2089 0.3022 0.1878 0.1936 0.1693 0.1928 0.1548 0.1582 0.1611 0.1573 0.1452 0.1538 0.1459 0.1428 0.1547 0.1561 0.1618 0.1425 0.1448 0.1207 0.1407 0.1373 0.1466 0.1470 0.1566 0.1342 0.1367 0.1401 0.1262 0.1433 0.1462 0.1443 0.1534 0.1508 0.1324 0.1504 0.1530 0.1296 0.1296 0.1383 0.1545 0.1499 0.1238 0.1426 0.1392 0.1499],[1.9526 1.1967 0.4857 0.3934 0.3435 0.3161 0.2936 0.2755 0.2610 0.2529 0.2407 0.2348 0.2284 0.2202 0.2140 0.2115 0.2033 0.1993 0.1935 0.1908 0.1865 0.1818 0.1809 0.1758 0.1755 0.1735 0.1662 0.1650 0.1625 0.1602 0.1567 0.1541 0.1572 0.1491 0.1491 0.1509 0.1432 0.1434 0.1424 0.1400 0.1383 0.1395 0.1384 0.1359 0.1339 0.1293 0.1299 0.1283 0.1293 0.1268]
