train_acc,valid_acc,test_acc,train_loss,valid_loss,train_aug_loss
0.9868174195289612,0.9634740352630615,0.9653031229972839,[1.9812 3.1676 2.6348 0.7430 0.5216 0.4733 0.2945 0.3458 0.2966 0.2710 0.2350 0.2265 0.2115 0.2022 0.1958 0.1893 0.1816 0.1444 0.1982 0.1540 0.1464 0.1412 0.1413 0.1303 0.1512 0.1281 0.1186 0.1178 0.1297 0.1334 0.1142 0.1186 0.1041 0.1131 0.1106 0.1042 0.0940 0.1128 0.1054 0.1043 0.1031 0.0853 0.0926 0.0897 0.0882 0.0915 0.0918 0.0908 0.0909 0.0937 0.0916 0.0739 0.0840 0.0806 0.0780 0.0796 0.0760 0.0768 0.0797 0.0625 0.0747 0.0896 0.0906 0.0717 0.0693 0.0626 0.0743 0.0806 0.0658 0.0683 0.0586 0.0627 0.0684 0.0582 0.0588 0.0681 0.0687 0.0552 0.0555 0.0671 0.0601 0.0548 0.0499 0.0514 0.0669 0.0511 0.0535 0.0543 0.0485 0.0570 0.0397 0.0575 0.0479 0.0430 0.0494 0.0396 0.0511 0.0467 0.0372 0.0424],[1.9888 3.0061 2.7657 0.8519 0.5695 0.5189 0.3189 0.3816 0.3319 0.2941 0.2591 0.2570 0.2352 0.2357 0.2265 0.2102 0.2169 0.1723 0.2309 0.1954 0.1754 0.1802 0.1682 0.1731 0.1939 0.1672 0.1503 0.1591 0.1712 0.1758 0.1565 0.1616 0.1515 0.1571 0.1611 0.1564 0.1417 0.1538 0.1565 0.1558 0.1488 0.1395 0.1517 0.1475 0.1440 0.1571 0.1527 0.1532 0.1548 0.1601 0.1514 0.1349 0.1524 0.1458 0.1449 0.1537 0.1389 0.1440 0.1585 0.1337 0.1486 0.1638 0.1681 0.1484 0.1490 0.1444 0.1608 0.1578 0.1475 0.1463 0.1447 0.1496 0.1559 0.1438 0.1448 0.1552 0.1667 0.1492 0.1422 0.1567 0.1516 0.1454 0.1347 0.1370 0.1612 0.1458 0.1440 0.1559 0.1419 0.1566 0.1315 0.1602 0.1502 0.1466 0.1473 0.1385 0.1561 0.1561 0.1313 0.1424],[2.0883 1.8801 1.6228 0.8918 0.5848 0.4834 0.4266 0.3907 0.3617 0.3401 0.3230 0.3110 0.3014 0.2859 0.2780 0.2708 0.2561 0.2556 0.2468 0.2411 0.2311 0.2256 0.2218 0.2157 0.2129 0.2090 0.2033 0.2005 0.1948 0.1901 0.1901 0.1853 0.1825 0.1788 0.1769 0.1773 0.1719 0.1674 0.1690 0.1632 0.1634 0.1576 0.1587 0.1580 0.1555 0.1510 0.1523 0.1488 0.1459 0.1424 0.1427 0.1427 0.1406 0.1408 0.1402 0.1364 0.1354 0.1314 0.1320 0.1305 0.1309 0.1275 0.1284 0.1242 0.1242 0.1248 0.1226 0.1212 0.1199 0.1208 0.1178 0.1185 0.1142 0.1182 0.1132 0.1130 0.1120 0.1122 0.1106 0.1091 0.1102 0.1074 0.1076 0.1092 0.1048 0.1021 0.1076 0.1050 0.1039 0.1041 0.0991 0.1011 0.0999 0.0992 0.0970 0.0975 0.0980 0.0935 0.0976 0.0922]
