train_acc,valid_acc,test_acc,train_loss,valid_loss,train_aug_loss
0.9840694069862366,0.9648944735527039,0.9632943868637085,[3.1940 5.1769 0.4670 0.4395 0.2334 0.2626 0.2287 0.1772 0.1789 0.1543 0.2136 0.1769 0.1631 0.1464 0.1351 0.1277 0.1307 0.1071 0.1162 0.0956 0.1102 0.0916 0.0923 0.0905 0.0847 0.0903 0.0845 0.0856 0.1054 0.1006 0.0804 0.0898 0.0726 0.0874 0.0676 0.0698 0.0719 0.0696 0.0705 0.0639 0.0554 0.0660 0.0505 0.0574 0.0816 0.0514 0.0663 0.0533 0.0648 0.0633 0.0481 0.0508 0.0496 0.0486 0.0620 0.0452 0.0466 0.0538 0.0503 0.0403 0.0536 0.0423 0.0507 0.0337 0.0365 0.0367 0.0362 0.0425 0.0381 0.0332 0.0405 0.0286 0.0266 0.0382 0.0358 0.0273 0.0351 0.0352 0.0422 0.0269 0.0302 0.0295 0.0334 0.0290 0.0332 0.0298 0.0253 0.0304 0.0285 0.0331 0.0333 0.0264 0.0247 0.0253 0.0256 0.0351 0.0280 0.0320 0.0253 0.0240],[3.0748 4.6010 0.5177 0.4573 0.2680 0.3116 0.2521 0.2194 0.2054 0.2004 0.2417 0.2322 0.1965 0.1954 0.1834 0.1852 0.1974 0.1615 0.1766 0.1551 0.1608 0.1579 0.1469 0.1512 0.1470 0.1560 0.1502 0.1523 0.1842 0.1711 0.1419 0.1550 0.1401 0.1565 0.1441 0.1397 0.1552 0.1533 0.1472 0.1467 0.1391 0.1458 0.1253 0.1415 0.1618 0.1298 0.1554 0.1406 0.1536 0.1553 0.1398 0.1407 0.1375 0.1332 0.1586 0.1408 0.1371 0.1583 0.1454 0.1426 0.1632 0.1434 0.1535 0.1348 0.1382 0.1373 0.1376 0.1430 0.1447 0.1403 0.1410 0.1342 0.1381 0.1532 0.1492 0.1374 0.1490 0.1476 0.1583 0.1408 0.1428 0.1439 0.1532 0.1457 0.1491 0.1508 0.1443 0.1595 0.1541 0.1516 0.1520 0.1504 0.1441 0.1533 0.1548 0.1642 0.1551 0.1546 0.1652 0.1425],[2.0289 1.6372 0.7329 0.4634 0.3881 0.3460 0.3256 0.2999 0.2823 0.2686 0.2568 0.2488 0.2388 0.2293 0.2221 0.2177 0.2103 0.2046 0.1970 0.1925 0.1878 0.1858 0.1818 0.1771 0.1738 0.1695 0.1686 0.1635 0.1596 0.1594 0.1551 0.1553 0.1496 0.1474 0.1455 0.1470 0.1413 0.1410 0.1365 0.1351 0.1329 0.1349 0.1319 0.1276 0.1266 0.1257 0.1222 0.1240 0.1209 0.1183 0.1182 0.1151 0.1146 0.1146 0.1119 0.1124 0.1091 0.1091 0.1079 0.1080 0.1036 0.1067 0.1016 0.1053 0.1029 0.1028 0.0998 0.0992 0.1010 0.0975 0.0980 0.0948 0.0948 0.0980 0.0948 0.0922 0.0932 0.0904 0.0894 0.0919 0.0929 0.0876 0.0873 0.0878 0.0874 0.0854 0.0862 0.0861 0.0842 0.0840 0.0815 0.0828 0.0815 0.0814 0.0801 0.0802 0.0811 0.0794 0.0797 0.0783]
