train_acc,valid_acc,test_acc,train_loss,valid_loss,train_aug_loss
0.9849788546562195,0.9616477489471436,0.9620160460472107,[2.0876 2.0814 3.5182 0.7570 0.3257 0.3043 0.2504 0.2250 0.1992 0.2103 0.1858 0.1778 0.1708 0.1519 0.1648 0.1416 0.1637 0.1359 0.1253 0.1259 0.1135 0.1378 0.1077 0.1207 0.1054 0.1154 0.1049 0.1131 0.1118 0.0891 0.0893 0.0921 0.0829 0.0872 0.0869 0.0793 0.0836 0.0756 0.0869 0.0737 0.0748 0.0825 0.0794 0.0794 0.0771 0.0889 0.0642 0.0657 0.0706 0.0626 0.0734 0.0576 0.0616 0.0614 0.0693 0.0570 0.0598 0.0642 0.0523 0.0552 0.0561 0.0760 0.0724 0.0571 0.0635 0.0511 0.0427 0.0626 0.0471 0.0510 0.0611 0.0531 0.0512 0.0591 0.0444 0.0405 0.0400 0.0368 0.0496 0.0385 0.0455 0.0429 0.0389 0.0458 0.0385 0.0425 0.0313 0.0516 0.0385 0.0328 0.0455 0.0436 0.0366 0.0391 0.0301 0.0364 0.0383 0.0386 0.0457 0.0244],[2.1015 2.0766 3.1759 0.7728 0.3517 0.3290 0.2701 0.2773 0.2300 0.2348 0.2137 0.2138 0.2163 0.2061 0.2100 0.1798 0.2124 0.1756 0.1731 0.1786 0.1573 0.1853 0.1582 0.1656 0.1625 0.1712 0.1643 0.1660 0.1649 0.1595 0.1626 0.1622 0.1491 0.1567 0.1596 0.1471 0.1656 0.1420 0.1597 0.1488 0.1540 0.1649 0.1615 0.1637 0.1595 0.1709 0.1426 0.1505 0.1528 0.1469 0.1681 0.1403 0.1498 0.1495 0.1674 0.1485 0.1573 0.1633 0.1445 0.1450 0.1454 0.1976 0.2001 0.1659 0.1618 0.1555 0.1368 0.1783 0.1604 0.1493 0.1739 0.1614 0.1602 0.1600 0.1580 0.1467 0.1520 0.1432 0.1581 0.1448 0.1650 0.1630 0.1503 0.1629 0.1589 0.1559 0.1495 0.1683 0.1537 0.1525 0.1747 0.1661 0.1659 0.1583 0.1426 0.1543 0.1724 0.1751 0.1780 0.1395],[2.0751 1.8613 1.5360 0.8679 0.5551 0.4591 0.4084 0.3711 0.3392 0.3225 0.3082 0.2928 0.2803 0.2688 0.2592 0.2520 0.2429 0.2351 0.2282 0.2259 0.2187 0.2162 0.2092 0.2019 0.2000 0.1948 0.1908 0.1876 0.1853 0.1773 0.1784 0.1741 0.1690 0.1661 0.1663 0.1650 0.1619 0.1598 0.1540 0.1541 0.1528 0.1481 0.1487 0.1489 0.1442 0.1403 0.1397 0.1420 0.1365 0.1353 0.1375 0.1335 0.1327 0.1316 0.1299 0.1285 0.1260 0.1238 0.1235 0.1235 0.1240 0.1189 0.1183 0.1181 0.1181 0.1140 0.1136 0.1124 0.1118 0.1102 0.1103 0.1059 0.1074 0.1079 0.1084 0.1051 0.1044 0.1038 0.1019 0.1034 0.1009 0.0972 0.1007 0.0988 0.0984 0.0998 0.0959 0.0970 0.0961 0.0933 0.0915 0.0969 0.0934 0.0923 0.0906 0.0925 0.0932 0.0904 0.0874 0.0872]
