train_acc,valid_acc,test_acc,train_loss,valid_loss,train_aug_loss
0.9889190793037415,0.9686017036437988,0.9497690796852112,[2.2102 2.6584 0.5799 0.3986 0.2833 0.2906 0.2338 0.2339 0.2103 0.1643 0.1609 0.1734 0.1284 0.1246 0.1366 0.1096 0.1230 0.1179 0.1028 0.0924 0.0931 0.1154 0.0763 0.0766 0.0771 0.0864 0.0711 0.0870 0.0747 0.0601 0.0643 0.0645 0.0692 0.0600 0.0656 0.0695 0.0602 0.0558 0.0606 0.0499 0.0518 0.0519 0.0500 0.0628 0.0639 0.0411 0.0440 0.0434 0.0483 0.0397 0.0672 0.0410 0.0425 0.0379 0.0414 0.0358 0.0324 0.0407 0.0370 0.0390 0.0363 0.0310 0.0304 0.0310 0.0343 0.0310 0.0311 0.0297 0.0280 0.0446 0.0265 0.0328 0.0297 0.0256 0.0271 0.0276 0.0242 0.0238 0.0228 0.0260 0.0228 0.0197 0.0209 0.0265 0.0273 0.0277 0.0244 0.0263 0.0258 0.0225 0.0182 0.0260 0.0265 0.0205 0.0249 0.0329 0.0190 0.0220 0.0242 0.0192],[2.2286 2.9477 0.6544 0.5015 0.3361 0.3552 0.2913 0.2775 0.2485 0.1974 0.1926 0.2170 0.1609 0.1606 0.1843 0.1489 0.1812 0.1715 0.1494 0.1345 0.1445 0.1739 0.1222 0.1247 0.1332 0.1381 0.1280 0.1575 0.1378 0.1103 0.1336 0.1353 0.1318 0.1247 0.1341 0.1446 0.1351 0.1287 0.1316 0.1188 0.1290 0.1218 0.1270 0.1490 0.1594 0.1066 0.1240 0.1238 0.1346 0.1090 0.1675 0.1157 0.1133 0.1128 0.1308 0.1087 0.0994 0.1277 0.1193 0.1239 0.1262 0.1112 0.1165 0.1143 0.1300 0.1222 0.1162 0.1187 0.1146 0.1626 0.1173 0.1393 0.1177 0.1188 0.1197 0.1268 0.1166 0.1134 0.1063 0.1237 0.1184 0.1032 0.1062 0.1299 0.1335 0.1250 0.1224 0.1306 0.1393 0.1321 0.1117 0.1393 0.1489 0.1409 0.1475 0.1531 0.1274 0.1287 0.1434 0.1333],[2.0477 1.6973 0.9106 0.5354 0.4279 0.3730 0.3319 0.3104 0.2904 0.2733 0.2600 0.2464 0.2379 0.2274 0.2209 0.2131 0.2061 0.1995 0.1925 0.1884 0.1817 0.1790 0.1749 0.1681 0.1652 0.1632 0.1606 0.1538 0.1535 0.1498 0.1482 0.1455 0.1418 0.1367 0.1368 0.1338 0.1320 0.1335 0.1278 0.1291 0.1228 0.1235 0.1203 0.1214 0.1175 0.1176 0.1135 0.1139 0.1111 0.1113 0.1082 0.1073 0.1076 0.1052 0.1040 0.1009 0.1027 0.0996 0.0986 0.0983 0.0994 0.0954 0.0944 0.0943 0.0943 0.0915 0.0918 0.0909 0.0899 0.0899 0.0880 0.0854 0.0861 0.0857 0.0826 0.0857 0.0815 0.0822 0.0794 0.0783 0.0782 0.0790 0.0785 0.0783 0.0780 0.0759 0.0766 0.0747 0.0745 0.0742 0.0717 0.0713 0.0716 0.0716 0.0716 0.0703 0.0701 0.0702 0.0675 0.0656]
