train_acc,valid_acc,test_acc,train_loss,valid_loss,train_aug_loss
0.9777128100395203,0.9604302048683167,0.9607377648353577,[1.7837 0.7374 0.3002 0.2794 0.2521 0.3128 0.2970 0.2329 0.2641 0.2180 0.1971 0.1584 0.1733 0.2043 0.1920 0.1507 0.1792 0.1164 0.1357 0.0991 0.1457 0.1365 0.1466 0.1339 0.1217 0.1103 0.0877 0.0903 0.0955 0.1066 0.0970 0.1058 0.1041 0.1207 0.0973 0.1063 0.0900 0.1129 0.1153 0.0836 0.1140 0.0962 0.1137 0.0993 0.0730 0.1051 0.0755 0.0690 0.0740 0.0716],[1.6706 0.7473 0.2949 0.2834 0.2578 0.3235 0.2897 0.2297 0.2619 0.2259 0.2098 0.1797 0.2004 0.2214 0.2126 0.1781 0.2115 0.1519 0.1708 0.1352 0.1711 0.1750 0.1822 0.1625 0.1608 0.1526 0.1291 0.1380 0.1460 0.1461 0.1429 0.1583 0.1562 0.1585 0.1517 0.1550 0.1383 0.1681 0.1626 0.1318 0.1612 0.1453 0.1662 0.1511 0.1249 0.1652 0.1327 0.1260 0.1302 0.1285],[1.8844 1.0507 0.5630 0.4502 0.4006 0.3651 0.3464 0.3271 0.3093 0.2962 0.2862 0.2818 0.2727 0.2641 0.2555 0.2514 0.2477 0.2425 0.2362 0.2323 0.2282 0.2287 0.2230 0.2184 0.2165 0.2101 0.2055 0.2055 0.2070 0.2001 0.1989 0.1976 0.1929 0.1945 0.1906 0.1865 0.1882 0.1826 0.1873 0.1842 0.1823 0.1796 0.1769 0.1759 0.1758 0.1706 0.1734 0.1689 0.1702 0.1663]
