train_acc,valid_acc,test_acc,train_loss,valid_loss,train_aug_loss
0.9855754375457764,0.9681412577629089,0.9662162065505981,[2.9694 4.1987 0.6925 0.3293 0.2673 0.2355 0.2424 0.1841 0.1664 0.1790 0.1487 0.1554 0.1358 0.1492 0.1390 0.1120 0.1157 0.1206 0.1285 0.1139 0.1023 0.1056 0.1038 0.0926 0.0901 0.0955 0.0872 0.0976 0.0854 0.0907 0.0815 0.0776 0.0929 0.0756 0.0722 0.0736 0.0812 0.0642 0.0636 0.0750 0.0781 0.0719 0.0710 0.0890 0.0457 0.0671 0.0637 0.0681 0.0658 0.0726 0.0581 0.0508 0.0634 0.0473 0.0532 0.0570 0.0470 0.0394 0.0465 0.0491 0.0380 0.0449 0.0431 0.0473 0.0428 0.0452 0.0404 0.0414 0.0392 0.0369 0.0421 0.0494 0.0492 0.0505 0.0407 0.0397 0.0386 0.0417 0.0440 0.0368 0.0389 0.0395 0.0412 0.0400 0.0354 0.0370 0.0314 0.0353 0.0381 0.0309 0.0311 0.0258 0.0382 0.0383 0.0321 0.0382 0.0309 0.0255 0.0319 0.0364],[2.8297 4.1041 0.8126 0.3576 0.2923 0.2629 0.2701 0.2025 0.1882 0.1997 0.1779 0.1967 0.1713 0.1870 0.1818 0.1522 0.1568 0.1672 0.1746 0.1678 0.1510 0.1618 0.1570 0.1459 0.1451 0.1599 0.1509 0.1594 0.1412 0.1574 0.1428 0.1498 0.1640 0.1444 0.1368 0.1438 0.1516 0.1344 0.1349 0.1517 0.1609 0.1486 0.1520 0.1721 0.1155 0.1475 0.1536 0.1525 0.1529 0.1656 0.1499 0.1371 0.1598 0.1370 0.1476 0.1463 0.1404 0.1258 0.1416 0.1395 0.1322 0.1425 0.1403 0.1420 0.1541 0.1384 0.1368 0.1416 0.1423 0.1416 0.1430 0.1572 0.1549 0.1489 0.1482 0.1510 0.1517 0.1545 0.1638 0.1413 0.1548 0.1530 0.1601 0.1642 0.1524 0.1517 0.1379 0.1576 0.1578 0.1444 0.1408 0.1337 0.1560 0.1614 0.1626 0.1783 0.1597 0.1540 0.1690 0.1788],[2.0186 1.6828 0.7997 0.4826 0.3969 0.3566 0.3230 0.3039 0.2831 0.2721 0.2562 0.2463 0.2378 0.2296 0.2240 0.2166 0.2084 0.2014 0.1990 0.1928 0.1848 0.1849 0.1820 0.1750 0.1739 0.1706 0.1692 0.1627 0.1597 0.1593 0.1541 0.1546 0.1507 0.1513 0.1480 0.1454 0.1402 0.1400 0.1377 0.1380 0.1366 0.1338 0.1297 0.1307 0.1279 0.1260 0.1245 0.1255 0.1247 0.1215 0.1215 0.1183 0.1187 0.1156 0.1183 0.1131 0.1121 0.1122 0.1089 0.1094 0.1074 0.1085 0.1072 0.1065 0.1040 0.1054 0.1033 0.1026 0.1028 0.1001 0.0979 0.0984 0.0997 0.0996 0.0977 0.0946 0.0945 0.0954 0.0928 0.0927 0.0925 0.0922 0.0904 0.0907 0.0893 0.0886 0.0894 0.0865 0.0859 0.0867 0.0890 0.0850 0.0844 0.0828 0.0839 0.0828 0.0809 0.0817 0.0790 0.0792]
