train_acc,valid_acc,test_acc,train_loss,valid_loss,train_aug_loss
0.9880269765853882,0.9667761921882629,0.9425519704818726,[2.3369 0.4366 0.2815 0.2292 0.2006 0.2014 0.1326 0.1365 0.1322 0.1212 0.1078 0.1033 0.1201 0.0894 0.0921 0.0819 0.0964 0.0786 0.0649 0.0843 0.0605 0.0724 0.0630 0.0727 0.0614 0.0509 0.0626 0.0527 0.0505 0.0446 0.0429 0.0387 0.0518 0.0499 0.0391 0.0340 0.0534 0.0527 0.0332 0.0428 0.0465 0.0328 0.0308 0.0328 0.0371 0.0307 0.0340 0.0260 0.0241 0.0240 0.0315 0.0238 0.0256 0.0394 0.0228 0.0268 0.0240 0.0225 0.0181 0.0227 0.0237 0.0260 0.0209 0.0309 0.0193 0.0241 0.0174 0.0205 0.0154 0.0169 0.0155 0.0215 0.0136 0.0134 0.0171 0.0278 0.0261 0.0151 0.0117 0.0285 0.0110 0.0142 0.0088 0.0110 0.0154 0.0071 0.0126 0.0148 0.0081 0.0139 0.0072 0.0087 0.0118 0.0066 0.0084 0.0131 0.0117 0.0097 0.0074 0.0079],[2.5487 0.5007 0.3651 0.3196 0.2630 0.2821 0.1830 0.2038 0.1898 0.1941 0.1746 0.1633 0.1825 0.1477 0.1550 0.1440 0.1652 0.1322 0.1264 0.1623 0.1375 0.1540 0.1349 0.1619 0.1349 0.1255 0.1572 0.1377 0.1364 0.1160 0.1265 0.1183 0.1455 0.1429 0.1240 0.1090 0.1647 0.1578 0.1204 0.1404 0.1557 0.1251 0.1274 0.1350 0.1548 0.1328 0.1491 0.1313 0.1129 0.1131 0.1408 0.1351 0.1376 0.1638 0.1225 0.1362 0.1365 0.1343 0.1261 0.1487 0.1414 0.1607 0.1474 0.1797 0.1439 0.1593 0.1299 0.1466 0.1376 0.1340 0.1419 0.1645 0.1321 0.1310 0.1570 0.2084 0.1743 0.1486 0.1352 0.1942 0.1373 0.1539 0.1289 0.1425 0.1586 0.1226 0.1609 0.1557 0.1439 0.1426 0.1303 0.1413 0.1559 0.1296 0.1469 0.1719 0.1716 0.1534 0.1570 0.1535],[1.7864 0.6969 0.4490 0.3682 0.3172 0.2850 0.2664 0.2456 0.2316 0.2187 0.2079 0.1987 0.1917 0.1849 0.1769 0.1724 0.1626 0.1598 0.1557 0.1477 0.1464 0.1429 0.1372 0.1358 0.1315 0.1269 0.1234 0.1220 0.1165 0.1165 0.1134 0.1103 0.1092 0.1092 0.1070 0.1045 0.1007 0.0979 0.0978 0.0952 0.0940 0.0923 0.0923 0.0902 0.0870 0.0857 0.0869 0.0842 0.0830 0.0815 0.0800 0.0781 0.0789 0.0779 0.0765 0.0739 0.0719 0.0721 0.0708 0.0703 0.0687 0.0695 0.0676 0.0668 0.0655 0.0655 0.0642 0.0620 0.0615 0.0643 0.0603 0.0605 0.0592 0.0565 0.0579 0.0578 0.0568 0.0567 0.0558 0.0571 0.0537 0.0551 0.0540 0.0529 0.0524 0.0512 0.0507 0.0515 0.0504 0.0506 0.0478 0.0487 0.0480 0.0474 0.0451 0.0462 0.0462 0.0449 0.0445 0.0456]
