train_acc,valid_acc,test_acc,train_loss,valid_loss,train_aug_loss
0.9847930669784546,0.9646915793418884,0.9636595845222473,[2.4308 2.4952 0.7463 0.5555 0.5024 0.5924 0.3719 0.3192 0.3160 0.4256 0.4076 0.3205 0.3130 0.2785 0.3575 0.3647 0.3722 0.3924 0.2689 0.2209 0.2603 0.2986 0.2550 0.2366 0.2134 0.2304 0.2020 0.1764 0.1749 0.1897 0.1592 0.1507 0.2037 0.1631 0.1400 0.1397 0.1686 0.1361 0.1924 0.1410 0.1785 0.1254 0.1799 0.1497 0.1393 0.1375 0.1598 0.1481 0.1605 0.1659 0.1511 0.1393 0.1051 0.1358 0.1132 0.1628 0.1089 0.1233 0.0839 0.1140 0.1150 0.1105 0.1319 0.0994 0.1003 0.1490 0.0921 0.0930 0.1222 0.1145 0.1069 0.0984 0.0943 0.0793 0.1049 0.0833 0.0759 0.0785 0.0781 0.0957 0.0849 0.0761 0.1127 0.0620 0.1095 0.0669 0.0720 0.1229 0.0636 0.0948 0.0546 0.1155 0.0899 0.0641 0.0933 0.0652 0.0811 0.0693 0.0956 0.0580],[2.1296 1.9958 0.7766 0.6131 0.5656 0.6147 0.4106 0.3626 0.3574 0.4287 0.4139 0.3599 0.3485 0.3116 0.3910 0.4134 0.3690 0.4003 0.3133 0.2685 0.3058 0.3272 0.2948 0.2875 0.2635 0.2792 0.2450 0.2271 0.2221 0.2384 0.2009 0.1983 0.2586 0.2136 0.2001 0.1858 0.2245 0.1828 0.2444 0.1949 0.2223 0.1758 0.2357 0.2014 0.1917 0.1858 0.2238 0.2014 0.2146 0.2225 0.2008 0.1940 0.1666 0.1948 0.1782 0.2207 0.1692 0.1956 0.1440 0.1755 0.1804 0.1740 0.2000 0.1690 0.1625 0.2161 0.1606 0.1610 0.1889 0.1796 0.1732 0.1628 0.1535 0.1474 0.1702 0.1513 0.1417 0.1525 0.1440 0.1694 0.1571 0.1494 0.1847 0.1301 0.1906 0.1354 0.1516 0.2065 0.1332 0.1713 0.1288 0.1957 0.1693 0.1342 0.1708 0.1354 0.1626 0.1478 0.1707 0.1360],[1.8823 1.5967 1.1790 0.9421 0.7772 0.6892 0.6108 0.5634 0.5185 0.4878 0.4632 0.4345 0.4279 0.4084 0.3894 0.3757 0.3655 0.3500 0.3420 0.3288 0.3195 0.3135 0.3033 0.2972 0.2916 0.2820 0.2757 0.2686 0.2676 0.2612 0.2545 0.2526 0.2549 0.2502 0.2453 0.2403 0.2306 0.2361 0.2297 0.2273 0.2246 0.2232 0.2219 0.2165 0.2112 0.2091 0.2107 0.2113 0.2013 0.1989 0.1989 0.2005 0.1982 0.1997 0.1923 0.1891 0.1902 0.1869 0.1862 0.1886 0.1850 0.1849 0.1811 0.1769 0.1785 0.1780 0.1764 0.1723 0.1756 0.1711 0.1708 0.1694 0.1685 0.1651 0.1696 0.1656 0.1662 0.1642 0.1631 0.1605 0.1602 0.1615 0.1582 0.1566 0.1592 0.1569 0.1544 0.1548 0.1565 0.1534 0.1509 0.1532 0.1504 0.1533 0.1500 0.1496 0.1487 0.1465 0.1468 0.1449]
