train_acc,valid_acc,test_acc,train_loss,valid_loss,train_aug_loss
0.9731360673904419,0.9545454382896423,0.954346239566803,[1.9894 4.7905 1.3309 0.7479 0.5283 0.4759 0.3702 0.2913 0.2562 0.1955 0.2102 0.2995 0.2807 0.2326 0.2764 0.3170 0.1752 0.2431 0.2696 0.1639 0.1359 0.1948 0.2455 0.1818 0.1319 0.1688 0.1359 0.4033 0.1042 0.0812 0.1849 0.1765 0.2772 0.1810 0.1073 0.1096 0.1117 0.1647 0.1389 0.1215 0.1118 0.1055 0.0724 0.0752 0.0781 0.1737 0.1282 0.1043 0.1193 0.1155 0.1367 0.2060 0.0736 0.1398 0.0651 0.1010 0.0929 0.0955 0.1068 0.1651 0.0717 0.4165 0.2291 0.1436 0.1475 0.1287 0.1164 0.1346 0.6480 0.0940 0.1041 0.1543 0.1835 0.0980 0.1911 0.0709 0.1121 0.0507 0.2163 0.2231 0.1597 0.0744 0.1203 0.0903 0.2771 0.1017 0.1499 0.0972 0.1841 0.1798 0.1146 0.2042 0.1404 0.1173 0.1476 0.0872 0.1147 0.1255 0.0915 0.1473],[1.9875 4.7338 1.4093 0.9193 0.6479 0.5789 0.4633 0.3689 0.3096 0.2555 0.2693 0.3946 0.3367 0.3129 0.3318 0.4006 0.2332 0.3304 0.3708 0.2423 0.2145 0.2815 0.3510 0.2646 0.2140 0.2549 0.2237 0.4801 0.1825 0.1603 0.2954 0.2729 0.4105 0.2845 0.2088 0.1945 0.2021 0.2826 0.2427 0.2273 0.1999 0.2064 0.1645 0.1697 0.1723 0.3234 0.2477 0.2160 0.2443 0.2437 0.2553 0.3231 0.1841 0.2725 0.1684 0.2361 0.2281 0.2236 0.2453 0.3242 0.1897 0.5918 0.4183 0.3137 0.2996 0.2773 0.2694 0.2860 0.7168 0.2379 0.2453 0.3405 0.3772 0.2468 0.3718 0.2216 0.2901 0.1887 0.3998 0.4119 0.3376 0.2250 0.3084 0.2516 0.5006 0.2778 0.3453 0.2697 0.3870 0.4130 0.3091 0.4429 0.3531 0.3096 0.3627 0.2803 0.3187 0.3144 0.2869 0.3351],[2.0780 1.7763 1.1968 0.6690 0.5055 0.4349 0.3872 0.3489 0.3194 0.3035 0.2861 0.2709 0.2622 0.2495 0.2385 0.2296 0.2209 0.2184 0.2086 0.2058 0.1992 0.1929 0.1874 0.1823 0.1803 0.1773 0.1722 0.1692 0.1662 0.1610 0.1624 0.1569 0.1533 0.1500 0.1458 0.1457 0.1425 0.1417 0.1419 0.1362 0.1366 0.1351 0.1312 0.1294 0.1270 0.1246 0.1224 0.1220 0.1204 0.1172 0.1156 0.1131 0.1142 0.1139 0.1115 0.1084 0.1056 0.1058 0.1050 0.1047 0.1022 0.1014 0.1014 0.1007 0.0989 0.0991 0.0958 0.0955 0.0961 0.0947 0.0943 0.0907 0.0917 0.0912 0.0885 0.0887 0.0876 0.0868 0.0859 0.0839 0.0849 0.0854 0.0797 0.0826 0.0834 0.0826 0.0781 0.0794 0.0778 0.0782 0.0782 0.0761 0.0735 0.0758 0.0739 0.0724 0.0729 0.0723 0.0714 0.0716]
