train_acc,valid_acc,test_acc,train_loss,valid_loss,train_aug_loss
0.9835217595100403,0.9671266078948975,0.9642074704170227,[1.8724 3.0943 0.5628 0.3643 0.2311 0.2035 0.1651 0.1864 0.2124 0.1713 0.1599 0.1457 0.1439 0.1259 0.1249 0.1005 0.1418 0.1010 0.1022 0.1117 0.1069 0.0945 0.1087 0.0989 0.0814 0.1009 0.0779 0.0903 0.0795 0.0852 0.0951 0.0898 0.0978 0.0744 0.0812 0.0725 0.1022 0.0707 0.0761 0.0819 0.0829 0.0666 0.0717 0.0625 0.0845 0.0856 0.0729 0.0807 0.0547 0.0600],[1.9114 2.7565 0.5894 0.3577 0.2584 0.2325 0.2066 0.2229 0.2250 0.1896 0.2026 0.1906 0.1816 0.1670 0.1455 0.1420 0.1703 0.1460 0.1489 0.1533 0.1481 0.1407 0.1516 0.1404 0.1246 0.1395 0.1203 0.1374 0.1373 0.1320 0.1394 0.1370 0.1538 0.1247 0.1348 0.1242 0.1467 0.1338 0.1263 0.1399 0.1388 0.1296 0.1277 0.1258 0.1415 0.1424 0.1319 0.1678 0.1098 0.1215],[2.0041 1.7628 0.9279 0.4827 0.3891 0.3500 0.3222 0.3065 0.2941 0.2808 0.2697 0.2652 0.2551 0.2450 0.2391 0.2341 0.2255 0.2265 0.2231 0.2204 0.2126 0.2091 0.2044 0.2049 0.1999 0.1971 0.1934 0.1939 0.1884 0.1876 0.1827 0.1859 0.1805 0.1794 0.1776 0.1764 0.1756 0.1727 0.1699 0.1612 0.1659 0.1724 0.1650 0.1645 0.1623 0.1582 0.1594 0.1589 0.1551 0.1559]
