train_acc,valid_acc,test_acc,train_loss,valid_loss,train_aug_loss
0.9810084700584412,0.9610389471054077,0.9605551362037659,[2.0258 0.5231 0.3513 0.2275 0.2706 0.2964 0.2407 0.1791 0.1370 0.2140 0.1480 0.1329 0.1476 0.1379 0.1341 0.1107 0.1253 0.1377 0.1263 0.0986 0.1237 0.1271 0.1096 0.1232 0.1210 0.0924 0.1037 0.0992 0.0908 0.1163 0.0777 0.0975 0.0789 0.0905 0.0808 0.0955 0.0856 0.1123 0.0778 0.0856 0.0969 0.0661 0.0916 0.1008 0.0742 0.0836 0.0914 0.1091 0.0836 0.0692],[2.1024 0.5716 0.3435 0.2499 0.3221 0.3331 0.2907 0.2111 0.1726 0.2631 0.1930 0.1897 0.2066 0.1748 0.1797 0.1568 0.1683 0.1846 0.1929 0.1495 0.1719 0.1844 0.1707 0.1818 0.1806 0.1426 0.1595 0.1563 0.1473 0.1762 0.1370 0.1578 0.1350 0.1486 0.1421 0.1625 0.1476 0.1905 0.1505 0.1490 0.1674 0.1255 0.1466 0.1599 0.1409 0.1469 0.1530 0.1743 0.1518 0.1349],[1.9242 1.3378 0.6188 0.4575 0.4015 0.3641 0.3372 0.3199 0.3085 0.2918 0.2845 0.2741 0.2731 0.2632 0.2569 0.2480 0.2384 0.2392 0.2350 0.2331 0.2271 0.2225 0.2160 0.2136 0.2122 0.2163 0.2081 0.2054 0.2053 0.1948 0.2005 0.1941 0.1954 0.1910 0.1879 0.1865 0.1820 0.1808 0.1827 0.1808 0.1812 0.1763 0.1770 0.1739 0.1722 0.1754 0.1724 0.1711 0.1682 0.1643]
