train_acc,valid_acc,test_acc,train_loss,valid_loss,train_aug_loss
0.9795610904693604,0.9650974273681641,0.9623813033103943,[1.9823 4.7653 1.3560 0.4270 0.3718 0.2899 0.2525 0.2458 0.2170 0.1923 0.2005 0.1850 0.1796 0.1709 0.1549 0.1197 0.1395 0.1322 0.0997 0.1065 0.1128 0.1027 0.0892 0.1040 0.0848 0.0865 0.0746 0.0687 0.0644 0.0876 0.0710 0.0754 0.0629 0.0681 0.0678 0.0683 0.0639 0.0584 0.0580 0.0548 0.0559 0.0518 0.0530 0.0486 0.0514 0.0521 0.0559 0.0605 0.0499 0.0451 0.0472 0.0447 0.0439 0.0402 0.0392 0.0415 0.0476 0.0417 0.0380 0.0371 0.0335 0.0344 0.0395 0.0516 0.0398 0.0353 0.0463 0.0366 0.0282 0.0318 0.0317 0.0336 0.0331 0.0314 0.0363 0.0266 0.0506 0.0326 0.0375 0.0375 0.0253 0.0325 0.0223 0.0357 0.0239 0.0310 0.0302 0.0321 0.0282 0.0234 0.0298 0.0255 0.0214 0.0203 0.0221 0.0264 0.0259 0.0204 0.0185 0.0189],[2.0217 4.5738 1.4423 0.4737 0.4523 0.3567 0.3057 0.2894 0.2538 0.2219 0.2549 0.2515 0.2390 0.2283 0.2226 0.1629 0.2076 0.1872 0.1473 0.1609 0.1729 0.1651 0.1523 0.1780 0.1479 0.1501 0.1330 0.1266 0.1161 0.1704 0.1454 0.1566 0.1350 0.1471 0.1478 0.1600 0.1353 0.1385 0.1279 0.1234 0.1313 0.1289 0.1349 0.1192 0.1370 0.1415 0.1481 0.1643 0.1418 0.1252 0.1320 0.1344 0.1320 0.1178 0.1268 0.1338 0.1463 0.1377 0.1266 0.1302 0.1179 0.1209 0.1397 0.1632 0.1432 0.1378 0.1535 0.1369 0.1183 0.1337 0.1276 0.1344 0.1433 0.1327 0.1465 0.1226 0.1784 0.1398 0.1442 0.1576 0.1197 0.1456 0.1235 0.1592 0.1276 0.1506 0.1421 0.1497 0.1433 0.1324 0.1536 0.1410 0.1255 0.1305 0.1311 0.1511 0.1481 0.1268 0.1243 0.1304],[2.0476 1.7608 1.1262 0.6332 0.4949 0.4171 0.3775 0.3485 0.3202 0.3101 0.2882 0.2735 0.2629 0.2549 0.2401 0.2362 0.2310 0.2184 0.2139 0.2103 0.2027 0.1982 0.1926 0.1881 0.1859 0.1790 0.1739 0.1726 0.1683 0.1668 0.1631 0.1580 0.1606 0.1569 0.1525 0.1491 0.1479 0.1440 0.1445 0.1400 0.1383 0.1390 0.1335 0.1340 0.1324 0.1303 0.1273 0.1258 0.1244 0.1238 0.1232 0.1207 0.1173 0.1175 0.1171 0.1131 0.1147 0.1116 0.1138 0.1104 0.1086 0.1091 0.1081 0.1050 0.1048 0.1018 0.1016 0.1003 0.0996 0.1020 0.0976 0.0988 0.0970 0.0929 0.0962 0.0937 0.0936 0.0903 0.0906 0.0889 0.0886 0.0894 0.0881 0.0875 0.0874 0.0855 0.0843 0.0863 0.0835 0.0811 0.0825 0.0808 0.0822 0.0810 0.0788 0.0793 0.0770 0.0780 0.0760 0.0772]
