train_acc,valid_acc,test_acc,train_loss,valid_loss,train_aug_loss
0.9814289808273315,0.958198070526123,0.960189938545227,[2.1284 1.3745 0.7176 0.5650 0.4373 0.3668 0.3002 0.2432 0.2248 0.2226 0.1822 0.1647 0.1716 0.1707 0.1672 0.1358 0.1258 0.1400 0.1504 0.1265 0.1210 0.1259 0.1333 0.1207 0.1460 0.1187 0.1058 0.1235 0.1281 0.1086 0.0955 0.0960 0.1019 0.0992 0.0828 0.0757 0.1071 0.0621 0.1223 0.0742 0.0715 0.0988 0.0898 0.0772 0.0658 0.0817 0.0899 0.0612 0.0802 0.0850],[1.9864 1.2683 0.7031 0.5792 0.4704 0.4081 0.3421 0.2941 0.2750 0.2688 0.2318 0.2170 0.2356 0.2291 0.2292 0.1892 0.1979 0.1992 0.2201 0.1956 0.1838 0.1985 0.2066 0.1947 0.2164 0.1919 0.1801 0.2029 0.2082 0.2017 0.1780 0.1807 0.1879 0.1927 0.1654 0.1626 0.2010 0.1522 0.2158 0.1696 0.1595 0.1988 0.1890 0.1680 0.1673 0.1850 0.1871 0.1621 0.1775 0.1852],[1.9666 1.6192 1.0092 0.6807 0.5570 0.4881 0.4422 0.4007 0.3760 0.3470 0.3300 0.3136 0.3082 0.2907 0.2802 0.2724 0.2642 0.2542 0.2483 0.2453 0.2407 0.2349 0.2291 0.2263 0.2180 0.2161 0.2139 0.2071 0.2045 0.2068 0.2020 0.1981 0.1942 0.1888 0.1889 0.1877 0.1857 0.1834 0.1804 0.1792 0.1757 0.1753 0.1725 0.1731 0.1675 0.1697 0.1658 0.1633 0.1649 0.1595]
