train_acc,valid_acc,test_acc,train_loss,valid_loss,train_aug_loss
0.982504665851593,0.966923713684082,0.9632943868637085,[6.5116 5.6052 0.6240 0.2899 0.2689 0.2632 0.1865 0.1581 0.1390 0.1589 0.1352 0.1488 0.1433 0.1161 0.1156 0.1161 0.1265 0.1212 0.1116 0.0877 0.0956 0.1250 0.0886 0.0977 0.0977 0.0781 0.0883 0.0750 0.0862 0.0755 0.0809 0.0845 0.0693 0.0894 0.0729 0.0774 0.0663 0.0694 0.0523 0.0661 0.0657 0.0625 0.0680 0.0720 0.0592 0.0532 0.0553 0.0658 0.0598 0.0598 0.0555 0.0631 0.0570 0.0593 0.0438 0.0511 0.0568 0.0571 0.0438 0.0536 0.0537 0.0523 0.0416 0.0574 0.0524 0.0366 0.0466 0.0465 0.0415 0.0443 0.0415 0.0455 0.0388 0.0451 0.0425 0.0334 0.0481 0.0342 0.0394 0.0340 0.0301 0.0351 0.0420 0.0391 0.0318 0.0278 0.0270 0.0300 0.0345 0.0271 0.0282 0.0342 0.0329 0.0346 0.0294 0.0228 0.0283 0.0293 0.0205 0.0293],[6.0325 4.9771 0.6491 0.3001 0.2772 0.2769 0.2054 0.1770 0.1708 0.1817 0.1583 0.1773 0.1747 0.1476 0.1471 0.1497 0.1574 0.1599 0.1529 0.1316 0.1397 0.1714 0.1356 0.1471 0.1479 0.1263 0.1405 0.1309 0.1452 0.1293 0.1363 0.1428 0.1246 0.1536 0.1346 0.1375 0.1304 0.1343 0.1119 0.1357 0.1359 0.1350 0.1429 0.1540 0.1369 0.1208 0.1317 0.1444 0.1407 0.1354 0.1278 0.1491 0.1379 0.1473 0.1275 0.1354 0.1512 0.1483 0.1348 0.1514 0.1400 0.1345 0.1356 0.1491 0.1523 0.1260 0.1457 0.1440 0.1303 0.1423 0.1489 0.1471 0.1502 0.1539 0.1449 0.1313 0.1667 0.1380 0.1463 0.1361 0.1349 0.1359 0.1569 0.1428 0.1396 0.1353 0.1285 0.1385 0.1476 0.1280 0.1394 0.1411 0.1484 0.1439 0.1500 0.1299 0.1320 0.1474 0.1278 0.1492],[2.0048 1.6799 0.8090 0.4753 0.3910 0.3506 0.3183 0.2997 0.2809 0.2703 0.2550 0.2451 0.2364 0.2261 0.2207 0.2134 0.2093 0.2007 0.1976 0.1921 0.1926 0.1832 0.1797 0.1750 0.1728 0.1691 0.1668 0.1637 0.1611 0.1595 0.1572 0.1528 0.1514 0.1449 0.1476 0.1427 0.1421 0.1414 0.1359 0.1365 0.1359 0.1328 0.1315 0.1274 0.1282 0.1281 0.1261 0.1263 0.1240 0.1216 0.1206 0.1197 0.1167 0.1167 0.1156 0.1140 0.1103 0.1119 0.1092 0.1084 0.1065 0.1074 0.1075 0.1046 0.1049 0.1055 0.1048 0.1033 0.0998 0.0996 0.0968 0.0993 0.0948 0.0973 0.0936 0.0953 0.0943 0.0927 0.0913 0.0926 0.0903 0.0893 0.0864 0.0917 0.0878 0.0854 0.0890 0.0883 0.0857 0.0851 0.0843 0.0855 0.0818 0.0835 0.0817 0.0818 0.0792 0.0813 0.0806 0.0775]
