train_acc,valid_acc,test_acc,train_loss,valid_loss,train_aug_loss
0.9884212017059326,0.9640827775001526,0.9640248417854309,[1.9651 1.8262 2.8069 3.0805 0.6464 0.3727 0.3203 0.2624 0.2649 0.2098 0.1955 0.2029 0.1938 0.1800 0.1709 0.1755 0.1605 0.1565 0.1434 0.1566 0.1304 0.1429 0.1284 0.1235 0.1212 0.1256 0.1173 0.1212 0.0960 0.1167 0.0990 0.0864 0.1053 0.0929 0.0810 0.0806 0.0838 0.0966 0.0866 0.0784 0.0861 0.0917 0.0861 0.0821 0.0719 0.0653 0.0829 0.0645 0.0641 0.0748 0.0621 0.0710 0.0563 0.0694 0.0610 0.0825 0.0617 0.0549 0.0603 0.0732 0.0500 0.0641 0.0593 0.0559 0.0552 0.0555 0.0538 0.0648 0.0484 0.0535 0.0587 0.0595 0.0662 0.0546 0.0509 0.0409 0.0477 0.0381 0.0456 0.0483 0.0424 0.0344 0.0453 0.0399 0.0372 0.0419 0.0491 0.0421 0.0435 0.0344 0.0480 0.0488 0.0534 0.0546 0.0316 0.0351 0.0260 0.0483 0.0364 0.0313],[1.9562 1.8329 2.5075 2.9405 0.6669 0.4229 0.3554 0.2878 0.2779 0.2407 0.2206 0.2369 0.2238 0.2116 0.2056 0.2130 0.1965 0.1903 0.1779 0.2091 0.1799 0.1871 0.1780 0.1730 0.1696 0.1702 0.1646 0.1691 0.1456 0.1691 0.1437 0.1403 0.1574 0.1480 0.1290 0.1330 0.1403 0.1554 0.1451 0.1343 0.1412 0.1587 0.1522 0.1460 0.1390 0.1230 0.1490 0.1313 0.1325 0.1383 0.1309 0.1402 0.1247 0.1440 0.1307 0.1623 0.1363 0.1314 0.1384 0.1474 0.1284 0.1455 0.1434 0.1335 0.1433 0.1382 0.1375 0.1465 0.1266 0.1314 0.1455 0.1522 0.1511 0.1481 0.1351 0.1263 0.1407 0.1314 0.1366 0.1396 0.1377 0.1175 0.1386 0.1332 0.1344 0.1333 0.1399 0.1376 0.1428 0.1280 0.1551 0.1616 0.1555 0.1621 0.1315 0.1266 0.1233 0.1611 0.1411 0.1332],[2.0746 1.8534 1.7718 1.2828 0.6941 0.5031 0.4264 0.3816 0.3550 0.3307 0.3135 0.2973 0.2846 0.2733 0.2677 0.2548 0.2504 0.2415 0.2302 0.2274 0.2205 0.2143 0.2082 0.2070 0.2005 0.1975 0.1957 0.1877 0.1859 0.1826 0.1782 0.1788 0.1741 0.1693 0.1659 0.1648 0.1637 0.1581 0.1569 0.1555 0.1544 0.1525 0.1496 0.1454 0.1449 0.1420 0.1436 0.1422 0.1384 0.1363 0.1377 0.1323 0.1330 0.1308 0.1315 0.1299 0.1297 0.1273 0.1237 0.1226 0.1248 0.1197 0.1191 0.1183 0.1177 0.1116 0.1160 0.1142 0.1118 0.1107 0.1118 0.1090 0.1118 0.1068 0.1092 0.1063 0.1048 0.1027 0.1037 0.1024 0.1021 0.1034 0.1009 0.0987 0.0986 0.1001 0.0990 0.0975 0.0940 0.0965 0.0954 0.0936 0.0924 0.0922 0.0903 0.0926 0.0912 0.0875 0.0890 0.0891]
