train_acc,valid_acc,test_acc,train_loss,valid_loss,train_aug_loss
0.9727546572685242,0.9567775726318359,0.9547114968299866,[2.0013 1.4473 1.0775 0.5855 0.4542 0.4714 0.4608 0.3042 0.2530 0.2607 0.2468 0.2378 0.2263 0.2175 0.1776 0.1456 0.2540 0.1696 0.1575 0.2032 0.1357 0.1845 0.1432 0.1993 0.1560 0.1494 0.1448 0.1264 0.1973 0.1623 0.1468 0.1187 0.1021 0.1493 0.1138 0.1268 0.1139 0.1567 0.1012 0.0829 0.1051 0.0850 0.1068 0.1053 0.1488 0.1185 0.0859 0.0859 0.1145 0.0815],[1.9017 1.3481 0.9745 0.5533 0.4422 0.4504 0.4387 0.3120 0.2796 0.2825 0.2698 0.2594 0.2578 0.2423 0.2218 0.1874 0.2885 0.2149 0.2071 0.2538 0.1834 0.2333 0.1910 0.2548 0.2071 0.2032 0.2057 0.1882 0.2671 0.2227 0.2029 0.1942 0.1599 0.2128 0.1754 0.1906 0.1775 0.2223 0.1666 0.1475 0.1772 0.1604 0.1792 0.1774 0.2241 0.1926 0.1610 0.1680 0.1914 0.1650],[1.9440 1.5913 1.0473 0.7220 0.5835 0.5056 0.4524 0.4086 0.3811 0.3641 0.3414 0.3290 0.3082 0.2986 0.2891 0.2827 0.2762 0.2661 0.2575 0.2505 0.2453 0.2413 0.2399 0.2305 0.2251 0.2256 0.2190 0.2143 0.2118 0.2093 0.2082 0.1996 0.1982 0.1980 0.1932 0.1914 0.1909 0.1873 0.1852 0.1835 0.1805 0.1774 0.1763 0.1738 0.1729 0.1702 0.1706 0.1678 0.1665 0.1656]
