train_acc,valid_acc,test_acc,train_loss,valid_loss,train_aug_loss
0.9852331280708313,0.9632710814476013,0.9603725075721741,[2.0274 1.1583 0.5565 0.4779 0.5492 0.4248 0.4385 0.3555 0.5429 0.4084 0.3239 0.4778 0.3386 0.3475 0.3533 0.3363 0.2303 0.3287 0.2566 0.2407 0.2441 0.2840 0.3655 0.2853 0.2315 0.1820 0.2741 0.1815 0.3157 0.2680 0.1678 0.1758 0.1368 0.1640 0.2210 0.1786 0.2280 0.2060 0.1271 0.1861 0.2273 0.1377 0.1558 0.2180 0.1443 0.1783 0.1198 0.1798 0.1141 0.1430 0.1126 0.1424 0.1532 0.1374 0.1173 0.0984 0.1061 0.0966 0.1198 0.0980 0.1079 0.1234 0.1024 0.1051 0.1213 0.1206 0.0843 0.0864 0.0882 0.1022 0.1198 0.0902 0.1277 0.1313 0.0960 0.1022 0.1243 0.1024 0.0872 0.1070 0.0669 0.0781 0.0803 0.1182 0.1266 0.0968 0.0678 0.0921 0.0746 0.0864 0.0664 0.0728 0.1088 0.0759 0.0763 0.0690 0.0761 0.0578 0.0702 0.0882],[1.9519 0.9936 0.6023 0.4871 0.5142 0.4331 0.4476 0.3770 0.4961 0.4253 0.3531 0.4627 0.3706 0.3451 0.3711 0.3404 0.2700 0.3412 0.2745 0.2784 0.2714 0.2954 0.3695 0.3007 0.2501 0.2130 0.3009 0.2201 0.3344 0.2902 0.2088 0.2080 0.1741 0.2109 0.2647 0.2160 0.2651 0.2524 0.1782 0.2183 0.2618 0.1838 0.2035 0.2583 0.1888 0.2227 0.1641 0.2283 0.1661 0.1920 0.1819 0.1918 0.2022 0.1861 0.1685 0.1583 0.1623 0.1517 0.1766 0.1546 0.1681 0.1775 0.1608 0.1747 0.1832 0.1919 0.1467 0.1468 0.1488 0.1728 0.1836 0.1552 0.1907 0.1973 0.1598 0.1590 0.1950 0.1755 0.1529 0.1724 0.1358 0.1419 0.1397 0.1907 0.1969 0.1642 0.1411 0.1724 0.1481 0.1516 0.1331 0.1424 0.1843 0.1506 0.1518 0.1470 0.1515 0.1318 0.1440 0.1630],[1.8333 1.4349 1.0403 0.8420 0.7116 0.6305 0.5746 0.5348 0.5085 0.4782 0.4618 0.4389 0.4173 0.4048 0.3889 0.3719 0.3638 0.3486 0.3370 0.3311 0.3263 0.3182 0.3084 0.3031 0.2903 0.2857 0.2799 0.2720 0.2708 0.2648 0.2602 0.2580 0.2517 0.2518 0.2455 0.2358 0.2374 0.2364 0.2314 0.2291 0.2294 0.2227 0.2215 0.2212 0.2158 0.2141 0.2088 0.2052 0.2114 0.2039 0.2046 0.2050 0.2003 0.2011 0.1947 0.1944 0.1947 0.1904 0.1900 0.1864 0.1885 0.1826 0.1807 0.1826 0.1831 0.1773 0.1737 0.1762 0.1771 0.1758 0.1743 0.1711 0.1705 0.1698 0.1679 0.1665 0.1662 0.1649 0.1672 0.1634 0.1618 0.1643 0.1646 0.1586 0.1619 0.1597 0.1560 0.1579 0.1566 0.1555 0.1532 0.1552 0.1538 0.1509 0.1548 0.1516 0.1492 0.1489 0.1524 0.1507]
