train_acc,valid_acc,test_acc,train_loss,valid_loss,train_aug_loss
0.9773118495941162,0.9657061696052551,0.9627465009689331,[2.6030 3.6985 0.5295 0.3969 0.2644 0.2385 0.2160 0.2150 0.2016 0.1695 0.1628 0.1472 0.1461 0.1333 0.1295 0.1248 0.1265 0.1175 0.1173 0.1130 0.1069 0.1015 0.1052 0.0994 0.0899 0.0955 0.0988 0.0849 0.0791 0.0952 0.0680 0.0743 0.0875 0.0891 0.0770 0.0699 0.0768 0.0900 0.0641 0.0715 0.0661 0.0688 0.0835 0.0710 0.0670 0.0707 0.0525 0.0516 0.0475 0.0532 0.0590 0.0510 0.0621 0.0540 0.0460 0.0372 0.0533 0.0549 0.0575 0.0513 0.0426 0.0422 0.0444 0.0434 0.0427 0.0350 0.0435 0.0332 0.0556 0.0353 0.0320 0.0496 0.0383 0.0455 0.0390 0.0365 0.0293 0.0334 0.0266 0.0487 0.0380 0.0397 0.0430 0.0325 0.0345 0.0365 0.0299 0.0204 0.0312 0.0378 0.0388 0.0302 0.0283 0.0260 0.0295 0.0334 0.0310 0.0246 0.0291 0.0364],[2.5387 3.4717 0.5891 0.4459 0.2909 0.2849 0.2480 0.2381 0.2347 0.2030 0.1836 0.1822 0.1744 0.1707 0.1735 0.1635 0.1829 0.1641 0.1665 0.1584 0.1626 0.1426 0.1745 0.1567 0.1504 0.1495 0.1661 0.1527 0.1439 0.1646 0.1214 0.1455 0.1546 0.1529 0.1531 0.1468 0.1486 0.1713 0.1481 0.1460 0.1476 0.1514 0.1759 0.1519 0.1564 0.1460 0.1422 0.1413 0.1313 0.1340 0.1513 0.1518 0.1558 0.1440 0.1429 0.1303 0.1556 0.1531 0.1712 0.1535 0.1404 0.1504 0.1576 0.1544 0.1572 0.1373 0.1529 0.1297 0.1584 0.1589 0.1373 0.1542 0.1602 0.1554 0.1569 0.1573 0.1400 0.1485 0.1365 0.1844 0.1568 0.1670 0.1723 0.1603 0.1567 0.1604 0.1601 0.1435 0.1595 0.1778 0.1652 0.1586 0.1406 0.1532 0.1575 0.1581 0.1633 0.1574 0.1669 0.1745],[2.0021 1.6549 0.7350 0.4635 0.3890 0.3437 0.3192 0.2986 0.2856 0.2689 0.2562 0.2469 0.2354 0.2282 0.2193 0.2136 0.2094 0.2021 0.1991 0.1915 0.1875 0.1826 0.1789 0.1769 0.1726 0.1705 0.1658 0.1641 0.1600 0.1588 0.1558 0.1541 0.1481 0.1475 0.1427 0.1424 0.1409 0.1402 0.1368 0.1348 0.1312 0.1304 0.1322 0.1292 0.1273 0.1250 0.1237 0.1218 0.1207 0.1210 0.1185 0.1168 0.1165 0.1134 0.1139 0.1112 0.1113 0.1075 0.1089 0.1055 0.1093 0.1047 0.1024 0.1020 0.1026 0.1010 0.1007 0.0999 0.0977 0.1000 0.0971 0.0991 0.0964 0.0978 0.0932 0.0936 0.0940 0.0949 0.0916 0.0914 0.0903 0.0890 0.0894 0.0872 0.0868 0.0858 0.0856 0.0889 0.0831 0.0834 0.0838 0.0843 0.0831 0.0810 0.0824 0.0807 0.0783 0.0786 0.0794 0.0798]
