train_acc,valid_acc,test_acc,train_loss,valid_loss,train_aug_loss
0.9849299788475037,0.9675324559211731,0.957815945148468,[2.0303 2.0380 2.4923 0.7129 0.5351 0.3708 0.3654 0.2959 0.2910 0.2714 0.2480 0.2528 0.1941 0.2043 0.2156 0.1823 0.1835 0.1646 0.1845 0.1554 0.1409 0.1407 0.1448 0.1499 0.1342 0.1386 0.1285 0.1365 0.1185 0.1087 0.1056 0.1254 0.1275 0.1061 0.1140 0.1032 0.0951 0.1089 0.0940 0.1015 0.0919 0.1040 0.0936 0.0851 0.1051 0.0990 0.1034 0.0767 0.0849 0.0808 0.0813 0.0797 0.0775 0.0866 0.0857 0.0875 0.1006 0.0774 0.0735 0.0589 0.0692 0.0734 0.0708 0.0645 0.0647 0.0677 0.0771 0.0671 0.0682 0.0730 0.0648 0.0604 0.0553 0.0535 0.0712 0.0717 0.0647 0.0463 0.0597 0.0514 0.0489 0.0526 0.0499 0.0590 0.0525 0.0642 0.0687 0.0597 0.0404 0.0622 0.0572 0.0766 0.0480 0.0508 0.0505 0.0490 0.0596 0.0583 0.0480 0.0422],[2.0263 2.0280 2.3956 0.7672 0.5223 0.4017 0.3829 0.3034 0.3021 0.2809 0.2621 0.2684 0.2092 0.2239 0.2319 0.2017 0.2029 0.1767 0.2090 0.1846 0.1632 0.1616 0.1659 0.1889 0.1616 0.1629 0.1555 0.1677 0.1508 0.1472 0.1457 0.1602 0.1627 0.1402 0.1526 0.1393 0.1304 0.1420 0.1340 0.1513 0.1376 0.1447 0.1386 0.1282 0.1555 0.1390 0.1600 0.1242 0.1370 0.1287 0.1282 0.1254 0.1265 0.1464 0.1367 0.1522 0.1628 0.1280 0.1291 0.1131 0.1254 0.1372 0.1273 0.1181 0.1170 0.1278 0.1413 0.1285 0.1319 0.1459 0.1343 0.1230 0.1185 0.1204 0.1426 0.1433 0.1359 0.1105 0.1282 0.1210 0.1180 0.1241 0.1251 0.1361 0.1323 0.1450 0.1523 0.1413 0.1130 0.1487 0.1348 0.1582 0.1311 0.1285 0.1296 0.1326 0.1472 0.1528 0.1332 0.1255],[2.0899 1.8978 1.6416 0.9151 0.6013 0.4980 0.4362 0.3980 0.3655 0.3428 0.3244 0.3115 0.2970 0.2864 0.2758 0.2683 0.2612 0.2499 0.2425 0.2378 0.2311 0.2274 0.2233 0.2158 0.2150 0.2092 0.2036 0.1982 0.1958 0.1936 0.1879 0.1833 0.1836 0.1780 0.1757 0.1747 0.1731 0.1695 0.1656 0.1681 0.1607 0.1649 0.1614 0.1548 0.1569 0.1530 0.1500 0.1486 0.1449 0.1475 0.1419 0.1443 0.1413 0.1405 0.1387 0.1361 0.1368 0.1348 0.1340 0.1297 0.1299 0.1300 0.1288 0.1271 0.1256 0.1247 0.1215 0.1244 0.1204 0.1210 0.1161 0.1169 0.1159 0.1163 0.1140 0.1132 0.1112 0.1146 0.1116 0.1094 0.1090 0.1083 0.1071 0.1078 0.1054 0.1045 0.1025 0.1044 0.1025 0.1027 0.1009 0.1033 0.1024 0.0970 0.1000 0.0978 0.0991 0.0972 0.0961 0.0979]
