train_acc,valid_acc,test_acc,train_loss,valid_loss,train_aug_loss
0.9746224880218506,0.9498782753944397,0.9512417912483215,[1.9259 1.8265 1.7668 1.2426 0.5816 0.4443 0.3617 0.3159 0.2901 0.2684 0.2677 0.2763 0.2260 0.2258 0.1872 0.2063 0.2161 0.2032 0.1752 0.1628 0.1881 0.1746 0.1659 0.1465 0.1589 0.1784 0.1539 0.1680 0.1603 0.1489 0.1475 0.1492 0.1305 0.1197 0.1248 0.1391 0.1219 0.1474 0.1176 0.1141 0.1050 0.1047 0.1267 0.1321 0.1063 0.1292 0.1172 0.1322 0.1360 0.1179 0.0910 0.1145 0.1066 0.1079 0.1064 0.0957 0.1009 0.1063 0.1124 0.1083 0.0770 0.0870 0.1019 0.0744 0.0798 0.0929 0.0873 0.0813 0.0947 0.0972 0.0806 0.0761 0.0833 0.0736 0.0718 0.0743 0.0916 0.0741 0.0861 0.0870 0.0945 0.0618 0.0791 0.0790 0.0757 0.0896 0.0805 0.0992 0.0857 0.0972 0.0831 0.0679 0.0729 0.0657 0.0653 0.0865 0.0648 0.0757 0.0654 0.0594],[1.9206 1.8421 1.7906 1.1887 0.5952 0.4893 0.4077 0.3495 0.3253 0.3130 0.3135 0.3246 0.2655 0.2681 0.2340 0.2584 0.2769 0.2578 0.2267 0.2169 0.2356 0.2199 0.2221 0.1989 0.2218 0.2380 0.2195 0.2302 0.2328 0.2150 0.2143 0.2202 0.2001 0.1889 0.1957 0.2121 0.1977 0.2198 0.1860 0.1904 0.1859 0.1848 0.2043 0.2136 0.1916 0.2194 0.2022 0.2230 0.2270 0.2128 0.1777 0.2025 0.2024 0.2064 0.2038 0.1920 0.1960 0.2084 0.2190 0.2021 0.1687 0.1886 0.2115 0.1724 0.1910 0.1957 0.1890 0.1893 0.2069 0.2128 0.1951 0.1920 0.2003 0.1805 0.1856 0.1942 0.2172 0.1838 0.2101 0.2066 0.2205 0.1761 0.2009 0.1976 0.1952 0.2213 0.2089 0.2309 0.2180 0.2276 0.2217 0.1862 0.2124 0.1952 0.1972 0.2297 0.2032 0.2147 0.1921 0.1990],[2.0647 1.8474 1.7800 1.3339 0.7396 0.5497 0.4648 0.4149 0.3873 0.3621 0.3396 0.3203 0.3093 0.2980 0.2877 0.2741 0.2663 0.2562 0.2486 0.2469 0.2402 0.2329 0.2262 0.2227 0.2172 0.2173 0.2065 0.2055 0.2012 0.1932 0.1944 0.1944 0.1889 0.1840 0.1793 0.1765 0.1783 0.1752 0.1702 0.1722 0.1672 0.1668 0.1631 0.1604 0.1566 0.1570 0.1569 0.1529 0.1522 0.1502 0.1482 0.1469 0.1460 0.1445 0.1428 0.1403 0.1406 0.1374 0.1363 0.1347 0.1360 0.1305 0.1324 0.1338 0.1315 0.1292 0.1297 0.1287 0.1242 0.1240 0.1232 0.1234 0.1208 0.1206 0.1190 0.1177 0.1164 0.1188 0.1139 0.1153 0.1127 0.1141 0.1141 0.1140 0.1111 0.1126 0.1097 0.1090 0.1070 0.1095 0.1073 0.1071 0.1035 0.1032 0.1036 0.1014 0.1020 0.1037 0.1017 0.0998]
