train_acc,valid_acc,test_acc,train_loss,valid_loss,train_aug_loss
0.9862990975379944,0.9724025726318359,0.9682250022888184,[2.2339 2.6138 0.3912 0.3210 0.1904 0.2519 0.1603 0.1476 0.1524 0.1237 0.1266 0.1133 0.1065 0.1021 0.1140 0.1015 0.0894 0.1015 0.0816 0.0854 0.0852 0.1086 0.0870 0.0707 0.0704 0.0718 0.1212 0.0778 0.0902 0.0659 0.0571 0.0633 0.0947 0.0934 0.0626 0.0717 0.0721 0.0531 0.0766 0.0567 0.0560 0.0808 0.0661 0.0624 0.0473 0.0412 0.0496 0.0522 0.0614 0.0445],[2.2026 2.7502 0.4366 0.3397 0.2060 0.2813 0.1937 0.1717 0.1906 0.1435 0.1516 0.1416 0.1425 0.1312 0.1534 0.1429 0.1263 0.1416 0.1206 0.1322 0.1184 0.1405 0.1251 0.1101 0.1102 0.1155 0.1561 0.1205 0.1389 0.1125 0.1007 0.1054 0.1510 0.1436 0.1148 0.1232 0.1282 0.1085 0.1316 0.1114 0.1163 0.1515 0.1283 0.1214 0.1166 0.0940 0.1174 0.1121 0.1283 0.1098],[1.9376 1.5270 0.7132 0.4407 0.3741 0.3350 0.3122 0.2950 0.2779 0.2682 0.2509 0.2479 0.2361 0.2298 0.2206 0.2170 0.2105 0.2063 0.2007 0.1944 0.1869 0.1910 0.1832 0.1808 0.1750 0.1759 0.1708 0.1673 0.1662 0.1631 0.1594 0.1567 0.1571 0.1559 0.1534 0.1532 0.1497 0.1479 0.1480 0.1437 0.1400 0.1414 0.1412 0.1383 0.1338 0.1351 0.1327 0.1337 0.1300 0.1269]
