train_acc,valid_acc,test_acc,train_loss,valid_loss,train_aug_loss
0.9872848987579346,0.9693318605422974,0.9457274675369263,[2.1231 3.3415 1.6242 0.5976 0.5566 0.4732 0.3522 0.6523 0.2751 0.4230 0.2139 0.2247 0.3099 0.2262 0.2082 0.1977 0.4026 0.1746 0.1859 0.3133 0.3752 0.1802 0.1287 0.1630 0.1618 0.2645 0.1739 0.1835 0.1994 0.1146 0.1162 0.0941 0.1103 0.2860 0.0794 0.0968 0.1424 0.0760 0.1059 0.1207 0.0634 0.0484 0.1205 0.1403 0.0679 0.0887 0.1011 0.0375 0.0838 0.1711 0.0792 0.1259 0.0918 0.0747 0.0928 0.0667 0.0882 0.0590 0.1179 0.0652 0.0551 0.1084 0.0964 0.1178 0.0667 0.1208 0.0656 0.0522 0.0782 0.0637 0.0677 0.0589 0.1284 0.1273 0.0795 0.0881 0.0636 0.0713 0.1183 0.0463 0.0849 0.0335 0.0314 0.0494 0.0844 0.0446 0.0248 0.0506 0.0377 0.0532 0.0372 0.0326 0.0207 0.0369 0.0384 0.0496 0.0539 0.0389 0.0472 0.0272],[2.0909 3.2043 1.7518 0.7928 0.6875 0.6055 0.4241 0.6304 0.3096 0.4683 0.2803 0.2925 0.3962 0.2957 0.3102 0.2740 0.4588 0.2594 0.2637 0.3983 0.4702 0.2728 0.2225 0.2308 0.2536 0.3179 0.2608 0.2976 0.2900 0.1871 0.2002 0.1828 0.1919 0.4026 0.1783 0.1803 0.2348 0.1670 0.1961 0.2291 0.1378 0.1236 0.2152 0.2555 0.1517 0.1981 0.2245 0.1107 0.1871 0.2720 0.2000 0.2441 0.1895 0.1726 0.2184 0.1690 0.2108 0.1588 0.2379 0.1709 0.1407 0.2458 0.2242 0.2287 0.1829 0.2658 0.1836 0.1566 0.1979 0.1731 0.1641 0.1719 0.2651 0.2567 0.2086 0.2329 0.1961 0.2044 0.2382 0.1627 0.2195 0.1406 0.1388 0.1814 0.2309 0.1682 0.1302 0.1940 0.1642 0.1816 0.1645 0.1511 0.1239 0.1642 0.1734 0.1909 0.1952 0.1753 0.1963 0.1419],[2.0813 1.7743 1.2393 0.5881 0.4136 0.3485 0.3163 0.2937 0.2742 0.2537 0.2420 0.2352 0.2222 0.2145 0.2049 0.1982 0.1945 0.1854 0.1796 0.1757 0.1697 0.1675 0.1629 0.1583 0.1544 0.1522 0.1467 0.1449 0.1408 0.1379 0.1344 0.1353 0.1306 0.1249 0.1271 0.1255 0.1209 0.1168 0.1191 0.1157 0.1152 0.1151 0.1122 0.1128 0.1107 0.1075 0.1050 0.1065 0.1027 0.0998 0.0983 0.0981 0.0965 0.0949 0.0947 0.0961 0.0927 0.0922 0.0925 0.0866 0.0908 0.0892 0.0868 0.0846 0.0848 0.0842 0.0830 0.0805 0.0819 0.0821 0.0806 0.0819 0.0799 0.0768 0.0777 0.0752 0.0749 0.0758 0.0743 0.0720 0.0714 0.0727 0.0719 0.0691 0.0692 0.0680 0.0687 0.0665 0.0678 0.0677 0.0668 0.0677 0.0650 0.0650 0.0650 0.0643 0.0650 0.0641 0.0632 0.0617]
