train_acc,valid_acc,test_acc,train_loss,valid_loss,train_aug_loss
0.9907034039497375,0.9696969985961914,0.9523671865463257,[1.9550 3.7959 0.5644 0.3590 0.3149 0.2792 0.1883 0.1878 0.1900 0.1614 0.1399 0.1328 0.1198 0.1154 0.1025 0.1019 0.1057 0.0980 0.1053 0.0866 0.0865 0.0973 0.1002 0.0739 0.0725 0.0812 0.0862 0.0951 0.0839 0.0657 0.0892 0.0642 0.0782 0.0680 0.0558 0.0604 0.0628 0.0668 0.0525 0.0599 0.0615 0.0548 0.0487 0.0647 0.0435 0.0443 0.0422 0.0416 0.0450 0.0428 0.0394 0.0393 0.0496 0.0359 0.0411 0.0408 0.0542 0.0416 0.0346 0.0336 0.0357 0.0454 0.0441 0.0280 0.0472 0.0341 0.0354 0.0315 0.0297 0.0295 0.0270 0.0328 0.0294 0.0413 0.0256 0.0310 0.0312 0.0240 0.0269 0.0285 0.0272 0.0319 0.0215 0.0241 0.0233 0.0233 0.0264 0.0207 0.0207 0.0191 0.0179 0.0185 0.0207 0.0203 0.0200 0.0193 0.0190 0.0179 0.0171 0.0204],[1.9615 3.6498 0.6061 0.4170 0.3717 0.3117 0.2197 0.2248 0.2323 0.1903 0.1642 0.1749 0.1548 0.1574 0.1445 0.1328 0.1572 0.1503 0.1692 0.1220 0.1264 0.1649 0.1609 0.1216 0.1286 0.1436 0.1565 0.1724 0.1554 0.1231 0.1660 0.1209 0.1480 0.1413 0.1209 0.1236 0.1337 0.1378 0.1187 0.1330 0.1464 0.1285 0.1214 0.1598 0.1178 0.1081 0.1147 0.1119 0.1202 0.1180 0.1070 0.1121 0.1436 0.1074 0.1208 0.1267 0.1603 0.1313 0.1093 0.1078 0.1116 0.1432 0.1416 0.1028 0.1621 0.1200 0.1324 0.1257 0.1064 0.1207 0.1143 0.1417 0.1112 0.1570 0.1099 0.1259 0.1259 0.1045 0.1217 0.1287 0.1174 0.1472 0.1196 0.1181 0.1193 0.1277 0.1472 0.1153 0.1151 0.1134 0.1076 0.1209 0.1247 0.1235 0.1331 0.1068 0.1262 0.1135 0.1336 0.1505],[2.0725 1.7958 1.1477 0.6074 0.4581 0.3872 0.3459 0.3154 0.2939 0.2786 0.2607 0.2489 0.2379 0.2307 0.2233 0.2166 0.2074 0.1984 0.1935 0.1871 0.1848 0.1794 0.1723 0.1691 0.1653 0.1644 0.1616 0.1567 0.1548 0.1508 0.1474 0.1444 0.1452 0.1385 0.1388 0.1368 0.1326 0.1322 0.1309 0.1277 0.1287 0.1223 0.1236 0.1221 0.1180 0.1157 0.1134 0.1127 0.1144 0.1117 0.1084 0.1087 0.1075 0.1084 0.1039 0.1047 0.0996 0.1017 0.1001 0.0977 0.0956 0.0960 0.0947 0.0942 0.0935 0.0916 0.0926 0.0911 0.0889 0.0877 0.0880 0.0866 0.0889 0.0847 0.0840 0.0824 0.0828 0.0825 0.0807 0.0791 0.0825 0.0789 0.0776 0.0770 0.0782 0.0766 0.0771 0.0756 0.0757 0.0725 0.0727 0.0740 0.0731 0.0726 0.0714 0.0701 0.0698 0.0699 0.0684 0.0666]
