train_acc,valid_acc,test_acc,train_loss,valid_loss,train_aug_loss
0.992587685585022,0.9612997174263,0.9489030241966248,[2.1242 2.9733 2.3660 1.9147 1.0059 1.1088 0.5392 1.9871 0.5009 0.3780 0.9424 0.5090 0.2657 0.4759 0.3985 0.6018 0.1708 0.2384 0.2936 0.2420 0.2599 0.2489 0.4710 0.2873 0.1832 0.2103 0.1747 0.2838 0.2652 0.1496 0.1823 0.4131 0.2890 0.1028 0.0837 0.1347 0.2440 0.1703 0.1682 0.1374 0.0813 0.4585 0.1986 0.1090 0.0948 0.0941 0.1930 0.2171 0.0807 0.1405 0.1213 0.0803 0.0594 0.1740 0.2207 0.1578 0.1479 0.1038 0.1284 0.2797 0.0547 0.1815 0.1005 0.4292 0.1201 0.0583 0.0608 0.0621 0.0524 0.1050 0.0782 0.1363 0.0597 0.1244 0.0524 0.2048 0.0953 0.2644 0.1809 0.0926 0.1325 0.0750 0.1292 0.1538 0.1683 0.1102 0.0610 0.0564 0.0764 0.0778 0.0362 0.1910 0.1161 0.0619 0.0414 0.0549 0.1380 0.0545 0.0244 0.0795],[2.1147 3.0639 2.2006 1.6814 1.0030 1.0706 0.5787 1.7082 0.5677 0.4762 0.8746 0.5895 0.3294 0.5663 0.4610 0.6703 0.2597 0.3266 0.3993 0.3314 0.3426 0.3270 0.5530 0.3875 0.2869 0.3012 0.2586 0.3704 0.3679 0.2512 0.2822 0.5249 0.4102 0.1948 0.1662 0.2385 0.3384 0.2597 0.2781 0.2345 0.1906 0.5070 0.3110 0.2354 0.2064 0.1985 0.3083 0.3492 0.1846 0.2769 0.2452 0.1965 0.1729 0.3223 0.3333 0.2722 0.2758 0.2306 0.2493 0.3922 0.1550 0.3406 0.2274 0.5665 0.2676 0.1805 0.1864 0.1878 0.1711 0.2274 0.2022 0.2646 0.1968 0.2680 0.1740 0.3485 0.2450 0.4255 0.3481 0.2521 0.2946 0.2187 0.3068 0.3292 0.3193 0.2648 0.2091 0.2068 0.2149 0.2239 0.1578 0.3726 0.2687 0.2132 0.1793 0.1973 0.3016 0.2036 0.1444 0.2435],[2.0775 1.7647 1.0558 0.5124 0.3954 0.3407 0.3112 0.2884 0.2684 0.2497 0.2403 0.2285 0.2204 0.2098 0.2033 0.1953 0.1883 0.1848 0.1778 0.1742 0.1701 0.1634 0.1615 0.1556 0.1555 0.1489 0.1475 0.1430 0.1442 0.1386 0.1358 0.1341 0.1305 0.1291 0.1256 0.1265 0.1241 0.1219 0.1185 0.1201 0.1164 0.1138 0.1124 0.1106 0.1095 0.1078 0.1069 0.1052 0.1049 0.1024 0.1015 0.1006 0.0999 0.0974 0.0965 0.0958 0.0947 0.0922 0.0919 0.0905 0.0904 0.0900 0.0871 0.0872 0.0853 0.0858 0.0861 0.0844 0.0826 0.0816 0.0796 0.0798 0.0815 0.0781 0.0790 0.0770 0.0756 0.0773 0.0759 0.0746 0.0729 0.0724 0.0706 0.0728 0.0714 0.0705 0.0697 0.0699 0.0692 0.0681 0.0683 0.0665 0.0664 0.0663 0.0651 0.0651 0.0644 0.0625 0.0629 0.0641]
