train_acc,valid_acc,test_acc,train_loss,valid_loss,train_aug_loss
0.9832577109336853,0.9596185088157654,0.9665814638137817,[2.2528 1.3498 0.3899 0.2775 0.2174 0.1914 0.1744 0.1624 0.1936 0.1514 0.1414 0.1395 0.1662 0.1229 0.1152 0.1133 0.1273 0.1130 0.1189 0.1064 0.0995 0.1041 0.0941 0.1020 0.1032 0.0889 0.0981 0.0868 0.0772 0.0949 0.0852 0.1010 0.0695 0.0861 0.0878 0.0870 0.0861 0.0682 0.0855 0.0853 0.0785 0.0847 0.0679 0.0907 0.0780 0.0626 0.0569 0.0801 0.0738 0.0800],[2.2453 1.4339 0.4626 0.3089 0.2503 0.2341 0.2111 0.1987 0.2179 0.1967 0.1676 0.1925 0.2128 0.1638 0.1589 0.1617 0.1672 0.1619 0.1759 0.1567 0.1437 0.1484 0.1490 0.1560 0.1652 0.1484 0.1560 0.1417 0.1268 0.1510 0.1452 0.1662 0.1273 0.1455 0.1507 0.1467 0.1451 0.1335 0.1516 0.1481 0.1376 0.1539 0.1332 0.1537 0.1409 0.1300 0.1260 0.1557 0.1398 0.1527],[1.9694 1.5220 0.6461 0.4580 0.3871 0.3560 0.3271 0.3151 0.2983 0.2827 0.2739 0.2674 0.2600 0.2526 0.2432 0.2394 0.2375 0.2307 0.2284 0.2265 0.2219 0.2145 0.2103 0.2089 0.2094 0.2049 0.2002 0.1959 0.1911 0.1948 0.1888 0.1885 0.1846 0.1863 0.1843 0.1830 0.1801 0.1786 0.1738 0.1754 0.1716 0.1740 0.1693 0.1659 0.1697 0.1686 0.1621 0.1663 0.1648 0.1608]
