train_acc,valid_acc,test_acc,train_loss,valid_loss,train_aug_loss
0.9820646047592163,0.9630681872367859,0.9636595845222473,[2.7009 1.6387 0.3253 0.2197 0.2057 0.1987 0.1618 0.1728 0.1403 0.1248 0.1276 0.1321 0.1140 0.1210 0.1064 0.1190 0.1182 0.0995 0.0876 0.0903 0.0956 0.0842 0.0929 0.0880 0.0797 0.0871 0.0860 0.0781 0.0852 0.0786 0.0885 0.0606 0.0850 0.0650 0.0807 0.0819 0.0723 0.0610 0.0631 0.0504 0.0641 0.0594 0.0676 0.0654 0.0667 0.0612 0.0630 0.0727 0.0534 0.0718],[2.5975 1.7811 0.3698 0.2353 0.2444 0.2456 0.1961 0.2221 0.1886 0.1698 0.1772 0.1850 0.1523 0.1697 0.1576 0.1872 0.1714 0.1700 0.1518 0.1460 0.1750 0.1510 0.1599 0.1497 0.1497 0.1488 0.1502 0.1500 0.1612 0.1530 0.1587 0.1428 0.1538 0.1413 0.1598 0.1643 0.1607 0.1477 0.1427 0.1440 0.1544 0.1456 0.1532 0.1506 0.1592 0.1462 0.1567 0.1541 0.1265 0.1658],[1.9766 1.4487 0.5511 0.4022 0.3501 0.3177 0.2936 0.2771 0.2631 0.2529 0.2422 0.2332 0.2259 0.2231 0.2172 0.2067 0.2034 0.2027 0.1991 0.1937 0.1851 0.1839 0.1847 0.1785 0.1763 0.1709 0.1694 0.1647 0.1634 0.1649 0.1590 0.1585 0.1560 0.1507 0.1523 0.1505 0.1480 0.1484 0.1440 0.1430 0.1419 0.1391 0.1398 0.1390 0.1343 0.1356 0.1355 0.1320 0.1288 0.1324]
