train_acc,valid_acc,test_acc,train_loss,valid_loss,train_aug_loss
0.9887048006057739,0.9653003215789795,0.9660335779190063,[1.3661 0.2748 0.1996 0.2326 0.2813 0.2602 0.2101 0.1776 0.1965 0.1237 0.1684 0.1272 0.1019 0.1109 0.1256 0.1540 0.1421 0.1224 0.1630 0.1384 0.0944 0.1351 0.1782 0.1104 0.0822 0.0855 0.0664 0.0754 0.1064 0.0663 0.0711 0.0792 0.0665 0.1780 0.0819 0.0568 0.0600 0.0508 0.0850 0.0667 0.0641 0.0324 0.0404 0.0574 0.0630 0.0376 0.0508 0.0495 0.0702 0.0559],[1.4951 0.3101 0.2399 0.2626 0.3212 0.3362 0.2602 0.2279 0.2429 0.1787 0.2185 0.1865 0.1696 0.1823 0.1920 0.2249 0.2274 0.1948 0.2423 0.2300 0.1662 0.2306 0.2870 0.2106 0.1841 0.1850 0.1578 0.1679 0.2142 0.1703 0.1773 0.1855 0.1709 0.3088 0.1798 0.1616 0.1705 0.1489 0.1923 0.1841 0.1956 0.1419 0.1576 0.1773 0.1867 0.1508 0.1739 0.1707 0.2035 0.1949],[1.6298 0.5044 0.3693 0.3140 0.2787 0.2571 0.2421 0.2300 0.2176 0.2119 0.2008 0.1953 0.1889 0.1853 0.1782 0.1761 0.1717 0.1649 0.1631 0.1605 0.1530 0.1508 0.1490 0.1443 0.1444 0.1399 0.1376 0.1375 0.1352 0.1319 0.1312 0.1247 0.1267 0.1248 0.1247 0.1198 0.1174 0.1167 0.1165 0.1130 0.1137 0.1116 0.1080 0.1072 0.1069 0.1082 0.1051 0.1033 0.1039 0.1037]
