train_acc,valid_acc,test_acc,train_loss,valid_loss,train_aug_loss
0.9912572503089905,0.9642857313156128,0.9642074704170227,[2.0016 1.8606 1.5053 0.5561 0.4994 0.3595 0.3289 0.2507 0.2493 0.2448 0.2494 0.2119 0.2027 0.2030 0.2051 0.2234 0.1936 0.1735 0.1834 0.1653 0.1730 0.1500 0.1501 0.1457 0.1339 0.1308 0.1459 0.1339 0.1305 0.1328 0.1184 0.1062 0.1187 0.1113 0.1027 0.0949 0.1223 0.1052 0.0977 0.1046 0.1078 0.1013 0.0944 0.1134 0.1068 0.1040 0.0812 0.0952 0.0933 0.0933 0.0862 0.0933 0.0696 0.0764 0.0683 0.0686 0.0808 0.0816 0.0548 0.0624 0.0649 0.0586 0.0635 0.0597 0.0711 0.0591 0.0693 0.0771 0.0608 0.0549 0.0605 0.0471 0.0480 0.0377 0.0510 0.0457 0.0478 0.0495 0.0377 0.0459 0.0566 0.0337 0.0505 0.0539 0.0352 0.0439 0.0440 0.0298 0.0314 0.0286 0.0440 0.0450 0.0254 0.0460 0.0420 0.0375 0.0332 0.0342 0.0336 0.0390],[1.9993 1.8771 1.4354 0.5678 0.5139 0.3754 0.3461 0.2646 0.2778 0.2737 0.2745 0.2457 0.2432 0.2477 0.2483 0.2658 0.2297 0.2196 0.2223 0.2136 0.2207 0.1988 0.2101 0.2068 0.1905 0.1832 0.2111 0.1989 0.1942 0.1979 0.1910 0.1804 0.1909 0.1822 0.1789 0.1651 0.2087 0.1859 0.1794 0.1855 0.1953 0.1827 0.1791 0.1872 0.1971 0.1939 0.1678 0.1910 0.1692 0.1855 0.1798 0.1866 0.1615 0.1719 0.1606 0.1646 0.1863 0.1795 0.1518 0.1609 0.1685 0.1675 0.1695 0.1592 0.1779 0.1610 0.1761 0.1833 0.1685 0.1614 0.1627 0.1506 0.1512 0.1478 0.1529 0.1562 0.1517 0.1686 0.1424 0.1594 0.1791 0.1413 0.1655 0.1664 0.1649 0.1648 0.1534 0.1396 0.1509 0.1367 0.1607 0.1725 0.1306 0.1654 0.1597 0.1502 0.1634 0.1558 0.1552 0.1640],[2.0766 1.8444 1.6002 0.8571 0.5422 0.4373 0.3905 0.3504 0.3294 0.3069 0.2942 0.2796 0.2707 0.2589 0.2476 0.2426 0.2337 0.2227 0.2214 0.2130 0.2090 0.2058 0.1992 0.1944 0.1950 0.1857 0.1840 0.1791 0.1755 0.1758 0.1686 0.1707 0.1664 0.1609 0.1601 0.1572 0.1553 0.1531 0.1487 0.1509 0.1451 0.1435 0.1438 0.1395 0.1363 0.1352 0.1355 0.1329 0.1346 0.1292 0.1281 0.1269 0.1279 0.1228 0.1261 0.1210 0.1192 0.1195 0.1179 0.1163 0.1162 0.1154 0.1106 0.1162 0.1108 0.1111 0.1089 0.1107 0.1107 0.1054 0.1064 0.1026 0.1053 0.1011 0.1009 0.1005 0.1023 0.0989 0.0972 0.0999 0.0970 0.0942 0.0976 0.0950 0.0918 0.0925 0.0913 0.0908 0.0913 0.0906 0.0892 0.0890 0.0893 0.0900 0.0868 0.0871 0.0844 0.0857 0.0859 0.0854]
