train_acc,valid_acc,test_acc,train_loss,valid_loss,train_aug_loss
0.9759818315505981,0.9446022510528564,0.9492329955101013,[2.3294 3.4138 1.2763 1.4652 0.7262 0.5321 0.4045 0.3237 0.4605 0.2913 0.3981 0.4763 0.2351 0.3651 0.4979 0.2416 0.1656 0.1817 0.1909 0.2596 0.2097 0.2665 0.2063 0.1750 0.1821 0.1740 0.1523 0.1503 0.2131 0.2036 0.1625 0.2320 0.3935 0.1880 0.1597 0.1317 0.2294 0.1404 0.2437 0.1207 0.1791 0.1780 0.1103 0.1583 0.1026 0.2749 0.1261 0.1977 0.1428 0.1146 0.1628 0.2122 0.1680 0.0689 0.2543 0.2466 0.1471 0.1417 0.3327 0.1118 0.2279 0.2136 0.1463 0.0849 0.1132 0.1612 0.0856 0.0703 0.1495 0.1006 0.1720 0.1583 0.1179 0.1743 0.0873 0.1433 0.1272 0.4279 0.1524 0.3819 0.1311 0.1035 0.3013 0.1777 0.1210 0.2967 0.1256 0.1389 0.1915 0.0897 0.2909 0.0749 0.1625 0.0676 0.2000 0.2091 0.0935 0.1429 0.1177 0.1329],[2.3663 3.4683 1.5309 1.4631 0.8300 0.5891 0.5007 0.3936 0.4874 0.3703 0.4728 0.5374 0.3200 0.4251 0.6022 0.3352 0.2451 0.2722 0.2804 0.3695 0.3044 0.3487 0.2952 0.2867 0.3002 0.2769 0.2557 0.2489 0.3126 0.3143 0.2617 0.3445 0.4197 0.2925 0.2725 0.2567 0.3600 0.2704 0.3543 0.2384 0.3127 0.3082 0.2355 0.2828 0.2379 0.3961 0.2447 0.3434 0.2862 0.2361 0.3018 0.3858 0.3007 0.1854 0.4158 0.4098 0.2846 0.2873 0.4953 0.2737 0.3960 0.3580 0.2949 0.2217 0.2709 0.3176 0.2161 0.1999 0.3215 0.2475 0.3433 0.3440 0.2935 0.3421 0.2484 0.2974 0.2956 0.6089 0.3200 0.5372 0.2989 0.2817 0.5337 0.3801 0.2972 0.4783 0.3084 0.3358 0.3912 0.2727 0.4883 0.2505 0.3715 0.2183 0.4224 0.4373 0.2801 0.3560 0.3076 0.3546],[2.0331 1.6672 0.9736 0.5956 0.4689 0.4050 0.3665 0.3334 0.3182 0.2943 0.2838 0.2700 0.2561 0.2472 0.2372 0.2300 0.2228 0.2149 0.2071 0.2074 0.1963 0.1938 0.1843 0.1805 0.1787 0.1742 0.1692 0.1661 0.1627 0.1584 0.1553 0.1550 0.1495 0.1480 0.1457 0.1451 0.1398 0.1397 0.1353 0.1341 0.1308 0.1319 0.1261 0.1271 0.1251 0.1243 0.1220 0.1203 0.1146 0.1145 0.1122 0.1124 0.1119 0.1085 0.1094 0.1079 0.1083 0.1045 0.1024 0.0998 0.1011 0.0992 0.1011 0.0988 0.0962 0.0975 0.0954 0.0947 0.0916 0.0916 0.0909 0.0906 0.0904 0.0887 0.0864 0.0850 0.0848 0.0833 0.0819 0.0836 0.0820 0.0801 0.0809 0.0789 0.0814 0.0777 0.0776 0.0766 0.0764 0.0769 0.0741 0.0759 0.0751 0.0774 0.0747 0.0727 0.0723 0.0687 0.0713 0.0690]
