train_acc,valid_acc,test_acc,train_loss,valid_loss,train_aug_loss
0.9854385256767273,0.9640827775001526,0.9629291296005249,[2.0412 2.0835 1.6490 0.7471 0.4336 0.3278 0.2799 0.2919 0.2368 0.2309 0.2307 0.2396 0.2099 0.2072 0.1833 0.1789 0.1801 0.1632 0.1684 0.1491 0.1450 0.1391 0.1681 0.1575 0.1319 0.1364 0.1310 0.1614 0.1366 0.1499 0.1474 0.1213 0.1128 0.1097 0.1122 0.1063 0.1176 0.1105 0.1107 0.0877 0.0990 0.0893 0.0871 0.0844 0.0982 0.0793 0.1021 0.0937 0.0805 0.0907 0.0807 0.0774 0.0831 0.0815 0.0887 0.0756 0.0700 0.0682 0.0690 0.0720 0.0751 0.0648 0.0749 0.0720 0.0613 0.0632 0.0914 0.0591 0.0662 0.0680 0.0675 0.0847 0.0667 0.0522 0.0667 0.0696 0.0422 0.0629 0.0568 0.0438 0.0510 0.0654 0.0523 0.0484 0.0532 0.0510 0.0491 0.0445 0.0503 0.0536 0.0504 0.0469 0.0560 0.0577 0.0452 0.0448 0.0460 0.0748 0.0381 0.0529],[2.0364 2.0655 1.6570 0.7823 0.4754 0.3502 0.2936 0.3061 0.2419 0.2615 0.2495 0.2672 0.2299 0.2273 0.2109 0.1980 0.1986 0.1981 0.2024 0.1858 0.1885 0.1805 0.2055 0.1925 0.1705 0.1779 0.1724 0.2082 0.1812 0.2174 0.1997 0.1778 0.1634 0.1617 0.1738 0.1594 0.1698 0.1684 0.1674 0.1465 0.1645 0.1590 0.1592 0.1547 0.1590 0.1543 0.1728 0.1672 0.1530 0.1669 0.1513 0.1557 0.1664 0.1667 0.1631 0.1557 0.1506 0.1501 0.1491 0.1564 0.1550 0.1510 0.1548 0.1555 0.1498 0.1479 0.1940 0.1494 0.1511 0.1528 0.1658 0.1739 0.1616 0.1458 0.1625 0.1693 0.1377 0.1696 0.1524 0.1410 0.1487 0.1688 0.1580 0.1546 0.1558 0.1508 0.1478 0.1481 0.1613 0.1606 0.1535 0.1568 0.1713 0.1660 0.1596 0.1543 0.1481 0.1794 0.1471 0.1607],[2.0812 1.8930 1.5721 0.8745 0.5714 0.4678 0.4100 0.3806 0.3531 0.3325 0.3189 0.3058 0.2920 0.2800 0.2714 0.2597 0.2550 0.2461 0.2376 0.2365 0.2294 0.2227 0.2151 0.2130 0.2090 0.2054 0.2041 0.1974 0.1948 0.1913 0.1867 0.1820 0.1806 0.1783 0.1729 0.1732 0.1717 0.1680 0.1628 0.1616 0.1593 0.1614 0.1592 0.1532 0.1562 0.1512 0.1511 0.1482 0.1444 0.1427 0.1438 0.1398 0.1422 0.1384 0.1363 0.1368 0.1350 0.1330 0.1310 0.1303 0.1283 0.1274 0.1251 0.1246 0.1237 0.1241 0.1199 0.1216 0.1214 0.1200 0.1190 0.1179 0.1168 0.1139 0.1140 0.1140 0.1097 0.1109 0.1106 0.1091 0.1061 0.1097 0.1076 0.1061 0.1060 0.1057 0.1053 0.1022 0.1043 0.1014 0.1010 0.1030 0.0994 0.0994 0.0976 0.0996 0.0969 0.0948 0.0980 0.0961]
