train_acc,valid_acc,test_acc,train_loss,valid_loss,train_aug_loss
0.9813311696052551,0.9650974273681641,0.9656683802604675,[1.7116 0.5152 0.3399 0.2725 0.2410 0.2419 0.2083 0.1700 0.1931 0.1585 0.1754 0.1999 0.2146 0.1540 0.1142 0.1470 0.1510 0.1037 0.1248 0.1098 0.1683 0.1164 0.1165 0.1199 0.0966 0.1311 0.1265 0.0840 0.1296 0.1392 0.1082 0.0875 0.0898 0.1029 0.1070 0.0874 0.1084 0.1008 0.0881 0.0789 0.0956 0.0729 0.0839 0.0738 0.0747 0.0659 0.0663 0.1046 0.0972 0.0629],[1.5613 0.5151 0.3499 0.2838 0.2436 0.2646 0.2175 0.1855 0.2130 0.1739 0.1918 0.2367 0.2401 0.1801 0.1456 0.1746 0.1797 0.1470 0.1631 0.1477 0.1964 0.1492 0.1561 0.1619 0.1415 0.1737 0.1640 0.1297 0.1737 0.1840 0.1564 0.1391 0.1400 0.1542 0.1603 0.1395 0.1644 0.1500 0.1416 0.1303 0.1496 0.1257 0.1384 0.1304 0.1336 0.1342 0.1219 0.1642 0.1577 0.1299],[1.9072 1.0954 0.5719 0.4584 0.3973 0.3667 0.3454 0.3207 0.3089 0.2941 0.2822 0.2756 0.2678 0.2624 0.2570 0.2470 0.2441 0.2394 0.2351 0.2301 0.2287 0.2188 0.2195 0.2175 0.2162 0.2108 0.2069 0.2039 0.2032 0.2001 0.1968 0.1940 0.1926 0.1926 0.1917 0.1899 0.1850 0.1836 0.1820 0.1840 0.1809 0.1779 0.1780 0.1753 0.1758 0.1761 0.1718 0.1702 0.1676 0.1696]
