train_acc,valid_acc,test_acc,train_loss,valid_loss,train_aug_loss
0.980998694896698,0.9616477489471436,0.9649379253387451,[2.5928 1.2425 0.3737 0.2720 0.2294 0.1813 0.1868 0.2011 0.1631 0.1493 0.1440 0.1253 0.1144 0.1318 0.1335 0.1197 0.1300 0.1001 0.0952 0.1173 0.1068 0.1244 0.1055 0.0825 0.1132 0.0977 0.0888 0.0908 0.0961 0.0880 0.0985 0.0965 0.0963 0.0841 0.0826 0.0848 0.0883 0.0912 0.0946 0.0747 0.0919 0.0852 0.1051 0.0866 0.0826 0.1030 0.0730 0.0642 0.0744 0.0609],[2.4988 1.0137 0.4052 0.3197 0.2840 0.2233 0.2204 0.2568 0.2089 0.1932 0.1967 0.1873 0.1588 0.1804 0.1823 0.1583 0.1741 0.1555 0.1459 0.1744 0.1609 0.1872 0.1565 0.1534 0.1764 0.1620 0.1542 0.1478 0.1453 0.1437 0.1693 0.1514 0.1511 0.1434 0.1427 0.1538 0.1471 0.1475 0.1498 0.1388 0.1534 0.1524 0.1613 0.1540 0.1525 0.1666 0.1438 0.1306 0.1459 0.1365],[1.9517 1.5610 0.6686 0.4544 0.3898 0.3506 0.3249 0.3074 0.2996 0.2822 0.2707 0.2620 0.2587 0.2487 0.2419 0.2408 0.2328 0.2254 0.2231 0.2205 0.2162 0.2130 0.2070 0.2075 0.2040 0.2041 0.2000 0.1958 0.1884 0.1895 0.1894 0.1835 0.1846 0.1799 0.1832 0.1825 0.1793 0.1774 0.1728 0.1742 0.1686 0.1691 0.1678 0.1676 0.1682 0.1602 0.1607 0.1603 0.1596 0.1623]
