train_acc,valid_acc,test_acc,train_loss,valid_loss,train_aug_loss
0.9743780493736267,0.9594155550003052,0.9589115977287292,[4.8009 0.2926 0.2186 0.1810 0.2299 0.2603 0.2521 0.1917 0.1308 0.1269 0.1767 0.1176 0.1217 0.1133 0.1508 0.0789 0.1226 0.1391 0.1112 0.0912 0.1169 0.0608 0.1113 0.1155 0.1206 0.0787 0.0758 0.0673 0.1367 0.0570 0.0680 0.1196 0.0521 0.0905 0.1118 0.0718 0.1193 0.0371 0.0609 0.0750 0.0489 0.0622 0.0427 0.0540 0.0522 0.0842 0.0359 0.0374 0.0657 0.0421],[4.3233 0.2984 0.2257 0.2105 0.2615 0.2812 0.2746 0.2196 0.1692 0.1665 0.2106 0.1715 0.1790 0.1698 0.2187 0.1339 0.1919 0.1950 0.1724 0.1672 0.1885 0.1343 0.1992 0.1874 0.2072 0.1593 0.1597 0.1389 0.2422 0.1442 0.1599 0.2075 0.1399 0.1897 0.2239 0.1727 0.2280 0.1357 0.1658 0.1680 0.1369 0.1642 0.1351 0.1564 0.1607 0.2056 0.1397 0.1358 0.1836 0.1591],[1.6030 0.5010 0.3543 0.3079 0.2783 0.2550 0.2392 0.2247 0.2185 0.2044 0.1991 0.1953 0.1885 0.1794 0.1760 0.1709 0.1708 0.1648 0.1566 0.1572 0.1556 0.1519 0.1445 0.1447 0.1425 0.1423 0.1377 0.1342 0.1356 0.1303 0.1298 0.1268 0.1276 0.1241 0.1207 0.1203 0.1172 0.1176 0.1164 0.1156 0.1117 0.1121 0.1099 0.1074 0.1063 0.1064 0.1044 0.1051 0.1025 0.1042]
