train_acc,valid_acc,test_acc,train_loss,valid_loss,train_aug_loss
0.9874041676521301,0.9616477489471436,0.9673119187355042,[1.9693 4.1506 3.6609 0.5998 0.4699 0.4279 0.2584 0.2626 0.2114 0.2209 0.1921 0.2025 0.1757 0.1938 0.1742 0.1686 0.1739 0.1359 0.1528 0.1304 0.1368 0.1265 0.1139 0.1328 0.1085 0.0981 0.1106 0.0965 0.0872 0.1046 0.0952 0.0991 0.0952 0.0906 0.0789 0.0819 0.0845 0.0823 0.0968 0.0947 0.1078 0.0759 0.0655 0.0631 0.0666 0.0685 0.0674 0.0604 0.0660 0.0734 0.0541 0.0646 0.0684 0.0602 0.0561 0.0570 0.0602 0.0557 0.0566 0.0507 0.0506 0.0488 0.0526 0.0492 0.0477 0.0664 0.0521 0.0573 0.0579 0.0423 0.0508 0.0426 0.0431 0.0575 0.0430 0.0452 0.0366 0.0399 0.0495 0.0421 0.0349 0.0405 0.0405 0.0341 0.0470 0.0441 0.0370 0.0335 0.0316 0.0254 0.0436 0.0376 0.0272 0.0302 0.0461 0.0436 0.0294 0.0282 0.0234 0.0282],[1.9718 3.8411 3.5068 0.6845 0.5575 0.5118 0.2904 0.3188 0.2636 0.2539 0.2544 0.2340 0.2132 0.2364 0.2172 0.1971 0.2000 0.1816 0.1903 0.1756 0.1928 0.1719 0.1609 0.1816 0.1566 0.1474 0.1593 0.1534 0.1477 0.1633 0.1577 0.1640 0.1646 0.1544 0.1418 0.1471 0.1479 0.1506 0.1769 0.1600 0.1878 0.1455 0.1314 0.1327 0.1395 0.1450 0.1484 0.1378 0.1421 0.1588 0.1342 0.1435 0.1498 0.1484 0.1355 0.1353 0.1432 0.1403 0.1413 0.1407 0.1370 0.1307 0.1424 0.1387 0.1408 0.1712 0.1496 0.1583 0.1533 0.1362 0.1481 0.1399 0.1424 0.1634 0.1429 0.1510 0.1292 0.1466 0.1501 0.1425 0.1311 0.1478 0.1486 0.1393 0.1583 0.1551 0.1517 0.1370 0.1382 0.1305 0.1600 0.1508 0.1419 0.1450 0.1624 0.1656 0.1365 0.1477 0.1311 0.1450],[2.0706 1.8296 1.5977 0.7968 0.5084 0.4205 0.3736 0.3393 0.3183 0.3024 0.2847 0.2748 0.2625 0.2523 0.2402 0.2315 0.2244 0.2184 0.2110 0.2044 0.2011 0.1945 0.1885 0.1871 0.1812 0.1746 0.1714 0.1675 0.1643 0.1625 0.1590 0.1523 0.1523 0.1496 0.1486 0.1452 0.1410 0.1410 0.1384 0.1366 0.1327 0.1312 0.1322 0.1281 0.1271 0.1231 0.1214 0.1237 0.1203 0.1204 0.1151 0.1152 0.1136 0.1107 0.1137 0.1081 0.1073 0.1095 0.1067 0.1042 0.1024 0.1037 0.1021 0.1006 0.1004 0.0960 0.0983 0.0959 0.0964 0.0949 0.0922 0.0932 0.0923 0.0884 0.0884 0.0897 0.0879 0.0855 0.0871 0.0873 0.0860 0.0845 0.0843 0.0843 0.0834 0.0828 0.0811 0.0811 0.0788 0.0776 0.0795 0.0794 0.0745 0.0767 0.0727 0.0735 0.0772 0.0744 0.0748 0.0716]
