train_acc,valid_acc,test_acc,train_loss,valid_loss,train_aug_loss
0.9806270599365234,0.9616477489471436,0.9656683802604675,[3.6705 0.2960 0.2192 0.2070 0.1718 0.1731 0.1970 0.1634 0.1230 0.1572 0.1257 0.1261 0.1441 0.1800 0.1785 0.1474 0.1025 0.1137 0.1433 0.1268 0.1526 0.0577 0.1481 0.0686 0.0625 0.0986 0.0593 0.0929 0.0741 0.1397 0.0990 0.1100 0.0557 0.0670 0.0656 0.0742 0.0538 0.0793 0.0946 0.0535 0.0441 0.0517 0.0472 0.0781 0.0775 0.0682 0.0908 0.0941 0.0514 0.0526],[3.4599 0.3294 0.2550 0.2804 0.2230 0.2278 0.2589 0.2387 0.1883 0.2274 0.1926 0.1974 0.2176 0.2488 0.2539 0.2366 0.1891 0.2019 0.2521 0.2075 0.2366 0.1420 0.2435 0.1820 0.1544 0.2037 0.1738 0.2045 0.1683 0.2704 0.2130 0.2224 0.1725 0.1808 0.1766 0.1895 0.1673 0.2056 0.2133 0.1710 0.1609 0.1838 0.1803 0.2252 0.2153 0.2147 0.2392 0.2506 0.1987 0.2143],[1.5990 0.5000 0.3536 0.3070 0.2737 0.2548 0.2381 0.2286 0.2221 0.2072 0.1997 0.1931 0.1887 0.1793 0.1757 0.1723 0.1703 0.1622 0.1589 0.1564 0.1579 0.1519 0.1482 0.1457 0.1423 0.1398 0.1387 0.1354 0.1334 0.1316 0.1298 0.1246 0.1256 0.1236 0.1217 0.1226 0.1155 0.1147 0.1170 0.1143 0.1131 0.1143 0.1105 0.1109 0.1038 0.1046 0.1040 0.1068 0.1034 0.1010]
