train_acc,valid_acc,test_acc,train_loss,valid_loss,train_aug_loss
0.9799425005912781,0.9646915793418884,0.9654857516288757,[1.9018 0.7031 0.3591 0.2369 0.2054 0.2182 0.1826 0.2063 0.2077 0.1764 0.1622 0.1554 0.1401 0.1364 0.1667 0.1428 0.1281 0.1465 0.1405 0.1242 0.1204 0.1311 0.1645 0.1421 0.1226 0.1111 0.1226 0.1062 0.1165 0.1282 0.1124 0.1135 0.0949 0.1070 0.1022 0.0825 0.1147 0.1071 0.0817 0.0968 0.1071 0.0911 0.0829 0.1079 0.0729 0.0677 0.0933 0.0904 0.0909 0.1071],[1.8600 0.6544 0.3862 0.2626 0.2308 0.2366 0.2147 0.2412 0.2297 0.1990 0.1904 0.1897 0.1801 0.1627 0.2035 0.1777 0.1685 0.1783 0.1769 0.1626 0.1637 0.1703 0.2014 0.1908 0.1601 0.1490 0.1577 0.1612 0.1602 0.1632 0.1546 0.1550 0.1425 0.1494 0.1538 0.1369 0.1703 0.1581 0.1324 0.1465 0.1598 0.1426 0.1372 0.1643 0.1237 0.1221 0.1575 0.1430 0.1484 0.1647],[1.9323 1.3860 0.6548 0.4832 0.4146 0.3721 0.3478 0.3232 0.3139 0.2973 0.2950 0.2801 0.2728 0.2688 0.2601 0.2507 0.2490 0.2442 0.2389 0.2322 0.2317 0.2289 0.2201 0.2200 0.2174 0.2148 0.2108 0.2117 0.2035 0.2015 0.2031 0.1991 0.1992 0.1920 0.1892 0.1891 0.1893 0.1873 0.1841 0.1818 0.1829 0.1806 0.1776 0.1744 0.1820 0.1750 0.1742 0.1706 0.1685 0.1697]
