train_acc,valid_acc,test_acc,train_loss,valid_loss,train_aug_loss
0.9812138080596924,0.9610389471054077,0.9623813033103943,[1.7684 0.5344 0.3467 0.2378 0.2534 0.1638 0.2416 0.1518 0.2179 0.1384 0.1957 0.1104 0.1476 0.1039 0.1288 0.1264 0.1340 0.1255 0.1318 0.0894 0.0902 0.1095 0.1033 0.0954 0.0820 0.0900 0.0917 0.0886 0.0811 0.0974 0.0762 0.1056 0.0818 0.0702 0.0727 0.0711 0.0746 0.0807 0.0612 0.0637 0.0852 0.0901 0.0711 0.0771 0.0943 0.0821 0.0758 0.0797 0.0996 0.0994],[1.7780 0.5444 0.3638 0.2769 0.2890 0.1992 0.2864 0.2026 0.2599 0.2043 0.2479 0.1625 0.2085 0.1679 0.1838 0.1856 0.1884 0.1966 0.1888 0.1583 0.1692 0.1861 0.1772 0.1599 0.1502 0.1571 0.1651 0.1600 0.1473 0.1682 0.1523 0.1784 0.1518 0.1464 0.1436 0.1499 0.1489 0.1604 0.1327 0.1408 0.1658 0.1658 0.1495 0.1540 0.1763 0.1733 0.1680 0.1617 0.1838 0.1830],[1.8069 0.9782 0.5811 0.4768 0.4119 0.3762 0.3544 0.3328 0.3234 0.3069 0.2984 0.2967 0.2857 0.2732 0.2692 0.2589 0.2593 0.2530 0.2457 0.2437 0.2398 0.2360 0.2308 0.2289 0.2289 0.2218 0.2223 0.2173 0.2120 0.2128 0.2089 0.2075 0.2035 0.2023 0.2035 0.1996 0.1968 0.1941 0.1956 0.1928 0.1885 0.1898 0.1886 0.1863 0.1857 0.1828 0.1815 0.1827 0.1803 0.1763]
