train_acc,valid_acc,test_acc,train_loss,valid_loss,train_aug_loss
0.9871264696121216,0.9707922339439392,0.9497690796852112,[2.0593 1.9223 1.8331 2.0679 1.4222 0.6919 0.5797 0.3983 0.3566 0.3316 0.3068 0.2581 0.2312 0.2244 0.2695 0.2302 0.2289 0.2514 0.1848 0.2170 0.1910 0.2193 0.1758 0.1790 0.1793 0.1763 0.1725 0.1671 0.1569 0.1416 0.1295 0.1243 0.1373 0.1525 0.1327 0.1433 0.1160 0.1112 0.1093 0.1297 0.1058 0.1017 0.0978 0.1000 0.1083 0.1092 0.0916 0.0921 0.0843 0.0790 0.0836 0.0806 0.0763 0.0805 0.0807 0.0804 0.0785 0.0722 0.0662 0.0716 0.0717 0.0723 0.0679 0.0608 0.0662 0.0691 0.0634 0.0582 0.0615 0.0624 0.0609 0.0584 0.0610 0.0531 0.0535 0.0560 0.0523 0.0533 0.0527 0.0535 0.0516 0.0563 0.0492 0.0544 0.0445 0.0464 0.0464 0.0448 0.0469 0.0454 0.0454 0.0427 0.0511 0.0460 0.0425 0.0396 0.0428 0.0433 0.0407 0.0435],[2.0528 1.9035 1.8722 2.3344 1.5042 0.7216 0.6931 0.4678 0.4150 0.3794 0.3509 0.2888 0.2453 0.2467 0.2900 0.2496 0.2666 0.2867 0.2074 0.2621 0.2167 0.2530 0.2038 0.2140 0.2211 0.2175 0.2016 0.2067 0.1897 0.1792 0.1671 0.1612 0.1762 0.1936 0.1707 0.1834 0.1571 0.1505 0.1458 0.1690 0.1469 0.1412 0.1431 0.1420 0.1587 0.1605 0.1368 0.1451 0.1331 0.1230 0.1305 0.1349 0.1238 0.1307 0.1293 0.1365 0.1334 0.1292 0.1257 0.1263 0.1283 0.1300 0.1258 0.1205 0.1245 0.1279 0.1207 0.1129 0.1149 0.1220 0.1189 0.1161 0.1214 0.1161 0.1185 0.1219 0.1099 0.1106 0.1210 0.1175 0.1164 0.1196 0.1090 0.1179 0.1082 0.1051 0.1119 0.1113 0.1162 0.1083 0.1124 0.1047 0.1239 0.1200 0.1106 0.1045 0.1120 0.1198 0.1109 0.1135],[2.1647 1.9962 1.8924 1.7833 1.3894 1.0005 0.7461 0.6257 0.5558 0.5065 0.4638 0.4314 0.4065 0.3870 0.3683 0.3521 0.3399 0.3275 0.3147 0.3049 0.2957 0.2880 0.2834 0.2739 0.2667 0.2606 0.2536 0.2517 0.2425 0.2402 0.2302 0.2293 0.2247 0.2204 0.2160 0.2136 0.2110 0.2050 0.2017 0.1989 0.1956 0.1927 0.1905 0.1883 0.1832 0.1819 0.1819 0.1771 0.1764 0.1734 0.1705 0.1687 0.1655 0.1664 0.1633 0.1607 0.1579 0.1568 0.1532 0.1520 0.1529 0.1524 0.1470 0.1484 0.1458 0.1457 0.1420 0.1437 0.1420 0.1393 0.1349 0.1393 0.1358 0.1339 0.1331 0.1296 0.1309 0.1303 0.1286 0.1292 0.1265 0.1273 0.1251 0.1225 0.1229 0.1212 0.1203 0.1180 0.1199 0.1164 0.1172 0.1152 0.1136 0.1129 0.1166 0.1115 0.1119 0.1096 0.1098 0.1080]
