train_acc,valid_acc,test_acc,train_loss,valid_loss,train_aug_loss
0.9835804104804993,0.9650974273681641,0.9609203934669495,[1.5915 0.6201 0.5184 0.3151 0.2022 0.1886 0.2192 0.2434 0.1532 0.1548 0.1716 0.1483 0.1464 0.1637 0.1100 0.1173 0.1518 0.1047 0.1178 0.1333 0.1010 0.1506 0.1086 0.1048 0.1004 0.1078 0.1054 0.0744 0.0795 0.0967 0.0968 0.1072 0.0841 0.0965 0.0836 0.0827 0.1162 0.0665 0.0888 0.0956 0.0849 0.0645 0.0934 0.0755 0.0683 0.0819 0.0813 0.0668 0.0540 0.0737],[1.5418 0.6403 0.5297 0.3544 0.2473 0.2245 0.2605 0.2855 0.2022 0.2138 0.2170 0.2031 0.2006 0.2244 0.1692 0.1738 0.2107 0.1646 0.1818 0.1947 0.1658 0.2091 0.1722 0.1774 0.1687 0.1724 0.1695 0.1403 0.1498 0.1707 0.1626 0.1871 0.1566 0.1727 0.1591 0.1576 0.2054 0.1443 0.1723 0.1783 0.1640 0.1450 0.1782 0.1533 0.1494 0.1599 0.1672 0.1503 0.1346 0.1510],[1.8365 1.0373 0.6042 0.4890 0.4236 0.3941 0.3634 0.3457 0.3309 0.3170 0.3079 0.2968 0.2874 0.2839 0.2738 0.2700 0.2619 0.2526 0.2525 0.2456 0.2443 0.2420 0.2332 0.2336 0.2323 0.2265 0.2246 0.2197 0.2171 0.2163 0.2123 0.2108 0.2074 0.2061 0.2012 0.2017 0.1991 0.1979 0.1984 0.1920 0.1938 0.1913 0.1880 0.1883 0.1873 0.1853 0.1866 0.1794 0.1804 0.1776]
