train_acc,valid_acc,test_acc,train_loss,valid_loss,train_aug_loss
0.9868369698524475,0.9653003215789795,0.9612855911254883,[1.9954 0.5370 0.3059 0.2884 0.2474 0.1667 0.1366 0.1201 0.1145 0.1275 0.1237 0.1135 0.0933 0.0890 0.0950 0.1071 0.1079 0.1051 0.0740 0.0923 0.0909 0.0837 0.0769 0.0939 0.0705 0.0655 0.0770 0.0633 0.0802 0.0683 0.0661 0.0644 0.0804 0.0604 0.0736 0.0781 0.0616 0.0569 0.0645 0.0497 0.0600 0.0625 0.0599 0.0762 0.0562 0.0492 0.0821 0.0670 0.0406 0.0632],[2.1631 0.4882 0.3145 0.3108 0.2741 0.1972 0.1714 0.1559 0.1584 0.1793 0.1724 0.1704 0.1475 0.1503 0.1596 0.1763 0.1795 0.1768 0.1391 0.1563 0.1508 0.1565 0.1504 0.1644 0.1420 0.1352 0.1537 0.1307 0.1554 0.1462 0.1422 0.1447 0.1612 0.1310 0.1551 0.1604 0.1389 0.1285 0.1441 0.1233 0.1333 0.1380 0.1331 0.1635 0.1409 0.1214 0.1669 0.1457 0.1163 0.1549],[1.4101 0.5805 0.4299 0.3660 0.3325 0.3111 0.2895 0.2792 0.2656 0.2587 0.2524 0.2421 0.2377 0.2344 0.2277 0.2248 0.2206 0.2132 0.2117 0.2049 0.2052 0.2023 0.2004 0.1950 0.1942 0.1890 0.1919 0.1882 0.1834 0.1829 0.1839 0.1798 0.1796 0.1771 0.1720 0.1763 0.1718 0.1724 0.1700 0.1682 0.1671 0.1670 0.1661 0.1626 0.1622 0.1594 0.1629 0.1588 0.1570 0.1593]
