train_acc,valid_acc,test_acc,train_loss,valid_loss,train_aug_loss
0.9820548295974731,0.9655032753944397,0.9614682197570801,[1.8692 0.8877 0.3715 0.3093 0.2874 0.1949 0.2207 0.1698 0.1962 0.1627 0.1799 0.1616 0.1740 0.1366 0.1233 0.1304 0.1293 0.1727 0.1214 0.1321 0.1156 0.1197 0.1138 0.0892 0.1270 0.1234 0.1014 0.1226 0.1107 0.1040 0.1034 0.0816 0.1212 0.1117 0.0792 0.0966 0.0847 0.0695 0.0852 0.0877 0.1018 0.0841 0.0765 0.0809 0.0697 0.0696 0.0566 0.0741 0.1214 0.0718],[1.7693 0.7687 0.3683 0.2976 0.2843 0.1995 0.2342 0.2078 0.2165 0.1930 0.1952 0.1848 0.2022 0.1712 0.1541 0.1641 0.1650 0.1999 0.1540 0.1738 0.1593 0.1525 0.1589 0.1317 0.1639 0.1657 0.1447 0.1720 0.1585 0.1447 0.1492 0.1274 0.1703 0.1811 0.1339 0.1586 0.1422 0.1315 0.1361 0.1527 0.1617 0.1409 0.1397 0.1335 0.1283 0.1340 0.1174 0.1362 0.1853 0.1321],[1.8659 1.1855 0.6580 0.5186 0.4513 0.4061 0.3757 0.3547 0.3392 0.3209 0.3104 0.2935 0.2868 0.2800 0.2698 0.2661 0.2544 0.2537 0.2497 0.2429 0.2393 0.2324 0.2297 0.2288 0.2230 0.2208 0.2143 0.2134 0.2075 0.2068 0.2034 0.2027 0.1970 0.1957 0.1915 0.1938 0.1909 0.1854 0.1851 0.1810 0.1842 0.1791 0.1817 0.1762 0.1786 0.1727 0.1708 0.1700 0.1702 0.1681]
