train_acc,valid_acc,test_acc,train_loss,valid_loss,train_aug_loss
0.9806954860687256,0.9642857313156128,0.9620160460472107,[2.2963 3.6997 0.4805 0.2407 0.1897 0.2180 0.1802 0.1724 0.1674 0.1674 0.1576 0.1112 0.1395 0.1456 0.1181 0.1228 0.1232 0.1124 0.1121 0.0976 0.1343 0.0944 0.0977 0.1329 0.1300 0.0962 0.1070 0.1017 0.0983 0.1089 0.0851 0.0994 0.1052 0.0974 0.0912 0.0792 0.0815 0.0744 0.0708 0.0845 0.0874 0.0701 0.0707 0.0723 0.0864 0.0910 0.0803 0.0580 0.0610 0.0656],[2.2065 3.2797 0.6334 0.2658 0.2238 0.2429 0.2031 0.2089 0.1903 0.2045 0.2048 0.1595 0.1847 0.1853 0.1650 0.1639 0.1661 0.1487 0.1504 0.1401 0.1741 0.1483 0.1418 0.1764 0.1987 0.1630 0.1773 0.1467 0.1553 0.1592 0.1479 0.1468 0.1563 0.1558 0.1426 0.1520 0.1417 0.1306 0.1278 0.1539 0.1584 0.1287 0.1342 0.1531 0.1455 0.1496 0.1531 0.1326 0.1193 0.1307],[1.9660 1.6503 0.7319 0.4584 0.3810 0.3401 0.3177 0.2994 0.2897 0.2752 0.2692 0.2612 0.2450 0.2434 0.2386 0.2346 0.2302 0.2226 0.2182 0.2151 0.2100 0.2050 0.2060 0.2040 0.1977 0.1956 0.1949 0.1947 0.1850 0.1855 0.1833 0.1850 0.1808 0.1810 0.1800 0.1765 0.1746 0.1705 0.1691 0.1705 0.1688 0.1712 0.1651 0.1608 0.1604 0.1606 0.1630 0.1580 0.1586 0.1537]
