train_acc,valid_acc,test_acc,train_loss,valid_loss,train_aug_loss
0.9869543313980103,0.9650974273681641,0.9640248417854309,[2.4365 0.4258 0.2740 0.2625 0.2481 0.2462 0.2413 0.1413 0.1695 0.2046 0.2046 0.1261 0.1351 0.1238 0.1824 0.1824 0.1181 0.1336 0.1051 0.1764 0.1042 0.1035 0.1546 0.0800 0.1351 0.0682 0.0888 0.0944 0.1133 0.0571 0.0779 0.0674 0.1072 0.1209 0.0760 0.0765 0.1101 0.0483 0.1300 0.0966 0.1395 0.0777 0.0705 0.0361 0.0960 0.0723 0.0942 0.0349 0.0795 0.0709 0.0688 0.0682 0.0586 0.0455 0.0362 0.0373 0.0395 0.0421 0.0943 0.0360 0.0289 0.0797 0.0349 0.0224 0.0487 0.0301 0.0401 0.0438 0.0417 0.0449 0.0295 0.0553 0.0290 0.0235 0.0496 0.0331 0.0290 0.0308 0.0235 0.0592 0.0333 0.0167 0.0301 0.0215 0.0383 0.0629 0.0221 0.0167 0.0351 0.0266 0.0284 0.0448 0.0152 0.0110 0.0385 0.0350 0.0284 0.0106 0.0270 0.0207],[2.2984 0.4127 0.2721 0.2797 0.2810 0.2854 0.2604 0.1833 0.2005 0.2355 0.2342 0.1766 0.1879 0.1736 0.2262 0.2477 0.1682 0.1880 0.1563 0.2284 0.1573 0.1746 0.2266 0.1459 0.2020 0.1322 0.1594 0.1661 0.1851 0.1282 0.1576 0.1450 0.1956 0.2075 0.1546 0.1568 0.1993 0.1340 0.2255 0.1913 0.2352 0.1717 0.1600 0.1219 0.1976 0.1728 0.2096 0.1280 0.1775 0.1765 0.1926 0.1727 0.1680 0.1573 0.1413 0.1385 0.1515 0.1548 0.2131 0.1518 0.1388 0.2150 0.1518 0.1304 0.1792 0.1484 0.1652 0.1652 0.1632 0.1781 0.1565 0.1879 0.1551 0.1527 0.1844 0.1686 0.1587 0.1646 0.1510 0.2130 0.1776 0.1472 0.1770 0.1624 0.1984 0.2368 0.1575 0.1530 0.2005 0.1769 0.1843 0.2093 0.1532 0.1416 0.2107 0.2008 0.1910 0.1426 0.1787 0.1705],[1.7386 0.6135 0.4037 0.3401 0.2998 0.2766 0.2556 0.2410 0.2271 0.2152 0.2041 0.1984 0.1934 0.1848 0.1800 0.1742 0.1658 0.1637 0.1608 0.1554 0.1522 0.1489 0.1419 0.1421 0.1375 0.1358 0.1334 0.1305 0.1258 0.1230 0.1190 0.1224 0.1208 0.1177 0.1155 0.1103 0.1110 0.1090 0.1101 0.1051 0.1026 0.1026 0.1007 0.0983 0.1012 0.0968 0.0928 0.0933 0.0960 0.0918 0.0910 0.0944 0.0887 0.0896 0.0859 0.0836 0.0833 0.0820 0.0812 0.0811 0.0801 0.0807 0.0802 0.0784 0.0758 0.0764 0.0782 0.0741 0.0713 0.0748 0.0728 0.0703 0.0687 0.0727 0.0729 0.0656 0.0718 0.0664 0.0679 0.0677 0.0653 0.0656 0.0652 0.0671 0.0663 0.0635 0.0617 0.0636 0.0607 0.0623 0.0617 0.0600 0.0601 0.0573 0.0579 0.0582 0.0579 0.0562 0.0592 0.0545]
