train_acc,valid_acc,test_acc,train_loss,valid_loss,train_aug_loss
0.9879029393196106,0.9671266078948975,0.9665814638137817,[2.4532 3.1582 0.5050 0.3680 0.2488 0.2480 0.2036 0.1789 0.1974 0.1801 0.1598 0.1486 0.1640 0.1670 0.1253 0.1321 0.1096 0.1342 0.1218 0.1112 0.1083 0.0959 0.0953 0.1123 0.0955 0.0946 0.1072 0.0858 0.0877 0.0802 0.0786 0.0680 0.0664 0.0917 0.0699 0.0764 0.0584 0.0848 0.0645 0.0710 0.0728 0.0599 0.0606 0.0371 0.0729 0.0608 0.0526 0.0590 0.0593 0.0439 0.0567 0.0537 0.0532 0.0437 0.0563 0.0546 0.0457 0.0494 0.0520 0.0648 0.0543 0.0425 0.0440 0.0443 0.0419 0.0461 0.0526 0.0353 0.0347 0.0475 0.0490 0.0377 0.0391 0.0461 0.0358 0.0322 0.0356 0.0345 0.0408 0.0318 0.0366 0.0259 0.0436 0.0311 0.0261 0.0465 0.0317 0.0269 0.0323 0.0262 0.0358 0.0401 0.0355 0.0339 0.0295 0.0304 0.0290 0.0382 0.0368 0.0318],[2.3557 3.1215 0.5327 0.4157 0.2645 0.2662 0.2369 0.2057 0.2454 0.2218 0.2028 0.1968 0.2134 0.2104 0.1722 0.1843 0.1678 0.1923 0.1768 0.1673 0.1682 0.1551 0.1488 0.1761 0.1594 0.1600 0.1676 0.1546 0.1476 0.1454 0.1448 0.1420 0.1355 0.1628 0.1475 0.1505 0.1421 0.1674 0.1396 0.1555 0.1476 0.1496 0.1482 0.1154 0.1582 0.1496 0.1398 0.1429 0.1500 0.1335 0.1486 0.1500 0.1439 0.1419 0.1501 0.1450 0.1440 0.1436 0.1495 0.1712 0.1564 0.1444 0.1463 0.1539 0.1486 0.1524 0.1579 0.1397 0.1296 0.1564 0.1635 0.1429 0.1568 0.1508 0.1411 0.1382 0.1421 0.1473 0.1580 0.1445 0.1491 0.1368 0.1692 0.1495 0.1399 0.1560 0.1445 0.1430 0.1628 0.1438 0.1539 0.1828 0.1709 0.1632 0.1481 0.1588 0.1600 0.1724 0.1749 0.1716],[2.0098 1.6396 0.7641 0.4681 0.3857 0.3419 0.3175 0.2973 0.2789 0.2676 0.2552 0.2463 0.2373 0.2286 0.2242 0.2124 0.2077 0.2023 0.1972 0.1907 0.1892 0.1836 0.1828 0.1743 0.1704 0.1726 0.1693 0.1631 0.1606 0.1558 0.1544 0.1538 0.1520 0.1480 0.1438 0.1409 0.1429 0.1387 0.1401 0.1326 0.1361 0.1336 0.1299 0.1300 0.1272 0.1285 0.1239 0.1225 0.1252 0.1184 0.1202 0.1180 0.1179 0.1129 0.1151 0.1156 0.1124 0.1113 0.1080 0.1065 0.1078 0.1089 0.1072 0.1035 0.1046 0.1014 0.1012 0.1020 0.1022 0.0992 0.0965 0.0946 0.0941 0.0942 0.0973 0.0942 0.0927 0.0915 0.0915 0.0895 0.0931 0.0924 0.0870 0.0879 0.0875 0.0865 0.0889 0.0851 0.0819 0.0843 0.0836 0.0821 0.0839 0.0811 0.0822 0.0789 0.0806 0.0793 0.0780 0.0768]
