train_acc,valid_acc,test_acc,train_loss,valid_loss,train_aug_loss
0.9851337671279907,0.9645856022834778,0.9405311942100525,[2.0611 2.1486 3.7752 6.2421 3.6297 2.1419 0.9538 0.9453 0.7167 0.5601 0.5073 0.4586 0.4064 0.3268 0.3233 0.2911 0.3171 0.2663 0.2722 0.2578 0.2659 0.2182 0.2419 0.2189 0.1934 0.1761 0.1684 0.1601 0.2003 0.1562 0.1714 0.1422 0.1633 0.1369 0.1334 0.1304 0.1322 0.1300 0.1351 0.1151 0.1215 0.1053 0.1037 0.0957 0.1005 0.0985 0.1071 0.1079 0.0891 0.0896 0.0903 0.0809 0.0900 0.0839 0.0945 0.0823 0.0788 0.0771 0.0866 0.0918 0.0726 0.0720 0.0822 0.0747 0.0665 0.0643 0.0753 0.0622 0.0596 0.0622 0.0614 0.0695 0.0628 0.0601 0.0679 0.0567 0.0536 0.0549 0.0675 0.0660 0.0536 0.0624 0.0520 0.0495 0.0576 0.0520 0.0492 0.0540 0.0577 0.0451 0.0516 0.0440 0.0499 0.0482 0.0464 0.0445 0.0491 0.0461 0.0435 0.0465],[2.0601 2.1445 3.6864 5.8802 3.5207 2.0846 1.1145 1.1099 0.8453 0.6804 0.6074 0.5384 0.4874 0.3888 0.3915 0.3499 0.3818 0.3237 0.3380 0.3259 0.3274 0.2785 0.3084 0.2816 0.2433 0.2312 0.2204 0.2194 0.2658 0.2199 0.2273 0.1916 0.2260 0.1899 0.1886 0.1878 0.1907 0.1897 0.1899 0.1725 0.1794 0.1585 0.1587 0.1550 0.1571 0.1563 0.1735 0.1657 0.1513 0.1509 0.1550 0.1398 0.1506 0.1469 0.1599 0.1418 0.1373 0.1354 0.1479 0.1538 0.1367 0.1351 0.1483 0.1418 0.1239 0.1264 0.1463 0.1213 0.1258 0.1293 0.1262 0.1436 0.1274 0.1261 0.1378 0.1248 0.1256 0.1228 0.1430 0.1393 0.1198 0.1363 0.1220 0.1175 0.1290 0.1229 0.1201 0.1279 0.1367 0.1167 0.1310 0.1233 0.1346 0.1271 0.1231 0.1214 0.1328 0.1277 0.1219 0.1239],[2.1646 2.0067 1.8898 1.7851 1.4788 1.1329 0.8403 0.6758 0.5844 0.5178 0.4750 0.4406 0.4126 0.3904 0.3716 0.3588 0.3410 0.3307 0.3159 0.3066 0.2990 0.2879 0.2814 0.2748 0.2677 0.2632 0.2561 0.2508 0.2432 0.2382 0.2353 0.2298 0.2249 0.2202 0.2173 0.2124 0.2127 0.2061 0.2032 0.2012 0.1990 0.1926 0.1904 0.1896 0.1879 0.1852 0.1799 0.1769 0.1767 0.1702 0.1721 0.1699 0.1685 0.1647 0.1612 0.1608 0.1589 0.1587 0.1558 0.1543 0.1531 0.1554 0.1469 0.1486 0.1450 0.1459 0.1426 0.1415 0.1407 0.1388 0.1392 0.1351 0.1356 0.1329 0.1340 0.1328 0.1322 0.1305 0.1277 0.1293 0.1252 0.1248 0.1260 0.1228 0.1221 0.1207 0.1204 0.1183 0.1192 0.1187 0.1169 0.1158 0.1149 0.1135 0.1135 0.1127 0.1112 0.1115 0.1098 0.1095]
