train_acc,valid_acc,test_acc,train_loss,valid_loss,train_aug_loss
0.9860936999320984,0.9661120176315308,0.9632943868637085,[2.3959 0.8647 0.3323 0.2218 0.1836 0.1876 0.1892 0.1810 0.1503 0.1282 0.1230 0.1221 0.1457 0.1214 0.1047 0.0840 0.0873 0.1101 0.1100 0.1542 0.0870 0.1053 0.1188 0.0893 0.0968 0.1040 0.1074 0.0954 0.0690 0.0998 0.0707 0.0596 0.0557 0.0781 0.0864 0.0905 0.0518 0.0674 0.0785 0.0987 0.0583 0.0848 0.0508 0.0898 0.0645 0.0789 0.0616 0.0458 0.0703 0.0688],[2.4148 0.8603 0.3286 0.2440 0.2222 0.2185 0.2182 0.2106 0.1940 0.1677 0.1737 0.1695 0.1895 0.1770 0.1626 0.1417 0.1555 0.1664 0.1669 0.2109 0.1625 0.1737 0.1860 0.1595 0.1734 0.1690 0.1781 0.1706 0.1431 0.1846 0.1497 0.1331 0.1251 0.1520 0.1650 0.1696 0.1336 0.1379 0.1647 0.1861 0.1406 0.1692 0.1375 0.1792 0.1379 0.1632 0.1415 0.1212 0.1534 0.1565],[1.7699 0.8713 0.5299 0.4377 0.3876 0.3621 0.3352 0.3232 0.3032 0.2895 0.2807 0.2756 0.2653 0.2564 0.2544 0.2467 0.2424 0.2386 0.2308 0.2239 0.2247 0.2214 0.2149 0.2138 0.2121 0.2071 0.2041 0.2027 0.1948 0.1970 0.1931 0.1933 0.1907 0.1848 0.1876 0.1810 0.1824 0.1811 0.1769 0.1792 0.1794 0.1709 0.1734 0.1705 0.1687 0.1688 0.1671 0.1644 0.1619 0.1660]
