train_acc,valid_acc,test_acc,train_loss,valid_loss,train_aug_loss
0.9792481660842896,0.9628652334213257,0.9695032835006714,[2.7468 1.4645 0.3472 0.2347 0.1939 0.2366 0.1612 0.1521 0.1426 0.1308 0.1291 0.1238 0.1289 0.1208 0.1378 0.1421 0.1084 0.1019 0.1016 0.1004 0.0991 0.0864 0.0894 0.0817 0.0868 0.0926 0.0858 0.0753 0.0778 0.0750 0.0885 0.0844 0.0876 0.0744 0.0661 0.0688 0.0645 0.0609 0.0764 0.0784 0.0812 0.0729 0.0679 0.0933 0.0581 0.0660 0.0686 0.0650 0.0505 0.0600],[2.6211 1.4658 0.4085 0.2686 0.2228 0.2829 0.1878 0.2011 0.1792 0.1665 0.1780 0.1711 0.1878 0.1654 0.1927 0.2063 0.1631 0.1601 0.1535 0.1659 0.1600 0.1488 0.1590 0.1441 0.1555 0.1658 0.1613 0.1369 0.1499 0.1411 0.1664 0.1669 0.1638 0.1589 0.1427 0.1431 0.1340 0.1412 0.1641 0.1590 0.1586 0.1526 0.1504 0.1758 0.1487 0.1501 0.1534 0.1568 0.1402 0.1458],[1.9581 1.5660 0.6080 0.4113 0.3548 0.3239 0.2980 0.2783 0.2672 0.2580 0.2443 0.2356 0.2261 0.2278 0.2163 0.2110 0.2087 0.2033 0.1996 0.1950 0.1925 0.1897 0.1834 0.1818 0.1760 0.1759 0.1737 0.1699 0.1660 0.1619 0.1617 0.1608 0.1578 0.1541 0.1523 0.1529 0.1494 0.1470 0.1487 0.1468 0.1451 0.1441 0.1419 0.1375 0.1387 0.1339 0.1359 0.1326 0.1337 0.1309]
