train_acc,valid_acc,test_acc,train_loss,valid_loss,train_aug_loss
0.9813604950904846,0.9650974273681641,0.9614682197570801,[2.2456 0.7141 0.3337 0.2866 0.2826 0.2390 0.1904 0.1908 0.1741 0.1550 0.1678 0.1856 0.1364 0.1447 0.1428 0.1150 0.0969 0.1508 0.1101 0.1136 0.1093 0.1327 0.1390 0.1084 0.1227 0.1037 0.1479 0.0842 0.1090 0.0890 0.1240 0.0641 0.0752 0.1088 0.0721 0.0849 0.1324 0.0752 0.0885 0.0849 0.0722 0.0767 0.0850 0.0607 0.0622 0.1029 0.0720 0.0835 0.0656 0.0720],[2.2910 0.6183 0.3126 0.2835 0.2697 0.2380 0.2072 0.2147 0.1991 0.1796 0.1939 0.2120 0.1652 0.1822 0.1830 0.1565 0.1401 0.1908 0.1559 0.1602 0.1589 0.1769 0.1843 0.1568 0.1732 0.1545 0.1893 0.1345 0.1547 0.1437 0.1792 0.1195 0.1433 0.1597 0.1281 0.1380 0.1907 0.1355 0.1431 0.1451 0.1311 0.1371 0.1419 0.1275 0.1223 0.1659 0.1338 0.1494 0.1264 0.1378],[1.7405 0.9239 0.5781 0.4681 0.4168 0.3803 0.3516 0.3404 0.3258 0.3115 0.2995 0.2956 0.2846 0.2786 0.2692 0.2661 0.2596 0.2536 0.2497 0.2456 0.2430 0.2370 0.2345 0.2303 0.2333 0.2274 0.2244 0.2190 0.2136 0.2131 0.2110 0.2062 0.2118 0.2019 0.2034 0.2002 0.1983 0.1962 0.1956 0.1960 0.1944 0.1921 0.1922 0.1850 0.1890 0.1867 0.1838 0.1844 0.1827 0.1793]
