train_acc,valid_acc,test_acc,train_loss,valid_loss,train_aug_loss
0.9757764935493469,0.9626623392105103,0.9581811428070068,[2.0763 1.3979 0.9001 0.6966 0.5040 0.4200 0.3398 0.2872 0.3042 0.2595 0.2409 0.2533 0.1977 0.1696 0.2000 0.2743 0.1335 0.1511 0.2014 0.1432 0.2256 0.2584 0.2006 0.1180 0.0929 0.1641 0.1494 0.1074 0.1240 0.1247 0.1416 0.1103 0.0941 0.0757 0.1290 0.1227 0.1274 0.1395 0.1281 0.1094 0.0997 0.1150 0.1053 0.0877 0.1370 0.1150 0.1044 0.0585 0.0774 0.1431],[1.9639 1.3261 0.8433 0.6572 0.4911 0.4149 0.3397 0.2944 0.3082 0.2723 0.2812 0.2681 0.2215 0.2074 0.2310 0.2941 0.1910 0.1900 0.2324 0.1924 0.2672 0.2969 0.2396 0.1684 0.1462 0.2040 0.1952 0.1637 0.1826 0.1797 0.1948 0.1692 0.1522 0.1291 0.1901 0.1763 0.1861 0.1978 0.1908 0.1781 0.1642 0.1823 0.1757 0.1514 0.2001 0.1817 0.1702 0.1424 0.1552 0.2166],[1.9467 1.6129 1.0154 0.6832 0.5620 0.4951 0.4451 0.4126 0.3812 0.3597 0.3440 0.3259 0.3141 0.2983 0.2872 0.2799 0.2717 0.2636 0.2544 0.2466 0.2407 0.2387 0.2339 0.2254 0.2256 0.2151 0.2125 0.2066 0.2064 0.1982 0.2042 0.1956 0.1944 0.1917 0.1908 0.1880 0.1859 0.1826 0.1824 0.1797 0.1766 0.1732 0.1715 0.1746 0.1729 0.1691 0.1643 0.1654 0.1609 0.1606]
