train_acc,valid_acc,test_acc,train_loss,valid_loss,train_aug_loss
0.9840987324714661,0.9592126607894897,0.9656683802604675,[2.6304 0.5283 0.2584 0.2605 0.3391 0.1972 0.1957 0.1735 0.1701 0.1363 0.1421 0.1436 0.1825 0.1207 0.1207 0.1569 0.1354 0.1093 0.1096 0.1328 0.1094 0.1103 0.0825 0.1179 0.0914 0.0965 0.1267 0.0817 0.0898 0.1062 0.0752 0.0956 0.1037 0.0925 0.0877 0.0728 0.1010 0.1043 0.1085 0.0630 0.0824 0.0701 0.0610 0.0766 0.0655 0.0992 0.0774 0.0949 0.0522 0.0591],[2.5959 0.5150 0.2808 0.2769 0.3664 0.2207 0.2222 0.2055 0.2033 0.1696 0.1811 0.1890 0.2229 0.1623 0.1795 0.2014 0.1785 0.1578 0.1625 0.1837 0.1590 0.1619 0.1360 0.1686 0.1503 0.1518 0.1702 0.1482 0.1515 0.1638 0.1342 0.1598 0.1611 0.1592 0.1473 0.1510 0.1627 0.1698 0.1730 0.1308 0.1463 0.1359 0.1327 0.1481 0.1397 0.1705 0.1488 0.1703 0.1253 0.1305],[1.7865 0.8951 0.5512 0.4585 0.4045 0.3785 0.3570 0.3325 0.3210 0.3109 0.2980 0.2887 0.2830 0.2775 0.2710 0.2613 0.2594 0.2539 0.2513 0.2415 0.2392 0.2354 0.2313 0.2282 0.2248 0.2196 0.2198 0.2153 0.2151 0.2111 0.2062 0.2104 0.2033 0.2023 0.1972 0.1998 0.1921 0.1936 0.1892 0.1899 0.1866 0.1855 0.1859 0.1858 0.1836 0.1796 0.1790 0.1777 0.1751 0.1797]
