train_acc,valid_acc,test_acc,train_loss,valid_loss,train_aug_loss
0.9875997304916382,0.9628652334213257,0.9612855911254883,[2.3496 0.5646 0.3739 0.3188 0.3109 0.2822 0.2403 0.2452 0.2169 0.1975 0.2133 0.1863 0.1755 0.1699 0.1697 0.1416 0.1614 0.1570 0.1481 0.1287 0.1598 0.1366 0.1245 0.1298 0.1069 0.1043 0.1166 0.0891 0.1113 0.1117 0.1118 0.1003 0.0959 0.0823 0.0846 0.0886 0.0740 0.0636 0.0949 0.0702 0.0802 0.1005 0.0913 0.0602 0.0647 0.0609 0.0746 0.0748 0.0955 0.0761 0.1078 0.0681 0.0552 0.0864 0.0641 0.0639 0.0494 0.0477 0.0822 0.0880 0.0330 0.0577 0.0504 0.0447 0.0825 0.0615 0.0485 0.0481 0.0563 0.0553 0.0473 0.0321 0.0282 0.0315 0.0386 0.0672 0.0293 0.0417 0.0925 0.0557 0.0381 0.0441 0.0354 0.0288 0.0408 0.0405 0.0280 0.0315 0.0230 0.0321 0.0400 0.0309 0.0218 0.0236 0.0196 0.0247 0.0316 0.0207 0.0310 0.0537],[2.2679 0.5824 0.4176 0.3452 0.3284 0.3235 0.2835 0.2801 0.2528 0.2347 0.2458 0.2264 0.2260 0.2282 0.2304 0.2030 0.2191 0.2181 0.2130 0.1949 0.2297 0.2235 0.1905 0.2070 0.1738 0.1745 0.1977 0.1645 0.1835 0.2028 0.2073 0.2005 0.1853 0.1692 0.1742 0.1840 0.1642 0.1550 0.1978 0.1714 0.1790 0.2051 0.2046 0.1612 0.1613 0.1670 0.1769 0.1843 0.2109 0.1989 0.2250 0.1839 0.1620 0.2046 0.1915 0.1927 0.1609 0.1653 0.2160 0.2209 0.1432 0.1816 0.1767 0.1652 0.2281 0.1995 0.1908 0.1825 0.1957 0.1918 0.1862 0.1629 0.1541 0.1598 0.1811 0.2285 0.1688 0.1761 0.2628 0.2089 0.1997 0.2053 0.1847 0.1717 0.1978 0.1839 0.1729 0.1762 0.1616 0.1864 0.1827 0.1700 0.1696 0.1711 0.1538 0.1662 0.1858 0.1620 0.1993 0.2328],[1.9020 1.0149 0.5357 0.4266 0.3671 0.3367 0.3070 0.2899 0.2705 0.2555 0.2424 0.2314 0.2258 0.2157 0.2045 0.2000 0.1921 0.1864 0.1811 0.1773 0.1727 0.1654 0.1637 0.1597 0.1561 0.1527 0.1480 0.1470 0.1424 0.1396 0.1347 0.1322 0.1335 0.1277 0.1254 0.1245 0.1228 0.1204 0.1205 0.1173 0.1139 0.1125 0.1103 0.1100 0.1062 0.1059 0.1038 0.1049 0.1022 0.0994 0.0997 0.0975 0.0958 0.0960 0.0930 0.0940 0.0944 0.0895 0.0879 0.0881 0.0877 0.0860 0.0853 0.0866 0.0836 0.0841 0.0836 0.0828 0.0798 0.0795 0.0798 0.0786 0.0773 0.0772 0.0752 0.0750 0.0734 0.0730 0.0718 0.0722 0.0725 0.0693 0.0726 0.0691 0.0699 0.0691 0.0657 0.0661 0.0661 0.0647 0.0638 0.0636 0.0640 0.0630 0.0624 0.0621 0.0606 0.0614 0.0610 0.0600]
