train_acc,valid_acc,test_acc,train_loss,valid_loss,train_aug_loss
0.9885287880897522,0.9632710814476013,0.9696859121322632,[2.7582 0.3893 0.2788 0.2458 0.1380 0.1632 0.2188 0.1787 0.1416 0.1527 0.1744 0.2058 0.1729 0.1893 0.1126 0.1143 0.0907 0.0916 0.0774 0.1355 0.1223 0.0815 0.0858 0.0622 0.0943 0.0882 0.1345 0.1417 0.1274 0.0607 0.1676 0.0799 0.0908 0.0575 0.0706 0.0676 0.0476 0.0677 0.0330 0.0846 0.0392 0.0824 0.0764 0.0522 0.0683 0.0733 0.0580 0.0581 0.0369 0.0787],[2.5256 0.3974 0.3122 0.2747 0.1925 0.2077 0.2618 0.2318 0.2057 0.2269 0.2413 0.2756 0.2429 0.2643 0.1918 0.1880 0.1734 0.1802 0.1605 0.2272 0.2149 0.1724 0.1910 0.1551 0.1933 0.1929 0.2290 0.2350 0.2339 0.1634 0.2753 0.1772 0.1938 0.1611 0.1739 0.1838 0.1594 0.1848 0.1381 0.2013 0.1520 0.2068 0.2063 0.1803 0.2002 0.2120 0.1813 0.2028 0.1657 0.2282],[1.7690 0.5673 0.3826 0.3260 0.2878 0.2640 0.2509 0.2331 0.2196 0.2153 0.2002 0.1977 0.1915 0.1831 0.1819 0.1797 0.1714 0.1681 0.1660 0.1604 0.1558 0.1527 0.1508 0.1499 0.1434 0.1421 0.1441 0.1366 0.1365 0.1326 0.1299 0.1316 0.1281 0.1276 0.1234 0.1211 0.1195 0.1203 0.1173 0.1141 0.1153 0.1140 0.1123 0.1101 0.1099 0.1069 0.1070 0.1063 0.1056 0.1052]
