train_acc,valid_acc,test_acc,train_loss,valid_loss,train_aug_loss
0.975248396396637,0.9586039185523987,0.9618334770202637,[2.0218 1.4611 1.2317 0.7420 0.7665 0.5235 0.4094 0.3310 0.2828 0.2808 0.2484 0.2353 0.2238 0.2432 0.1982 0.1548 0.1624 0.1513 0.1774 0.1751 0.1223 0.1500 0.1533 0.1928 0.1340 0.1967 0.1145 0.1539 0.1532 0.1464 0.1167 0.1617 0.0787 0.1102 0.1080 0.0984 0.1387 0.1196 0.1214 0.0924 0.0793 0.0897 0.1036 0.1167 0.0980 0.0951 0.0884 0.0926 0.1043 0.1258],[1.9310 1.3164 1.1124 0.6838 0.7020 0.4958 0.3999 0.3318 0.2921 0.2991 0.2697 0.2617 0.2525 0.2708 0.2421 0.1950 0.2004 0.1967 0.2104 0.2201 0.1800 0.2025 0.1997 0.2323 0.1794 0.2376 0.1638 0.2076 0.2057 0.2005 0.1700 0.2193 0.1302 0.1674 0.1725 0.1579 0.1940 0.1773 0.1800 0.1559 0.1408 0.1563 0.1712 0.1822 0.1633 0.1619 0.1498 0.1600 0.1716 0.1977],[1.9607 1.6056 1.0470 0.7329 0.5978 0.5200 0.4680 0.4248 0.3964 0.3726 0.3465 0.3298 0.3193 0.3054 0.2894 0.2848 0.2722 0.2652 0.2616 0.2556 0.2475 0.2450 0.2350 0.2334 0.2232 0.2235 0.2180 0.2140 0.2106 0.2099 0.2043 0.2011 0.2001 0.1953 0.1939 0.1925 0.1873 0.1851 0.1850 0.1784 0.1764 0.1754 0.1749 0.1755 0.1701 0.1715 0.1686 0.1670 0.1668 0.1657]
