train_acc,valid_acc,test_acc,train_loss,valid_loss,train_aug_loss
0.9752874970436096,0.9610389471054077,0.9587290287017822,[2.4386 0.4779 0.3203 0.1993 0.1974 0.2028 0.1651 0.1344 0.1534 0.1461 0.1464 0.1253 0.1336 0.1120 0.1070 0.1230 0.1078 0.0782 0.0905 0.1164 0.1033 0.0960 0.0882 0.0990 0.0936 0.0922 0.0849 0.0712 0.0959 0.0801 0.0828 0.0893 0.0776 0.0968 0.0819 0.0647 0.0602 0.0717 0.0692 0.0767 0.0833 0.0874 0.0855 0.0739 0.0668 0.0716 0.0567 0.0609 0.0770 0.0618],[2.3819 0.5069 0.3459 0.2355 0.2155 0.2565 0.2061 0.1775 0.1787 0.2009 0.1871 0.1705 0.1792 0.1720 0.1622 0.1827 0.1752 0.1314 0.1484 0.1768 0.1645 0.1663 0.1497 0.1592 0.1669 0.1642 0.1553 0.1380 0.1613 0.1521 0.1522 0.1595 0.1469 0.1725 0.1509 0.1368 0.1443 0.1412 0.1417 0.1672 0.1568 0.1750 0.1798 0.1543 0.1589 0.1517 0.1389 0.1540 0.1684 0.1498],[1.9357 0.9831 0.4647 0.3798 0.3360 0.3075 0.2898 0.2702 0.2600 0.2482 0.2434 0.2299 0.2248 0.2163 0.2122 0.2072 0.2052 0.1955 0.1940 0.1913 0.1872 0.1823 0.1789 0.1776 0.1736 0.1712 0.1685 0.1632 0.1626 0.1615 0.1581 0.1591 0.1530 0.1525 0.1504 0.1445 0.1484 0.1461 0.1441 0.1382 0.1420 0.1341 0.1369 0.1397 0.1313 0.1311 0.1338 0.1306 0.1288 0.1298]
