train_acc,valid_acc,test_acc,train_loss,valid_loss,train_aug_loss
0.9830914735794067,0.9604302048683167,0.9634770154953003,[1.9814 3.0037 2.2693 0.5757 0.4102 0.3838 0.3002 0.3092 0.2442 0.2513 0.2530 0.2216 0.1882 0.2379 0.1841 0.1833 0.1806 0.1654 0.1801 0.1422 0.1569 0.1638 0.1373 0.1683 0.1282 0.1356 0.1411 0.1390 0.1177 0.1218 0.1294 0.1166 0.1125 0.1044 0.1095 0.1200 0.0967 0.1024 0.1134 0.1077 0.1235 0.1085 0.0856 0.0928 0.0894 0.0843 0.0935 0.0931 0.0884 0.0780 0.0758 0.0937 0.0746 0.0779 0.0898 0.0723 0.0751 0.0715 0.0701 0.0627 0.0643 0.0741 0.0749 0.0630 0.0744 0.0558 0.0559 0.0641 0.0583 0.0493 0.0589 0.0604 0.0598 0.0650 0.0564 0.0552 0.0597 0.0580 0.0470 0.0434 0.0530 0.0565 0.0589 0.0607 0.0486 0.0415 0.0545 0.0466 0.0596 0.0442 0.0459 0.0488 0.0457 0.0521 0.0397 0.0386 0.0488 0.0539 0.0519 0.0460],[1.9818 2.8134 2.2695 0.6022 0.4425 0.4300 0.3381 0.3330 0.2621 0.2907 0.2781 0.2218 0.2071 0.2778 0.2112 0.2139 0.2085 0.2024 0.2137 0.1860 0.2012 0.2102 0.1751 0.2148 0.1688 0.1863 0.1987 0.1933 0.1687 0.1757 0.1837 0.1813 0.1826 0.1625 0.1778 0.1887 0.1627 0.1690 0.1693 0.1770 0.1991 0.1813 0.1540 0.1644 0.1537 0.1514 0.1682 0.1642 0.1590 0.1473 0.1570 0.1748 0.1597 0.1523 0.1654 0.1605 0.1604 0.1540 0.1516 0.1436 0.1438 0.1572 0.1665 0.1570 0.1611 0.1454 0.1423 0.1578 0.1471 0.1363 0.1508 0.1601 0.1543 0.1688 0.1495 0.1587 0.1591 0.1623 0.1413 0.1425 0.1530 0.1563 0.1584 0.1790 0.1574 0.1423 0.1685 0.1561 0.1669 0.1632 0.1590 0.1558 0.1493 0.1560 0.1548 0.1445 0.1598 0.1779 0.1687 0.1564],[2.0715 1.8544 1.5736 0.8833 0.5891 0.4872 0.4335 0.3976 0.3692 0.3498 0.3297 0.3157 0.3045 0.2898 0.2790 0.2740 0.2649 0.2554 0.2521 0.2419 0.2398 0.2323 0.2258 0.2241 0.2156 0.2102 0.2064 0.2046 0.1983 0.2000 0.1930 0.1911 0.1859 0.1846 0.1810 0.1791 0.1764 0.1767 0.1743 0.1712 0.1655 0.1680 0.1649 0.1639 0.1573 0.1601 0.1576 0.1559 0.1543 0.1512 0.1515 0.1468 0.1484 0.1445 0.1422 0.1397 0.1400 0.1376 0.1374 0.1387 0.1365 0.1356 0.1320 0.1309 0.1314 0.1301 0.1287 0.1266 0.1289 0.1229 0.1232 0.1244 0.1194 0.1188 0.1208 0.1197 0.1197 0.1170 0.1163 0.1151 0.1124 0.1129 0.1133 0.1125 0.1099 0.1111 0.1089 0.1083 0.1089 0.1074 0.1060 0.1059 0.1077 0.1072 0.1057 0.1016 0.0992 0.1014 0.0983 0.1014]
