train_acc,valid_acc,test_acc,train_loss,valid_loss,train_aug_loss
0.9784462451934814,0.9642857313156128,0.9603725075721741,[1.8186 0.6977 0.2685 0.2851 0.2175 0.2361 0.1779 0.1696 0.1739 0.1687 0.1974 0.1617 0.1389 0.1565 0.1073 0.1604 0.1893 0.1529 0.1578 0.1270 0.1102 0.1132 0.1543 0.1228 0.1010 0.1053 0.0998 0.1382 0.1395 0.1243 0.1011 0.1072 0.1260 0.0887 0.1173 0.1445 0.0703 0.0802 0.0941 0.0727 0.0824 0.0915 0.0910 0.0829 0.0767 0.0801 0.0956 0.0843 0.0663 0.0992],[1.7709 0.6778 0.2859 0.2876 0.2231 0.2424 0.2004 0.1899 0.1979 0.1927 0.2222 0.1887 0.1763 0.1875 0.1525 0.1887 0.2203 0.1937 0.2004 0.1665 0.2016 0.1538 0.1919 0.1653 0.1455 0.1460 0.1564 0.1918 0.1833 0.1746 0.1620 0.1717 0.1874 0.1426 0.1657 0.1990 0.1267 0.1282 0.1455 0.1221 0.1474 0.1537 0.1525 0.1481 0.1381 0.1323 0.1553 0.1453 0.1261 0.1605],[1.9093 1.1160 0.5710 0.4512 0.3991 0.3617 0.3337 0.3210 0.2972 0.2954 0.2815 0.2746 0.2609 0.2595 0.2495 0.2478 0.2419 0.2375 0.2344 0.2284 0.2243 0.2192 0.2181 0.2152 0.2137 0.2079 0.2092 0.2025 0.1981 0.1980 0.1996 0.1952 0.1941 0.1917 0.1906 0.1875 0.1864 0.1818 0.1844 0.1816 0.1779 0.1763 0.1759 0.1744 0.1700 0.1737 0.1715 0.1723 0.1696 0.1682]
