train_acc,valid_acc,test_acc,train_loss,valid_loss,train_aug_loss
0.9851842522621155,0.9579951167106628,0.9603725075721741,[2.0286 1.8741 1.8790 1.7479 0.9233 0.8291 0.3591 0.4154 0.3153 0.2941 0.3115 0.2607 0.2407 0.2471 0.2533 0.2197 0.1944 0.1820 0.2010 0.1952 0.1614 0.1562 0.1592 0.1510 0.1887 0.1412 0.1547 0.1595 0.1538 0.1521 0.1274 0.1569 0.1235 0.1296 0.1208 0.1259 0.1226 0.1682 0.1212 0.1369 0.1225 0.1037 0.1003 0.1373 0.1093 0.1085 0.1049 0.1060 0.0850 0.1148 0.1095 0.0892 0.1088 0.0997 0.0882 0.0695 0.0921 0.1200 0.0882 0.0861 0.0906 0.0884 0.0893 0.0810 0.0604 0.0880 0.0958 0.0927 0.0795 0.0611 0.0973 0.0644 0.0866 0.1098 0.0702 0.0704 0.0592 0.0729 0.0892 0.0719 0.0779 0.0602 0.0874 0.0687 0.0678 0.0700 0.0560 0.0432 0.0537 0.0622 0.0586 0.0549 0.0592 0.0826 0.0649 0.0559 0.0536 0.0570 0.0518 0.0577],[2.0246 1.8771 1.8780 1.7581 0.9689 0.8992 0.4223 0.4778 0.3572 0.3370 0.3620 0.3051 0.2854 0.2943 0.2948 0.2663 0.2485 0.2402 0.2644 0.2684 0.2185 0.2168 0.2273 0.2262 0.2604 0.2025 0.2236 0.2234 0.2269 0.2203 0.2026 0.2426 0.2091 0.2086 0.1983 0.1983 0.2015 0.2481 0.2018 0.2257 0.2110 0.1880 0.1868 0.2309 0.1968 0.1885 0.1880 0.1951 0.1751 0.2026 0.2072 0.1784 0.2059 0.1904 0.1827 0.1592 0.1851 0.2175 0.1818 0.1900 0.1806 0.1822 0.1927 0.1790 0.1559 0.1910 0.2075 0.2002 0.1873 0.1618 0.1999 0.1688 0.1930 0.2162 0.1795 0.1854 0.1671 0.1795 0.1948 0.1825 0.1959 0.1729 0.2081 0.1873 0.1782 0.1942 0.1793 0.1501 0.1733 0.1858 0.1842 0.1672 0.1837 0.2026 0.1872 0.1751 0.1840 0.1812 0.1747 0.1863],[2.0866 1.9018 1.8341 1.7084 1.0531 0.6146 0.4820 0.4260 0.3838 0.3541 0.3337 0.3164 0.3025 0.2871 0.2782 0.2676 0.2625 0.2533 0.2454 0.2366 0.2335 0.2224 0.2201 0.2161 0.2125 0.2059 0.2006 0.1970 0.1934 0.1879 0.1853 0.1854 0.1815 0.1787 0.1739 0.1715 0.1695 0.1663 0.1638 0.1618 0.1602 0.1563 0.1574 0.1520 0.1527 0.1498 0.1503 0.1467 0.1449 0.1431 0.1417 0.1416 0.1382 0.1369 0.1375 0.1362 0.1352 0.1307 0.1324 0.1327 0.1312 0.1279 0.1261 0.1256 0.1251 0.1200 0.1227 0.1203 0.1209 0.1160 0.1196 0.1165 0.1161 0.1166 0.1147 0.1111 0.1110 0.1104 0.1132 0.1114 0.1130 0.1087 0.1054 0.1053 0.1047 0.1055 0.1044 0.1032 0.1023 0.1010 0.1021 0.1006 0.1008 0.1003 0.0984 0.1004 0.0952 0.0984 0.0960 0.0951]
