train_acc,valid_acc,test_acc,train_loss,valid_loss,train_aug_loss
0.9841769933700562,0.9474431872367859,0.956720232963562,[1.9682 6.7844 1.8642 0.9209 0.5523 0.4588 0.5132 0.3969 0.2935 0.4042 0.3137 0.4560 0.4896 0.2823 0.2757 0.3093 0.3541 0.2448 0.2236 0.1749 0.2364 0.2528 0.1963 0.1809 0.1813 0.1555 0.1072 0.1925 0.2006 0.1298 0.1750 0.2052 0.3272 0.2232 0.1110 0.1383 0.1541 0.1454 0.1675 0.1164 0.1366 0.2255 0.1215 0.2196 0.1599 0.1195 0.2445 0.1299 0.1581 0.0897 0.1502 0.1464 0.1663 0.1002 0.1103 0.1065 0.2274 0.1306 0.2181 0.0829 0.1616 0.1595 0.1519 0.0801 0.1033 0.0824 0.1301 0.2020 0.1105 0.1625 0.1776 0.1389 0.0940 0.0863 0.0816 0.0684 0.0450 0.1629 0.0711 0.0718 0.1592 0.1568 0.1048 0.0921 0.1404 0.1369 0.1257 0.1190 0.1291 0.1086 0.0945 0.1365 0.1996 0.1177 0.1864 0.1147 0.1160 0.0836 0.1494 0.1485],[1.9714 6.6292 2.0037 1.1293 0.6683 0.5698 0.5942 0.4696 0.3858 0.4872 0.3740 0.5222 0.5448 0.3469 0.3481 0.3995 0.4100 0.3267 0.3362 0.2720 0.3408 0.3602 0.2982 0.2551 0.2871 0.2570 0.1982 0.3193 0.3140 0.2275 0.3064 0.3290 0.4562 0.3520 0.2018 0.2602 0.2893 0.2709 0.3050 0.2282 0.2659 0.3506 0.2547 0.3488 0.2924 0.2578 0.3720 0.2841 0.3064 0.2137 0.3009 0.3006 0.3204 0.2304 0.2615 0.2571 0.3849 0.2815 0.3890 0.2254 0.2975 0.3451 0.3355 0.2286 0.2761 0.2382 0.3000 0.3598 0.2741 0.3622 0.3811 0.3408 0.2612 0.2492 0.2532 0.2281 0.1780 0.3483 0.2322 0.2445 0.3741 0.3688 0.2852 0.2774 0.3517 0.3480 0.3273 0.3294 0.3184 0.3066 0.2874 0.3321 0.4326 0.3294 0.4139 0.3168 0.3334 0.2732 0.3778 0.3620],[2.0644 1.7577 1.1710 0.6590 0.4955 0.4201 0.3757 0.3438 0.3200 0.3020 0.2846 0.2750 0.2624 0.2540 0.2399 0.2326 0.2264 0.2186 0.2097 0.2083 0.2004 0.1938 0.1873 0.1820 0.1811 0.1782 0.1719 0.1675 0.1691 0.1635 0.1570 0.1587 0.1524 0.1523 0.1488 0.1468 0.1444 0.1398 0.1397 0.1368 0.1354 0.1327 0.1308 0.1298 0.1253 0.1242 0.1252 0.1203 0.1202 0.1194 0.1169 0.1155 0.1128 0.1124 0.1113 0.1105 0.1086 0.1081 0.1069 0.1030 0.1041 0.1018 0.1018 0.0985 0.0969 0.0986 0.0966 0.0972 0.0943 0.0931 0.0909 0.0923 0.0907 0.0897 0.0886 0.0867 0.0854 0.0875 0.0843 0.0850 0.0836 0.0831 0.0830 0.0828 0.0781 0.0805 0.0794 0.0787 0.0779 0.0790 0.0765 0.0760 0.0769 0.0744 0.0737 0.0732 0.0725 0.0718 0.0753 0.0716]
