train_acc,valid_acc,test_acc,train_loss,valid_loss,train_aug_loss
0.9848669171333313,0.9631252288818359,0.9338914752006531,[2.0630 2.0752 3.0810 3.1318 1.8087 1.2789 0.8306 0.6524 0.5118 0.4710 0.4385 0.3648 0.3382 0.3767 0.3352 0.3145 0.2674 0.2618 0.2660 0.2483 0.2401 0.2294 0.2132 0.2329 0.2158 0.2057 0.2116 0.2136 0.1845 0.1869 0.1745 0.1887 0.1556 0.1755 0.1551 0.1477 0.1487 0.1383 0.1221 0.1356 0.1208 0.1219 0.1127 0.1018 0.1162 0.1042 0.1291 0.1232 0.0987 0.0968 0.1125 0.1060 0.1098 0.0908 0.0875 0.0827 0.0879 0.0816 0.0869 0.0922 0.0804 0.0833 0.0894 0.0701 0.0755 0.0765 0.0729 0.0842 0.0692 0.0691 0.0771 0.0771 0.0759 0.0638 0.0631 0.0609 0.0782 0.0617 0.0574 0.0627 0.0605 0.0561 0.0691 0.0567 0.0549 0.0548 0.0600 0.0574 0.0511 0.0512 0.0455 0.0512 0.0503 0.0467 0.0458 0.0490 0.0498 0.0427 0.0516 0.0441],[2.0627 2.0521 2.9068 2.9852 1.9503 1.3175 0.9056 0.7432 0.5651 0.5273 0.4845 0.3950 0.3723 0.4162 0.3648 0.3400 0.3018 0.2951 0.3091 0.2708 0.2866 0.2678 0.2656 0.2791 0.2530 0.2504 0.2517 0.2660 0.2348 0.2449 0.2264 0.2462 0.2177 0.2294 0.2150 0.2098 0.2173 0.1997 0.1793 0.1885 0.1739 0.1811 0.1720 0.1520 0.1747 0.1624 0.1891 0.1912 0.1600 0.1579 0.1847 0.1817 0.1710 0.1511 0.1561 0.1452 0.1602 0.1451 0.1489 0.1608 0.1476 0.1521 0.1604 0.1362 0.1394 0.1448 0.1420 0.1612 0.1427 0.1403 0.1445 0.1556 0.1489 0.1317 0.1322 0.1353 0.1578 0.1327 0.1243 0.1346 0.1395 0.1346 0.1422 0.1365 0.1395 0.1291 0.1379 0.1354 0.1352 0.1257 0.1238 0.1315 0.1340 0.1281 0.1330 0.1383 0.1353 0.1248 0.1425 0.1311],[2.1640 2.0052 1.8893 1.7630 1.4239 1.1515 0.8757 0.6927 0.6021 0.5439 0.5000 0.4637 0.4422 0.4174 0.3930 0.3835 0.3601 0.3477 0.3342 0.3250 0.3129 0.3033 0.2946 0.2846 0.2777 0.2692 0.2653 0.2581 0.2533 0.2470 0.2443 0.2362 0.2337 0.2265 0.2244 0.2202 0.2152 0.2130 0.2096 0.2082 0.2024 0.2012 0.1986 0.1970 0.1922 0.1887 0.1867 0.1808 0.1811 0.1771 0.1737 0.1756 0.1734 0.1703 0.1665 0.1655 0.1626 0.1631 0.1605 0.1594 0.1538 0.1532 0.1519 0.1525 0.1509 0.1489 0.1465 0.1480 0.1440 0.1417 0.1415 0.1399 0.1382 0.1386 0.1386 0.1341 0.1342 0.1328 0.1315 0.1302 0.1297 0.1271 0.1267 0.1241 0.1215 0.1229 0.1232 0.1226 0.1221 0.1217 0.1179 0.1167 0.1164 0.1139 0.1149 0.1126 0.1134 0.1143 0.1115 0.1121]
