train_acc,valid_acc,test_acc,train_loss,valid_loss,train_aug_loss
0.9768130779266357,0.960024356842041,0.9616508483886719,[7.0409 0.3019 0.3352 0.2013 0.1659 0.1684 0.1858 0.1539 0.1233 0.1466 0.1132 0.1021 0.1412 0.1614 0.1098 0.1630 0.1146 0.1510 0.0760 0.1062 0.1213 0.1054 0.1303 0.0787 0.1101 0.0725 0.0999 0.1152 0.0693 0.0875 0.1485 0.0776 0.0585 0.1222 0.0822 0.1152 0.0819 0.1017 0.0945 0.1033 0.0638 0.0822 0.0829 0.0928 0.0589 0.0676 0.0567 0.0850 0.0609 0.0857],[6.5378 0.3286 0.3448 0.2424 0.2044 0.2008 0.2315 0.1881 0.1769 0.1955 0.1763 0.1612 0.1886 0.2029 0.1649 0.2247 0.1901 0.2099 0.1418 0.1639 0.1932 0.1695 0.1789 0.1530 0.1707 0.1406 0.1636 0.1803 0.1312 0.1478 0.2131 0.1465 0.1336 0.1824 0.1480 0.1802 0.1465 0.1659 0.1681 0.1766 0.1401 0.1522 0.1582 0.1622 0.1380 0.1366 0.1354 0.1596 0.1394 0.1584],[1.3909 0.5674 0.4172 0.3630 0.3295 0.3068 0.2879 0.2769 0.2687 0.2598 0.2504 0.2475 0.2379 0.2327 0.2262 0.2261 0.2199 0.2182 0.2133 0.2068 0.2066 0.2039 0.2023 0.2007 0.1928 0.1936 0.1927 0.1935 0.1896 0.1874 0.1823 0.1807 0.1820 0.1771 0.1773 0.1746 0.1726 0.1716 0.1735 0.1720 0.1707 0.1646 0.1658 0.1680 0.1636 0.1628 0.1664 0.1608 0.1611 0.1586]
