train_acc,valid_acc,test_acc,train_loss,valid_loss,train_aug_loss
0.9757667183876038,0.9610389471054077,0.9618334770202637,[1.8156 0.7012 0.3031 0.2624 0.2738 0.2467 0.2260 0.1509 0.1828 0.1918 0.1506 0.1619 0.1280 0.1688 0.1631 0.1267 0.1434 0.1417 0.1419 0.1245 0.1394 0.1404 0.1205 0.0943 0.0938 0.0923 0.1300 0.1155 0.0882 0.0986 0.1114 0.1212 0.1317 0.1227 0.0973 0.0983 0.1290 0.0920 0.1090 0.1229 0.0913 0.0711 0.0953 0.0836 0.1130 0.0895 0.0787 0.0804 0.0989 0.0825],[1.7445 0.7292 0.3296 0.2591 0.2686 0.2783 0.2390 0.1791 0.2102 0.2128 0.1833 0.1946 0.1682 0.1973 0.1859 0.1631 0.1778 0.1877 0.1710 0.1623 0.1812 0.1852 0.1635 0.1527 0.1503 0.1481 0.1710 0.1598 0.1413 0.1439 0.1679 0.1696 0.1809 0.1691 0.1548 0.1585 0.1886 0.1477 0.1664 0.1785 0.1523 0.1382 0.1555 0.1507 0.1741 0.1525 0.1370 0.1546 0.1637 0.1549],[1.9110 1.1872 0.5914 0.4611 0.4028 0.3637 0.3416 0.3214 0.3055 0.2963 0.2886 0.2761 0.2683 0.2563 0.2575 0.2510 0.2416 0.2429 0.2334 0.2300 0.2266 0.2230 0.2210 0.2147 0.2124 0.2101 0.2073 0.2039 0.2045 0.2008 0.2012 0.1982 0.1922 0.1957 0.1901 0.1896 0.1880 0.1828 0.1869 0.1832 0.1819 0.1804 0.1761 0.1776 0.1767 0.1724 0.1697 0.1717 0.1680 0.1684]
