train_acc,valid_acc,test_acc,train_loss,valid_loss,train_aug_loss
0.9819766283035278,0.9638798832893372,0.9640248417854309,[1.8279 0.3418 0.2560 0.1722 0.2011 0.2295 0.1550 0.1071 0.1217 0.1480 0.1611 0.1810 0.1038 0.1904 0.0837 0.0991 0.0575 0.0615 0.0878 0.0646 0.1164 0.0649 0.0718 0.0877 0.0783 0.1279 0.1009 0.0953 0.1611 0.0599 0.1143 0.0518 0.0651 0.1313 0.0649 0.0457 0.0501 0.0323 0.0809 0.0405 0.0381 0.0471 0.0592 0.0340 0.0862 0.0323 0.0427 0.0284 0.0543 0.0566],[1.7277 0.3906 0.2733 0.2013 0.2241 0.2628 0.1838 0.1601 0.1656 0.1919 0.2172 0.2317 0.1694 0.2400 0.1360 0.1665 0.1156 0.1378 0.1577 0.1324 0.1839 0.1374 0.1446 0.1711 0.1601 0.2203 0.1874 0.1846 0.2605 0.1570 0.2160 0.1531 0.1564 0.2536 0.1682 0.1439 0.1547 0.1261 0.1813 0.1434 0.1363 0.1571 0.1832 0.1368 0.2142 0.1390 0.1577 0.1367 0.1839 0.1762],[1.6832 0.5298 0.3725 0.3116 0.2802 0.2653 0.2415 0.2266 0.2182 0.2079 0.2040 0.1941 0.1909 0.1841 0.1788 0.1728 0.1692 0.1660 0.1659 0.1607 0.1561 0.1505 0.1495 0.1460 0.1427 0.1416 0.1351 0.1365 0.1344 0.1302 0.1308 0.1308 0.1234 0.1228 0.1233 0.1179 0.1211 0.1196 0.1155 0.1144 0.1131 0.1125 0.1129 0.1091 0.1071 0.1076 0.1062 0.1052 0.1022 0.1042]
