train_acc,valid_acc,test_acc,train_loss,valid_loss,train_aug_loss
0.9853407144546509,0.9620535969734192,0.9643900394439697,[2.5069 0.4906 0.2449 0.2626 0.2281 0.1929 0.1491 0.1883 0.1360 0.1421 0.1628 0.1181 0.1656 0.1173 0.1523 0.1200 0.1064 0.1002 0.0902 0.1018 0.0881 0.1022 0.0890 0.1179 0.1140 0.0810 0.0851 0.0630 0.0767 0.0899 0.1243 0.1257 0.1088 0.0666 0.0691 0.1099 0.0961 0.0798 0.0635 0.0702 0.0861 0.0911 0.0885 0.0471 0.0703 0.0610 0.0793 0.0656 0.0824 0.0536],[2.6552 0.4562 0.2665 0.2630 0.2443 0.2120 0.1806 0.2049 0.1679 0.1722 0.1891 0.1623 0.1975 0.1624 0.1932 0.1661 0.1623 0.1510 0.1473 0.1601 0.1437 0.1491 0.1544 0.1835 0.1692 0.1517 0.1448 0.1354 0.1402 0.1591 0.1902 0.1987 0.1701 0.1397 0.1382 0.1834 0.1626 0.1574 0.1357 0.1476 0.1639 0.1574 0.1627 0.1253 0.1465 0.1361 0.1509 0.1531 0.1622 0.1313],[1.7869 0.8217 0.5276 0.4327 0.3897 0.3550 0.3393 0.3170 0.3040 0.2892 0.2825 0.2740 0.2646 0.2587 0.2530 0.2487 0.2411 0.2360 0.2312 0.2282 0.2231 0.2174 0.2155 0.2156 0.2081 0.2040 0.2062 0.2010 0.1990 0.1970 0.1937 0.1913 0.1868 0.1870 0.1864 0.1800 0.1825 0.1823 0.1749 0.1758 0.1749 0.1710 0.1709 0.1722 0.1708 0.1684 0.1636 0.1691 0.1614 0.1610]
