train_acc,valid_acc,test_acc,train_loss,valid_loss,train_aug_loss
0.9808715581893921,0.9622564911842346,0.9598246812820435,[2.0356 0.6730 0.3312 0.3491 0.2351 0.2319 0.1775 0.1526 0.1966 0.2353 0.1484 0.1457 0.1164 0.1071 0.1137 0.1336 0.1019 0.1392 0.1546 0.1034 0.1045 0.1106 0.1024 0.1331 0.1203 0.1094 0.1043 0.1119 0.1138 0.1037 0.1067 0.0727 0.0756 0.0690 0.1136 0.0895 0.0920 0.0915 0.0843 0.0682 0.0622 0.0595 0.0687 0.0860 0.0624 0.0929 0.0837 0.0846 0.0643 0.0615],[2.0705 0.6588 0.3462 0.3498 0.2555 0.2540 0.2077 0.1957 0.2255 0.2544 0.1846 0.1860 0.1612 0.1545 0.1544 0.1812 0.1569 0.1840 0.1960 0.1571 0.1517 0.1596 0.1652 0.1882 0.1820 0.1628 0.1619 0.1706 0.1804 0.1587 0.1663 0.1343 0.1331 0.1313 0.1760 0.1537 0.1527 0.1559 0.1479 0.1387 0.1300 0.1268 0.1289 0.1544 0.1235 0.1687 0.1536 0.1590 0.1397 0.1357],[1.8481 0.9479 0.5813 0.4771 0.4212 0.3885 0.3608 0.3382 0.3306 0.3148 0.3051 0.2967 0.2913 0.2826 0.2708 0.2681 0.2621 0.2575 0.2534 0.2521 0.2405 0.2372 0.2374 0.2310 0.2297 0.2270 0.2245 0.2237 0.2191 0.2165 0.2109 0.2131 0.2126 0.2070 0.2059 0.2020 0.1987 0.1972 0.1982 0.1951 0.1918 0.1941 0.1926 0.1855 0.1883 0.1842 0.1797 0.1800 0.1774 0.1763]
