train_acc,valid_acc,test_acc,train_loss,valid_loss,train_aug_loss
0.9818005561828613,0.9679383039474487,0.9643900394439697,[2.1908 1.3343 0.2836 0.2255 0.2319 0.1896 0.1656 0.1823 0.1522 0.1378 0.1437 0.1194 0.1247 0.1260 0.1273 0.1171 0.1173 0.1225 0.1196 0.0912 0.0919 0.0928 0.1075 0.1197 0.0893 0.0961 0.1044 0.0826 0.0752 0.0758 0.0735 0.0870 0.0767 0.0603 0.0541 0.1017 0.0549 0.0809 0.0794 0.0763 0.0627 0.0721 0.0678 0.0630 0.0543 0.0677 0.0610 0.0642 0.0636 0.0707],[2.1851 1.5069 0.2915 0.2346 0.2766 0.2286 0.1855 0.2187 0.1893 0.1716 0.1678 0.1572 0.1651 0.1669 0.1724 0.1557 0.1571 0.1548 0.1659 0.1352 0.1453 0.1453 0.1672 0.1704 0.1402 0.1460 0.1618 0.1351 0.1294 0.1332 0.1302 0.1485 0.1377 0.1182 0.1163 0.1644 0.1187 0.1472 0.1490 0.1443 0.1281 0.1409 0.1331 0.1327 0.1194 0.1377 0.1275 0.1291 0.1378 0.1453],[1.9705 1.2963 0.5258 0.4034 0.3509 0.3190 0.3023 0.2795 0.2682 0.2546 0.2467 0.2374 0.2323 0.2255 0.2173 0.2132 0.2128 0.1995 0.1959 0.1916 0.1895 0.1889 0.1862 0.1805 0.1793 0.1744 0.1721 0.1700 0.1655 0.1635 0.1624 0.1570 0.1557 0.1549 0.1527 0.1543 0.1497 0.1481 0.1455 0.1438 0.1420 0.1427 0.1404 0.1349 0.1385 0.1368 0.1321 0.1312 0.1299 0.1336]
