train_acc,valid_acc,test_acc,train_loss,valid_loss,train_aug_loss
0.9813702702522278,0.9659090638160706,0.9611030220985413,[2.3967 0.7976 0.3218 0.2234 0.1965 0.1882 0.1730 0.1544 0.1367 0.1165 0.1454 0.1242 0.1304 0.1127 0.1080 0.0983 0.0932 0.1008 0.1120 0.0992 0.0910 0.0896 0.0872 0.0896 0.0920 0.0746 0.0781 0.0939 0.0771 0.0795 0.0677 0.0983 0.0767 0.0666 0.0548 0.0767 0.0620 0.0726 0.0607 0.0555 0.0559 0.0743 0.0866 0.0602 0.0541 0.0475 0.0866 0.0623 0.0544 0.0466],[2.3169 0.8559 0.3544 0.2342 0.2163 0.1972 0.2026 0.1823 0.1852 0.1495 0.1960 0.1705 0.1724 0.1614 0.1500 0.1378 0.1358 0.1498 0.1641 0.1450 0.1392 0.1426 0.1472 0.1458 0.1554 0.1386 0.1402 0.1567 0.1408 0.1546 0.1428 0.1567 0.1421 0.1346 0.1299 0.1540 0.1359 0.1503 0.1347 0.1213 0.1275 0.1630 0.1630 0.1444 0.1406 0.1311 0.1819 0.1482 0.1454 0.1436],[1.9537 1.2933 0.5254 0.4003 0.3492 0.3195 0.3023 0.2817 0.2691 0.2585 0.2468 0.2378 0.2326 0.2220 0.2151 0.2124 0.2107 0.2041 0.1973 0.1948 0.1893 0.1873 0.1835 0.1778 0.1776 0.1731 0.1688 0.1707 0.1639 0.1598 0.1608 0.1605 0.1580 0.1561 0.1523 0.1509 0.1458 0.1447 0.1455 0.1472 0.1410 0.1397 0.1404 0.1376 0.1355 0.1341 0.1329 0.1316 0.1339 0.1296]
