train_acc,valid_acc,test_acc,train_loss,valid_loss,train_aug_loss
0.9837830066680908,0.9700620770454407,0.949191689491272,[2.6550 2.2388 0.6444 0.5447 0.4207 0.2870 0.3062 0.2036 0.2124 0.2523 0.2186 0.1727 0.2563 0.1170 0.1246 0.1792 0.1031 0.1571 0.0845 0.1367 0.0921 0.0933 0.0883 0.1604 0.1403 0.0898 0.0919 0.1089 0.0518 0.0544 0.0548 0.0536 0.0618 0.0730 0.0721 0.0530 0.0911 0.0615 0.0442 0.1590 0.0529 0.0985 0.0616 0.0350 0.0485 0.0476 0.0432 0.0469 0.0561 0.0526 0.0857 0.0877 0.0398 0.0566 0.0411 0.0422 0.0467 0.0333 0.0340 0.0427 0.0339 0.0434 0.0403 0.0293 0.0446 0.0267 0.0320 0.0424 0.0680 0.0322 0.0440 0.0247 0.0631 0.0247 0.0476 0.0262 0.0235 0.0217 0.0287 0.0197 0.0441 0.0354 0.0338 0.0339 0.0291 0.0295 0.0468 0.0213 0.0369 0.0287 0.0186 0.0194 0.0289 0.0234 0.0203 0.0250 0.0198 0.0463 0.0151 0.0154],[2.4437 2.4562 0.6070 0.5179 0.4297 0.3385 0.3352 0.2649 0.2423 0.2804 0.2590 0.2112 0.2813 0.1791 0.1856 0.2484 0.1695 0.2405 0.1533 0.1931 0.1758 0.1764 0.1667 0.2801 0.2120 0.1810 0.1774 0.2072 0.1220 0.1264 0.1354 0.1287 0.1479 0.1671 0.1749 0.1508 0.1906 0.1595 0.1289 0.2785 0.1461 0.2180 0.1783 0.1268 0.1461 0.1451 0.1470 0.1492 0.1801 0.1708 0.2008 0.2219 0.1459 0.1517 0.1513 0.1421 0.1561 0.1373 0.1394 0.1597 0.1373 0.1486 0.1511 0.1356 0.1595 0.1332 0.1502 0.1682 0.2114 0.1535 0.1858 0.1466 0.1955 0.1438 0.1836 0.1391 0.1396 0.1393 0.1554 0.1356 0.1728 0.1684 0.1563 0.1583 0.1587 0.1472 0.1843 0.1466 0.1706 0.1641 0.1414 0.1579 0.1662 0.1544 0.1498 0.1635 0.1588 0.1991 0.1588 0.1496],[2.0124 1.7195 0.9192 0.4190 0.3276 0.2858 0.2600 0.2401 0.2299 0.2177 0.2043 0.1987 0.1910 0.1851 0.1781 0.1764 0.1691 0.1640 0.1592 0.1577 0.1522 0.1515 0.1427 0.1419 0.1391 0.1363 0.1348 0.1317 0.1287 0.1270 0.1233 0.1229 0.1169 0.1177 0.1164 0.1146 0.1104 0.1114 0.1103 0.1088 0.1053 0.1048 0.1024 0.1018 0.1009 0.0979 0.0963 0.0972 0.0954 0.0946 0.0917 0.0911 0.0902 0.0897 0.0904 0.0867 0.0861 0.0856 0.0870 0.0839 0.0828 0.0834 0.0816 0.0834 0.0780 0.0786 0.0784 0.0765 0.0781 0.0748 0.0754 0.0743 0.0756 0.0729 0.0716 0.0718 0.0694 0.0708 0.0683 0.0709 0.0699 0.0675 0.0665 0.0665 0.0658 0.0642 0.0635 0.0634 0.0617 0.0648 0.0634 0.0633 0.0630 0.0625 0.0605 0.0605 0.0600 0.0622 0.0589 0.0561]
