train_acc,valid_acc,test_acc,train_loss,valid_loss,train_aug_loss
0.9949049353599548,0.9683441519737244,0.9713294506072998,[1.9637 5.9469 1.4480 0.5437 0.4427 0.3368 0.2517 0.2756 0.2014 0.1841 0.2074 0.1843 0.1342 0.1421 0.1405 0.1162 0.1567 0.1006 0.1114 0.1108 0.0990 0.0936 0.0905 0.0922 0.0825 0.0854 0.0928 0.0744 0.0820 0.0823 0.0661 0.0628 0.0777 0.0624 0.0665 0.0753 0.0663 0.0613 0.0528 0.0608 0.0712 0.0607 0.0500 0.0489 0.0634 0.0472 0.0487 0.0497 0.0591 0.0558 0.0505 0.0380 0.0448 0.0424 0.0482 0.0473 0.0470 0.0341 0.0406 0.0461 0.0384 0.0495 0.0421 0.0331 0.0340 0.0330 0.0379 0.0334 0.0300 0.0370 0.0375 0.0294 0.0329 0.0311 0.0394 0.0410 0.0281 0.0279 0.0262 0.0385 0.0244 0.0471 0.0418 0.0251 0.0281 0.0347 0.0310 0.0221 0.0285 0.0205 0.0327 0.0232 0.0240 0.0251 0.0197 0.0167 0.0300 0.0160 0.0208 0.0252],[1.9742 5.4920 1.4652 0.6790 0.5455 0.4202 0.3176 0.3607 0.2640 0.2369 0.2609 0.2491 0.1745 0.1827 0.1999 0.1741 0.2156 0.1539 0.1661 0.1747 0.1638 0.1445 0.1369 0.1506 0.1357 0.1392 0.1663 0.1391 0.1528 0.1633 0.1353 0.1258 0.1495 0.1298 0.1366 0.1603 0.1353 0.1292 0.1213 0.1403 0.1632 0.1432 0.1273 0.1217 0.1548 0.1243 0.1229 0.1319 0.1514 0.1415 0.1314 0.1142 0.1288 0.1219 0.1366 0.1437 0.1404 0.1151 0.1252 0.1388 0.1273 0.1474 0.1323 0.1185 0.1188 0.1250 0.1322 0.1213 0.1182 0.1350 0.1345 0.1210 0.1264 0.1328 0.1373 0.1471 0.1265 0.1205 0.1249 0.1511 0.1246 0.1673 0.1479 0.1276 0.1243 0.1515 0.1459 0.1213 0.1420 0.1192 0.1558 0.1312 0.1351 0.1395 0.1202 0.1204 0.1521 0.1135 0.1282 0.1483],[2.0701 1.7878 1.2764 0.6977 0.5051 0.4279 0.3782 0.3429 0.3202 0.3028 0.2834 0.2725 0.2618 0.2485 0.2443 0.2318 0.2237 0.2190 0.2137 0.2068 0.2003 0.1930 0.1902 0.1870 0.1809 0.1766 0.1743 0.1714 0.1687 0.1642 0.1599 0.1611 0.1536 0.1545 0.1499 0.1467 0.1444 0.1409 0.1443 0.1383 0.1391 0.1331 0.1336 0.1313 0.1311 0.1268 0.1257 0.1242 0.1251 0.1217 0.1201 0.1176 0.1172 0.1175 0.1127 0.1098 0.1122 0.1095 0.1111 0.1098 0.1066 0.1059 0.1064 0.1035 0.1041 0.1007 0.0995 0.1001 0.0955 0.0975 0.0958 0.0974 0.0956 0.0921 0.0937 0.0932 0.0900 0.0906 0.0888 0.0882 0.0881 0.0892 0.0865 0.0854 0.0869 0.0847 0.0834 0.0835 0.0810 0.0823 0.0810 0.0785 0.0792 0.0813 0.0803 0.0751 0.0772 0.0761 0.0779 0.0750]
