train_acc,valid_acc,test_acc,train_loss,valid_loss,train_aug_loss
0.982367753982544,0.9620535969734192,0.9587290287017822,[2.1569 1.5855 0.3474 0.2242 0.2266 0.2001 0.1472 0.1689 0.2190 0.1568 0.1411 0.1327 0.1357 0.1342 0.1065 0.1589 0.1261 0.1253 0.1420 0.1416 0.1371 0.1299 0.1277 0.1321 0.1061 0.0918 0.1063 0.1046 0.1166 0.1068 0.0855 0.1087 0.0900 0.0934 0.0823 0.0897 0.0773 0.1177 0.1359 0.0725 0.0942 0.0904 0.0955 0.1174 0.0875 0.0581 0.0680 0.0821 0.0751 0.0949],[2.2653 1.5480 0.3943 0.2549 0.2669 0.2379 0.1854 0.2164 0.2524 0.2028 0.1882 0.1844 0.1846 0.1862 0.1622 0.2248 0.1812 0.1909 0.1933 0.2066 0.2017 0.1905 0.1885 0.1994 0.1646 0.1569 0.1703 0.1609 0.1752 0.1697 0.1546 0.1812 0.1585 0.1633 0.1477 0.1532 0.1413 0.1853 0.2044 0.1433 0.1572 0.1664 0.1686 0.1988 0.1583 0.1270 0.1358 0.1566 0.1511 0.1809],[1.8251 1.1500 0.6541 0.5022 0.4335 0.3977 0.3661 0.3440 0.3300 0.3171 0.3064 0.2969 0.2871 0.2798 0.2724 0.2694 0.2588 0.2559 0.2535 0.2442 0.2379 0.2383 0.2306 0.2290 0.2273 0.2255 0.2217 0.2197 0.2160 0.2137 0.2087 0.2057 0.2046 0.2025 0.2016 0.1967 0.2007 0.1952 0.1952 0.1905 0.1869 0.1869 0.1883 0.1855 0.1842 0.1863 0.1816 0.1754 0.1779 0.1767]
