train_acc,valid_acc,test_acc,train_loss,valid_loss,train_aug_loss
0.9890177845954895,0.9663149118423462,0.9629291296005249,[2.1551 4.3739 5.8658 1.0448 0.6029 0.3594 0.2625 0.2508 0.2369 0.1850 0.2157 0.1588 0.1601 0.1351 0.1407 0.1271 0.1394 0.1324 0.1207 0.1140 0.1136 0.1026 0.1265 0.1083 0.0978 0.1021 0.0960 0.0939 0.1015 0.0920 0.0937 0.0944 0.0833 0.0882 0.0865 0.0824 0.0912 0.0780 0.0804 0.0775 0.0735 0.0716 0.0768 0.0720 0.0691 0.0651 0.0700 0.0666 0.0663 0.0605 0.0609 0.0637 0.0563 0.0573 0.0601 0.0574 0.0579 0.0551 0.0582 0.0521 0.0542 0.0522 0.0602 0.0517 0.0550 0.0526 0.0484 0.0469 0.0527 0.0459 0.0517 0.0471 0.0427 0.0476 0.0442 0.0438 0.0438 0.0419 0.0426 0.0411 0.0417 0.0424 0.0389 0.0391 0.0442 0.0440 0.0357 0.0349 0.0403 0.0383 0.0364 0.0347 0.0329 0.0372 0.0352 0.0346 0.0351 0.0330 0.0339 0.0316],[2.1214 3.9981 5.3685 1.1209 0.7028 0.4295 0.3130 0.3008 0.2901 0.2309 0.2729 0.1920 0.2061 0.1676 0.1780 0.1651 0.1817 0.1623 0.1647 0.1522 0.1555 0.1451 0.1731 0.1540 0.1486 0.1502 0.1534 0.1426 0.1442 0.1506 0.1487 0.1467 0.1366 0.1398 0.1421 0.1416 0.1477 0.1386 0.1367 0.1383 0.1384 0.1345 0.1395 0.1321 0.1351 0.1292 0.1403 0.1391 0.1353 0.1244 0.1284 0.1298 0.1222 0.1232 0.1291 0.1308 0.1339 0.1264 0.1380 0.1239 0.1303 0.1259 0.1411 0.1357 0.1322 0.1324 0.1339 0.1237 0.1330 0.1215 0.1314 0.1267 0.1265 0.1236 0.1222 0.1244 0.1208 0.1252 0.1327 0.1249 0.1222 0.1295 0.1289 0.1244 0.1357 0.1338 0.1252 0.1260 0.1279 0.1264 0.1228 0.1317 0.1221 0.1262 0.1246 0.1259 0.1334 0.1205 0.1258 0.1228],[2.0589 1.8371 1.7216 1.1529 0.6718 0.5258 0.4597 0.4148 0.3909 0.3652 0.3465 0.3322 0.3145 0.3038 0.2955 0.2826 0.2728 0.2676 0.2607 0.2534 0.2485 0.2412 0.2377 0.2305 0.2286 0.2203 0.2173 0.2130 0.2140 0.2068 0.2041 0.2009 0.1982 0.1949 0.1915 0.1907 0.1848 0.1846 0.1835 0.1821 0.1749 0.1740 0.1729 0.1725 0.1691 0.1695 0.1660 0.1623 0.1608 0.1595 0.1581 0.1575 0.1550 0.1536 0.1532 0.1510 0.1487 0.1478 0.1443 0.1453 0.1445 0.1419 0.1422 0.1424 0.1388 0.1394 0.1363 0.1366 0.1358 0.1324 0.1325 0.1314 0.1298 0.1311 0.1286 0.1281 0.1278 0.1265 0.1257 0.1252 0.1234 0.1255 0.1175 0.1208 0.1221 0.1215 0.1180 0.1202 0.1177 0.1161 0.1150 0.1137 0.1132 0.1109 0.1140 0.1121 0.1098 0.1136 0.1095 0.1109]
