train_acc,valid_acc,test_acc,train_loss,valid_loss,train_aug_loss
0.9914537668228149,0.9704271554946899,0.9517898559570312,[2.0826 1.9789 1.2913 0.8926 0.5580 0.3908 0.2180 0.3099 0.2788 0.2050 0.2434 0.4652 0.2472 0.2975 0.2076 0.1836 0.1502 0.1826 0.0936 0.2500 0.1429 0.0815 0.0921 0.1562 0.0788 0.0887 0.1602 0.0804 0.1655 0.1757 0.1093 0.1072 0.1029 0.0923 0.0932 0.0946 0.1001 0.0690 0.0475 0.1748 0.0976 0.1025 0.0978 0.0749 0.1206 0.0973 0.1550 0.0778 0.0599 0.0530 0.1202 0.0969 0.0874 0.0387 0.0708 0.0454 0.0614 0.0990 0.1366 0.0802 0.0957 0.0581 0.0715 0.0855 0.1392 0.0710 0.1216 0.0463 0.0438 0.0822 0.1046 0.0409 0.0440 0.0499 0.0658 0.0492 0.0368 0.0432 0.0343 0.0257 0.0804 0.1142 0.0530 0.1008 0.0478 0.0876 0.0675 0.0447 0.0471 0.0431 0.0602 0.0223 0.0777 0.0877 0.0602 0.0695 0.0292 0.0580 0.0346 0.0438],[2.0972 2.1585 1.3924 0.9382 0.6909 0.4492 0.2634 0.3546 0.3247 0.2447 0.2916 0.5616 0.3072 0.3849 0.2859 0.2345 0.1978 0.2394 0.1356 0.3207 0.2148 0.1210 0.1263 0.2036 0.1170 0.1583 0.2110 0.1339 0.2291 0.2665 0.1661 0.1669 0.1868 0.1636 0.1720 0.1623 0.1718 0.1370 0.0973 0.2480 0.1837 0.1848 0.1785 0.1501 0.2223 0.1810 0.2515 0.1643 0.1375 0.1192 0.2321 0.1766 0.1874 0.0990 0.1500 0.1123 0.1476 0.2170 0.2436 0.1652 0.1992 0.1404 0.1725 0.1887 0.2615 0.1672 0.2369 0.1271 0.1211 0.1776 0.2225 0.1349 0.1263 0.1314 0.1638 0.1302 0.1150 0.1386 0.1148 0.0955 0.1900 0.2280 0.1543 0.2306 0.1488 0.2144 0.1881 0.1493 0.1539 0.1476 0.1729 0.1059 0.1875 0.2145 0.1661 0.2088 0.1134 0.1800 0.1416 0.1461],[1.9940 1.3646 0.5912 0.3940 0.3346 0.2965 0.2736 0.2525 0.2392 0.2264 0.2160 0.2086 0.2004 0.1920 0.1824 0.1786 0.1730 0.1658 0.1624 0.1614 0.1557 0.1513 0.1464 0.1472 0.1416 0.1403 0.1361 0.1331 0.1315 0.1283 0.1267 0.1239 0.1230 0.1221 0.1182 0.1176 0.1143 0.1135 0.1118 0.1096 0.1068 0.1083 0.1072 0.1045 0.1052 0.1019 0.1004 0.0994 0.0964 0.0959 0.0951 0.0964 0.0944 0.0939 0.0924 0.0925 0.0896 0.0874 0.0876 0.0865 0.0858 0.0857 0.0849 0.0853 0.0832 0.0794 0.0826 0.0806 0.0788 0.0793 0.0777 0.0776 0.0794 0.0739 0.0765 0.0735 0.0744 0.0732 0.0731 0.0727 0.0706 0.0724 0.0720 0.0696 0.0710 0.0687 0.0679 0.0683 0.0672 0.0653 0.0670 0.0671 0.0651 0.0656 0.0639 0.0651 0.0614 0.0632 0.0629 0.0616]
