train_acc,valid_acc,test_acc,train_loss,valid_loss,train_aug_loss
0.9777128100395203,0.9569805264472961,0.9625639319419861,[1.5520 0.6975 0.2738 0.2342 0.2886 0.2161 0.2213 0.1427 0.1433 0.1554 0.1510 0.1601 0.1302 0.1515 0.1599 0.1226 0.1257 0.1013 0.0916 0.0954 0.1208 0.1270 0.1242 0.0843 0.1297 0.1074 0.1156 0.0879 0.0861 0.0815 0.0970 0.1167 0.1178 0.0936 0.0938 0.0741 0.0771 0.0987 0.0751 0.1034 0.0837 0.0759 0.0730 0.0850 0.0682 0.1036 0.1022 0.0776 0.0708 0.0978],[1.5351 0.6773 0.2970 0.2576 0.2985 0.2530 0.2461 0.1923 0.1871 0.2005 0.2031 0.2027 0.1805 0.2001 0.2149 0.1754 0.1861 0.1590 0.1543 0.1537 0.1862 0.1901 0.1877 0.1435 0.1980 0.1729 0.1807 0.1581 0.1485 0.1447 0.1609 0.1887 0.1853 0.1598 0.1682 0.1414 0.1406 0.1730 0.1443 0.1688 0.1652 0.1535 0.1413 0.1577 0.1433 0.1785 0.1757 0.1528 0.1458 0.1795],[1.7510 0.9681 0.5854 0.4695 0.4220 0.3821 0.3618 0.3410 0.3264 0.3123 0.3023 0.2947 0.2822 0.2749 0.2692 0.2619 0.2589 0.2543 0.2477 0.2443 0.2412 0.2358 0.2285 0.2287 0.2246 0.2214 0.2191 0.2155 0.2145 0.2141 0.2112 0.2102 0.2060 0.2028 0.2059 0.2052 0.1979 0.2008 0.1929 0.1957 0.1914 0.1922 0.1898 0.1861 0.1836 0.1823 0.1808 0.1817 0.1776 0.1782]
