train_acc,valid_acc,test_acc,train_loss,valid_loss,train_aug_loss
0.9931129813194275,0.9696969985961914,0.9506350755691528,[1.9867 5.3632 0.7007 0.4469 0.3526 0.2949 0.2765 0.2788 0.1901 0.2184 0.1637 0.1820 0.1324 0.1466 0.1577 0.1143 0.1152 0.0937 0.0976 0.1028 0.1083 0.1003 0.0853 0.0812 0.0869 0.0842 0.1136 0.0750 0.0689 0.0813 0.0670 0.0724 0.0738 0.0615 0.0627 0.0632 0.0616 0.0663 0.0669 0.0563 0.0587 0.0504 0.0529 0.0599 0.0588 0.0445 0.0466 0.0581 0.0484 0.0444 0.0412 0.0501 0.0541 0.0402 0.0373 0.0365 0.0386 0.0512 0.0392 0.0352 0.0350 0.0583 0.0470 0.0345 0.0327 0.0314 0.0370 0.0395 0.0311 0.0278 0.0314 0.0325 0.0419 0.0458 0.0238 0.0305 0.0309 0.0348 0.0245 0.0485 0.0230 0.0253 0.0229 0.0316 0.0227 0.0232 0.0262 0.0219 0.0244 0.0210 0.0244 0.0206 0.0219 0.0195 0.0253 0.0238 0.0263 0.0208 0.0239 0.0182],[2.0104 5.1229 0.8208 0.5575 0.4386 0.3600 0.3401 0.3647 0.2362 0.2894 0.2150 0.2441 0.1855 0.2058 0.2489 0.1724 0.1800 0.1580 0.1573 0.1764 0.1870 0.1777 0.1528 0.1486 0.1532 0.1622 0.1859 0.1423 0.1481 0.1528 0.1343 0.1331 0.1493 0.1317 0.1373 0.1391 0.1472 0.1368 0.1621 0.1330 0.1441 0.1303 0.1439 0.1496 0.1507 0.1199 0.1290 0.1403 0.1295 0.1287 0.1250 0.1381 0.1433 0.1183 0.1149 0.1216 0.1279 0.1500 0.1329 0.1218 0.1198 0.1594 0.1470 0.1251 0.1256 0.1138 0.1322 0.1265 0.1177 0.1166 0.1234 0.1340 0.1488 0.1407 0.1163 0.1286 0.1246 0.1341 0.1183 0.1637 0.1131 0.1174 0.1338 0.1377 0.1289 0.1211 0.1253 0.1268 0.1294 0.1133 0.1266 0.1123 0.1341 0.1267 0.1369 0.1308 0.1398 0.1276 0.1347 0.1220],[2.0600 1.7815 1.0429 0.5599 0.4399 0.3831 0.3422 0.3172 0.2950 0.2773 0.2699 0.2549 0.2434 0.2333 0.2247 0.2155 0.2115 0.2006 0.1976 0.1913 0.1869 0.1812 0.1759 0.1725 0.1677 0.1627 0.1616 0.1557 0.1551 0.1514 0.1500 0.1473 0.1448 0.1410 0.1404 0.1350 0.1341 0.1346 0.1283 0.1284 0.1277 0.1247 0.1248 0.1214 0.1181 0.1167 0.1152 0.1145 0.1149 0.1130 0.1096 0.1104 0.1078 0.1061 0.1061 0.1058 0.1026 0.1008 0.1030 0.0989 0.0981 0.0974 0.0957 0.0957 0.0931 0.0930 0.0918 0.0917 0.0899 0.0880 0.0892 0.0884 0.0870 0.0870 0.0857 0.0844 0.0830 0.0829 0.0827 0.0831 0.0807 0.0802 0.0786 0.0816 0.0801 0.0764 0.0769 0.0768 0.0764 0.0760 0.0735 0.0728 0.0757 0.0714 0.0719 0.0711 0.0704 0.0719 0.0706 0.0693]
