train_acc,valid_acc,test_acc,train_loss,valid_loss,train_aug_loss
0.9845975041389465,0.9620535969734192,0.959094226360321,[2.7116 0.2686 0.2198 0.1755 0.2221 0.1552 0.1853 0.1236 0.1210 0.0970 0.1201 0.1091 0.1018 0.1011 0.1074 0.0873 0.0906 0.1114 0.0894 0.1031 0.0862 0.1147 0.0885 0.1161 0.0815 0.0828 0.0731 0.1101 0.0666 0.0742 0.0983 0.0668 0.0699 0.0756 0.0723 0.0615 0.0644 0.0647 0.0509 0.0699 0.0705 0.0816 0.0651 0.0635 0.0563 0.0578 0.0625 0.0531 0.0621 0.0706],[2.5596 0.2955 0.2508 0.2100 0.2508 0.1958 0.2122 0.1689 0.1666 0.1520 0.1700 0.1648 0.1623 0.1659 0.1722 0.1474 0.1615 0.1751 0.1519 0.1657 0.1513 0.1746 0.1546 0.1918 0.1425 0.1516 0.1435 0.1880 0.1381 0.1457 0.1674 0.1409 0.1436 0.1471 0.1446 0.1326 0.1478 0.1390 0.1256 0.1469 0.1501 0.1618 0.1435 0.1340 0.1366 0.1337 0.1434 0.1298 0.1415 0.1517],[1.4173 0.5881 0.4299 0.3729 0.3390 0.3137 0.2957 0.2819 0.2760 0.2630 0.2548 0.2483 0.2421 0.2350 0.2320 0.2255 0.2252 0.2171 0.2126 0.2087 0.2076 0.2091 0.1994 0.1988 0.1979 0.1969 0.1939 0.1919 0.1898 0.1894 0.1831 0.1836 0.1783 0.1783 0.1761 0.1758 0.1736 0.1733 0.1732 0.1689 0.1691 0.1655 0.1690 0.1685 0.1649 0.1638 0.1645 0.1622 0.1574 0.1594]
