train_acc,valid_acc,test_acc,train_loss,valid_loss,train_aug_loss
0.9790329933166504,0.9555600881576538,0.9609203934669495,[2.0491 1.5108 1.0354 0.6056 0.5848 0.4954 0.3407 0.3608 0.3571 0.2686 0.1820 0.2220 0.1507 0.1766 0.1755 0.1743 0.1911 0.1571 0.1600 0.1134 0.1645 0.1424 0.1405 0.1278 0.1348 0.1505 0.1153 0.1324 0.1112 0.1230 0.1331 0.1324 0.1090 0.1297 0.1208 0.1076 0.1118 0.0714 0.1034 0.1226 0.0866 0.1120 0.0888 0.0897 0.1019 0.0727 0.0654 0.0651 0.0911 0.0936],[1.9490 1.4358 0.9473 0.5913 0.5712 0.5073 0.3741 0.3936 0.3946 0.3100 0.2314 0.2742 0.2018 0.2307 0.2341 0.2240 0.2498 0.2210 0.2209 0.1816 0.2374 0.2086 0.2051 0.1959 0.2082 0.2322 0.1902 0.1994 0.1848 0.2037 0.2097 0.2043 0.1923 0.2126 0.2002 0.1896 0.2016 0.1502 0.1903 0.2086 0.1687 0.1984 0.1843 0.1744 0.1887 0.1584 0.1558 0.1487 0.1889 0.1867],[1.9396 1.6239 1.0390 0.7064 0.5820 0.4988 0.4514 0.4143 0.3803 0.3559 0.3412 0.3282 0.3105 0.2992 0.2874 0.2775 0.2676 0.2601 0.2565 0.2506 0.2421 0.2367 0.2329 0.2266 0.2229 0.2174 0.2173 0.2141 0.2126 0.2054 0.2038 0.2022 0.1974 0.1946 0.1922 0.1906 0.1876 0.1875 0.1815 0.1809 0.1791 0.1785 0.1771 0.1743 0.1718 0.1703 0.1684 0.1681 0.1650 0.1643]
