train_acc,valid_acc,test_acc,train_loss,valid_loss,train_aug_loss
0.9816832542419434,0.9561688303947449,0.960189938545227,[2.0510 2.2415 1.7152 0.6010 0.4308 0.3677 0.2911 0.2859 0.2630 0.2481 0.2341 0.2039 0.2149 0.2103 0.2077 0.1682 0.1660 0.1630 0.1559 0.1415 0.1536 0.1600 0.1329 0.1397 0.1584 0.1271 0.1414 0.1423 0.1282 0.1180 0.1208 0.1342 0.1034 0.1097 0.0976 0.1142 0.1227 0.1092 0.0932 0.1074 0.0941 0.0877 0.0886 0.0997 0.0848 0.0986 0.0990 0.0893 0.1010 0.0834 0.0864 0.0824 0.0903 0.0772 0.0832 0.1053 0.0827 0.0755 0.0640 0.0870 0.0753 0.0652 0.0586 0.0821 0.0648 0.0800 0.0735 0.0708 0.0633 0.0614 0.0659 0.0506 0.0690 0.0650 0.0712 0.0756 0.0537 0.0659 0.0552 0.0675 0.0505 0.0567 0.0492 0.0556 0.0552 0.0664 0.0670 0.0592 0.0523 0.0473 0.0617 0.0447 0.0446 0.0558 0.0468 0.0418 0.0500 0.0537 0.0403 0.0556],[2.0499 2.2307 1.6992 0.6579 0.4894 0.4028 0.3340 0.3177 0.2984 0.2840 0.3003 0.2451 0.2579 0.2588 0.2445 0.2197 0.2183 0.2185 0.2066 0.2144 0.2120 0.2204 0.2003 0.2177 0.2253 0.1941 0.2133 0.2237 0.2062 0.1795 0.1880 0.2147 0.1824 0.1903 0.1775 0.2017 0.2115 0.1919 0.1772 0.1808 0.1798 0.1668 0.1693 0.1939 0.1683 0.2029 0.1877 0.1798 0.1903 0.1716 0.1830 0.1857 0.1868 0.1705 0.1798 0.2147 0.1873 0.1784 0.1634 0.1778 0.1820 0.1615 0.1642 0.1871 0.1669 0.1861 0.1894 0.1819 0.1662 0.1670 0.1674 0.1532 0.1783 0.1894 0.1836 0.1932 0.1773 0.1950 0.1631 0.1895 0.1651 0.1750 0.1624 0.1752 0.1728 0.1819 0.1942 0.1789 0.1727 0.1738 0.2012 0.1663 0.1645 0.1748 0.1615 0.1590 0.1720 0.1687 0.1697 0.1823],[2.0936 1.8700 1.4759 0.8139 0.5600 0.4649 0.4147 0.3855 0.3597 0.3381 0.3270 0.3104 0.2979 0.2898 0.2809 0.2744 0.2651 0.2577 0.2533 0.2459 0.2395 0.2340 0.2299 0.2268 0.2187 0.2181 0.2127 0.2042 0.2022 0.2008 0.1975 0.1928 0.1907 0.1875 0.1819 0.1818 0.1795 0.1798 0.1729 0.1762 0.1708 0.1705 0.1677 0.1680 0.1629 0.1589 0.1577 0.1546 0.1534 0.1524 0.1507 0.1487 0.1511 0.1485 0.1461 0.1445 0.1425 0.1454 0.1413 0.1388 0.1369 0.1390 0.1360 0.1349 0.1330 0.1308 0.1309 0.1293 0.1290 0.1281 0.1257 0.1236 0.1258 0.1225 0.1216 0.1216 0.1185 0.1209 0.1191 0.1155 0.1171 0.1140 0.1160 0.1149 0.1155 0.1126 0.1118 0.1113 0.1108 0.1098 0.1091 0.1091 0.1072 0.1063 0.1070 0.1048 0.1055 0.1042 0.1048 0.1036]
