train_acc,valid_acc,test_acc,train_loss,valid_loss,train_aug_loss
0.9807444214820862,0.9650974273681641,0.9638422131538391,[2.1076 1.3775 0.4202 0.2859 0.2210 0.2071 0.2130 0.1739 0.1854 0.1414 0.1616 0.1412 0.1404 0.1414 0.1474 0.1709 0.1401 0.1357 0.0955 0.1105 0.1035 0.1014 0.1042 0.1086 0.0947 0.1003 0.1104 0.0937 0.0963 0.0913 0.0833 0.0833 0.1003 0.0827 0.0757 0.0813 0.0817 0.0849 0.0883 0.0973 0.0833 0.0742 0.0701 0.0712 0.0629 0.0771 0.0674 0.0761 0.0740 0.0691],[2.1151 1.4812 0.4838 0.3236 0.2439 0.2422 0.2391 0.2038 0.1956 0.1730 0.1853 0.1792 0.1890 0.1697 0.1752 0.1878 0.1792 0.1752 0.1336 0.1603 0.1509 0.1427 0.1482 0.1601 0.1412 0.1430 0.1589 0.1530 0.1414 0.1438 0.1419 0.1342 0.1540 0.1312 0.1338 0.1337 0.1315 0.1416 0.1458 0.1567 0.1467 0.1307 0.1344 0.1540 0.1226 0.1380 0.1244 0.1370 0.1363 0.1364],[1.9602 1.6061 0.7048 0.4736 0.4010 0.3571 0.3360 0.3110 0.3041 0.2948 0.2780 0.2715 0.2655 0.2544 0.2516 0.2478 0.2391 0.2379 0.2282 0.2266 0.2232 0.2174 0.2153 0.2146 0.2117 0.2101 0.2033 0.2005 0.1988 0.1933 0.1964 0.1920 0.1922 0.1841 0.1850 0.1820 0.1814 0.1834 0.1767 0.1747 0.1736 0.1740 0.1716 0.1724 0.1715 0.1692 0.1666 0.1644 0.1627 0.1630]
