train_acc,valid_acc,test_acc,train_loss,valid_loss,train_aug_loss
0.9764457941055298,0.9572836756706238,0.931581974029541,[4.5311 1.0261 0.2971 0.2509 0.2249 0.1904 0.2155 0.2024 0.1800 0.1112 0.2707 0.1442 0.1521 0.0997 0.0986 0.1269 0.0884 0.0729 0.0809 0.0666 0.0864 0.0994 0.0629 0.0572 0.0573 0.0640 0.0826 0.0773 0.0544 0.0537 0.0915 0.0483 0.0559 0.0453 0.0751 0.0430 0.0472 0.0395 0.0580 0.0461 0.0528 0.0713 0.0525 0.0412 0.0798 0.0420 0.0328 0.0395 0.0419 0.0289 0.0397 0.0500 0.0390 0.0316 0.0339 0.0339 0.0435 0.0276 0.0206 0.0245 0.0276 0.0232 0.0357 0.0248 0.0368 0.0260 0.0173 0.0342 0.0368 0.0221 0.0256 0.0192 0.0408 0.0318 0.0301 0.0505 0.0184 0.0163 0.0118 0.0166 0.0223 0.0671 0.0135 0.0291 0.0118 0.0153 0.0229 0.0190 0.0145 0.0132 0.0132 0.0848 0.0125 0.0155 0.0112 0.0110 0.0138 0.0112 0.0194 0.0153],[4.0700 1.2383 0.3894 0.3394 0.3134 0.2776 0.2873 0.2843 0.2681 0.1801 0.3163 0.2396 0.2605 0.1917 0.1862 0.2343 0.1782 0.1412 0.1741 0.1526 0.1862 0.2127 0.1562 0.1444 0.1532 0.1675 0.1968 0.1969 0.1644 0.1474 0.2239 0.1479 0.1642 0.1436 0.1981 0.1429 0.1612 0.1531 0.1881 0.1696 0.1743 0.2211 0.1928 0.1633 0.2342 0.1770 0.1497 0.1741 0.1765 0.1580 0.1780 0.1919 0.1732 0.1629 0.1760 0.1724 0.1956 0.1648 0.1624 0.1641 0.1690 0.1772 0.1858 0.1690 0.1972 0.1726 0.1503 0.1941 0.1970 0.1742 0.1768 0.1624 0.2078 0.2039 0.2006 0.2357 0.1659 0.1683 0.1555 0.1647 0.1943 0.2828 0.1684 0.2019 0.1594 0.1752 0.1995 0.1908 0.1587 0.1795 0.1675 0.3265 0.1618 0.2141 0.1763 0.1827 0.1805 0.1733 0.2163 0.2180],[1.9037 1.2561 0.5010 0.3779 0.3272 0.2888 0.2672 0.2417 0.2256 0.2144 0.2017 0.1922 0.1813 0.1740 0.1650 0.1608 0.1560 0.1505 0.1457 0.1419 0.1401 0.1343 0.1309 0.1275 0.1225 0.1204 0.1197 0.1154 0.1116 0.1113 0.1084 0.1058 0.1038 0.1012 0.0986 0.0986 0.0943 0.0948 0.0929 0.0925 0.0912 0.0877 0.0874 0.0857 0.0815 0.0824 0.0804 0.0792 0.0783 0.0771 0.0759 0.0745 0.0751 0.0735 0.0711 0.0702 0.0709 0.0699 0.0671 0.0677 0.0661 0.0648 0.0645 0.0637 0.0631 0.0624 0.0590 0.0594 0.0615 0.0598 0.0597 0.0582 0.0562 0.0552 0.0556 0.0558 0.0540 0.0540 0.0541 0.0512 0.0516 0.0512 0.0523 0.0505 0.0494 0.0495 0.0472 0.0487 0.0482 0.0483 0.0467 0.0434 0.0466 0.0449 0.0468 0.0442 0.0433 0.0432 0.0434 0.0408]
