train_acc,valid_acc,test_acc,train_loss,valid_loss,train_aug_loss
0.9792188405990601,0.9630681872367859,0.9618334770202637,[2.1635 0.5803 0.3061 0.2835 0.3495 0.2001 0.2152 0.1717 0.2384 0.2216 0.2261 0.2006 0.1828 0.2028 0.1266 0.2082 0.1547 0.1791 0.1223 0.1240 0.1489 0.1580 0.1453 0.1043 0.1353 0.1218 0.1125 0.1150 0.1247 0.1523 0.1318 0.1132 0.1196 0.1214 0.1225 0.0873 0.0809 0.1180 0.0923 0.0881 0.1127 0.1228 0.0822 0.0925 0.0658 0.0960 0.0957 0.0966 0.0915 0.0873],[2.0366 0.5910 0.3337 0.3243 0.3571 0.2266 0.2287 0.2036 0.2697 0.2400 0.2432 0.2399 0.2143 0.2328 0.1705 0.2452 0.1884 0.2109 0.1720 0.1653 0.1989 0.1948 0.1974 0.1521 0.1836 0.1717 0.1618 0.1756 0.1757 0.2053 0.1860 0.1681 0.1724 0.1778 0.1789 0.1467 0.1402 0.1668 0.1477 0.1470 0.1707 0.1802 0.1331 0.1500 0.1244 0.1553 0.1602 0.1597 0.1566 0.1514],[1.9203 1.2188 0.5872 0.4649 0.4104 0.3742 0.3458 0.3262 0.3162 0.3032 0.2905 0.2795 0.2742 0.2651 0.2602 0.2590 0.2493 0.2436 0.2370 0.2358 0.2281 0.2253 0.2238 0.2215 0.2163 0.2154 0.2088 0.2107 0.2103 0.2057 0.2023 0.1954 0.1984 0.1938 0.1934 0.1887 0.1900 0.1874 0.1865 0.1852 0.1847 0.1810 0.1773 0.1762 0.1723 0.1766 0.1777 0.1710 0.1678 0.1699]
