train_acc,valid_acc,test_acc,train_loss,valid_loss,train_aug_loss
0.9738304018974304,0.9594155550003052,0.9620160460472107,[2.2987 2.6138 0.4184 0.2714 0.2693 0.2245 0.1883 0.1965 0.1887 0.1233 0.1659 0.1242 0.1337 0.1394 0.1311 0.1439 0.1166 0.1185 0.1222 0.1250 0.1253 0.1007 0.1359 0.1057 0.1393 0.1192 0.0926 0.0860 0.1096 0.0763 0.1010 0.0941 0.1361 0.0915 0.1082 0.0843 0.0826 0.0903 0.1095 0.0893 0.0746 0.0738 0.0883 0.0859 0.0829 0.0811 0.0909 0.1077 0.0866 0.0765],[2.2715 2.5754 0.4429 0.2851 0.2917 0.2463 0.2031 0.2260 0.2211 0.1559 0.1914 0.1490 0.1590 0.1733 0.1690 0.1823 0.1554 0.1556 0.1617 0.1588 0.1707 0.1338 0.1701 0.1549 0.1863 0.1572 0.1353 0.1364 0.1574 0.1273 0.1441 0.1324 0.1737 0.1416 0.1583 0.1367 0.1267 0.1420 0.1654 0.1467 0.1270 0.1328 0.1451 0.1422 0.1494 0.1363 0.1414 0.1745 0.1578 0.1446],[1.9783 1.7618 0.9869 0.5142 0.4102 0.3650 0.3356 0.3144 0.3024 0.2871 0.2747 0.2685 0.2633 0.2533 0.2511 0.2416 0.2382 0.2332 0.2264 0.2216 0.2144 0.2166 0.2113 0.2110 0.2093 0.2006 0.2002 0.1982 0.1932 0.1974 0.1893 0.1911 0.1847 0.1844 0.1830 0.1840 0.1813 0.1768 0.1778 0.1777 0.1755 0.1712 0.1718 0.1681 0.1659 0.1704 0.1609 0.1641 0.1619 0.1623]
