train_acc,valid_acc,test_acc,train_loss,valid_loss,train_aug_loss
0.9820157289505005,0.9644886255264282,0.9671292901039124,[1.8333 0.4459 0.3064 0.2606 0.2551 0.2560 0.1991 0.2342 0.1496 0.1567 0.1709 0.1531 0.1112 0.1182 0.1823 0.1374 0.1257 0.1076 0.1448 0.1029 0.1060 0.1363 0.1284 0.1165 0.1146 0.1339 0.1271 0.1566 0.1214 0.1093 0.1109 0.0768 0.0868 0.1058 0.1188 0.1597 0.1706 0.1139 0.1032 0.1093 0.1277 0.1131 0.1132 0.0918 0.1116 0.0636 0.0690 0.0912 0.0803 0.1196],[1.7957 0.4501 0.3418 0.2867 0.2750 0.2866 0.2159 0.2732 0.1834 0.2009 0.2023 0.1946 0.1573 0.1617 0.2281 0.1860 0.1773 0.1596 0.1940 0.1553 0.1550 0.1867 0.1842 0.1711 0.1769 0.2006 0.1730 0.2210 0.1835 0.1727 0.1652 0.1427 0.1524 0.1682 0.1783 0.2273 0.2340 0.1777 0.1703 0.1827 0.1960 0.1794 0.1822 0.1630 0.1919 0.1254 0.1392 0.1542 0.1445 0.1940],[1.8902 1.0779 0.5554 0.4430 0.3939 0.3540 0.3329 0.3119 0.2999 0.2909 0.2837 0.2712 0.2630 0.2584 0.2504 0.2460 0.2435 0.2355 0.2338 0.2322 0.2251 0.2216 0.2218 0.2125 0.2164 0.2046 0.2092 0.2051 0.2024 0.1987 0.2011 0.1987 0.1958 0.1925 0.1907 0.1903 0.1889 0.1840 0.1835 0.1819 0.1824 0.1766 0.1786 0.1777 0.1744 0.1758 0.1728 0.1692 0.1680 0.1682]
