train_acc,valid_acc,test_acc,train_loss,valid_loss,train_aug_loss
0.9724123477935791,0.9488636255264282,0.9497808814048767,[1.9949 7.4237 2.7205 0.7091 0.5665 0.4190 0.4708 0.3452 0.4551 0.2769 0.3119 0.2372 0.2268 0.2122 0.2275 0.1500 0.1970 0.2505 0.1866 0.1425 0.1495 0.1358 0.1766 0.1679 0.1586 0.1632 0.1656 0.2121 0.1257 0.1985 0.1213 0.2564 0.1069 0.1633 0.1832 0.1068 0.1693 0.1177 0.1442 0.1916 0.1095 0.1518 0.0790 0.1941 0.0768 0.1179 0.1073 0.0843 0.1891 0.1642 0.1201 0.1194 0.2071 0.1525 0.1398 0.1402 0.0774 0.1107 0.1401 0.1126 0.1374 0.2287 0.1550 0.1234 0.2534 0.1629 0.0982 0.1126 0.0823 0.0871 0.0872 0.2538 0.1331 0.0668 0.0811 0.0945 0.1117 0.1141 0.0734 0.1105 0.1626 0.1082 0.0988 0.0995 0.1362 0.0892 0.0985 0.0674 0.1145 0.1177 0.1208 0.0831 0.0910 0.1044 0.1628 0.0669 0.1048 0.0924 0.0892 0.0900],[2.0043 6.9265 2.8685 0.8843 0.7458 0.5450 0.6112 0.4271 0.5602 0.3575 0.4003 0.3339 0.3051 0.2834 0.3201 0.2255 0.2813 0.3576 0.2712 0.2172 0.2333 0.2075 0.2756 0.2615 0.2561 0.2660 0.2542 0.3195 0.2171 0.3075 0.2170 0.3693 0.2044 0.2718 0.2848 0.2106 0.2871 0.2201 0.2596 0.3114 0.2098 0.2674 0.1735 0.3223 0.1879 0.2409 0.2226 0.2079 0.3379 0.3096 0.2559 0.2565 0.3526 0.3068 0.2792 0.2854 0.2097 0.2454 0.3010 0.2596 0.3067 0.4338 0.3217 0.3022 0.4239 0.3348 0.2651 0.2781 0.2329 0.2332 0.2370 0.4469 0.3198 0.2143 0.2355 0.2415 0.2870 0.2840 0.2302 0.2885 0.3585 0.2734 0.2853 0.2669 0.3316 0.2666 0.2900 0.2415 0.3138 0.3006 0.3052 0.2781 0.2762 0.3063 0.3770 0.2512 0.2962 0.2939 0.2744 0.2855],[2.0706 1.7624 1.5324 0.8765 0.5394 0.4355 0.3808 0.3458 0.3196 0.2944 0.2815 0.2705 0.2575 0.2474 0.2381 0.2308 0.2232 0.2148 0.2079 0.2063 0.1957 0.1952 0.1895 0.1833 0.1773 0.1764 0.1695 0.1692 0.1669 0.1623 0.1588 0.1552 0.1508 0.1505 0.1464 0.1451 0.1413 0.1390 0.1397 0.1336 0.1319 0.1329 0.1277 0.1266 0.1258 0.1243 0.1212 0.1207 0.1198 0.1178 0.1171 0.1138 0.1116 0.1110 0.1115 0.1086 0.1061 0.1063 0.1030 0.1038 0.1040 0.0992 0.1011 0.0979 0.0969 0.0994 0.0971 0.0931 0.0924 0.0940 0.0929 0.0915 0.0915 0.0897 0.0874 0.0862 0.0836 0.0878 0.0864 0.0857 0.0848 0.0831 0.0826 0.0805 0.0797 0.0795 0.0801 0.0795 0.0798 0.0772 0.0780 0.0755 0.0738 0.0755 0.0746 0.0724 0.0746 0.0720 0.0716 0.0714]
