train_acc,valid_acc,test_acc,train_loss,valid_loss,train_aug_loss
0.98204505443573,0.9665178656578064,0.9647552967071533,[2.4470 0.5159 0.2526 0.1747 0.1473 0.1685 0.1628 0.1451 0.1356 0.1793 0.1178 0.1562 0.1199 0.1283 0.1425 0.0844 0.1105 0.0702 0.0850 0.0775 0.0782 0.0821 0.0690 0.0731 0.0819 0.0740 0.0647 0.0669 0.0779 0.0711 0.0796 0.0725 0.0664 0.0621 0.0583 0.0825 0.0611 0.0763 0.0531 0.0892 0.0643 0.0627 0.0551 0.0565 0.0552 0.0736 0.0580 0.0709 0.0603 0.0580],[2.5335 0.4753 0.2558 0.1938 0.1829 0.1976 0.1926 0.1718 0.1624 0.2069 0.1622 0.1912 0.1613 0.1608 0.1756 0.1304 0.1529 0.1206 0.1346 0.1302 0.1290 0.1344 0.1208 0.1291 0.1384 0.1306 0.1233 0.1264 0.1275 0.1291 0.1381 0.1330 0.1228 0.1189 0.1237 0.1374 0.1205 0.1377 0.1175 0.1533 0.1286 0.1226 0.1122 0.1194 0.1153 0.1400 0.1245 0.1269 0.1272 0.1200],[1.4502 0.6032 0.4320 0.3740 0.3341 0.3071 0.2942 0.2804 0.2690 0.2602 0.2577 0.2469 0.2382 0.2341 0.2296 0.2261 0.2183 0.2179 0.2177 0.2127 0.2070 0.2033 0.2034 0.1997 0.1951 0.1969 0.1916 0.1915 0.1902 0.1873 0.1857 0.1809 0.1838 0.1795 0.1795 0.1770 0.1785 0.1767 0.1732 0.1721 0.1718 0.1704 0.1676 0.1653 0.1701 0.1651 0.1678 0.1643 0.1640 0.1617]
