train_acc,valid_acc,test_acc,train_loss,valid_loss,train_aug_loss
0.9719234108924866,0.9630681872367859,0.9576333165168762,[2.0186 1.4710 1.1419 0.8070 0.6917 0.4998 0.4059 0.3937 0.3391 0.2837 0.2602 0.2491 0.2435 0.2134 0.1742 0.1688 0.1655 0.1674 0.1607 0.1609 0.1491 0.1592 0.1446 0.1249 0.1428 0.0994 0.1180 0.1181 0.1093 0.1013 0.1349 0.1177 0.1073 0.0976 0.1506 0.0861 0.1285 0.0973 0.1091 0.1107 0.0945 0.0942 0.1070 0.0879 0.1110 0.0770 0.1125 0.0744 0.0895 0.0896],[1.9703 1.3894 0.9646 0.7373 0.6331 0.4770 0.3884 0.3609 0.3159 0.2764 0.2661 0.2516 0.2496 0.2264 0.1895 0.1871 0.1868 0.1929 0.1865 0.1936 0.1794 0.1927 0.1774 0.1577 0.1744 0.1424 0.1511 0.1558 0.1451 0.1375 0.1780 0.1611 0.1454 0.1368 0.1940 0.1264 0.1745 0.1423 0.1667 0.1600 0.1426 0.1437 0.1600 0.1433 0.1674 0.1325 0.1655 0.1308 0.1464 0.1484],[1.9680 1.6632 1.1726 0.7952 0.6208 0.5389 0.4765 0.4426 0.4039 0.3812 0.3608 0.3389 0.3266 0.3157 0.3057 0.2924 0.2896 0.2765 0.2689 0.2612 0.2538 0.2498 0.2440 0.2400 0.2363 0.2349 0.2292 0.2219 0.2173 0.2165 0.2163 0.2056 0.2028 0.2028 0.1995 0.1933 0.1939 0.1892 0.1881 0.1870 0.1850 0.1846 0.1782 0.1782 0.1780 0.1763 0.1750 0.1735 0.1713 0.1708]
