train_acc,valid_acc,test_acc,train_loss,valid_loss,train_aug_loss
0.9872281551361084,0.9632710814476013,0.960189938545227,[2.0308 1.8399 1.9417 2.4329 1.0965 0.5819 0.4271 0.3307 0.3135 0.2372 0.2711 0.2425 0.2335 0.2635 0.1754 0.1707 0.1716 0.1541 0.1649 0.1328 0.1397 0.1376 0.1516 0.1360 0.1188 0.1201 0.1422 0.1244 0.1172 0.1070 0.1056 0.1226 0.1229 0.1214 0.1402 0.0932 0.1080 0.1146 0.0906 0.1089 0.0979 0.0908 0.0948 0.0881 0.0922 0.0861 0.0739 0.1031 0.1005 0.0779 0.0825 0.0913 0.0915 0.0999 0.0935 0.0757 0.0665 0.0883 0.0937 0.0753 0.0936 0.0889 0.0624 0.0747 0.0645 0.0540 0.0528 0.0521 0.0595 0.0521 0.0574 0.0512 0.0675 0.0628 0.0464 0.0630 0.0562 0.0624 0.0535 0.0472 0.0527 0.0576 0.0646 0.0592 0.0601 0.0703 0.0533 0.0570 0.0666 0.0478 0.0507 0.0456 0.0538 0.0408 0.0383 0.0426 0.0457 0.0499 0.0495 0.0389],[2.0240 1.8600 2.0669 2.6889 1.1458 0.6156 0.4370 0.3639 0.3610 0.2731 0.3134 0.2988 0.2733 0.3311 0.2326 0.2185 0.2177 0.2082 0.2224 0.1857 0.1847 0.1963 0.2230 0.1998 0.1751 0.1777 0.2097 0.1856 0.1744 0.1715 0.1613 0.1875 0.1941 0.1916 0.2170 0.1563 0.1679 0.1821 0.1615 0.1836 0.1648 0.1581 0.1690 0.1526 0.1567 0.1598 0.1447 0.1769 0.1788 0.1631 0.1527 0.1705 0.1721 0.1860 0.1724 0.1612 0.1459 0.1790 0.1922 0.1709 0.1884 0.1993 0.1453 0.1654 0.1559 0.1370 0.1377 0.1361 0.1440 0.1457 0.1410 0.1343 0.1626 0.1578 0.1345 0.1603 0.1493 0.1514 0.1385 0.1407 0.1556 0.1502 0.1655 0.1566 0.1685 0.1744 0.1625 0.1694 0.1691 0.1456 0.1488 0.1471 0.1577 0.1343 0.1367 0.1367 0.1487 0.1612 0.1506 0.1339],[2.0804 1.8404 1.7657 1.4645 0.8124 0.5661 0.4847 0.4335 0.4027 0.3737 0.3550 0.3417 0.3235 0.3115 0.2970 0.2918 0.2790 0.2705 0.2630 0.2593 0.2510 0.2402 0.2370 0.2324 0.2320 0.2244 0.2204 0.2139 0.2131 0.2102 0.2052 0.2014 0.1986 0.1944 0.1938 0.1906 0.1859 0.1845 0.1793 0.1788 0.1780 0.1744 0.1720 0.1693 0.1682 0.1648 0.1635 0.1606 0.1627 0.1591 0.1559 0.1558 0.1542 0.1541 0.1508 0.1525 0.1482 0.1479 0.1466 0.1426 0.1432 0.1412 0.1414 0.1399 0.1388 0.1344 0.1357 0.1346 0.1336 0.1323 0.1303 0.1278 0.1308 0.1273 0.1295 0.1281 0.1272 0.1246 0.1237 0.1237 0.1250 0.1230 0.1209 0.1205 0.1189 0.1180 0.1153 0.1162 0.1192 0.1164 0.1152 0.1130 0.1144 0.1118 0.1133 0.1116 0.1112 0.1105 0.1098 0.1074]
