train_acc,valid_acc,test_acc,train_loss,valid_loss,train_aug_loss
0.9851451516151428,0.9616477489471436,0.9662162065505981,[4.5362 1.2386 0.6264 0.4557 0.4678 0.4387 0.3748 0.3447 0.3471 0.3810 0.2946 0.2948 0.3643 0.2914 0.3463 0.3714 0.2556 0.2979 0.2825 0.3286 0.2257 0.2259 0.2218 0.2180 0.2644 0.2997 0.1827 0.1609 0.1669 0.1443 0.2055 0.1487 0.2370 0.1424 0.1395 0.2508 0.1398 0.1239 0.1993 0.1271 0.1908 0.1427 0.1522 0.1359 0.1336 0.1318 0.1722 0.1313 0.1108 0.1347 0.0930 0.1099 0.1969 0.1061 0.1494 0.1011 0.0966 0.0976 0.1162 0.0963 0.0780 0.1238 0.0876 0.1148 0.0911 0.0765 0.1215 0.0735 0.0754 0.1120 0.0853 0.0851 0.1140 0.0782 0.0805 0.0908 0.0914 0.0880 0.0777 0.0843 0.0768 0.1031 0.0760 0.0687 0.0850 0.0850 0.0766 0.0570 0.1008 0.0753 0.0609 0.0505 0.0924 0.0577 0.0758 0.0595 0.0531 0.0684 0.0525 0.0747],[3.9961 1.2712 0.6166 0.5175 0.6023 0.4664 0.3985 0.3806 0.4163 0.3968 0.3529 0.3207 0.3944 0.3424 0.3912 0.3761 0.3112 0.3314 0.3131 0.3464 0.2609 0.2769 0.2738 0.2580 0.3048 0.3421 0.2290 0.2152 0.2149 0.2050 0.2529 0.2047 0.2792 0.1920 0.1873 0.2910 0.1954 0.1834 0.2537 0.1801 0.2498 0.1923 0.2118 0.1961 0.1896 0.1876 0.2210 0.1886 0.1727 0.1981 0.1570 0.1798 0.2483 0.1719 0.2071 0.1637 0.1523 0.1583 0.1757 0.1571 0.1466 0.1949 0.1603 0.1944 0.1551 0.1461 0.2021 0.1466 0.1486 0.1847 0.1563 0.1517 0.1810 0.1457 0.1545 0.1663 0.1672 0.1631 0.1493 0.1560 0.1552 0.1784 0.1488 0.1491 0.1599 0.1630 0.1495 0.1377 0.1766 0.1525 0.1499 0.1383 0.1729 0.1363 0.1611 0.1440 0.1319 0.1534 0.1342 0.1603],[1.8267 1.4352 1.0266 0.8162 0.6903 0.6221 0.5720 0.5324 0.4942 0.4728 0.4502 0.4247 0.4076 0.3943 0.3763 0.3654 0.3585 0.3484 0.3359 0.3338 0.3218 0.3115 0.3022 0.2942 0.2905 0.2820 0.2783 0.2702 0.2674 0.2601 0.2572 0.2446 0.2475 0.2438 0.2407 0.2361 0.2334 0.2235 0.2252 0.2252 0.2190 0.2155 0.2109 0.2109 0.2068 0.2080 0.2015 0.2034 0.2003 0.1984 0.1950 0.1937 0.1924 0.1924 0.1884 0.1849 0.1874 0.1857 0.1798 0.1803 0.1806 0.1789 0.1785 0.1727 0.1749 0.1761 0.1692 0.1699 0.1689 0.1669 0.1627 0.1666 0.1658 0.1630 0.1617 0.1631 0.1586 0.1570 0.1567 0.1539 0.1576 0.1535 0.1545 0.1528 0.1525 0.1524 0.1525 0.1516 0.1505 0.1472 0.1477 0.1468 0.1460 0.1465 0.1447 0.1425 0.1430 0.1418 0.1427 0.1411]
