train_acc,valid_acc,test_acc,train_loss,valid_loss,train_aug_loss
0.9795122146606445,0.9598214030265808,0.9616508483886719,[2.0030 3.7312 2.1578 0.6418 0.3842 0.3307 0.2778 0.2497 0.2159 0.2437 0.1945 0.1956 0.1909 0.1969 0.1739 0.1930 0.1540 0.1361 0.1351 0.1457 0.1351 0.1461 0.1295 0.1246 0.1314 0.1332 0.1036 0.1005 0.1144 0.1017 0.1118 0.1186 0.0974 0.1055 0.1019 0.0926 0.0954 0.0759 0.0744 0.0815 0.0773 0.0870 0.0683 0.0800 0.0910 0.0724 0.0760 0.0596 0.0727 0.0677 0.0707 0.0734 0.0730 0.0648 0.0579 0.0708 0.0606 0.0533 0.0631 0.0542 0.0453 0.0538 0.0577 0.0546 0.0571 0.0530 0.0592 0.0480 0.0447 0.0483 0.0584 0.0564 0.0562 0.0541 0.0454 0.0418 0.0486 0.0520 0.0443 0.0546 0.0449 0.0407 0.0444 0.0454 0.0376 0.0362 0.0333 0.0349 0.0419 0.0463 0.0427 0.0534 0.0341 0.0351 0.0466 0.0457 0.0355 0.0356 0.0277 0.0374],[2.0130 3.4157 2.0669 0.6461 0.4190 0.3591 0.2983 0.2880 0.2493 0.2766 0.2478 0.2415 0.2360 0.2445 0.2240 0.2290 0.2056 0.1936 0.1974 0.1968 0.1996 0.2067 0.1903 0.1885 0.1964 0.1984 0.1721 0.1680 0.1929 0.1712 0.1875 0.2048 0.1707 0.1913 0.1887 0.1771 0.1855 0.1598 0.1595 0.1608 0.1594 0.1703 0.1588 0.1719 0.1764 0.1615 0.1697 0.1561 0.1680 0.1718 0.1669 0.1705 0.1746 0.1638 0.1623 0.1761 0.1530 0.1606 0.1692 0.1581 0.1530 0.1614 0.1645 0.1609 0.1633 0.1656 0.1787 0.1655 0.1573 0.1668 0.1729 0.1766 0.1790 0.1755 0.1614 0.1607 0.1747 0.1761 0.1738 0.1886 0.1757 0.1688 0.1809 0.1841 0.1651 0.1647 0.1662 0.1715 0.1765 0.1853 0.1801 0.1891 0.1679 0.1632 0.1860 0.1825 0.1764 0.1801 0.1632 0.1765],[2.0721 1.8326 1.4402 0.7649 0.5236 0.4436 0.3921 0.3547 0.3348 0.3177 0.2972 0.2856 0.2735 0.2621 0.2516 0.2472 0.2357 0.2312 0.2247 0.2192 0.2135 0.2059 0.2006 0.1958 0.1965 0.1909 0.1831 0.1822 0.1782 0.1766 0.1710 0.1678 0.1675 0.1624 0.1616 0.1578 0.1546 0.1537 0.1525 0.1481 0.1479 0.1467 0.1423 0.1419 0.1392 0.1371 0.1363 0.1370 0.1317 0.1331 0.1320 0.1273 0.1263 0.1264 0.1244 0.1245 0.1234 0.1209 0.1174 0.1172 0.1183 0.1168 0.1145 0.1144 0.1131 0.1128 0.1116 0.1096 0.1111 0.1074 0.1055 0.1077 0.1066 0.1052 0.1040 0.1017 0.1015 0.1005 0.0974 0.1000 0.1003 0.0975 0.0960 0.0974 0.0959 0.0938 0.0944 0.0925 0.0918 0.0892 0.0924 0.0906 0.0891 0.0903 0.0875 0.0874 0.0856 0.0845 0.0869 0.0841]
