train_acc,valid_acc,test_acc,train_loss,valid_loss,train_aug_loss
0.9844312071800232,0.9665178656578064,0.9631117582321167,[4.1913 0.9093 0.5380 0.4068 0.4452 0.4011 0.3982 0.3870 0.3279 0.3706 0.4576 0.3559 0.3303 0.2889 0.3646 0.2509 0.2576 0.2659 0.2072 0.2623 0.2080 0.2609 0.1986 0.1754 0.2130 0.1998 0.1639 0.2049 0.1505 0.2202 0.2248 0.1745 0.2111 0.1949 0.1842 0.1450 0.1205 0.1404 0.1384 0.1730 0.1564 0.1440 0.1516 0.1377 0.1234 0.1158 0.1131 0.1013 0.1169 0.1674 0.1369 0.1260 0.1257 0.1483 0.1119 0.1031 0.1110 0.0891 0.1124 0.0843 0.1185 0.1247 0.0952 0.1163 0.0879 0.0760 0.1247 0.1504 0.0742 0.0849 0.0985 0.1212 0.1077 0.0712 0.0714 0.0849 0.0808 0.1638 0.0751 0.1080 0.0803 0.0679 0.0870 0.0874 0.0597 0.1219 0.1187 0.0897 0.0923 0.1412 0.0625 0.0792 0.0763 0.0842 0.1027 0.0967 0.0567 0.0822 0.0675 0.0904],[3.7155 0.9144 0.6215 0.4262 0.4348 0.4127 0.4129 0.4054 0.3553 0.3654 0.4336 0.3576 0.3397 0.3102 0.3689 0.2750 0.2679 0.2801 0.2408 0.2868 0.2364 0.2893 0.2234 0.2064 0.2382 0.2275 0.2005 0.2349 0.1866 0.2547 0.2561 0.2109 0.2486 0.2284 0.2136 0.1881 0.1646 0.1805 0.1765 0.2077 0.2025 0.1847 0.1935 0.1802 0.1663 0.1630 0.1620 0.1463 0.1618 0.2194 0.1796 0.1749 0.1810 0.1895 0.1685 0.1580 0.1630 0.1419 0.1691 0.1412 0.1782 0.1839 0.1518 0.1739 0.1463 0.1361 0.1846 0.2096 0.1354 0.1486 0.1587 0.1866 0.1714 0.1370 0.1289 0.1485 0.1410 0.2299 0.1362 0.1702 0.1474 0.1301 0.1518 0.1558 0.1241 0.1936 0.1910 0.1521 0.1625 0.2217 0.1278 0.1429 0.1417 0.1553 0.1723 0.1596 0.1219 0.1473 0.1333 0.1581],[1.8288 1.3785 0.9819 0.7617 0.6557 0.5965 0.5555 0.5101 0.4813 0.4560 0.4335 0.4136 0.3995 0.3900 0.3801 0.3652 0.3531 0.3385 0.3359 0.3250 0.3143 0.3090 0.3016 0.2954 0.2880 0.2854 0.2776 0.2761 0.2699 0.2653 0.2649 0.2598 0.2535 0.2519 0.2488 0.2410 0.2373 0.2369 0.2322 0.2324 0.2279 0.2257 0.2240 0.2193 0.2170 0.2145 0.2139 0.2080 0.2114 0.2037 0.2060 0.1998 0.2011 0.1954 0.1926 0.1934 0.1931 0.1895 0.1872 0.1888 0.1890 0.1840 0.1804 0.1818 0.1816 0.1806 0.1813 0.1798 0.1728 0.1756 0.1753 0.1725 0.1723 0.1690 0.1726 0.1679 0.1703 0.1649 0.1664 0.1650 0.1663 0.1625 0.1617 0.1614 0.1594 0.1560 0.1572 0.1557 0.1586 0.1539 0.1530 0.1531 0.1514 0.1554 0.1499 0.1522 0.1513 0.1488 0.1496 0.1478]
