train_acc,valid_acc,test_acc,train_loss,valid_loss,train_aug_loss
0.9798153638839722,0.9612419009208679,0.9682250022888184,[1.9550 0.8059 0.4267 0.3361 0.3363 0.2185 0.1886 0.1723 0.2489 0.1606 0.1693 0.1352 0.1777 0.1224 0.1451 0.1349 0.1514 0.1443 0.1383 0.2235 0.1202 0.1322 0.1294 0.1167 0.1160 0.0855 0.1399 0.0907 0.0866 0.1004 0.0733 0.1025 0.0755 0.1315 0.0912 0.1012 0.0691 0.0850 0.0795 0.0914 0.0889 0.0795 0.0959 0.0860 0.0763 0.0731 0.0712 0.0749 0.0827 0.0734],[1.9473 0.7862 0.4104 0.3467 0.3450 0.2402 0.2257 0.2024 0.2712 0.1948 0.2016 0.1743 0.2181 0.1685 0.1857 0.1794 0.1927 0.1863 0.1834 0.2669 0.1659 0.1834 0.1811 0.1655 0.1678 0.1440 0.1936 0.1469 0.1479 0.1668 0.1380 0.1675 0.1419 0.1943 0.1552 0.1632 0.1301 0.1572 0.1425 0.1536 0.1612 0.1412 0.1629 0.1535 0.1478 0.1408 0.1456 0.1417 0.1564 0.1477],[1.8868 1.3029 0.7188 0.5421 0.4595 0.4134 0.3814 0.3558 0.3344 0.3234 0.3104 0.2999 0.2914 0.2808 0.2748 0.2675 0.2604 0.2543 0.2465 0.2472 0.2363 0.2357 0.2285 0.2286 0.2244 0.2206 0.2194 0.2153 0.2140 0.2103 0.2050 0.2074 0.1988 0.2007 0.2032 0.1942 0.1931 0.1918 0.1886 0.1863 0.1845 0.1899 0.1850 0.1750 0.1804 0.1813 0.1782 0.1741 0.1739 0.1730]
