train_acc,valid_acc,test_acc,train_loss,valid_loss,train_aug_loss
0.980793297290802,0.9642857313156128,0.957815945148468,[1.9638 0.8774 0.4108 0.2952 0.3152 0.2688 0.2094 0.2198 0.2068 0.2105 0.1528 0.1900 0.2599 0.2240 0.1609 0.1284 0.1795 0.1389 0.1366 0.1556 0.1206 0.0999 0.0961 0.1173 0.1339 0.1514 0.0871 0.0927 0.1611 0.1078 0.1421 0.0760 0.1108 0.1383 0.1433 0.0934 0.0829 0.1370 0.0776 0.0950 0.0994 0.0853 0.0895 0.0963 0.1115 0.0673 0.1066 0.0755 0.0789 0.0757],[1.8081 0.8037 0.3857 0.2857 0.3122 0.2613 0.2206 0.2306 0.2225 0.2182 0.1775 0.2119 0.2711 0.2488 0.1920 0.1612 0.2036 0.1700 0.1711 0.1924 0.1608 0.1483 0.1436 0.1704 0.1799 0.1939 0.1396 0.1437 0.2022 0.1580 0.1886 0.1374 0.1723 0.1945 0.2016 0.1509 0.1434 0.1940 0.1376 0.1492 0.1535 0.1446 0.1495 0.1607 0.1687 0.1306 0.1679 0.1361 0.1412 0.1392],[1.8874 1.2384 0.6926 0.5292 0.4545 0.4108 0.3823 0.3543 0.3349 0.3198 0.3087 0.3006 0.2838 0.2803 0.2699 0.2626 0.2577 0.2482 0.2449 0.2439 0.2354 0.2333 0.2315 0.2248 0.2261 0.2195 0.2133 0.2127 0.2101 0.2061 0.2030 0.2032 0.2007 0.1951 0.1943 0.1892 0.1911 0.1869 0.1856 0.1862 0.1822 0.1802 0.1785 0.1754 0.1731 0.1697 0.1730 0.1735 0.1695 0.1676]
