train_acc,valid_acc,test_acc,train_loss,valid_loss,train_aug_loss
0.9821721911430359,0.9661120176315308,0.9667640328407288,[2.7790 1.6001 0.3448 0.2282 0.1848 0.1845 0.1780 0.2861 0.1533 0.1745 0.1702 0.1223 0.1375 0.1455 0.1063 0.1636 0.2127 0.1030 0.1122 0.1045 0.1127 0.0987 0.1230 0.1098 0.1218 0.1046 0.0891 0.1052 0.1272 0.0712 0.0640 0.0665 0.0975 0.0693 0.1007 0.0569 0.0598 0.0777 0.0563 0.0890 0.0728 0.0694 0.0727 0.0937 0.0525 0.0558 0.0692 0.0730 0.0677 0.0955],[2.8014 1.5037 0.3316 0.2338 0.2175 0.2131 0.2049 0.3303 0.1857 0.2045 0.1963 0.1650 0.1751 0.1990 0.1453 0.1842 0.2541 0.1523 0.1753 0.1611 0.1735 0.1652 0.1678 0.1622 0.1815 0.1659 0.1439 0.1684 0.1955 0.1375 0.1342 0.1385 0.1677 0.1494 0.1701 0.1240 0.1300 0.1515 0.1354 0.1601 0.1427 0.1458 0.1391 0.1752 0.1313 0.1353 0.1425 0.1645 0.1431 0.1695],[1.8290 1.0457 0.5935 0.4711 0.4152 0.3733 0.3553 0.3286 0.3151 0.3035 0.2961 0.2840 0.2753 0.2627 0.2607 0.2512 0.2490 0.2449 0.2385 0.2338 0.2291 0.2274 0.2225 0.2204 0.2155 0.2124 0.2105 0.2058 0.2067 0.2015 0.1996 0.1955 0.1926 0.1951 0.1920 0.1847 0.1870 0.1866 0.1807 0.1818 0.1773 0.1772 0.1727 0.1730 0.1737 0.1713 0.1715 0.1670 0.1686 0.1622]
