train_acc,valid_acc,test_acc,train_loss,valid_loss,train_aug_loss
0.9761481285095215,0.9650974273681641,0.9574506878852844,[1.9930 0.8709 0.3675 0.2893 0.2825 0.3410 0.2125 0.1901 0.2270 0.1747 0.1686 0.1633 0.2317 0.1767 0.1106 0.1488 0.1986 0.1026 0.1092 0.1510 0.1455 0.1482 0.1193 0.1104 0.1202 0.0922 0.1287 0.1136 0.1441 0.1006 0.0998 0.1079 0.0821 0.1075 0.0799 0.1018 0.0782 0.0931 0.0754 0.1149 0.0900 0.1279 0.1176 0.1021 0.1011 0.0835 0.0799 0.1016 0.0785 0.0859],[1.8546 0.7805 0.3680 0.2895 0.2839 0.3448 0.2300 0.2185 0.2553 0.2061 0.1988 0.1982 0.2634 0.2114 0.1525 0.1938 0.2291 0.1467 0.1493 0.1845 0.1935 0.1893 0.1620 0.1557 0.1693 0.1356 0.1770 0.1546 0.1947 0.1557 0.1488 0.1670 0.1372 0.1603 0.1297 0.1536 0.1326 0.1452 0.1298 0.1736 0.1462 0.1966 0.1736 0.1586 0.1593 0.1414 0.1389 0.1587 0.1329 0.1439],[1.8560 1.1986 0.6771 0.5297 0.4572 0.4128 0.3814 0.3545 0.3414 0.3302 0.3154 0.3022 0.2925 0.2821 0.2762 0.2688 0.2624 0.2568 0.2529 0.2499 0.2394 0.2368 0.2361 0.2290 0.2239 0.2247 0.2200 0.2174 0.2127 0.2109 0.2064 0.2079 0.2008 0.2024 0.2022 0.1952 0.1935 0.1938 0.1910 0.1837 0.1848 0.1833 0.1826 0.1832 0.1806 0.1758 0.1794 0.1733 0.1740 0.1718]
