train_acc,valid_acc,test_acc,train_loss,valid_loss,train_aug_loss
0.9835804104804993,0.9610389471054077,0.9609203934669495,[3.5131 3.5591 3.6680 0.9211 0.4725 0.3665 0.3449 0.2819 0.2351 0.2773 0.2028 0.2145 0.2104 0.1830 0.1833 0.1931 0.1653 0.1462 0.1408 0.1485 0.1505 0.1475 0.1333 0.1246 0.1209 0.1209 0.1080 0.1075 0.1076 0.1258 0.1114 0.0939 0.1039 0.0952 0.1078 0.0953 0.0894 0.0848 0.0945 0.0952 0.0892 0.0787 0.0842 0.0841 0.0779 0.0814 0.0844 0.0671 0.0748 0.0718 0.0794 0.0784 0.0706 0.0710 0.0926 0.0719 0.0766 0.0767 0.0632 0.0736 0.0601 0.0645 0.0629 0.0585 0.0624 0.0707 0.0583 0.0521 0.0616 0.0525 0.0512 0.0664 0.0538 0.0494 0.0534 0.0564 0.0620 0.0503 0.0503 0.0449 0.0593 0.0418 0.0458 0.0551 0.0514 0.0537 0.0447 0.0399 0.0413 0.0471 0.0451 0.0460 0.0478 0.0456 0.0493 0.0481 0.0447 0.0390 0.0389 0.0445],[3.3719 3.3069 3.7237 0.9869 0.5361 0.4075 0.3749 0.3240 0.2675 0.3124 0.2273 0.2393 0.2492 0.2151 0.2250 0.2275 0.2037 0.1910 0.1881 0.1847 0.1927 0.2007 0.1824 0.1722 0.1712 0.1693 0.1643 0.1753 0.1629 0.1797 0.1679 0.1559 0.1717 0.1577 0.1737 0.1596 0.1602 0.1477 0.1606 0.1645 0.1554 0.1481 0.1494 0.1630 0.1513 0.1662 0.1600 0.1453 0.1560 0.1522 0.1538 0.1582 0.1523 0.1607 0.1662 0.1568 0.1633 0.1651 0.1514 0.1610 0.1482 0.1489 0.1495 0.1434 0.1469 0.1645 0.1516 0.1438 0.1588 0.1470 0.1501 0.1714 0.1576 0.1415 0.1439 0.1633 0.1681 0.1449 0.1543 0.1422 0.1636 0.1425 0.1603 0.1577 0.1600 0.1570 0.1566 0.1453 0.1526 0.1580 0.1524 0.1562 0.1569 0.1517 0.1618 0.1586 0.1691 0.1554 0.1546 0.1619],[2.0416 1.8244 1.5993 0.8479 0.5442 0.4508 0.4044 0.3720 0.3441 0.3237 0.3092 0.2984 0.2812 0.2731 0.2617 0.2555 0.2436 0.2388 0.2303 0.2250 0.2168 0.2128 0.2078 0.2007 0.2008 0.1950 0.1885 0.1880 0.1847 0.1789 0.1781 0.1722 0.1700 0.1707 0.1668 0.1635 0.1597 0.1562 0.1547 0.1548 0.1502 0.1493 0.1476 0.1465 0.1438 0.1412 0.1422 0.1392 0.1355 0.1337 0.1359 0.1326 0.1287 0.1285 0.1287 0.1279 0.1240 0.1233 0.1231 0.1225 0.1182 0.1178 0.1163 0.1186 0.1157 0.1137 0.1138 0.1124 0.1125 0.1105 0.1097 0.1077 0.1069 0.1071 0.1060 0.1040 0.1043 0.1043 0.1015 0.1021 0.1001 0.0984 0.1005 0.1021 0.0971 0.0964 0.0949 0.0940 0.0942 0.0952 0.0918 0.0948 0.0927 0.0892 0.0901 0.0892 0.0896 0.0884 0.0889 0.0855]
