train_acc,valid_acc,test_acc,train_loss,valid_loss,train_aug_loss
0.9890373349189758,0.9709821343421936,0.9680423736572266,[10.3629 0.4208 0.2687 0.2127 0.2318 0.1362 0.1694 0.2357 0.3517 0.1400 0.1152 0.2432 0.1593 0.2475 0.1148 0.1153 0.1405 0.0963 0.0993 0.1710 0.0704 0.1194 0.1386 0.0939 0.0691 0.0804 0.0759 0.0557 0.0861 0.1370 0.0529 0.0945 0.0379 0.1312 0.0327 0.0585 0.0677 0.0605 0.0448 0.0961 0.0423 0.0347 0.0744 0.0428 0.0441 0.0676 0.0695 0.0706 0.0688 0.0621],[9.3539 0.4434 0.3085 0.2547 0.2679 0.1645 0.2048 0.2916 0.3981 0.1824 0.1670 0.3110 0.2179 0.3183 0.1756 0.1818 0.2208 0.1586 0.1742 0.2600 0.1378 0.2093 0.2181 0.1714 0.1460 0.1670 0.1569 0.1324 0.1722 0.2328 0.1435 0.1974 0.1160 0.2518 0.1096 0.1537 0.1599 0.1577 0.1381 0.2039 0.1306 0.1296 0.1811 0.1557 0.1557 0.1889 0.2027 0.1920 0.1885 0.1739],[1.8100 0.5958 0.3739 0.3104 0.2795 0.2605 0.2419 0.2331 0.2195 0.2077 0.2009 0.1898 0.1895 0.1809 0.1756 0.1757 0.1642 0.1641 0.1592 0.1528 0.1548 0.1516 0.1478 0.1467 0.1440 0.1385 0.1376 0.1357 0.1343 0.1334 0.1290 0.1265 0.1253 0.1243 0.1223 0.1201 0.1210 0.1175 0.1178 0.1152 0.1135 0.1126 0.1104 0.1062 0.1073 0.1065 0.1043 0.1048 0.1040 0.1058]
