train_acc,valid_acc,test_acc,train_loss,valid_loss,train_aug_loss
0.9561492800712585,0.9303977489471436,0.9324324131011963,[2.0606 2.7870 0.9053 0.5757 0.4125 0.5998 0.3035 0.2520 0.3751 0.2508 0.2890 0.3650 0.3296 0.7086 0.2686 0.2390 0.2152 0.2687 0.3688 0.1817 0.1594 0.1327 0.1459 0.1574 0.2185 0.2168 0.1603 0.1431 0.1458 0.1443 0.2151 0.1808 0.1510 0.1882 0.1626 0.3114 0.1607 0.1369 0.2225 0.1633 0.1389 0.1348 0.1701 0.1348 0.1556 0.1475 0.1400 0.2457 0.1150 0.3111 0.1203 0.1639 0.1202 0.0936 0.1621 0.2588 0.2263 0.2578 0.0944 0.3924 0.1200 0.0882 0.1084 0.2271 0.1562 0.1792 0.1821 0.2148 0.1427 0.2275 0.1124 0.1654 0.0707 0.1384 0.1732 0.0907 0.2760 0.0811 0.1195 0.0898 0.1503 0.1115 0.1606 0.1780 0.0847 0.1029 0.1590 0.1633 0.1301 0.1131 0.1438 0.1471 0.1284 0.1297 0.0945 0.1846 0.2495 0.1402 0.2620 0.1492],[2.0509 3.0198 1.1529 0.7524 0.5232 0.7260 0.3981 0.3265 0.4673 0.3121 0.3679 0.4168 0.4486 0.7822 0.3719 0.3434 0.3256 0.3795 0.4997 0.2888 0.2648 0.2234 0.2303 0.2585 0.3538 0.3807 0.2742 0.2527 0.2504 0.2743 0.3653 0.3080 0.2943 0.3252 0.2897 0.4486 0.3104 0.2806 0.3714 0.3000 0.2641 0.2815 0.3323 0.2940 0.3189 0.3067 0.3024 0.4212 0.2709 0.5055 0.2755 0.3208 0.2829 0.2236 0.3506 0.4716 0.3978 0.4811 0.2583 0.5971 0.3064 0.2341 0.2657 0.4301 0.3375 0.4056 0.3743 0.4024 0.3510 0.4286 0.3020 0.3802 0.2253 0.3757 0.3893 0.2704 0.5440 0.2590 0.3192 0.2756 0.3775 0.3112 0.4042 0.3900 0.2743 0.3187 0.3989 0.4043 0.3687 0.3269 0.3745 0.3674 0.3489 0.3530 0.3200 0.4509 0.5180 0.3746 0.5017 0.4142],[2.0595 1.7103 0.9416 0.5753 0.4612 0.3975 0.3616 0.3320 0.3155 0.2940 0.2795 0.2671 0.2545 0.2488 0.2387 0.2316 0.2221 0.2166 0.2073 0.2022 0.1980 0.1923 0.1867 0.1821 0.1781 0.1713 0.1706 0.1671 0.1626 0.1606 0.1602 0.1587 0.1515 0.1496 0.1435 0.1437 0.1415 0.1391 0.1386 0.1334 0.1340 0.1293 0.1265 0.1271 0.1230 0.1226 0.1210 0.1187 0.1188 0.1178 0.1158 0.1154 0.1134 0.1102 0.1101 0.1079 0.1044 0.1060 0.1051 0.1034 0.1034 0.1008 0.1030 0.0966 0.0978 0.0954 0.0945 0.0951 0.0922 0.0941 0.0919 0.0894 0.0889 0.0886 0.0887 0.0881 0.0870 0.0858 0.0859 0.0833 0.0840 0.0825 0.0791 0.0821 0.0800 0.0807 0.0810 0.0775 0.0764 0.0750 0.0758 0.0733 0.0753 0.0749 0.0746 0.0727 0.0716 0.0722 0.0699 0.0718]
