train_acc,valid_acc,test_acc,train_loss,valid_loss,train_aug_loss
0.9833457469940186,0.9646915793418884,0.9636595845222473,[1.8886 0.4388 0.2934 0.1870 0.2420 0.2200 0.1834 0.1654 0.1807 0.1758 0.1372 0.1121 0.1228 0.1375 0.1215 0.1689 0.1024 0.1738 0.1154 0.1157 0.0831 0.0873 0.0845 0.0878 0.0679 0.0746 0.1052 0.0838 0.0793 0.0778 0.0715 0.0793 0.0856 0.0696 0.0672 0.0844 0.0860 0.0628 0.0746 0.0765 0.0753 0.0538 0.0514 0.0667 0.0745 0.0667 0.0749 0.0781 0.0740 0.0795],[1.8818 0.4537 0.2948 0.2096 0.2559 0.2381 0.2121 0.1899 0.2216 0.1987 0.1696 0.1427 0.1777 0.1803 0.1558 0.2217 0.1523 0.2202 0.1635 0.1589 0.1294 0.1387 0.1354 0.1458 0.1213 0.1287 0.1599 0.1418 0.1404 0.1358 0.1317 0.1385 0.1525 0.1306 0.1265 0.1482 0.1479 0.1256 0.1386 0.1459 0.1444 0.1161 0.1159 0.1344 0.1377 0.1321 0.1387 0.1491 0.1413 0.1504],[1.7232 0.8546 0.5245 0.4354 0.3927 0.3580 0.3333 0.3178 0.3077 0.2933 0.2833 0.2726 0.2642 0.2550 0.2501 0.2431 0.2435 0.2345 0.2290 0.2272 0.2259 0.2205 0.2134 0.2177 0.2102 0.2101 0.2040 0.1977 0.2037 0.1961 0.1957 0.1921 0.1898 0.1876 0.1886 0.1835 0.1870 0.1818 0.1813 0.1761 0.1784 0.1733 0.1747 0.1706 0.1691 0.1681 0.1709 0.1682 0.1646 0.1649]
