train_acc,valid_acc,test_acc,train_loss,valid_loss,train_aug_loss
0.9784266948699951,0.9624594449996948,0.9523374438285828,[2.6316 0.7613 0.7214 0.2411 0.2387 0.2724 0.1942 0.2314 0.1705 0.1874 0.2445 0.1635 0.1324 0.1529 0.1207 0.1218 0.1208 0.1307 0.1132 0.1035 0.1146 0.1361 0.1413 0.1185 0.1805 0.1011 0.1283 0.0964 0.1395 0.1058 0.0980 0.0979 0.1144 0.1106 0.0699 0.1142 0.0787 0.1153 0.0866 0.0988 0.1010 0.0841 0.0696 0.0936 0.1001 0.1024 0.0840 0.0632 0.0672 0.0822],[2.5469 0.7036 0.7023 0.2469 0.2460 0.2586 0.1963 0.2286 0.1904 0.2057 0.2424 0.1902 0.1614 0.1892 0.1518 0.1478 0.1456 0.1617 0.1601 0.1424 0.1554 0.1674 0.1811 0.1614 0.2136 0.1431 0.1798 0.1493 0.1732 0.1507 0.1434 0.1587 0.1643 0.1553 0.1205 0.1608 0.1353 0.1726 0.1501 0.1538 0.1450 0.1358 0.1220 0.1478 0.1607 0.1675 0.1489 0.1249 0.1260 0.1407],[1.7713 0.8949 0.5772 0.4748 0.4243 0.3930 0.3603 0.3436 0.3327 0.3171 0.3086 0.3008 0.2854 0.2814 0.2777 0.2696 0.2626 0.2605 0.2539 0.2469 0.2457 0.2367 0.2341 0.2336 0.2307 0.2258 0.2241 0.2180 0.2226 0.2165 0.2144 0.2108 0.2089 0.2050 0.2055 0.2004 0.1969 0.1979 0.1987 0.1981 0.1906 0.1930 0.1905 0.1869 0.1861 0.1874 0.1839 0.1796 0.1813 0.1804]
