train_acc,valid_acc,test_acc,train_loss,valid_loss,train_aug_loss
0.9882060885429382,0.9642857313156128,0.9623813033103943,[2.2304 5.5522 4.5988 2.4526 0.7232 0.4020 0.3792 0.2460 0.2114 0.2096 0.2036 0.1865 0.1698 0.1650 0.1607 0.1555 0.1379 0.1329 0.1312 0.1432 0.1244 0.1161 0.1127 0.1203 0.1101 0.1133 0.1053 0.1094 0.0973 0.0994 0.1005 0.0910 0.0890 0.0969 0.0877 0.0846 0.0821 0.0772 0.0800 0.0807 0.0805 0.0732 0.0701 0.0719 0.0767 0.0718 0.0761 0.0710 0.0712 0.0675 0.0655 0.0629 0.0654 0.0671 0.0588 0.0612 0.0676 0.0580 0.0561 0.0534 0.0605 0.0546 0.0514 0.0539 0.0570 0.0498 0.0497 0.0542 0.0551 0.0490 0.0485 0.0436 0.0517 0.0473 0.0478 0.0454 0.0488 0.0493 0.0435 0.0421 0.0428 0.0432 0.0408 0.0466 0.0424 0.0427 0.0380 0.0433 0.0431 0.0391 0.0440 0.0416 0.0370 0.0367 0.0382 0.0354 0.0339 0.0375 0.0337 0.0344],[2.2285 5.1600 4.2264 2.5956 0.8168 0.4682 0.4341 0.2826 0.2273 0.2452 0.2378 0.2218 0.1873 0.2048 0.1993 0.1916 0.1714 0.1690 0.1734 0.1937 0.1702 0.1602 0.1646 0.1635 0.1551 0.1615 0.1566 0.1636 0.1484 0.1480 0.1489 0.1346 0.1422 0.1577 0.1457 0.1400 0.1429 0.1404 0.1390 0.1375 0.1444 0.1314 0.1334 0.1395 0.1337 0.1294 0.1465 0.1344 0.1455 0.1331 0.1270 0.1306 0.1368 0.1396 0.1238 0.1330 0.1309 0.1337 0.1249 0.1259 0.1417 0.1230 0.1282 0.1267 0.1401 0.1305 0.1247 0.1337 0.1395 0.1303 0.1255 0.1253 0.1376 0.1242 0.1294 0.1304 0.1335 0.1287 0.1293 0.1247 0.1263 0.1329 0.1295 0.1319 0.1287 0.1296 0.1189 0.1325 0.1335 0.1302 0.1349 0.1341 0.1324 0.1299 0.1396 0.1304 0.1260 0.1287 0.1319 0.1245],[2.0659 1.8393 1.7755 1.4532 0.8415 0.5797 0.4834 0.4318 0.3983 0.3735 0.3556 0.3361 0.3174 0.3066 0.2965 0.2868 0.2766 0.2699 0.2641 0.2560 0.2502 0.2445 0.2391 0.2347 0.2266 0.2242 0.2183 0.2177 0.2112 0.2141 0.2054 0.2055 0.2001 0.1950 0.1947 0.1907 0.1912 0.1844 0.1860 0.1816 0.1774 0.1784 0.1743 0.1752 0.1709 0.1708 0.1680 0.1661 0.1625 0.1616 0.1620 0.1606 0.1568 0.1584 0.1553 0.1527 0.1537 0.1505 0.1491 0.1476 0.1490 0.1437 0.1433 0.1444 0.1410 0.1423 0.1378 0.1367 0.1365 0.1367 0.1361 0.1366 0.1323 0.1320 0.1306 0.1316 0.1296 0.1304 0.1289 0.1239 0.1243 0.1245 0.1236 0.1236 0.1217 0.1222 0.1214 0.1186 0.1191 0.1203 0.1166 0.1158 0.1171 0.1149 0.1135 0.1157 0.1132 0.1144 0.1124 0.1087]
