train_acc,valid_acc,test_acc,train_loss,valid_loss,train_aug_loss
0.9852429032325745,0.963676929473877,0.9649379253387451,[1.9123 0.2918 0.1909 0.2289 0.1497 0.2829 0.1539 0.1347 0.1379 0.1213 0.1274 0.1064 0.0998 0.1087 0.1070 0.0946 0.0913 0.0743 0.0970 0.0973 0.1028 0.0936 0.0725 0.0887 0.0871 0.0678 0.0738 0.0765 0.0722 0.0852 0.0697 0.0851 0.0584 0.0714 0.0811 0.0620 0.0669 0.0646 0.0581 0.0842 0.0782 0.0775 0.0669 0.0556 0.0608 0.0594 0.0442 0.0632 0.0598 0.0460],[1.8501 0.2960 0.2257 0.2415 0.1816 0.3058 0.1871 0.1685 0.1788 0.1704 0.1764 0.1523 0.1449 0.1624 0.1653 0.1538 0.1451 0.1281 0.1488 0.1545 0.1572 0.1489 0.1403 0.1484 0.1504 0.1366 0.1389 0.1467 0.1451 0.1583 0.1349 0.1531 0.1257 0.1439 0.1498 0.1246 0.1383 0.1326 0.1366 0.1609 0.1507 0.1492 0.1407 0.1242 0.1380 0.1345 0.1186 0.1350 0.1330 0.1224],[1.4142 0.5790 0.4269 0.3688 0.3335 0.3107 0.3014 0.2856 0.2708 0.2596 0.2553 0.2465 0.2430 0.2370 0.2310 0.2289 0.2245 0.2164 0.2146 0.2145 0.2103 0.2076 0.2024 0.1988 0.1961 0.1937 0.1924 0.1910 0.1890 0.1861 0.1853 0.1831 0.1828 0.1827 0.1799 0.1770 0.1750 0.1789 0.1716 0.1746 0.1707 0.1724 0.1682 0.1682 0.1666 0.1672 0.1600 0.1627 0.1631 0.1602]
