train_acc,valid_acc,test_acc,train_loss,valid_loss,train_aug_loss
0.9826122522354126,0.9616477489471436,0.9607377648353577,[3.3369 1.0081 0.6815 0.4678 0.3340 0.3793 0.4249 0.3445 0.4533 0.3752 0.3411 0.3160 0.2949 0.3045 0.2453 0.2773 0.2415 0.2783 0.2769 0.2202 0.2009 0.1917 0.2259 0.1861 0.1897 0.2413 0.2551 0.1873 0.1641 0.1530 0.1702 0.1623 0.1886 0.1674 0.1506 0.1457 0.1323 0.1335 0.1396 0.1372 0.1338 0.1219 0.1178 0.1370 0.1262 0.1600 0.1011 0.1189 0.1555 0.1855 0.1288 0.1252 0.1230 0.1051 0.1147 0.1203 0.1244 0.0910 0.1056 0.1525 0.1169 0.1543 0.0815 0.0985 0.0935 0.0783 0.0716 0.0910 0.1036 0.0699 0.0802 0.0727 0.1171 0.0644 0.0633 0.1364 0.1198 0.0732 0.1039 0.0656 0.0867 0.0956 0.0778 0.0857 0.0963 0.0686 0.0875 0.0733 0.0715 0.1011 0.0948 0.0785 0.0987 0.0934 0.0741 0.0618 0.0590 0.1027 0.0993 0.0583],[2.9336 0.9065 0.7343 0.5190 0.3588 0.4030 0.4335 0.3544 0.4551 0.3767 0.3542 0.3359 0.3166 0.3351 0.2737 0.3161 0.2705 0.3013 0.2897 0.2552 0.2405 0.2361 0.2662 0.2348 0.2320 0.2765 0.2925 0.2302 0.2032 0.1986 0.2218 0.2080 0.2364 0.2130 0.1965 0.1909 0.1799 0.1906 0.1833 0.1887 0.1787 0.1732 0.1668 0.1850 0.1744 0.2084 0.1557 0.1714 0.1990 0.2341 0.1857 0.1833 0.1831 0.1578 0.1665 0.1696 0.1816 0.1505 0.1575 0.2065 0.1725 0.2049 0.1359 0.1534 0.1537 0.1455 0.1346 0.1546 0.1642 0.1326 0.1468 0.1362 0.1822 0.1292 0.1347 0.2008 0.1807 0.1376 0.1674 0.1319 0.1553 0.1569 0.1335 0.1494 0.1662 0.1391 0.1670 0.1412 0.1394 0.1677 0.1575 0.1449 0.1670 0.1642 0.1482 0.1304 0.1283 0.1764 0.1630 0.1225],[1.8215 1.3711 0.9625 0.7481 0.6352 0.5645 0.5289 0.5021 0.4714 0.4522 0.4315 0.4079 0.3961 0.3756 0.3652 0.3505 0.3401 0.3297 0.3221 0.3127 0.3041 0.2987 0.2947 0.2881 0.2813 0.2774 0.2699 0.2627 0.2664 0.2598 0.2520 0.2485 0.2476 0.2413 0.2421 0.2380 0.2319 0.2309 0.2276 0.2245 0.2162 0.2210 0.2151 0.2139 0.2109 0.2071 0.2071 0.2062 0.2020 0.2026 0.1998 0.1991 0.1997 0.1925 0.1922 0.1896 0.1872 0.1872 0.1867 0.1830 0.1846 0.1806 0.1847 0.1803 0.1751 0.1788 0.1754 0.1717 0.1715 0.1690 0.1688 0.1678 0.1684 0.1656 0.1626 0.1652 0.1620 0.1615 0.1621 0.1586 0.1629 0.1580 0.1567 0.1517 0.1554 0.1526 0.1544 0.1522 0.1547 0.1522 0.1509 0.1510 0.1511 0.1487 0.1481 0.1492 0.1455 0.1471 0.1464 0.1448]
