train_acc,valid_acc,test_acc,train_loss,valid_loss,train_aug_loss
0.9801380634307861,0.9602272510528564,0.9574506878852844,[2.0903 0.9304 0.2751 0.2223 0.2120 0.1705 0.1451 0.1681 0.1427 0.2196 0.1757 0.1585 0.1187 0.1113 0.1449 0.0884 0.1032 0.1137 0.0987 0.1177 0.0892 0.0845 0.0864 0.0920 0.0851 0.0955 0.0803 0.1004 0.0752 0.0891 0.0703 0.0800 0.1069 0.0708 0.0907 0.0732 0.0784 0.1191 0.0648 0.1059 0.0721 0.0869 0.0719 0.0819 0.0664 0.0587 0.0621 0.0645 0.0787 0.0633],[2.1424 0.8906 0.2932 0.2400 0.2340 0.1999 0.1840 0.1921 0.1837 0.2495 0.2132 0.1988 0.1688 0.1640 0.1898 0.1361 0.1539 0.1618 0.1552 0.1739 0.1380 0.1435 0.1362 0.1468 0.1449 0.1588 0.1429 0.1649 0.1283 0.1435 0.1315 0.1439 0.1661 0.1278 0.1447 0.1295 0.1366 0.1806 0.1279 0.1654 0.1367 0.1538 0.1356 0.1509 0.1349 0.1266 0.1257 0.1303 0.1498 0.1277],[1.7721 0.9392 0.5587 0.4603 0.4064 0.3730 0.3571 0.3367 0.3188 0.3070 0.3041 0.2904 0.2814 0.2738 0.2656 0.2651 0.2539 0.2517 0.2488 0.2429 0.2393 0.2380 0.2327 0.2309 0.2283 0.2215 0.2204 0.2181 0.2163 0.2091 0.2080 0.2098 0.2057 0.2010 0.2010 0.1999 0.1972 0.1969 0.1941 0.1921 0.1886 0.1932 0.1878 0.1857 0.1854 0.1808 0.1838 0.1805 0.1777 0.1792]
