train_acc,valid_acc,test_acc,train_loss,valid_loss,train_aug_loss
0.9834532737731934,0.9640827775001526,0.960189938545227,[1.9927 1.1902 0.6205 0.4037 0.3335 0.2469 0.2778 0.1882 0.2481 0.1749 0.1529 0.1649 0.1484 0.2121 0.1826 0.1912 0.1160 0.1869 0.1435 0.1049 0.1483 0.1373 0.1041 0.1064 0.1300 0.1488 0.1425 0.0963 0.0735 0.1175 0.1255 0.0855 0.0995 0.1473 0.1509 0.0716 0.1524 0.0992 0.0862 0.1457 0.0888 0.0932 0.1141 0.0701 0.1311 0.0560 0.0746 0.0692 0.1117 0.0833],[1.9374 1.0816 0.5847 0.4086 0.3245 0.2620 0.2975 0.2127 0.2693 0.2042 0.1815 0.2018 0.1945 0.2486 0.2193 0.2305 0.1552 0.2249 0.1944 0.1489 0.1954 0.1854 0.1497 0.1560 0.1763 0.1997 0.1749 0.1440 0.1192 0.1625 0.1802 0.1398 0.1508 0.2065 0.1975 0.1298 0.2208 0.1539 0.1493 0.2042 0.1495 0.1572 0.1728 0.1351 0.1952 0.1155 0.1392 0.1237 0.1815 0.1447],[1.9079 1.4410 0.8129 0.5869 0.4926 0.4306 0.3939 0.3664 0.3378 0.3265 0.3074 0.3011 0.2858 0.2765 0.2681 0.2674 0.2559 0.2507 0.2421 0.2399 0.2335 0.2286 0.2260 0.2214 0.2141 0.2162 0.2138 0.2084 0.2039 0.2032 0.1999 0.1968 0.1937 0.1913 0.1890 0.1874 0.1879 0.1851 0.1844 0.1833 0.1789 0.1768 0.1781 0.1773 0.1728 0.1742 0.1740 0.1673 0.1685 0.1694]
