train_acc,valid_acc,test_acc,train_loss,valid_loss,train_aug_loss
0.989976167678833,0.9673295617103577,0.9609203934669495,[2.0344 2.9670 4.9447 0.6580 0.4385 0.3138 0.3035 0.2887 0.2100 0.2077 0.2391 0.1753 0.1698 0.1755 0.1647 0.1426 0.1238 0.1266 0.1181 0.1128 0.1145 0.1098 0.1171 0.0929 0.0928 0.0929 0.0877 0.0815 0.0865 0.0933 0.0750 0.0750 0.0771 0.0744 0.0758 0.0739 0.0718 0.0688 0.0717 0.0738 0.0682 0.0690 0.0717 0.0652 0.0669 0.0616 0.0654 0.0588 0.0589 0.0563 0.0553 0.0587 0.0524 0.0565 0.0536 0.0552 0.0568 0.0535 0.0562 0.0483 0.0530 0.0545 0.0501 0.0495 0.0454 0.0447 0.0475 0.0442 0.0447 0.0438 0.0490 0.0431 0.0397 0.0414 0.0456 0.0407 0.0428 0.0407 0.0445 0.0415 0.0386 0.0394 0.0399 0.0383 0.0360 0.0356 0.0361 0.0347 0.0328 0.0351 0.0350 0.0321 0.0315 0.0346 0.0343 0.0311 0.0340 0.0314 0.0316 0.0301],[2.0257 2.7957 4.6087 0.7887 0.5015 0.3570 0.3508 0.3414 0.2432 0.2306 0.2716 0.2104 0.2049 0.2233 0.2115 0.1831 0.1599 0.1760 0.1641 0.1616 0.1593 0.1659 0.1694 0.1346 0.1314 0.1392 0.1319 0.1310 0.1412 0.1579 0.1297 0.1293 0.1349 0.1330 0.1342 0.1309 0.1321 0.1204 0.1340 0.1396 0.1343 0.1337 0.1267 0.1374 0.1252 0.1201 0.1386 0.1276 0.1244 0.1231 0.1161 0.1348 0.1193 0.1210 0.1230 0.1268 0.1335 0.1245 0.1259 0.1191 0.1314 0.1258 0.1198 0.1301 0.1257 0.1188 0.1143 0.1211 0.1196 0.1177 0.1252 0.1195 0.1239 0.1227 0.1342 0.1203 0.1186 0.1214 0.1285 0.1257 0.1231 0.1215 0.1177 0.1288 0.1208 0.1182 0.1229 0.1198 0.1125 0.1332 0.1229 0.1187 0.1203 0.1250 0.1352 0.1281 0.1176 0.1224 0.1211 0.1188],[2.0789 1.8575 1.7474 1.0886 0.6229 0.5037 0.4424 0.4062 0.3815 0.3625 0.3433 0.3284 0.3146 0.3068 0.2924 0.2857 0.2729 0.2654 0.2592 0.2528 0.2500 0.2396 0.2365 0.2290 0.2247 0.2200 0.2176 0.2125 0.2081 0.2054 0.2031 0.1982 0.1970 0.1918 0.1902 0.1836 0.1862 0.1811 0.1772 0.1764 0.1733 0.1749 0.1725 0.1700 0.1668 0.1640 0.1612 0.1643 0.1596 0.1570 0.1561 0.1541 0.1547 0.1509 0.1512 0.1505 0.1458 0.1462 0.1431 0.1461 0.1421 0.1425 0.1420 0.1405 0.1359 0.1363 0.1370 0.1352 0.1324 0.1315 0.1336 0.1300 0.1270 0.1293 0.1264 0.1263 0.1280 0.1242 0.1258 0.1253 0.1207 0.1220 0.1206 0.1176 0.1205 0.1188 0.1195 0.1177 0.1179 0.1145 0.1162 0.1149 0.1133 0.1136 0.1121 0.1119 0.1108 0.1133 0.1083 0.1074]
