train_acc,valid_acc,test_acc,train_loss,valid_loss,train_aug_loss
0.9817321300506592,0.9567775726318359,0.956720232963562,[1.9724 1.9154 2.1675 2.0889 1.1877 0.9022 0.5642 0.4080 0.4442 0.3212 0.3474 0.3543 0.3203 0.2958 0.2821 0.2812 0.2729 0.2299 0.2143 0.2115 0.2259 0.2241 0.2067 0.1748 0.1807 0.1928 0.1591 0.1544 0.1880 0.1397 0.1356 0.1700 0.1469 0.1557 0.1463 0.1412 0.1186 0.1849 0.1392 0.1167 0.1165 0.1186 0.1482 0.1046 0.1027 0.0929 0.1386 0.1075 0.1257 0.1023 0.1097 0.1049 0.1041 0.1090 0.0802 0.0896 0.0857 0.0954 0.0960 0.1216 0.1023 0.0876 0.0985 0.0855 0.0771 0.0735 0.0905 0.0779 0.0950 0.0713 0.0891 0.0879 0.0793 0.0765 0.0731 0.0983 0.0546 0.0635 0.0725 0.0840 0.0901 0.0777 0.0692 0.0629 0.0520 0.0799 0.0712 0.0641 0.0724 0.0649 0.0471 0.0742 0.0530 0.0572 0.0539 0.0580 0.0590 0.0603 0.0565 0.0492],[1.9622 1.9383 2.3890 2.0861 1.2265 0.9368 0.6168 0.4254 0.4695 0.3302 0.3775 0.3774 0.3276 0.3206 0.3070 0.3064 0.3068 0.2502 0.2424 0.2418 0.2534 0.2628 0.2410 0.2152 0.2243 0.2447 0.2020 0.2067 0.2436 0.1894 0.1879 0.2203 0.1951 0.2083 0.2096 0.2038 0.1758 0.2421 0.1998 0.1771 0.1820 0.1906 0.2234 0.1721 0.1738 0.1642 0.2160 0.1851 0.1969 0.1830 0.1839 0.1873 0.1830 0.1890 0.1613 0.1735 0.1668 0.1704 0.1841 0.2015 0.1865 0.1820 0.1854 0.1760 0.1641 0.1600 0.1851 0.1666 0.1908 0.1651 0.1914 0.1899 0.1747 0.1742 0.1748 0.2016 0.1572 0.1587 0.1771 0.1955 0.2037 0.1810 0.1840 0.1702 0.1525 0.1885 0.1829 0.1665 0.1729 0.1677 0.1579 0.2030 0.1640 0.1603 0.1591 0.1666 0.1750 0.1823 0.1734 0.1645],[2.0605 1.8400 1.7489 1.1874 0.7156 0.5432 0.4643 0.4187 0.3876 0.3625 0.3452 0.3252 0.3107 0.3010 0.2876 0.2784 0.2705 0.2609 0.2548 0.2458 0.2390 0.2340 0.2283 0.2231 0.2185 0.2161 0.2119 0.2070 0.2027 0.1989 0.1941 0.1924 0.1893 0.1899 0.1865 0.1832 0.1776 0.1771 0.1737 0.1728 0.1694 0.1695 0.1675 0.1625 0.1617 0.1624 0.1567 0.1567 0.1567 0.1532 0.1517 0.1506 0.1463 0.1461 0.1422 0.1430 0.1440 0.1435 0.1398 0.1375 0.1379 0.1343 0.1338 0.1367 0.1329 0.1330 0.1304 0.1288 0.1291 0.1273 0.1263 0.1258 0.1215 0.1238 0.1217 0.1204 0.1185 0.1239 0.1215 0.1179 0.1166 0.1156 0.1154 0.1129 0.1143 0.1124 0.1124 0.1115 0.1093 0.1109 0.1085 0.1084 0.1121 0.1083 0.1070 0.1077 0.1045 0.1043 0.1041 0.1009]
