train_acc,valid_acc,test_acc,train_loss,valid_loss,train_aug_loss
0.983639121055603,0.9533278942108154,0.9443024396896362,[1.9479 6.3139 1.5500 0.9101 0.9910 0.4647 0.4993 0.4950 0.4601 0.2072 0.3449 0.2491 0.2903 0.2577 0.1855 0.2274 0.1416 0.1522 0.3677 0.2136 0.3627 0.2161 0.1790 0.2844 0.1661 0.1470 0.2534 0.1920 0.2088 0.1345 0.3745 0.1190 0.2561 0.1462 0.2478 0.1975 0.1197 0.1002 0.1284 0.1397 0.1853 0.1034 0.1798 0.1770 0.2378 0.1309 0.1095 0.0939 0.3915 0.1135 0.2220 0.1170 0.0979 0.1108 0.0889 0.1941 0.2145 0.1673 0.1396 0.2470 0.2174 0.1943 0.1152 0.2695 0.1345 0.0880 0.2742 0.4079 0.1537 0.1104 0.1435 0.0959 0.0906 0.2435 0.1036 0.0872 0.1171 0.1452 0.1437 0.1268 0.0992 0.0891 0.1098 0.1089 0.1081 0.1194 0.1087 0.1046 0.1751 0.1447 0.1629 0.1469 0.1484 0.0988 0.1319 0.0765 0.0459 0.1064 0.1663 0.0832],[1.9568 6.1893 1.8063 1.1015 1.1418 0.5719 0.6423 0.5765 0.5579 0.2567 0.4198 0.3198 0.3686 0.3379 0.2587 0.3202 0.2063 0.2317 0.4178 0.2902 0.4686 0.2887 0.2561 0.3706 0.2504 0.2577 0.3272 0.2939 0.2942 0.2228 0.4168 0.2064 0.3542 0.2336 0.3444 0.3040 0.2163 0.2107 0.2375 0.2523 0.2998 0.1991 0.3139 0.3015 0.3244 0.2417 0.2290 0.1996 0.4679 0.2236 0.3306 0.2325 0.2289 0.2340 0.2052 0.3238 0.3327 0.3285 0.2711 0.4075 0.3563 0.3282 0.2527 0.4117 0.2763 0.2335 0.4110 0.4808 0.3031 0.2601 0.2858 0.2372 0.2278 0.4182 0.2469 0.2257 0.2828 0.3110 0.3089 0.2691 0.2508 0.2457 0.2718 0.2741 0.2608 0.2750 0.2742 0.2743 0.3723 0.3278 0.3772 0.3184 0.2996 0.2696 0.3121 0.2401 0.1850 0.2534 0.3362 0.2541],[2.0651 1.7508 1.0943 0.6153 0.4715 0.4043 0.3666 0.3305 0.3158 0.2930 0.2788 0.2703 0.2550 0.2463 0.2387 0.2262 0.2241 0.2159 0.2100 0.2036 0.1976 0.1933 0.1899 0.1829 0.1762 0.1744 0.1739 0.1685 0.1620 0.1615 0.1569 0.1533 0.1530 0.1452 0.1449 0.1438 0.1397 0.1390 0.1378 0.1359 0.1328 0.1300 0.1282 0.1260 0.1254 0.1230 0.1199 0.1193 0.1165 0.1177 0.1157 0.1166 0.1126 0.1122 0.1102 0.1085 0.1067 0.1067 0.1039 0.1037 0.1028 0.1025 0.0998 0.0974 0.0974 0.0993 0.0940 0.0946 0.0956 0.0917 0.0904 0.0893 0.0895 0.0886 0.0871 0.0858 0.0863 0.0837 0.0853 0.0862 0.0838 0.0821 0.0837 0.0822 0.0797 0.0808 0.0780 0.0792 0.0758 0.0755 0.0762 0.0745 0.0747 0.0733 0.0720 0.0705 0.0714 0.0713 0.0700 0.0699]
