train_acc,valid_acc,test_acc,train_loss,valid_loss,train_aug_loss
0.978289783000946,0.9610389471054077,0.9605551362037659,[1.9057 0.6016 0.3199 0.2851 0.2901 0.1943 0.1711 0.2129 0.1703 0.1865 0.1814 0.1452 0.1574 0.1324 0.2043 0.1300 0.1584 0.1261 0.1306 0.1095 0.1306 0.1289 0.0961 0.1023 0.1158 0.1416 0.1238 0.0975 0.1024 0.1275 0.1333 0.1024 0.0859 0.1184 0.0736 0.0887 0.0931 0.0863 0.1080 0.0758 0.0880 0.1050 0.0953 0.0769 0.0878 0.0919 0.0873 0.1197 0.0848 0.0677],[1.9217 0.6700 0.3833 0.3222 0.3058 0.2329 0.2179 0.2678 0.2199 0.2293 0.2313 0.1954 0.2093 0.2026 0.2489 0.1889 0.2129 0.1889 0.1995 0.1891 0.1963 0.1966 0.1704 0.1688 0.1807 0.2096 0.1872 0.1626 0.1612 0.1867 0.1981 0.1640 0.1568 0.1860 0.1460 0.1507 0.1642 0.1587 0.1882 0.1487 0.1647 0.1780 0.1663 0.1418 0.1603 0.1767 0.1595 0.1956 0.1704 0.1468],[1.9228 1.2884 0.6293 0.4676 0.4036 0.3687 0.3409 0.3234 0.3080 0.2970 0.2835 0.2759 0.2687 0.2565 0.2559 0.2504 0.2454 0.2426 0.2306 0.2316 0.2296 0.2263 0.2189 0.2176 0.2155 0.2103 0.2134 0.2075 0.2079 0.1994 0.1964 0.1970 0.1935 0.1934 0.1920 0.1918 0.1859 0.1881 0.1840 0.1836 0.1791 0.1785 0.1790 0.1744 0.1727 0.1745 0.1738 0.1726 0.1684 0.1697]
