train_acc,valid_acc,test_acc,train_loss,valid_loss,train_aug_loss
0.9869347810745239,0.9535308480262756,0.9585464000701904,[2.1657 0.7022 0.4643 0.3360 0.3440 0.2963 0.3202 0.2472 0.2902 0.2300 0.2388 0.2148 0.2127 0.1691 0.1702 0.1599 0.2195 0.1861 0.1938 0.1684 0.1997 0.1712 0.1279 0.1793 0.1312 0.1291 0.1268 0.1578 0.1319 0.1243 0.1154 0.1249 0.0841 0.1021 0.1032 0.0907 0.0970 0.1025 0.1041 0.1017 0.0891 0.0901 0.0949 0.0654 0.1059 0.1117 0.0771 0.0742 0.0595 0.0845 0.0669 0.0870 0.0680 0.0739 0.0649 0.0730 0.0477 0.0743 0.0664 0.0756 0.0616 0.0787 0.0757 0.0682 0.0667 0.0716 0.0456 0.0368 0.0408 0.0470 0.0381 0.0545 0.0446 0.0347 0.0381 0.0556 0.0455 0.0309 0.0507 0.0400 0.0425 0.0453 0.0387 0.0285 0.0273 0.0411 0.0360 0.0564 0.0296 0.0407 0.0271 0.0350 0.0280 0.0201 0.0640 0.0451 0.0375 0.0207 0.0284 0.0319],[2.1308 0.8317 0.5267 0.3757 0.3784 0.3337 0.3668 0.2920 0.3277 0.3013 0.2994 0.2914 0.2837 0.2388 0.2439 0.2375 0.2983 0.2764 0.2776 0.2706 0.2905 0.2593 0.2185 0.2893 0.2213 0.2167 0.2147 0.2599 0.2343 0.2265 0.2157 0.2337 0.1879 0.2107 0.2105 0.1942 0.2080 0.2189 0.2176 0.2155 0.2085 0.1989 0.2204 0.1844 0.2353 0.2401 0.1966 0.2071 0.1911 0.2271 0.2023 0.2410 0.2079 0.2242 0.2078 0.2234 0.1867 0.2339 0.2170 0.2430 0.2139 0.2384 0.2509 0.2301 0.2425 0.2438 0.1996 0.1834 0.1947 0.2070 0.1862 0.2195 0.2080 0.1833 0.1931 0.2293 0.2131 0.1877 0.2202 0.2153 0.2250 0.2292 0.2127 0.1850 0.1834 0.2174 0.2119 0.2607 0.1957 0.2233 0.2082 0.2203 0.2161 0.1898 0.2825 0.2545 0.2296 0.2059 0.2265 0.2323],[1.8921 1.0066 0.5246 0.4241 0.3702 0.3318 0.3050 0.2841 0.2679 0.2572 0.2433 0.2341 0.2215 0.2150 0.2072 0.1988 0.1916 0.1875 0.1827 0.1753 0.1727 0.1705 0.1641 0.1583 0.1547 0.1526 0.1501 0.1458 0.1430 0.1405 0.1396 0.1329 0.1323 0.1294 0.1272 0.1264 0.1227 0.1214 0.1195 0.1185 0.1161 0.1157 0.1143 0.1103 0.1098 0.1080 0.1064 0.1033 0.1036 0.0994 0.1009 0.0971 0.0963 0.0975 0.0949 0.0943 0.0916 0.0910 0.0902 0.0901 0.0882 0.0880 0.0873 0.0863 0.0829 0.0821 0.0837 0.0815 0.0797 0.0818 0.0788 0.0783 0.0776 0.0788 0.0756 0.0764 0.0730 0.0747 0.0729 0.0723 0.0720 0.0698 0.0707 0.0701 0.0700 0.0685 0.0676 0.0696 0.0672 0.0659 0.0652 0.0665 0.0648 0.0648 0.0643 0.0626 0.0615 0.0627 0.0599 0.0620]
