train_acc,valid_acc,test_acc,train_loss,valid_loss,train_aug_loss
0.9843823313713074,0.9685471057891846,0.9607377648353577,[3.1970 0.3661 0.1972 0.2215 0.2185 0.1887 0.1887 0.1388 0.1167 0.1740 0.0988 0.0994 0.1225 0.1544 0.0773 0.1016 0.1026 0.1349 0.1021 0.0891 0.0684 0.0961 0.1213 0.0850 0.0623 0.0733 0.0829 0.0589 0.0973 0.0589 0.0589 0.0487 0.0455 0.0397 0.0715 0.0560 0.0781 0.0455 0.0463 0.0621 0.0775 0.0862 0.0581 0.0602 0.0494 0.0543 0.0337 0.0345 0.0841 0.0467],[3.2713 0.3935 0.2361 0.2838 0.2526 0.2190 0.2078 0.1781 0.1609 0.2222 0.1440 0.1520 0.1654 0.2151 0.1296 0.1655 0.1549 0.2058 0.1591 0.1450 0.1333 0.1717 0.1945 0.1587 0.1256 0.1461 0.1737 0.1375 0.1845 0.1419 0.1486 0.1307 0.1219 0.1233 0.1669 0.1522 0.1743 0.1334 0.1342 0.1532 0.1735 0.2075 0.1677 0.1686 0.1493 0.1757 0.1394 0.1333 0.2135 0.1530],[1.7835 0.5808 0.3717 0.3184 0.2841 0.2584 0.2424 0.2286 0.2210 0.2139 0.2048 0.1968 0.1926 0.1839 0.1797 0.1772 0.1724 0.1685 0.1623 0.1600 0.1566 0.1550 0.1476 0.1494 0.1474 0.1426 0.1388 0.1388 0.1357 0.1323 0.1319 0.1278 0.1265 0.1272 0.1226 0.1232 0.1207 0.1190 0.1181 0.1177 0.1148 0.1099 0.1090 0.1129 0.1086 0.1099 0.1070 0.1060 0.1050 0.1036]
