train_acc,valid_acc,test_acc,train_loss,valid_loss,train_aug_loss
0.9797567129135132,0.9610389471054077,0.9654857516288757,[2.5367 3.9619 0.2923 0.2367 0.1899 0.1979 0.1937 0.1564 0.1438 0.1270 0.1325 0.1501 0.1222 0.1272 0.1334 0.1123 0.1122 0.1019 0.1006 0.0864 0.1002 0.0867 0.0849 0.0948 0.1071 0.0811 0.0888 0.0743 0.0781 0.0888 0.0899 0.0696 0.0723 0.0704 0.0781 0.0732 0.0691 0.0689 0.0641 0.0651 0.0728 0.0622 0.0660 0.0591 0.0628 0.0644 0.0647 0.0689 0.0609 0.0553],[2.4159 3.4968 0.3257 0.2470 0.2156 0.2281 0.2037 0.1894 0.1703 0.1644 0.1766 0.2130 0.1538 0.1739 0.1805 0.1657 0.1530 0.1572 0.1702 0.1455 0.1483 0.1422 0.1380 0.1493 0.1599 0.1367 0.1507 0.1336 0.1443 0.1451 0.1659 0.1378 0.1379 0.1385 0.1431 0.1320 0.1335 0.1376 0.1320 0.1375 0.1395 0.1350 0.1332 0.1344 0.1339 0.1321 0.1287 0.1434 0.1392 0.1350],[1.9672 1.7312 0.7969 0.4504 0.3797 0.3451 0.3166 0.3030 0.2863 0.2782 0.2677 0.2638 0.2549 0.2470 0.2378 0.2347 0.2290 0.2291 0.2222 0.2164 0.2147 0.2099 0.2062 0.2046 0.2029 0.2023 0.1975 0.1919 0.1931 0.1902 0.1878 0.1875 0.1827 0.1826 0.1791 0.1772 0.1738 0.1731 0.1715 0.1681 0.1661 0.1685 0.1650 0.1639 0.1599 0.1625 0.1604 0.1596 0.1586 0.1577]
