train_acc,valid_acc,test_acc,train_loss,valid_loss,train_aug_loss
0.989244282245636,0.9678714871406555,0.9500577449798584,[4.6670 0.8051 0.5491 0.2335 0.2099 0.1945 0.1489 0.1389 0.1707 0.1256 0.1277 0.1055 0.1605 0.0928 0.1191 0.0769 0.0938 0.0857 0.0714 0.1150 0.0792 0.1613 0.1017 0.0916 0.0908 0.0848 0.0511 0.0602 0.0875 0.0812 0.0608 0.0858 0.0592 0.0823 0.0565 0.0395 0.0536 0.0704 0.0466 0.0498 0.0381 0.0627 0.0768 0.0540 0.0776 0.0367 0.0414 0.0310 0.0414 0.0306 0.0384 0.0332 0.0253 0.0305 0.0426 0.0581 0.0236 0.0436 0.0356 0.0184 0.0513 0.0766 0.0311 0.0169 0.0261 0.0513 0.0294 0.0722 0.0312 0.0427 0.0190 0.0342 0.0203 0.0187 0.0250 0.0193 0.0209 0.0143 0.0281 0.0139 0.0234 0.0235 0.0154 0.0243 0.0105 0.0119 0.0189 0.0286 0.0487 0.0339 0.0128 0.0129 0.0144 0.0179 0.0323 0.0193 0.0333 0.0081 0.0130 0.0130],[4.1224 1.0723 0.6629 0.2893 0.2465 0.2522 0.2038 0.2133 0.2335 0.2036 0.1893 0.1722 0.2293 0.1548 0.1925 0.1388 0.1655 0.1601 0.1401 0.1912 0.1643 0.2484 0.1617 0.1887 0.1721 0.1803 0.1302 0.1405 0.1757 0.1597 0.1598 0.1916 0.1456 0.2023 0.1627 0.1331 0.1623 0.1838 0.1443 0.1671 0.1360 0.1746 0.1926 0.1734 0.2036 0.1412 0.1504 0.1282 0.1557 0.1338 0.1453 0.1391 0.1320 0.1344 0.1671 0.1796 0.1380 0.1711 0.1743 0.1382 0.1710 0.2304 0.1435 0.1379 0.1552 0.2126 0.1644 0.2387 0.1644 0.1877 0.1580 0.1788 0.1463 0.1510 0.1709 0.1395 0.1626 0.1327 0.1679 0.1517 0.1804 0.1612 0.1498 0.1715 0.1588 0.1465 0.1672 0.2028 0.2261 0.1803 0.1509 0.1660 0.1652 0.1667 0.2107 0.1725 0.1910 0.1455 0.1593 0.1825],[1.9292 1.3061 0.4921 0.3688 0.3147 0.2836 0.2544 0.2404 0.2225 0.2113 0.1999 0.1883 0.1816 0.1743 0.1685 0.1649 0.1558 0.1521 0.1456 0.1458 0.1393 0.1363 0.1316 0.1302 0.1256 0.1220 0.1207 0.1138 0.1155 0.1134 0.1097 0.1071 0.1052 0.1035 0.1024 0.0988 0.0985 0.0987 0.0922 0.0908 0.0937 0.0905 0.0867 0.0858 0.0848 0.0836 0.0812 0.0813 0.0791 0.0801 0.0756 0.0756 0.0735 0.0738 0.0740 0.0722 0.0707 0.0698 0.0679 0.0672 0.0681 0.0668 0.0659 0.0644 0.0627 0.0637 0.0622 0.0617 0.0602 0.0597 0.0589 0.0577 0.0598 0.0566 0.0553 0.0554 0.0546 0.0538 0.0542 0.0523 0.0526 0.0536 0.0504 0.0500 0.0499 0.0502 0.0489 0.0490 0.0470 0.0472 0.0465 0.0474 0.0461 0.0457 0.0451 0.0453 0.0438 0.0438 0.0428 0.0430]
