train_acc,valid_acc,test_acc,train_loss,valid_loss,train_aug_loss
0.9809106588363647,0.9622564911842346,0.9621986746788025,[2.1888 0.5204 0.2730 0.2130 0.2074 0.1932 0.1671 0.1598 0.1881 0.1483 0.1300 0.1257 0.1247 0.1160 0.1041 0.1090 0.1038 0.1008 0.1020 0.0976 0.0942 0.1045 0.0957 0.0951 0.0881 0.1012 0.0876 0.0844 0.0921 0.0860 0.0843 0.0922 0.0826 0.0847 0.0805 0.0768 0.0797 0.0556 0.0638 0.0770 0.0697 0.0726 0.0552 0.0569 0.0777 0.0878 0.0629 0.0601 0.0615 0.0663],[2.1938 0.5498 0.2994 0.2491 0.2490 0.2406 0.1970 0.2127 0.2375 0.1896 0.1595 0.1623 0.1710 0.1636 0.1543 0.1638 0.1590 0.1539 0.1618 0.1512 0.1563 0.1662 0.1510 0.1650 0.1500 0.1649 0.1506 0.1490 0.1546 0.1580 0.1594 0.1627 0.1495 0.1490 0.1607 0.1522 0.1437 0.1177 0.1310 0.1493 0.1444 0.1576 0.1331 0.1330 0.1604 0.1728 0.1389 0.1394 0.1434 0.1474],[1.9495 1.0004 0.4761 0.3911 0.3458 0.3148 0.2996 0.2773 0.2676 0.2535 0.2460 0.2345 0.2294 0.2216 0.2182 0.2100 0.2076 0.2024 0.1978 0.1915 0.1896 0.1857 0.1834 0.1773 0.1745 0.1771 0.1739 0.1661 0.1658 0.1624 0.1586 0.1619 0.1579 0.1536 0.1499 0.1517 0.1490 0.1486 0.1446 0.1434 0.1431 0.1429 0.1419 0.1359 0.1377 0.1357 0.1341 0.1336 0.1313 0.1288]
