train_acc,valid_acc,test_acc,train_loss,valid_loss,train_aug_loss
0.9778985977172852,0.951298713684082,0.9514244198799133,[1.9728 4.1990 1.8061 0.9635 0.5309 0.4176 0.2881 0.4165 0.3393 0.3022 0.4195 0.4321 0.2734 0.2491 0.2834 0.3557 0.3445 0.3537 0.2376 0.1799 0.2192 0.1899 0.1838 0.1231 0.2683 0.3981 0.2067 0.1572 0.2256 0.3532 0.2904 0.1662 0.1576 0.1862 0.1588 0.1179 0.1692 0.2151 0.1448 0.4751 0.1909 0.1497 0.1636 0.1789 0.1769 0.2823 0.1733 0.1322 0.1738 0.0985 0.1593 0.2027 0.1147 0.1704 0.1150 0.0920 0.1080 0.1021 0.1952 0.1397 0.0819 0.0605 0.0700 0.2003 0.3614 0.1764 0.1110 0.1494 0.1058 0.1179 0.0893 0.1393 0.1394 0.1176 0.0713 0.1717 0.1858 0.1040 0.1444 0.0632 0.1117 0.2494 0.1391 0.0916 0.1624 0.1117 0.1903 0.1367 0.0872 0.1423 0.1418 0.0471 0.1374 0.1013 0.0689 0.4196 0.1223 0.2806 0.1988 0.0916],[1.9590 4.2822 1.8206 1.0864 0.6895 0.5522 0.3759 0.4793 0.4397 0.4067 0.5265 0.5320 0.3577 0.3214 0.3804 0.4530 0.4013 0.4628 0.3348 0.2688 0.3207 0.2814 0.2754 0.1979 0.3755 0.4875 0.3004 0.2403 0.3414 0.4022 0.3800 0.2750 0.2574 0.2959 0.2763 0.2148 0.2901 0.3481 0.2727 0.5580 0.3187 0.2672 0.2893 0.2834 0.2941 0.3934 0.3011 0.2541 0.3034 0.2092 0.3071 0.3619 0.2484 0.3002 0.2435 0.2103 0.2354 0.2376 0.3403 0.2724 0.1962 0.1749 0.1961 0.3780 0.5369 0.3482 0.2533 0.2822 0.2424 0.2719 0.2222 0.3177 0.3215 0.2674 0.2010 0.3085 0.3423 0.2645 0.3196 0.2028 0.2767 0.4358 0.3125 0.2467 0.3536 0.2811 0.3888 0.3190 0.2538 0.3334 0.3222 0.1870 0.3507 0.2864 0.2246 0.5680 0.3061 0.5071 0.4016 0.2603],[2.0645 1.7576 1.1804 0.6493 0.4885 0.4155 0.3712 0.3373 0.3117 0.2914 0.2787 0.2657 0.2576 0.2449 0.2345 0.2310 0.2189 0.2139 0.2067 0.2015 0.1967 0.1935 0.1871 0.1823 0.1826 0.1739 0.1712 0.1720 0.1650 0.1625 0.1592 0.1527 0.1519 0.1477 0.1476 0.1435 0.1419 0.1391 0.1393 0.1345 0.1345 0.1304 0.1300 0.1280 0.1260 0.1238 0.1214 0.1224 0.1170 0.1168 0.1157 0.1146 0.1135 0.1124 0.1101 0.1094 0.1100 0.1055 0.1092 0.1041 0.1046 0.1004 0.1027 0.1020 0.0995 0.0958 0.0970 0.0955 0.0944 0.0935 0.0922 0.0902 0.0880 0.0914 0.0879 0.0875 0.0883 0.0856 0.0828 0.0832 0.0875 0.0812 0.0831 0.0821 0.0812 0.0815 0.0798 0.0783 0.0761 0.0769 0.0772 0.0751 0.0756 0.0748 0.0731 0.0725 0.0730 0.0738 0.0722 0.0746]
