train_acc,valid_acc,test_acc,train_loss,valid_loss,train_aug_loss
0.9798838496208191,0.9640827775001526,0.9616508483886719,[2.4595 3.1839 3.0535 0.7563 0.4803 0.3479 0.3379 0.2896 0.2665 0.2857 0.2409 0.2377 0.2044 0.2019 0.1829 0.1669 0.1706 0.1566 0.1517 0.1521 0.1633 0.1360 0.1314 0.1372 0.1071 0.1235 0.1307 0.1154 0.1257 0.1117 0.1298 0.1071 0.1128 0.1019 0.0991 0.1034 0.0989 0.0841 0.0900 0.0764 0.0838 0.0842 0.0818 0.0773 0.0865 0.0712 0.1121 0.0651 0.0796 0.0813 0.0706 0.0807 0.0786 0.0778 0.0717 0.0690 0.0628 0.0686 0.0737 0.0584 0.0688 0.0578 0.0628 0.0638 0.0609 0.0645 0.0574 0.0611 0.0592 0.0574 0.0590 0.0495 0.0561 0.0667 0.0474 0.0525 0.0557 0.0607 0.0504 0.0649 0.0523 0.0461 0.0477 0.0543 0.0522 0.0564 0.0488 0.0383 0.0436 0.0453 0.0383 0.0514 0.0591 0.0455 0.0478 0.0560 0.0435 0.0428 0.0388 0.0435],[2.4560 3.0429 3.1079 0.8388 0.5111 0.3595 0.3510 0.3093 0.2801 0.2876 0.2487 0.2489 0.2159 0.2264 0.2081 0.1736 0.1855 0.1749 0.1716 0.1761 0.1950 0.1601 0.1504 0.1762 0.1329 0.1600 0.1625 0.1570 0.1610 0.1409 0.1761 0.1475 0.1661 0.1492 0.1331 0.1445 0.1357 0.1320 0.1413 0.1239 0.1280 0.1362 0.1310 0.1399 0.1459 0.1273 0.1877 0.1258 0.1373 0.1439 0.1326 0.1528 0.1470 0.1392 0.1411 0.1279 0.1329 0.1405 0.1517 0.1248 0.1346 0.1208 0.1451 0.1410 0.1263 0.1426 0.1266 0.1405 0.1333 0.1344 0.1346 0.1305 0.1321 0.1541 0.1265 0.1291 0.1348 0.1390 0.1354 0.1608 0.1430 0.1251 0.1332 0.1451 0.1351 0.1482 0.1401 0.1272 0.1388 0.1399 0.1303 0.1433 0.1555 0.1425 0.1404 0.1588 0.1368 0.1377 0.1339 0.1409],[2.0626 1.8272 1.5104 0.7589 0.5323 0.4472 0.3931 0.3700 0.3414 0.3265 0.3128 0.2964 0.2834 0.2689 0.2625 0.2513 0.2466 0.2402 0.2321 0.2248 0.2237 0.2169 0.2093 0.2049 0.1949 0.1953 0.1928 0.1884 0.1826 0.1830 0.1764 0.1743 0.1713 0.1677 0.1670 0.1636 0.1627 0.1566 0.1543 0.1531 0.1549 0.1518 0.1490 0.1473 0.1449 0.1406 0.1387 0.1393 0.1382 0.1357 0.1330 0.1333 0.1325 0.1312 0.1277 0.1273 0.1267 0.1231 0.1243 0.1214 0.1198 0.1179 0.1189 0.1178 0.1149 0.1122 0.1168 0.1147 0.1106 0.1133 0.1088 0.1094 0.1049 0.1053 0.1074 0.1039 0.1044 0.1038 0.1011 0.1006 0.1026 0.1021 0.1018 0.0987 0.0978 0.0956 0.0982 0.0973 0.0943 0.0965 0.0919 0.0932 0.0936 0.0893 0.0899 0.0913 0.0862 0.0896 0.0879 0.0891]
