train_acc,valid_acc,test_acc,train_loss,valid_loss,train_aug_loss
0.9799718260765076,0.9606330990791321,0.9592768549919128,[1.9091 1.1909 0.4524 0.3021 0.2213 0.2117 0.2527 0.2537 0.1811 0.1904 0.1502 0.1508 0.1377 0.2368 0.1376 0.1463 0.1493 0.1459 0.1151 0.1104 0.0896 0.0989 0.0878 0.1321 0.1452 0.1288 0.1639 0.0919 0.1047 0.0883 0.1584 0.1356 0.0868 0.1021 0.0827 0.1559 0.0734 0.0986 0.1324 0.0754 0.0851 0.1120 0.0883 0.0848 0.0916 0.0777 0.1088 0.0642 0.0666 0.0857],[1.7612 1.0843 0.4667 0.3214 0.2560 0.2310 0.2866 0.2896 0.2108 0.2215 0.1948 0.1888 0.1849 0.2615 0.1767 0.1857 0.1906 0.1917 0.1634 0.1588 0.1489 0.1452 0.1442 0.1806 0.1977 0.1847 0.2221 0.1441 0.1590 0.1519 0.2091 0.1924 0.1476 0.1604 0.1379 0.2143 0.1345 0.1667 0.1946 0.1372 0.1483 0.1716 0.1580 0.1563 0.1572 0.1422 0.1709 0.1324 0.1341 0.1581],[1.8637 1.2131 0.7098 0.5389 0.4579 0.4132 0.3777 0.3567 0.3398 0.3211 0.3116 0.2998 0.2862 0.2822 0.2738 0.2629 0.2576 0.2558 0.2481 0.2416 0.2389 0.2379 0.2311 0.2251 0.2231 0.2204 0.2212 0.2110 0.2110 0.2054 0.2063 0.2038 0.1989 0.1984 0.1957 0.1973 0.1917 0.1907 0.1938 0.1844 0.1850 0.1824 0.1833 0.1805 0.1803 0.1766 0.1773 0.1748 0.1731 0.1711]
