train_acc,valid_acc,test_acc,train_loss,valid_loss,train_aug_loss
0.9825438261032104,0.9569805264472961,0.9559897780418396,[1.9599 6.9124 1.0421 0.7898 0.5076 0.5490 0.3551 0.2936 0.2296 0.2266 0.3075 0.2329 0.2555 0.2765 0.2522 0.2376 0.2166 0.3470 0.2757 0.1978 0.1658 0.2338 0.1675 0.1448 0.1571 0.2220 0.1160 0.2628 0.0977 0.1412 0.1017 0.1174 0.1295 0.1237 0.1343 0.1557 0.1148 0.0771 0.0705 0.0912 0.1409 0.2080 0.1828 0.1918 0.1219 0.1329 0.0777 0.2557 0.1733 0.0944 0.1246 0.1715 0.0841 0.1749 0.1541 0.1126 0.1609 0.1130 0.0498 0.1848 0.0822 0.1551 0.0696 0.2145 0.1739 0.0686 0.0813 0.1902 0.0510 0.1138 0.1109 0.1357 0.0942 0.0998 0.1093 0.0821 0.0825 0.2724 0.0771 0.0925 0.0709 0.0923 0.1627 0.0757 0.1781 0.0480 0.0790 0.0488 0.1489 0.0704 0.0858 0.0965 0.0903 0.0401 0.0990 0.1546 0.0755 0.3059 0.1320 0.1340],[1.9511 6.6696 1.2490 1.0388 0.6297 0.7029 0.4480 0.3715 0.2923 0.2778 0.3948 0.3128 0.3324 0.3798 0.3267 0.3373 0.3019 0.4509 0.3895 0.2961 0.2542 0.3199 0.2758 0.2355 0.2641 0.3172 0.2014 0.3955 0.1765 0.2355 0.1919 0.2129 0.2285 0.2204 0.2448 0.2761 0.2189 0.1647 0.1505 0.1889 0.2628 0.3423 0.3397 0.3285 0.2559 0.2546 0.1893 0.3977 0.3077 0.2131 0.2471 0.3188 0.2010 0.3116 0.3103 0.2340 0.2993 0.2425 0.1444 0.3291 0.2017 0.2996 0.1933 0.4065 0.3454 0.1933 0.2165 0.3696 0.1682 0.2581 0.2636 0.3012 0.2336 0.2609 0.2632 0.2323 0.2295 0.4239 0.2290 0.2561 0.2078 0.2537 0.3597 0.2292 0.3780 0.1773 0.2347 0.1894 0.3468 0.2157 0.2356 0.2865 0.2624 0.1798 0.2777 0.3703 0.2434 0.5613 0.3279 0.3315],[2.0661 1.7457 1.1422 0.6219 0.4771 0.4066 0.3636 0.3367 0.3157 0.2959 0.2833 0.2683 0.2530 0.2463 0.2357 0.2286 0.2194 0.2172 0.2067 0.1981 0.1947 0.1931 0.1837 0.1792 0.1741 0.1745 0.1701 0.1673 0.1631 0.1597 0.1540 0.1535 0.1496 0.1480 0.1431 0.1432 0.1399 0.1382 0.1349 0.1368 0.1345 0.1309 0.1258 0.1289 0.1257 0.1239 0.1223 0.1192 0.1203 0.1183 0.1144 0.1138 0.1110 0.1097 0.1106 0.1080 0.1064 0.1066 0.1043 0.1028 0.1020 0.1043 0.0996 0.1014 0.0950 0.0955 0.0978 0.0956 0.0924 0.0935 0.0914 0.0903 0.0919 0.0908 0.0874 0.0873 0.0882 0.0867 0.0857 0.0847 0.0837 0.0808 0.0836 0.0803 0.0797 0.0788 0.0799 0.0771 0.0782 0.0762 0.0758 0.0752 0.0749 0.0720 0.0751 0.0747 0.0724 0.0716 0.0724 0.0712]
