train_acc,valid_acc,test_acc,train_loss,valid_loss,train_aug_loss
0.9891840219497681,0.9734172224998474,0.968772828578949,[2.0366 2.3192 0.7090 0.3458 0.3109 0.2358 0.2125 0.1941 0.1997 0.1463 0.1659 0.1247 0.1420 0.1325 0.1089 0.1068 0.1022 0.1245 0.1187 0.0912 0.0991 0.0896 0.0865 0.1102 0.0847 0.0818 0.0740 0.0911 0.0732 0.0901 0.0744 0.0690 0.0772 0.0679 0.0745 0.0609 0.0551 0.0614 0.0565 0.0633 0.0584 0.0559 0.0604 0.0561 0.0559 0.0543 0.0465 0.0484 0.0489 0.0471 0.0506 0.0476 0.0509 0.0513 0.0458 0.0430 0.0389 0.0360 0.0352 0.0430 0.0331 0.0436 0.0406 0.0357 0.0351 0.0389 0.0347 0.0314 0.0302 0.0332 0.0455 0.0398 0.0517 0.0644 0.0268 0.0276 0.0285 0.0318 0.0251 0.0475 0.0340 0.0254 0.0422 0.0230 0.0260 0.0266 0.0278 0.0281 0.0276 0.0215 0.0224 0.0397 0.0291 0.0205 0.0309 0.0240 0.0242 0.0261 0.0258 0.0323],[2.0317 2.1346 0.6798 0.3473 0.3060 0.2485 0.2390 0.2174 0.2223 0.1625 0.2026 0.1394 0.1707 0.1543 0.1343 0.1349 0.1256 0.1714 0.1593 0.1248 0.1462 0.1135 0.1098 0.1600 0.1258 0.1168 0.1151 0.1498 0.1114 0.1460 0.1196 0.1088 0.1277 0.1177 0.1256 0.1104 0.1002 0.1169 0.1092 0.1256 0.1017 0.1113 0.1190 0.1151 0.1149 0.1197 0.1043 0.1035 0.1132 0.1065 0.1184 0.1167 0.1151 0.1129 0.1172 0.1148 0.1004 0.0998 0.0989 0.1187 0.0923 0.1164 0.1213 0.1054 0.1073 0.1031 0.1143 0.0984 0.1006 0.1033 0.1329 0.1280 0.1428 0.1582 0.1067 0.1052 0.1050 0.1096 0.1116 0.1567 0.1267 0.1025 0.1508 0.0979 0.1054 0.1116 0.1192 0.1124 0.1201 0.1081 0.1094 0.1527 0.1255 0.1022 0.1343 0.1167 0.1206 0.1232 0.1295 0.1502],[2.0776 1.7854 1.0684 0.6055 0.4614 0.3966 0.3595 0.3326 0.3096 0.2933 0.2783 0.2673 0.2578 0.2457 0.2395 0.2285 0.2267 0.2171 0.2152 0.2063 0.1993 0.1963 0.1929 0.1854 0.1809 0.1824 0.1775 0.1737 0.1671 0.1678 0.1625 0.1622 0.1579 0.1544 0.1531 0.1507 0.1485 0.1446 0.1418 0.1398 0.1379 0.1377 0.1358 0.1314 0.1323 0.1307 0.1271 0.1274 0.1250 0.1267 0.1215 0.1199 0.1187 0.1185 0.1155 0.1141 0.1126 0.1134 0.1112 0.1086 0.1084 0.1093 0.1053 0.1050 0.1053 0.1039 0.1041 0.1008 0.1037 0.1015 0.0992 0.0958 0.0953 0.0963 0.0960 0.0960 0.0926 0.0928 0.0904 0.0899 0.0907 0.0912 0.0876 0.0857 0.0890 0.0841 0.0844 0.0865 0.0832 0.0830 0.0827 0.0813 0.0822 0.0822 0.0787 0.0806 0.0772 0.0786 0.0758 0.0777]
