train_acc,valid_acc,test_acc,train_loss,valid_loss,train_aug_loss
0.9547508358955383,0.9322240352630615,0.9357194900512695,[1.9722 5.4855 2.5945 0.5350 0.4613 0.5076 0.2962 0.3266 0.6452 0.4188 0.5280 0.3271 0.2778 0.1934 0.2093 0.1380 0.2160 0.3099 0.5215 0.2188 0.2559 0.1650 0.2110 0.1285 0.2678 0.1495 0.1792 0.2196 0.1319 0.1291 0.1483 0.1240 0.1630 0.1346 0.1690 0.1390 0.1429 0.1474 0.1261 0.2821 0.1366 0.2538 0.3332 0.1334 0.1920 0.1125 0.2017 0.1810 0.1357 0.1880 0.1291 0.2339 0.1682 0.1021 0.1932 0.1207 0.1242 0.1179 0.1770 0.1082 0.1684 0.1605 0.1001 0.3610 0.2077 0.1523 0.1800 0.2338 0.1078 0.1720 0.2392 0.0726 0.1039 0.1511 0.0952 0.1627 0.2564 0.1845 0.2099 0.1607 0.2677 0.2040 0.0756 0.1116 0.1377 0.2452 0.1200 0.3844 0.1502 0.0878 0.0698 0.2036 0.1115 0.3468 0.1559 0.2329 0.0945 0.1825 0.0946 0.2226],[1.9694 5.0554 2.5886 0.6706 0.5698 0.6453 0.3777 0.3825 0.6941 0.4999 0.6094 0.4489 0.3909 0.2625 0.2915 0.2094 0.2806 0.4011 0.6787 0.3238 0.3295 0.2640 0.2862 0.2126 0.3859 0.2536 0.2811 0.3250 0.2345 0.2226 0.2517 0.2165 0.2867 0.2466 0.2845 0.2418 0.2543 0.2670 0.2402 0.3658 0.2571 0.3661 0.4678 0.2608 0.3488 0.2315 0.3103 0.3033 0.2638 0.3210 0.2516 0.3787 0.3006 0.2161 0.3447 0.2525 0.2641 0.2574 0.3344 0.2412 0.3405 0.3213 0.2496 0.5033 0.3522 0.3065 0.3333 0.3988 0.2321 0.3276 0.3935 0.2141 0.2386 0.2966 0.2463 0.3499 0.4611 0.3902 0.4150 0.3511 0.4648 0.4008 0.2096 0.2791 0.3183 0.4301 0.2952 0.6443 0.3293 0.2600 0.2201 0.4218 0.2733 0.4821 0.3219 0.4083 0.2523 0.3870 0.2810 0.4091],[2.0638 1.7498 1.2623 0.6604 0.4745 0.3998 0.3661 0.3315 0.3127 0.2937 0.2791 0.2617 0.2539 0.2438 0.2375 0.2277 0.2198 0.2115 0.2055 0.2014 0.1946 0.1899 0.1870 0.1817 0.1756 0.1734 0.1696 0.1655 0.1622 0.1602 0.1579 0.1558 0.1480 0.1472 0.1464 0.1441 0.1399 0.1374 0.1360 0.1341 0.1330 0.1301 0.1266 0.1277 0.1229 0.1225 0.1208 0.1186 0.1167 0.1167 0.1164 0.1132 0.1110 0.1097 0.1079 0.1073 0.1048 0.1086 0.1027 0.1016 0.1025 0.1020 0.0986 0.0978 0.0972 0.0981 0.0947 0.0947 0.0921 0.0925 0.0921 0.0894 0.0911 0.0897 0.0871 0.0863 0.0845 0.0832 0.0834 0.0824 0.0828 0.0818 0.0819 0.0810 0.0803 0.0788 0.0804 0.0772 0.0758 0.0761 0.0766 0.0750 0.0758 0.0723 0.0723 0.0739 0.0729 0.0694 0.0709 0.0689]
