train_acc,valid_acc,test_acc,train_loss,valid_loss,train_aug_loss
0.9792481660842896,0.9561688303947449,0.9605551362037659,[2.2122 1.4906 1.0010 0.5873 0.4265 0.5118 0.3517 0.2670 0.2365 0.2194 0.2354 0.1860 0.2126 0.1929 0.1721 0.1665 0.1572 0.1534 0.1871 0.1638 0.1761 0.1248 0.1388 0.1264 0.1300 0.1629 0.1253 0.1248 0.1637 0.1171 0.1191 0.1167 0.1409 0.1195 0.1271 0.1122 0.1169 0.1310 0.0873 0.0891 0.0881 0.1120 0.0894 0.0786 0.0845 0.1185 0.0667 0.0922 0.1122 0.0970],[2.0220 1.3698 0.9547 0.5789 0.4356 0.5041 0.3529 0.2904 0.2580 0.2381 0.2658 0.2182 0.2424 0.2256 0.2075 0.2097 0.2001 0.2002 0.2268 0.2164 0.2256 0.1795 0.1896 0.1810 0.1856 0.2192 0.1863 0.1893 0.2242 0.1823 0.1786 0.1747 0.2084 0.1875 0.1982 0.1770 0.1882 0.1968 0.1537 0.1596 0.1550 0.1861 0.1646 0.1505 0.1597 0.1913 0.1371 0.1673 0.1929 0.1723],[1.9595 1.6461 1.0946 0.7439 0.5975 0.5196 0.4679 0.4291 0.3975 0.3728 0.3555 0.3413 0.3201 0.3104 0.3011 0.2909 0.2799 0.2725 0.2669 0.2570 0.2486 0.2475 0.2432 0.2348 0.2308 0.2286 0.2249 0.2216 0.2126 0.2133 0.2093 0.2071 0.2051 0.2000 0.1991 0.1983 0.1936 0.1915 0.1878 0.1867 0.1849 0.1843 0.1834 0.1783 0.1756 0.1760 0.1736 0.1724 0.1692 0.1692]
