train_acc,valid_acc,test_acc,train_loss,valid_loss,train_aug_loss
0.9705738425254822,0.9385145902633667,0.9391891956329346,[2.0466 6.6197 2.0067 0.7457 0.4878 0.5718 0.3707 0.4295 0.4153 0.3364 0.3764 0.3565 0.2164 0.2160 0.2969 0.2781 0.1858 0.3361 0.3382 0.2322 0.1627 0.4618 0.1802 0.1514 0.2454 0.1897 0.1297 0.2322 0.1665 0.1663 0.2131 0.1929 0.1306 0.1519 0.1869 0.1588 0.1969 0.1192 0.2573 0.1409 0.1825 0.1729 0.2252 0.2115 0.1078 0.2270 0.2850 0.1210 0.1214 0.1004 0.2266 0.1185 0.0847 0.2661 0.1354 0.0920 0.1536 0.2042 0.1620 0.1574 0.0858 0.2290 0.1405 0.2334 0.2363 0.1078 0.1526 0.1040 0.1096 0.1516 0.3072 0.1393 0.1655 0.1040 0.0990 0.2777 0.1982 0.1288 0.1234 0.2001 0.4832 0.1850 0.1743 0.1299 0.3463 0.1804 0.1691 0.1761 0.1535 0.1108 0.1445 0.2080 0.1627 0.1084 0.1135 0.1025 0.0752 0.2451 0.3699 0.0756],[2.0723 6.2655 2.2365 0.9224 0.6173 0.7219 0.4592 0.5201 0.5099 0.4119 0.4980 0.4522 0.3158 0.2961 0.4077 0.3986 0.2719 0.4334 0.4229 0.3264 0.2685 0.5052 0.2983 0.2250 0.3385 0.2815 0.2274 0.3887 0.2918 0.2731 0.3389 0.3186 0.2466 0.2703 0.3185 0.2806 0.3422 0.2494 0.3666 0.2810 0.2898 0.3179 0.3688 0.3677 0.2513 0.4096 0.4528 0.2659 0.2644 0.2271 0.4118 0.2587 0.2201 0.4424 0.2940 0.2365 0.3217 0.4007 0.3260 0.3271 0.2263 0.4184 0.3238 0.4390 0.4209 0.2714 0.3353 0.2581 0.2814 0.3398 0.5100 0.3429 0.3690 0.2916 0.2739 0.4987 0.4002 0.3248 0.3205 0.4564 0.7320 0.4005 0.4087 0.3554 0.6249 0.4216 0.3944 0.4169 0.4137 0.3121 0.3705 0.4318 0.4119 0.3240 0.3357 0.3057 0.2573 0.4972 0.6124 0.2692],[2.0522 1.7326 1.1772 0.6468 0.4904 0.4170 0.3673 0.3421 0.3153 0.2951 0.2836 0.2687 0.2563 0.2469 0.2398 0.2292 0.2214 0.2175 0.2059 0.2057 0.1990 0.1882 0.1846 0.1833 0.1778 0.1731 0.1692 0.1661 0.1628 0.1607 0.1593 0.1549 0.1533 0.1472 0.1440 0.1430 0.1401 0.1388 0.1362 0.1329 0.1329 0.1293 0.1268 0.1269 0.1246 0.1213 0.1200 0.1203 0.1157 0.1136 0.1154 0.1134 0.1090 0.1094 0.1093 0.1082 0.1063 0.1056 0.1036 0.1017 0.1038 0.0994 0.0999 0.0973 0.0964 0.0943 0.0969 0.0943 0.0933 0.0913 0.0907 0.0886 0.0888 0.0877 0.0863 0.0880 0.0873 0.0843 0.0850 0.0847 0.0811 0.0812 0.0812 0.0818 0.0809 0.0799 0.0778 0.0767 0.0749 0.0752 0.0753 0.0740 0.0764 0.0746 0.0726 0.0713 0.0734 0.0700 0.0697 0.0702]
