train_acc,valid_acc,test_acc,train_loss,valid_loss,train_aug_loss
0.9769206643104553,0.9626623392105103,0.9559897780418396,[2.2522 3.7856 3.2767 0.6623 0.4703 0.3021 0.3304 0.2663 0.2955 0.2045 0.2188 0.1752 0.1847 0.1807 0.1758 0.1560 0.1443 0.1930 0.1515 0.1594 0.1228 0.1598 0.1327 0.1111 0.1107 0.0982 0.1264 0.1182 0.1049 0.1039 0.1127 0.0972 0.0991 0.0950 0.0836 0.0965 0.1083 0.0838 0.0882 0.1055 0.0864 0.0915 0.0857 0.1072 0.0850 0.0886 0.0794 0.0876 0.0810 0.0805 0.0846 0.0684 0.0703 0.0624 0.0824 0.0796 0.0754 0.0693 0.0647 0.0702 0.0739 0.0666 0.0686 0.0620 0.0643 0.0545 0.0679 0.0599 0.0714 0.0594 0.0503 0.0637 0.0615 0.0652 0.0501 0.0611 0.0546 0.0564 0.0480 0.0482 0.0529 0.0490 0.0464 0.0452 0.0507 0.0455 0.0509 0.0621 0.0543 0.0499 0.0473 0.0542 0.0471 0.0496 0.0372 0.0385 0.0433 0.0390 0.0374 0.0376],[2.2562 3.4954 3.3067 0.7251 0.4987 0.3271 0.3587 0.2748 0.3132 0.2308 0.2313 0.1842 0.2032 0.2128 0.2022 0.1868 0.1734 0.2237 0.1855 0.1791 0.1543 0.1869 0.1533 0.1475 0.1524 0.1420 0.1533 0.1624 0.1484 0.1393 0.1533 0.1424 0.1446 0.1370 0.1329 0.1426 0.1496 0.1424 0.1423 0.1577 0.1447 0.1486 0.1441 0.1653 0.1462 0.1488 0.1355 0.1509 0.1421 0.1508 0.1542 0.1297 0.1351 0.1390 0.1539 0.1453 0.1511 0.1372 0.1395 0.1501 0.1535 0.1443 0.1443 0.1387 0.1396 0.1389 0.1558 0.1414 0.1560 0.1400 0.1350 0.1475 0.1479 0.1483 0.1375 0.1498 0.1463 0.1553 0.1355 0.1343 0.1395 0.1403 0.1365 0.1453 0.1418 0.1366 0.1487 0.1511 0.1526 0.1458 0.1449 0.1493 0.1473 0.1535 0.1414 0.1370 0.1459 0.1436 0.1339 0.1397],[2.0549 1.8220 1.5302 0.7710 0.5326 0.4451 0.3941 0.3672 0.3425 0.3220 0.3082 0.2930 0.2793 0.2709 0.2618 0.2549 0.2450 0.2351 0.2308 0.2238 0.2146 0.2107 0.2070 0.2038 0.1946 0.1924 0.1873 0.1860 0.1828 0.1779 0.1762 0.1735 0.1685 0.1686 0.1622 0.1617 0.1596 0.1576 0.1543 0.1537 0.1500 0.1519 0.1444 0.1446 0.1437 0.1419 0.1384 0.1408 0.1371 0.1327 0.1330 0.1338 0.1288 0.1282 0.1287 0.1238 0.1256 0.1230 0.1196 0.1160 0.1193 0.1190 0.1156 0.1153 0.1139 0.1155 0.1121 0.1119 0.1123 0.1085 0.1085 0.1047 0.1058 0.1053 0.1048 0.1046 0.1032 0.1032 0.0999 0.1008 0.1005 0.1008 0.0983 0.0961 0.0975 0.0971 0.0969 0.0946 0.0964 0.0926 0.0917 0.0925 0.0909 0.0889 0.0880 0.0911 0.0881 0.0878 0.0889 0.0856]
