train_acc,valid_acc,test_acc,train_loss,valid_loss,train_aug_loss
0.9875100255012512,0.9627601504325867,0.9515011310577393,[2.2494 0.8552 0.3420 0.3372 0.3068 0.3702 0.1860 0.1926 0.1497 0.1275 0.2715 0.1909 0.1312 0.1183 0.1372 0.1211 0.0956 0.1307 0.1632 0.1371 0.2052 0.0776 0.1756 0.1215 0.0892 0.0879 0.0843 0.0911 0.0662 0.0738 0.0829 0.0794 0.0689 0.1023 0.0535 0.1596 0.0585 0.1121 0.0701 0.0544 0.0493 0.0528 0.0382 0.0740 0.0533 0.0592 0.0425 0.0386 0.0390 0.0438 0.0478 0.0382 0.1579 0.0328 0.0636 0.0661 0.0375 0.0375 0.1022 0.0320 0.0584 0.0376 0.0321 0.1050 0.0366 0.0648 0.0279 0.0368 0.0297 0.0260 0.0630 0.0315 0.0329 0.0302 0.0228 0.0324 0.0302 0.0221 0.0431 0.0221 0.0203 0.0358 0.0501 0.0222 0.0226 0.0201 0.0215 0.0325 0.0290 0.0233 0.0174 0.0226 0.0177 0.0809 0.0223 0.0236 0.0312 0.0170 0.0193 0.0179],[2.2877 0.8718 0.4378 0.4097 0.4160 0.5121 0.2495 0.2422 0.2200 0.1811 0.3819 0.2607 0.1950 0.1979 0.2215 0.1992 0.1734 0.2142 0.2710 0.1979 0.3166 0.1506 0.2534 0.2228 0.1793 0.1608 0.1538 0.1662 0.1528 0.1378 0.1745 0.1735 0.1576 0.1677 0.1309 0.2904 0.1457 0.1975 0.1802 0.1471 0.1437 0.1456 0.1198 0.1854 0.1482 0.1708 0.1316 0.1332 0.1495 0.1393 0.1395 0.1383 0.3078 0.1331 0.1936 0.1976 0.1590 0.1532 0.2339 0.1313 0.1775 0.1485 0.1434 0.2608 0.1619 0.1921 0.1361 0.1526 0.1332 0.1479 0.2019 0.1534 0.1510 0.1574 0.1388 0.1498 0.1503 0.1456 0.1806 0.1250 0.1411 0.1949 0.1984 0.1541 0.1480 0.1467 0.1470 0.1775 0.1706 0.1579 0.1329 0.1476 0.1385 0.2682 0.1602 0.1512 0.1915 0.1502 0.1664 0.1488],[1.9475 1.2045 0.4739 0.3559 0.3094 0.2775 0.2526 0.2383 0.2238 0.2133 0.1996 0.1939 0.1901 0.1803 0.1798 0.1698 0.1651 0.1623 0.1583 0.1539 0.1497 0.1474 0.1427 0.1415 0.1374 0.1358 0.1334 0.1329 0.1299 0.1271 0.1219 0.1223 0.1207 0.1160 0.1161 0.1148 0.1124 0.1122 0.1094 0.1086 0.1063 0.1049 0.1045 0.1017 0.1002 0.0994 0.0985 0.0973 0.0954 0.0944 0.0940 0.0931 0.0908 0.0879 0.0894 0.0886 0.0878 0.0878 0.0848 0.0837 0.0826 0.0852 0.0824 0.0806 0.0818 0.0798 0.0776 0.0788 0.0773 0.0765 0.0756 0.0760 0.0749 0.0737 0.0713 0.0727 0.0720 0.0706 0.0703 0.0712 0.0696 0.0698 0.0686 0.0684 0.0670 0.0676 0.0646 0.0660 0.0679 0.0649 0.0637 0.0651 0.0633 0.0635 0.0643 0.0609 0.0600 0.0624 0.0618 0.0597]
