train_acc,valid_acc,test_acc,train_loss,valid_loss,train_aug_loss
0.979610025882721,0.961850643157959,0.9587290287017822,[1.9735 2.5113 2.9922 0.7014 0.4851 0.3980 0.3721 0.2976 0.2594 0.2608 0.2077 0.1901 0.2136 0.1553 0.1542 0.2150 0.1491 0.1450 0.1694 0.1280 0.1428 0.1412 0.1283 0.1163 0.1127 0.1117 0.1030 0.1087 0.1090 0.0937 0.0945 0.0831 0.0870 0.0857 0.0938 0.1000 0.0911 0.0770 0.0840 0.0983 0.0877 0.0862 0.0702 0.0745 0.0609 0.0661 0.0617 0.0638 0.0852 0.0569 0.0741 0.0709 0.0605 0.0672 0.0680 0.0579 0.0657 0.0716 0.0548 0.0587 0.0493 0.0526 0.0652 0.0617 0.0494 0.0471 0.0405 0.0497 0.0397 0.0519 0.0382 0.0436 0.0512 0.0441 0.0476 0.0365 0.0369 0.0376 0.0356 0.0382 0.0439 0.0438 0.0308 0.0265 0.0428 0.0335 0.0372 0.0294 0.0501 0.0290 0.0407 0.0417 0.0396 0.0479 0.0253 0.0271 0.0423 0.0359 0.0246 0.0352],[1.9686 2.4389 2.8470 0.7029 0.5107 0.4190 0.3908 0.3143 0.2824 0.2714 0.2208 0.2167 0.2484 0.1884 0.1840 0.2612 0.1853 0.1844 0.1908 0.1677 0.1819 0.1741 0.1883 0.1768 0.1543 0.1574 0.1560 0.1547 0.1587 0.1491 0.1501 0.1363 0.1499 0.1495 0.1577 0.1657 0.1511 0.1382 0.1475 0.1779 0.1536 0.1738 0.1459 0.1486 0.1296 0.1365 0.1382 0.1516 0.1681 0.1372 0.1543 0.1416 0.1358 0.1516 0.1553 0.1487 0.1621 0.1732 0.1443 0.1521 0.1438 0.1394 0.1631 0.1593 0.1494 0.1450 0.1353 0.1552 0.1383 0.1581 0.1418 0.1409 0.1502 0.1374 0.1544 0.1311 0.1339 0.1407 0.1389 0.1392 0.1644 0.1510 0.1393 0.1359 0.1560 0.1422 0.1559 0.1383 0.1806 0.1351 0.1586 0.1719 0.1575 0.1777 0.1367 0.1347 0.1591 0.1574 0.1424 0.1594],[2.0768 1.8379 1.4973 0.7288 0.4991 0.4119 0.3677 0.3403 0.3170 0.2995 0.2843 0.2670 0.2592 0.2474 0.2382 0.2298 0.2213 0.2156 0.2091 0.1995 0.1979 0.1913 0.1883 0.1822 0.1791 0.1755 0.1732 0.1687 0.1650 0.1606 0.1573 0.1573 0.1513 0.1471 0.1509 0.1467 0.1422 0.1393 0.1372 0.1395 0.1343 0.1314 0.1286 0.1255 0.1267 0.1228 0.1237 0.1195 0.1200 0.1194 0.1149 0.1161 0.1131 0.1131 0.1100 0.1095 0.1088 0.1074 0.1040 0.1045 0.1019 0.1027 0.1000 0.1028 0.0987 0.0968 0.0971 0.0951 0.0949 0.0947 0.0951 0.0900 0.0919 0.0883 0.0883 0.0907 0.0873 0.0867 0.0857 0.0843 0.0850 0.0840 0.0813 0.0809 0.0790 0.0803 0.0802 0.0797 0.0785 0.0758 0.0778 0.0787 0.0775 0.0757 0.0764 0.0735 0.0753 0.0737 0.0749 0.0733]
