train_acc,valid_acc,test_acc,train_loss,valid_loss,train_aug_loss
0.9913648366928101,0.9620535969734192,0.959094226360321,[2.8155 0.9267 0.4475 0.3528 0.2992 0.3066 0.2661 0.2327 0.2178 0.2556 0.2244 0.2305 0.1999 0.1813 0.1706 0.1785 0.1463 0.2177 0.2319 0.1816 0.1590 0.1631 0.1457 0.1592 0.1303 0.1127 0.1467 0.1762 0.1317 0.0875 0.1121 0.1327 0.1149 0.1238 0.0968 0.1205 0.0977 0.1204 0.1008 0.0664 0.0793 0.0773 0.0800 0.0833 0.0821 0.0864 0.0958 0.0968 0.0580 0.0849 0.0842 0.0635 0.0605 0.0663 0.0551 0.0742 0.0415 0.0490 0.0423 0.1022 0.0593 0.0380 0.0606 0.0523 0.0721 0.0383 0.0772 0.0379 0.0406 0.0361 0.0623 0.0423 0.0421 0.0581 0.0446 0.0355 0.0395 0.0420 0.0623 0.0471 0.0234 0.0504 0.0341 0.0270 0.0531 0.0262 0.0437 0.0342 0.0221 0.0215 0.0266 0.0487 0.0284 0.0451 0.0219 0.0317 0.0417 0.0274 0.0253 0.0299],[2.6777 0.9527 0.4568 0.3525 0.3146 0.3251 0.2965 0.2538 0.2530 0.2881 0.2651 0.2776 0.2329 0.2208 0.2259 0.2322 0.1977 0.2709 0.3075 0.2459 0.2220 0.2278 0.2111 0.2362 0.1985 0.1806 0.2320 0.2574 0.2196 0.1667 0.1998 0.2226 0.2049 0.2154 0.1924 0.2258 0.1917 0.2218 0.2074 0.1661 0.1794 0.1742 0.1864 0.1934 0.1940 0.2163 0.2225 0.2157 0.1670 0.2128 0.2117 0.1811 0.1813 0.1855 0.1739 0.1944 0.1573 0.1686 0.1679 0.2554 0.1968 0.1681 0.1988 0.1879 0.2188 0.1678 0.2184 0.1714 0.1841 0.1619 0.2065 0.1774 0.1882 0.2137 0.1998 0.1835 0.1812 0.1877 0.2238 0.2079 0.1547 0.2172 0.1911 0.1691 0.2232 0.1749 0.2113 0.1954 0.1716 0.1807 0.1875 0.2330 0.1833 0.2254 0.1666 0.2046 0.2142 0.1955 0.1788 0.1984],[1.9066 1.1021 0.5570 0.4335 0.3743 0.3345 0.3064 0.2850 0.2700 0.2565 0.2435 0.2311 0.2211 0.2129 0.2082 0.1991 0.1945 0.1883 0.1818 0.1775 0.1742 0.1690 0.1645 0.1572 0.1571 0.1510 0.1506 0.1496 0.1426 0.1413 0.1401 0.1318 0.1324 0.1306 0.1290 0.1275 0.1215 0.1208 0.1221 0.1180 0.1163 0.1143 0.1121 0.1099 0.1117 0.1092 0.1053 0.1060 0.1019 0.0987 0.1032 0.0982 0.0957 0.0984 0.0980 0.0946 0.0922 0.0937 0.0883 0.0882 0.0887 0.0875 0.0844 0.0874 0.0826 0.0853 0.0829 0.0801 0.0830 0.0805 0.0784 0.0788 0.0775 0.0754 0.0760 0.0751 0.0749 0.0717 0.0755 0.0719 0.0708 0.0682 0.0724 0.0709 0.0678 0.0683 0.0661 0.0666 0.0676 0.0636 0.0661 0.0634 0.0649 0.0625 0.0638 0.0637 0.0622 0.0606 0.0628 0.0589]
