train_acc,valid_acc,test_acc,train_loss,valid_loss,train_aug_loss
0.9843040704727173,0.9598214030265808,0.9653031229972839,[1.8514 1.2155 0.3553 0.2291 0.2284 0.2044 0.1769 0.2358 0.1580 0.1510 0.1363 0.1607 0.1375 0.1202 0.1174 0.1487 0.1269 0.1086 0.1078 0.1029 0.1237 0.1176 0.1064 0.0990 0.0978 0.0991 0.0981 0.0911 0.1117 0.1050 0.0715 0.0802 0.0865 0.0819 0.0787 0.1047 0.0810 0.0741 0.0758 0.0885 0.0755 0.0721 0.0799 0.0691 0.0725 0.0781 0.0712 0.0662 0.0702 0.0543],[1.9027 1.3076 0.4305 0.2645 0.2693 0.2544 0.2324 0.3034 0.1927 0.2052 0.1846 0.2181 0.1921 0.1744 0.1746 0.2019 0.1795 0.1563 0.1577 0.1673 0.1762 0.1627 0.1664 0.1557 0.1604 0.1536 0.1578 0.1533 0.1656 0.1653 0.1478 0.1417 0.1487 0.1517 0.1533 0.1662 0.1570 0.1507 0.1495 0.1539 0.1567 0.1478 0.1531 0.1428 0.1511 0.1446 0.1433 0.1542 0.1452 0.1315],[1.9543 1.4761 0.6201 0.4540 0.3878 0.3500 0.3254 0.3112 0.2931 0.2816 0.2724 0.2661 0.2584 0.2507 0.2447 0.2385 0.2341 0.2276 0.2245 0.2223 0.2184 0.2117 0.2099 0.2052 0.2028 0.2015 0.1998 0.1952 0.1923 0.1884 0.1877 0.1879 0.1821 0.1809 0.1796 0.1806 0.1784 0.1750 0.1686 0.1731 0.1712 0.1720 0.1694 0.1661 0.1643 0.1648 0.1625 0.1612 0.1596 0.1604]
