train_acc,valid_acc,test_acc,train_loss,valid_loss,train_aug_loss
0.9873846173286438,0.9614447951316833,0.9620160460472107,[2.0268 4.1876 4.9360 3.1703 0.6482 0.5315 0.2919 0.2435 0.2660 0.2042 0.1799 0.1814 0.1843 0.1659 0.1471 0.1352 0.1585 0.1305 0.1326 0.1198 0.1254 0.1122 0.1210 0.1045 0.1025 0.0952 0.0977 0.0947 0.0908 0.0966 0.0875 0.0920 0.0916 0.0884 0.0814 0.0868 0.0755 0.0732 0.0772 0.0719 0.0736 0.0763 0.0744 0.0636 0.0724 0.0685 0.0662 0.0620 0.0643 0.0628 0.0652 0.0581 0.0562 0.0556 0.0533 0.0577 0.0565 0.0628 0.0557 0.0516 0.0485 0.0557 0.0490 0.0479 0.0499 0.0443 0.0493 0.0416 0.0472 0.0461 0.0457 0.0416 0.0452 0.0447 0.0427 0.0413 0.0408 0.0391 0.0396 0.0405 0.0401 0.0373 0.0381 0.0415 0.0401 0.0351 0.0378 0.0428 0.0354 0.0367 0.0322 0.0383 0.0335 0.0332 0.0349 0.0345 0.0367 0.0347 0.0300 0.0347],[2.0243 3.8321 4.4356 3.0106 0.7533 0.6311 0.3183 0.2830 0.3098 0.2389 0.2213 0.2188 0.2355 0.2237 0.1932 0.1834 0.1997 0.1883 0.1869 0.1787 0.1781 0.1723 0.1921 0.1643 0.1590 0.1512 0.1603 0.1569 0.1544 0.1674 0.1502 0.1582 0.1600 0.1571 0.1491 0.1473 0.1435 0.1479 0.1497 0.1478 0.1528 0.1528 0.1454 0.1394 0.1508 0.1400 0.1427 0.1375 0.1393 0.1435 0.1507 0.1446 0.1405 0.1362 0.1297 0.1483 0.1461 0.1613 0.1472 0.1419 0.1378 0.1473 0.1344 0.1370 0.1399 0.1295 0.1410 0.1321 0.1388 0.1371 0.1311 0.1359 0.1372 0.1410 0.1385 0.1357 0.1380 0.1349 0.1272 0.1349 0.1504 0.1373 0.1344 0.1394 0.1409 0.1406 0.1400 0.1467 0.1349 0.1380 0.1330 0.1438 0.1373 0.1345 0.1444 0.1409 0.1390 0.1389 0.1374 0.1473],[2.0858 1.8622 1.7775 1.4943 0.8499 0.5853 0.4858 0.4343 0.3999 0.3762 0.3522 0.3341 0.3208 0.3100 0.2981 0.2873 0.2791 0.2698 0.2648 0.2545 0.2484 0.2435 0.2413 0.2294 0.2288 0.2241 0.2185 0.2146 0.2119 0.2055 0.2038 0.2020 0.1996 0.1957 0.1944 0.1878 0.1880 0.1800 0.1829 0.1787 0.1762 0.1742 0.1688 0.1720 0.1671 0.1687 0.1662 0.1635 0.1627 0.1567 0.1592 0.1544 0.1554 0.1520 0.1518 0.1502 0.1488 0.1462 0.1458 0.1442 0.1401 0.1425 0.1400 0.1378 0.1382 0.1364 0.1361 0.1338 0.1358 0.1323 0.1329 0.1289 0.1314 0.1313 0.1258 0.1297 0.1268 0.1229 0.1251 0.1255 0.1231 0.1223 0.1235 0.1213 0.1185 0.1192 0.1158 0.1166 0.1180 0.1162 0.1162 0.1141 0.1133 0.1138 0.1100 0.1138 0.1132 0.1127 0.1092 0.1100]
