train_acc,valid_acc,test_acc,train_loss,valid_loss,train_aug_loss
0.9828958511352539,0.963676929473877,0.9654857516288757,[3.3993 0.4214 0.2950 0.2674 0.2295 0.2408 0.2975 0.1190 0.2058 0.1416 0.1939 0.1400 0.1673 0.2383 0.0972 0.0704 0.0912 0.2119 0.0679 0.1011 0.1162 0.1425 0.0694 0.0527 0.1094 0.1726 0.0705 0.1252 0.0846 0.0982 0.0705 0.0653 0.0526 0.0508 0.0557 0.0603 0.1318 0.0905 0.1824 0.0554 0.0725 0.1155 0.0649 0.0642 0.0856 0.0606 0.0486 0.0523 0.0533 0.0433],[3.1123 0.4081 0.2927 0.2690 0.2495 0.2574 0.3011 0.1480 0.2365 0.1728 0.2346 0.1780 0.2138 0.2896 0.1591 0.1267 0.1436 0.2732 0.1238 0.1698 0.1825 0.2235 0.1413 0.1187 0.1843 0.2524 0.1520 0.1999 0.1653 0.1847 0.1615 0.1434 0.1457 0.1478 0.1446 0.1538 0.2354 0.1891 0.2931 0.1597 0.1742 0.2115 0.1616 0.1687 0.1915 0.1656 0.1566 0.1475 0.1575 0.1401],[1.7564 0.5697 0.3647 0.3103 0.2807 0.2616 0.2387 0.2300 0.2175 0.2107 0.1983 0.1959 0.1831 0.1832 0.1789 0.1738 0.1692 0.1646 0.1611 0.1569 0.1553 0.1499 0.1463 0.1446 0.1435 0.1398 0.1381 0.1345 0.1317 0.1293 0.1304 0.1280 0.1245 0.1223 0.1204 0.1209 0.1175 0.1163 0.1141 0.1121 0.1138 0.1118 0.1081 0.1094 0.1089 0.1040 0.1044 0.1032 0.1016 0.1024]
