train_acc,valid_acc,test_acc,train_loss,valid_loss,train_aug_loss
0.9827296137809753,0.9614447951316833,0.9612855911254883,[1.8078 1.0312 0.4064 0.2526 0.2195 0.1800 0.2970 0.2175 0.1403 0.2149 0.1646 0.1292 0.1231 0.1411 0.1889 0.1215 0.1393 0.1112 0.1493 0.0991 0.1200 0.1172 0.0745 0.1117 0.1621 0.0853 0.1197 0.1141 0.0877 0.0783 0.0777 0.0758 0.0754 0.0774 0.0626 0.0587 0.0620 0.0818 0.0713 0.0855 0.0709 0.0559 0.0889 0.0818 0.0760 0.0652 0.0594 0.1054 0.0880 0.0549],[1.8288 0.9570 0.4101 0.2739 0.2421 0.2047 0.3069 0.2536 0.1866 0.2652 0.2098 0.1810 0.1769 0.1915 0.2448 0.1744 0.2018 0.1721 0.2071 0.1576 0.1867 0.1800 0.1451 0.1775 0.2252 0.1482 0.1846 0.1897 0.1572 0.1431 0.1421 0.1459 0.1504 0.1518 0.1397 0.1390 0.1384 0.1602 0.1527 0.1625 0.1519 0.1386 0.1717 0.1698 0.1636 0.1446 0.1405 0.2041 0.1767 0.1365],[1.8233 0.9377 0.5646 0.4617 0.4033 0.3778 0.3449 0.3301 0.3103 0.3014 0.2950 0.2786 0.2708 0.2675 0.2570 0.2554 0.2447 0.2441 0.2359 0.2343 0.2295 0.2307 0.2198 0.2188 0.2156 0.2110 0.2113 0.2074 0.2038 0.2027 0.1983 0.1933 0.1946 0.1916 0.1911 0.1868 0.1865 0.1826 0.1836 0.1804 0.1791 0.1805 0.1787 0.1754 0.1746 0.1680 0.1716 0.1675 0.1656 0.1650]
