train_acc,valid_acc,test_acc,train_loss,valid_loss,train_aug_loss
0.9798740148544312,0.9642857313156128,0.9565376043319702,[1.9852 1.4891 0.5833 0.3282 0.3323 0.2740 0.1978 0.2022 0.2624 0.2144 0.2556 0.2156 0.2374 0.1678 0.2471 0.1715 0.1372 0.1337 0.1031 0.1415 0.1401 0.2078 0.1076 0.1058 0.1677 0.1608 0.1240 0.1407 0.1198 0.1189 0.1574 0.1028 0.0934 0.0994 0.1166 0.0917 0.0699 0.0937 0.1178 0.0755 0.0955 0.1416 0.0969 0.1101 0.1014 0.1036 0.0779 0.0934 0.1050 0.1003],[1.9619 1.3126 0.5467 0.3222 0.3186 0.2800 0.2132 0.2187 0.2692 0.2294 0.2543 0.2287 0.2573 0.1926 0.2621 0.1959 0.1615 0.1582 0.1441 0.1680 0.1739 0.2367 0.1510 0.1586 0.2029 0.1930 0.1589 0.1720 0.1614 0.1635 0.1939 0.1435 0.1408 0.1533 0.1625 0.1451 0.1233 0.1442 0.1630 0.1253 0.1447 0.1835 0.1545 0.1526 0.1496 0.1656 0.1286 0.1403 0.1623 0.1477],[1.9163 1.4371 0.8504 0.6051 0.5027 0.4502 0.4042 0.3824 0.3577 0.3434 0.3233 0.3143 0.3003 0.2925 0.2866 0.2772 0.2685 0.2624 0.2590 0.2527 0.2516 0.2410 0.2402 0.2329 0.2322 0.2266 0.2226 0.2189 0.2128 0.2135 0.2096 0.2076 0.2070 0.2014 0.2031 0.1991 0.1946 0.1918 0.1924 0.1916 0.1886 0.1849 0.1838 0.1818 0.1834 0.1798 0.1778 0.1753 0.1767 0.1741]
