train_acc,valid_acc,test_acc,train_loss,valid_loss,train_aug_loss
0.9856006503105164,0.9711573719978333,0.9457274675369263,[2.0589 1.8902 1.8456 1.9221 1.5196 0.9254 0.4743 0.4163 0.3432 0.3099 0.2752 0.2513 0.2454 0.2278 0.2070 0.2070 0.2113 0.1983 0.1764 0.1661 0.1801 0.1586 0.1641 0.1623 0.1608 0.1449 0.1363 0.1349 0.1265 0.1249 0.1266 0.1219 0.1221 0.1181 0.1151 0.1138 0.1145 0.1100 0.0993 0.0963 0.0955 0.1031 0.0918 0.0940 0.0919 0.0880 0.0953 0.0867 0.0855 0.0779 0.0774 0.0860 0.0838 0.0762 0.0761 0.0783 0.0758 0.0764 0.0735 0.0737 0.0708 0.0714 0.0732 0.0727 0.0710 0.0681 0.0652 0.0636 0.0680 0.0582 0.0585 0.0627 0.0584 0.0601 0.0550 0.0546 0.0572 0.0565 0.0496 0.0554 0.0530 0.0505 0.0539 0.0502 0.0480 0.0501 0.0483 0.0444 0.0526 0.0455 0.0490 0.0481 0.0450 0.0445 0.0461 0.0459 0.0435 0.0451 0.0423 0.0396],[2.0577 1.8789 1.8525 1.9635 1.5505 0.9268 0.5226 0.4812 0.3922 0.3414 0.2996 0.2694 0.2748 0.2489 0.2241 0.2237 0.2320 0.2161 0.1929 0.1843 0.2101 0.1755 0.1847 0.1868 0.1918 0.1624 0.1586 0.1587 0.1484 0.1479 0.1524 0.1505 0.1554 0.1454 0.1445 0.1383 0.1500 0.1406 0.1282 0.1230 0.1259 0.1411 0.1220 0.1253 0.1206 0.1188 0.1348 0.1282 0.1201 0.1131 0.1116 0.1301 0.1243 0.1179 0.1129 0.1183 0.1170 0.1135 0.1118 0.1110 0.1202 0.1163 0.1217 0.1191 0.1167 0.1114 0.1119 0.1096 0.1162 0.1026 0.1090 0.1157 0.1043 0.1111 0.0976 0.1016 0.1068 0.1021 0.0944 0.1033 0.1054 0.0970 0.1103 0.0942 0.0950 0.0978 0.0988 0.0919 0.1104 0.0987 0.1044 0.1092 0.0988 0.1000 0.1021 0.1051 0.0968 0.1075 0.0983 0.0947],[2.1785 1.9789 1.8820 1.8238 1.6137 1.2146 0.9138 0.7132 0.6130 0.5432 0.4928 0.4568 0.4276 0.4021 0.3791 0.3621 0.3470 0.3285 0.3191 0.3100 0.2983 0.2908 0.2830 0.2743 0.2659 0.2589 0.2560 0.2458 0.2417 0.2375 0.2336 0.2300 0.2247 0.2192 0.2163 0.2139 0.2077 0.2063 0.2020 0.1989 0.1971 0.1930 0.1891 0.1885 0.1844 0.1830 0.1789 0.1808 0.1737 0.1730 0.1712 0.1693 0.1649 0.1638 0.1626 0.1610 0.1578 0.1581 0.1553 0.1539 0.1520 0.1502 0.1497 0.1468 0.1457 0.1455 0.1435 0.1398 0.1403 0.1401 0.1364 0.1356 0.1352 0.1336 0.1333 0.1319 0.1306 0.1279 0.1294 0.1288 0.1264 0.1231 0.1227 0.1238 0.1230 0.1195 0.1204 0.1186 0.1190 0.1180 0.1164 0.1140 0.1156 0.1130 0.1128 0.1117 0.1090 0.1108 0.1091 0.1093]
