train_acc,valid_acc,test_acc,train_loss,valid_loss,train_aug_loss
0.9872868061065674,0.9693587422370911,0.9600073099136353,[2.0623 1.0799 0.5279 0.4812 0.4012 0.3903 0.4143 0.3162 0.4319 0.3268 0.3606 0.3722 0.4186 0.3509 0.2506 0.2915 0.2926 0.2947 0.2221 0.2545 0.2574 0.2612 0.2518 0.2056 0.2198 0.1729 0.1911 0.2157 0.1752 0.1983 0.1996 0.1438 0.1656 0.1637 0.1806 0.1428 0.2173 0.1691 0.1402 0.1432 0.1515 0.1237 0.1453 0.1230 0.1597 0.1177 0.1381 0.1561 0.1179 0.1577 0.0942 0.1719 0.1338 0.1460 0.1171 0.1117 0.1108 0.1441 0.1014 0.0912 0.0886 0.1066 0.0998 0.0805 0.1655 0.0994 0.0943 0.0739 0.1076 0.0923 0.0782 0.0981 0.1053 0.0785 0.0859 0.0875 0.0765 0.0749 0.0604 0.1002 0.0916 0.0753 0.0839 0.0876 0.1034 0.0789 0.0667 0.1231 0.0946 0.0649 0.0734 0.1017 0.0832 0.0504 0.0702 0.0845 0.0744 0.0614 0.0906 0.0865],[1.8174 1.0024 0.5391 0.4593 0.4202 0.3850 0.4053 0.3426 0.3971 0.3343 0.3508 0.3611 0.3984 0.3500 0.2596 0.2954 0.3132 0.3094 0.2426 0.2605 0.2670 0.2739 0.2673 0.2315 0.2388 0.2150 0.2198 0.2286 0.2106 0.2290 0.2357 0.1812 0.1960 0.1976 0.2208 0.1829 0.2453 0.2045 0.1801 0.1812 0.1868 0.1576 0.1827 0.1614 0.1948 0.1584 0.1723 0.1926 0.1612 0.1981 0.1408 0.2146 0.1808 0.1912 0.1635 0.1574 0.1578 0.1959 0.1515 0.1428 0.1350 0.1487 0.1526 0.1356 0.2241 0.1509 0.1456 0.1281 0.1583 0.1443 0.1277 0.1488 0.1625 0.1362 0.1405 0.1401 0.1332 0.1308 0.1169 0.1609 0.1453 0.1340 0.1440 0.1497 0.1642 0.1366 0.1251 0.1874 0.1564 0.1293 0.1339 0.1645 0.1428 0.1121 0.1282 0.1513 0.1404 0.1215 0.1535 0.1481],[1.8066 1.3626 0.9379 0.7339 0.6359 0.5712 0.5269 0.4911 0.4621 0.4453 0.4212 0.4134 0.3946 0.3842 0.3687 0.3631 0.3553 0.3441 0.3332 0.3295 0.3204 0.3105 0.3014 0.2947 0.2927 0.2875 0.2810 0.2734 0.2645 0.2616 0.2568 0.2546 0.2505 0.2439 0.2456 0.2371 0.2353 0.2314 0.2315 0.2252 0.2234 0.2230 0.2210 0.2141 0.2125 0.2107 0.2073 0.2068 0.2053 0.2013 0.1982 0.2005 0.1986 0.1924 0.1929 0.1872 0.1869 0.1880 0.1876 0.1820 0.1811 0.1807 0.1762 0.1789 0.1758 0.1764 0.1713 0.1719 0.1715 0.1718 0.1684 0.1679 0.1662 0.1622 0.1621 0.1633 0.1653 0.1603 0.1625 0.1593 0.1615 0.1607 0.1564 0.1537 0.1524 0.1537 0.1554 0.1518 0.1501 0.1548 0.1511 0.1495 0.1514 0.1469 0.1463 0.1469 0.1447 0.1452 0.1484 0.1454]
