train_acc,valid_acc,test_acc,train_loss,valid_loss,train_aug_loss
0.9757471680641174,0.9571834206581116,0.9581811428070068,[2.0161 3.2412 3.0953 0.5337 0.4465 0.3258 0.2852 0.2717 0.2383 0.2408 0.2159 0.2303 0.2006 0.2222 0.1838 0.1834 0.1411 0.1605 0.1552 0.1582 0.1424 0.1368 0.1283 0.1327 0.1503 0.1189 0.1254 0.1158 0.1295 0.1283 0.1059 0.1004 0.1067 0.1231 0.1189 0.0927 0.1188 0.1123 0.0973 0.0976 0.0884 0.1121 0.0922 0.1066 0.0859 0.1157 0.1045 0.0919 0.1011 0.0733 0.1047 0.0846 0.0825 0.0655 0.0693 0.0843 0.0685 0.0759 0.0684 0.0783 0.0694 0.0776 0.0742 0.0855 0.0656 0.0688 0.0616 0.0660 0.0646 0.0785 0.0697 0.0527 0.0559 0.0734 0.0629 0.0601 0.0562 0.0469 0.0588 0.0607 0.0661 0.0587 0.0550 0.0554 0.0558 0.0564 0.0493 0.0376 0.0476 0.0520 0.0437 0.0428 0.0533 0.0369 0.0396 0.0451 0.0390 0.0484 0.0488 0.0459],[2.0096 3.0529 3.0178 0.5423 0.4796 0.3370 0.3113 0.2812 0.2595 0.2605 0.2540 0.2515 0.2254 0.2545 0.2188 0.2200 0.1808 0.1902 0.2060 0.2111 0.1749 0.1813 0.1752 0.1907 0.2049 0.1742 0.1763 0.1737 0.1946 0.2000 0.1682 0.1636 0.1707 0.1941 0.2024 0.1674 0.1993 0.1882 0.1815 0.1779 0.1645 0.1913 0.1749 0.2001 0.1704 0.2130 0.1937 0.1683 0.1920 0.1558 0.1978 0.1723 0.1694 0.1573 0.1547 0.1760 0.1600 0.1669 0.1638 0.1757 0.1710 0.1775 0.1785 0.2174 0.1614 0.1830 0.1649 0.1693 0.1725 0.1915 0.1846 0.1622 0.1680 0.1859 0.1794 0.1705 0.1824 0.1638 0.1729 0.1936 0.1837 0.1763 0.1729 0.1875 0.1869 0.1866 0.1704 0.1604 0.1720 0.1716 0.1792 0.1580 0.1864 0.1579 0.1560 0.1835 0.1739 0.1820 0.1878 0.1796],[2.0814 1.8656 1.7000 0.9973 0.6019 0.4901 0.4293 0.3860 0.3576 0.3348 0.3171 0.3051 0.2913 0.2771 0.2714 0.2585 0.2534 0.2438 0.2369 0.2292 0.2246 0.2212 0.2127 0.2063 0.2042 0.1990 0.1972 0.1935 0.1898 0.1855 0.1836 0.1782 0.1742 0.1707 0.1675 0.1657 0.1639 0.1598 0.1581 0.1580 0.1557 0.1556 0.1509 0.1467 0.1458 0.1447 0.1406 0.1417 0.1397 0.1402 0.1373 0.1358 0.1353 0.1314 0.1301 0.1313 0.1294 0.1255 0.1248 0.1245 0.1228 0.1207 0.1180 0.1175 0.1177 0.1166 0.1167 0.1156 0.1152 0.1123 0.1126 0.1120 0.1102 0.1053 0.1081 0.1076 0.1054 0.1091 0.1067 0.1032 0.1063 0.1011 0.1013 0.0986 0.1005 0.0975 0.0970 0.0980 0.0953 0.0946 0.0950 0.0954 0.0945 0.0946 0.0917 0.0919 0.0911 0.0886 0.0894 0.0914]
