train_acc,valid_acc,test_acc,train_loss,valid_loss,train_aug_loss
0.9843334555625916,0.9644886255264282,0.9607377648353577,[2.2376 0.6698 0.2940 0.2042 0.2403 0.1893 0.1690 0.1849 0.1347 0.1426 0.1427 0.1163 0.1445 0.1195 0.1202 0.1309 0.1027 0.0999 0.0921 0.1006 0.1033 0.0984 0.1000 0.1031 0.0968 0.0947 0.0925 0.0844 0.0848 0.0871 0.0823 0.0858 0.0764 0.0787 0.0919 0.0743 0.0895 0.0658 0.0784 0.0725 0.0691 0.0638 0.0734 0.0750 0.0924 0.0548 0.0680 0.0476 0.0618 0.0714],[2.1999 0.7255 0.3255 0.2289 0.2813 0.1912 0.2025 0.2154 0.1708 0.1768 0.1795 0.1555 0.1791 0.1609 0.1612 0.1621 0.1399 0.1364 0.1325 0.1504 0.1551 0.1491 0.1544 0.1557 0.1509 0.1538 0.1493 0.1416 0.1381 0.1393 0.1470 0.1472 0.1436 0.1564 0.1621 0.1387 0.1612 0.1481 0.1493 0.1507 0.1396 0.1349 0.1512 0.1555 0.1804 0.1246 0.1446 0.1202 0.1378 0.1506],[1.9444 1.1838 0.5089 0.3991 0.3535 0.3246 0.3004 0.2820 0.2689 0.2549 0.2460 0.2410 0.2333 0.2214 0.2158 0.2094 0.2058 0.2037 0.1990 0.1909 0.1932 0.1866 0.1820 0.1820 0.1763 0.1721 0.1744 0.1717 0.1654 0.1636 0.1639 0.1612 0.1610 0.1542 0.1531 0.1510 0.1505 0.1487 0.1456 0.1437 0.1426 0.1411 0.1367 0.1377 0.1381 0.1362 0.1382 0.1319 0.1318 0.1295]
