train_acc,valid_acc,test_acc,train_loss,valid_loss,train_aug_loss
0.9809008836746216,0.9592126607894897,0.9587290287017822,[2.3590 0.7454 0.2975 0.3436 0.1988 0.1907 0.1851 0.1901 0.1892 0.1501 0.1841 0.1639 0.1501 0.1169 0.1775 0.1201 0.1209 0.1288 0.1060 0.1129 0.1185 0.0912 0.1109 0.0971 0.1249 0.1019 0.1347 0.1616 0.0751 0.0730 0.0841 0.1080 0.0946 0.1204 0.0951 0.1144 0.1007 0.1026 0.0771 0.0705 0.0647 0.0590 0.0810 0.0660 0.0802 0.0660 0.0615 0.0986 0.0852 0.0927],[2.4702 0.7012 0.3106 0.3421 0.2123 0.2241 0.2028 0.2095 0.2240 0.1851 0.2073 0.2025 0.1842 0.1584 0.2090 0.1543 0.1656 0.1672 0.1509 0.1507 0.1576 0.1373 0.1557 0.1436 0.1775 0.1465 0.1960 0.2103 0.1347 0.1284 0.1346 0.1635 0.1499 0.1759 0.1495 0.1656 0.1540 0.1607 0.1349 0.1317 0.1220 0.1201 0.1477 0.1236 0.1446 0.1208 0.1182 0.1646 0.1446 0.1560],[1.7510 0.9330 0.5590 0.4596 0.4066 0.3700 0.3505 0.3334 0.3209 0.3046 0.2964 0.2876 0.2804 0.2723 0.2617 0.2606 0.2554 0.2541 0.2441 0.2429 0.2362 0.2307 0.2297 0.2279 0.2223 0.2203 0.2122 0.2148 0.2088 0.2101 0.2053 0.2027 0.2010 0.1985 0.1958 0.1926 0.1954 0.1909 0.1902 0.1847 0.1879 0.1849 0.1850 0.1809 0.1816 0.1770 0.1786 0.1773 0.1735 0.1723]
