train_acc,valid_acc,test_acc,train_loss,valid_loss,train_aug_loss
0.984020471572876,0.961850643157959,0.9662162065505981,[2.1998 1.2245 0.7820 0.4584 0.4661 0.3963 0.4897 0.3341 0.4146 0.2809 0.2788 0.2791 0.3529 0.3252 0.3170 0.2180 0.3375 0.2550 0.2743 0.2962 0.2339 0.2041 0.2154 0.2474 0.2210 0.2274 0.1614 0.1938 0.1847 0.2376 0.1679 0.1538 0.1952 0.1716 0.1520 0.1728 0.2264 0.1392 0.1570 0.1296 0.1660 0.1433 0.1035 0.1420 0.1684 0.1067 0.1714 0.1050 0.1334 0.1097 0.2043 0.1067 0.1223 0.0958 0.1185 0.1418 0.1240 0.1083 0.1075 0.0780 0.1113 0.1262 0.0942 0.0873 0.0887 0.1025 0.1133 0.0970 0.1372 0.1077 0.0993 0.1303 0.1242 0.0846 0.1218 0.0834 0.0782 0.0821 0.0823 0.0996 0.1072 0.1004 0.0873 0.0734 0.0964 0.0599 0.1177 0.0660 0.1002 0.0666 0.0912 0.0756 0.0641 0.0982 0.0624 0.0740 0.0742 0.1194 0.1020 0.0643],[2.1130 1.0925 0.7443 0.4577 0.4396 0.4069 0.4655 0.3771 0.4086 0.3162 0.3100 0.3068 0.3504 0.3351 0.3204 0.2356 0.3371 0.2892 0.2892 0.3235 0.2549 0.2599 0.2652 0.2697 0.2512 0.2526 0.2123 0.2264 0.2145 0.2627 0.2097 0.1945 0.2216 0.2044 0.1914 0.2028 0.2524 0.1828 0.1937 0.1676 0.1987 0.1873 0.1476 0.1887 0.2053 0.1511 0.2132 0.1554 0.1790 0.1561 0.2479 0.1563 0.1660 0.1405 0.1715 0.1917 0.1781 0.1591 0.1601 0.1361 0.1610 0.1761 0.1477 0.1395 0.1424 0.1559 0.1686 0.1528 0.1928 0.1665 0.1566 0.1921 0.1815 0.1450 0.1805 0.1466 0.1414 0.1384 0.1508 0.1603 0.1695 0.1608 0.1553 0.1373 0.1542 0.1214 0.1830 0.1402 0.1705 0.1314 0.1575 0.1400 0.1312 0.1734 0.1289 0.1451 0.1389 0.1958 0.1661 0.1311],[1.8217 1.4109 0.9800 0.7811 0.6718 0.6030 0.5500 0.5115 0.4799 0.4567 0.4361 0.4201 0.4065 0.3850 0.3793 0.3665 0.3492 0.3406 0.3306 0.3240 0.3205 0.3075 0.3032 0.2988 0.2924 0.2880 0.2818 0.2729 0.2695 0.2669 0.2604 0.2587 0.2589 0.2498 0.2475 0.2421 0.2411 0.2370 0.2362 0.2303 0.2295 0.2260 0.2190 0.2246 0.2180 0.2166 0.2121 0.2140 0.2099 0.2061 0.2087 0.2017 0.1974 0.1982 0.2002 0.1951 0.1950 0.1935 0.1931 0.1905 0.1900 0.1862 0.1872 0.1839 0.1807 0.1825 0.1820 0.1761 0.1782 0.1765 0.1743 0.1748 0.1717 0.1730 0.1730 0.1703 0.1708 0.1659 0.1640 0.1678 0.1669 0.1624 0.1628 0.1622 0.1614 0.1602 0.1613 0.1576 0.1580 0.1555 0.1546 0.1549 0.1537 0.1515 0.1553 0.1538 0.1507 0.1488 0.1505 0.1493]
