train_acc,valid_acc,test_acc,train_loss,valid_loss,train_aug_loss
0.9823971390724182,0.9655032753944397,0.9600073099136353,[2.8647 0.4267 0.2194 0.3048 0.2314 0.1579 0.1316 0.2793 0.1075 0.1581 0.1953 0.1837 0.1289 0.1440 0.1238 0.1513 0.0842 0.0828 0.1209 0.0783 0.0997 0.0854 0.0993 0.1019 0.0833 0.0718 0.0898 0.0753 0.0845 0.0831 0.0727 0.0605 0.0833 0.0667 0.0799 0.0624 0.0830 0.0736 0.0668 0.0574 0.0599 0.0649 0.0533 0.0630 0.0717 0.0540 0.0535 0.0674 0.0786 0.0750],[2.6230 0.4376 0.2425 0.3117 0.2484 0.1888 0.1708 0.2991 0.1560 0.1884 0.2310 0.2135 0.1717 0.1845 0.1692 0.1992 0.1297 0.1391 0.1727 0.1303 0.1527 0.1504 0.1563 0.1656 0.1448 0.1298 0.1547 0.1412 0.1472 0.1469 0.1393 0.1261 0.1502 0.1402 0.1431 0.1241 0.1550 0.1371 0.1298 0.1230 0.1268 0.1302 0.1132 0.1344 0.1390 0.1246 0.1164 0.1373 0.1549 0.1500],[1.4082 0.5797 0.4230 0.3625 0.3317 0.3112 0.2867 0.2749 0.2716 0.2570 0.2496 0.2370 0.2359 0.2320 0.2277 0.2284 0.2227 0.2168 0.2097 0.2063 0.2027 0.2005 0.1993 0.1996 0.1950 0.1938 0.1911 0.1882 0.1868 0.1853 0.1826 0.1827 0.1810 0.1749 0.1769 0.1763 0.1748 0.1725 0.1685 0.1706 0.1694 0.1705 0.1715 0.1669 0.1695 0.1647 0.1636 0.1638 0.1626 0.1609]
