train_acc,valid_acc,test_acc,train_loss,valid_loss,train_aug_loss
0.9905032515525818,0.9645856022834778,0.9517898559570312,[2.3457 0.4277 0.2785 0.2079 0.1709 0.1797 0.1521 0.1348 0.1229 0.1085 0.0981 0.1046 0.0923 0.0885 0.0842 0.0788 0.0744 0.0848 0.0625 0.0575 0.0561 0.0602 0.0634 0.0575 0.0535 0.0542 0.0529 0.0477 0.0477 0.0500 0.0557 0.0437 0.0412 0.0401 0.0360 0.0381 0.0492 0.0338 0.0340 0.0325 0.0285 0.0270 0.0273 0.0276 0.0277 0.0347 0.0302 0.0264 0.0216 0.0264 0.0228 0.0208 0.0227 0.0212 0.0238 0.0260 0.0233 0.0193 0.0171 0.0195 0.0213 0.0220 0.0168 0.0141 0.0218 0.0199 0.0167 0.0130 0.0225 0.0139 0.0157 0.0200 0.0142 0.0117 0.0109 0.0106 0.0121 0.0177 0.0170 0.0158 0.0090 0.0126 0.0094 0.0112 0.0145 0.0085 0.0096 0.0137 0.0095 0.0067 0.0066 0.0142 0.0125 0.0080 0.0085 0.0096 0.0085 0.0115 0.0132 0.0075],[2.3394 0.5060 0.3442 0.2621 0.2158 0.2388 0.2062 0.1873 0.1816 0.1730 0.1569 0.1766 0.1518 0.1576 0.1657 0.1607 0.1393 0.1681 0.1328 0.1233 0.1276 0.1418 0.1430 0.1381 0.1289 0.1456 0.1391 0.1302 0.1431 0.1503 0.1679 0.1385 0.1423 0.1343 0.1286 0.1293 0.1609 0.1252 0.1384 0.1380 0.1192 0.1241 0.1321 0.1353 0.1329 0.1444 0.1437 0.1396 0.1262 0.1393 0.1247 0.1311 0.1429 0.1432 0.1446 0.1697 0.1388 0.1370 0.1372 0.1420 0.1512 0.1627 0.1519 0.1395 0.1808 0.1565 0.1392 0.1377 0.1602 0.1362 0.1455 0.1607 0.1464 0.1432 0.1272 0.1362 0.1545 0.1712 0.1763 0.1729 0.1378 0.1505 0.1367 0.1570 0.1778 0.1411 0.1421 0.1726 0.1426 0.1442 0.1573 0.1817 0.1741 0.1679 0.1625 0.1707 0.1735 0.1823 0.1774 0.1506],[1.8661 0.8039 0.4553 0.3666 0.3254 0.2899 0.2654 0.2498 0.2342 0.2228 0.2115 0.2015 0.1909 0.1831 0.1768 0.1708 0.1649 0.1599 0.1556 0.1492 0.1466 0.1416 0.1363 0.1338 0.1305 0.1279 0.1218 0.1200 0.1207 0.1159 0.1143 0.1106 0.1087 0.1077 0.1071 0.1018 0.1021 0.1004 0.0973 0.0941 0.0931 0.0932 0.0903 0.0893 0.0881 0.0856 0.0867 0.0831 0.0810 0.0821 0.0806 0.0773 0.0775 0.0770 0.0747 0.0740 0.0726 0.0727 0.0717 0.0716 0.0706 0.0697 0.0669 0.0688 0.0653 0.0644 0.0660 0.0630 0.0635 0.0618 0.0613 0.0604 0.0608 0.0597 0.0587 0.0596 0.0569 0.0574 0.0559 0.0544 0.0557 0.0531 0.0533 0.0539 0.0524 0.0518 0.0518 0.0511 0.0504 0.0487 0.0470 0.0495 0.0485 0.0480 0.0467 0.0455 0.0488 0.0455 0.0445 0.0454]
