train_acc,valid_acc,test_acc,train_loss,valid_loss,train_aug_loss
0.981194257736206,0.9608360528945923,0.957998514175415,[2.0676 1.9917 2.6331 2.9497 4.0265 1.5082 0.7572 0.5981 0.5018 0.4403 0.3484 0.3363 0.3010 0.2786 0.2526 0.2454 0.2309 0.2214 0.2257 0.2217 0.1882 0.1964 0.1814 0.1756 0.1860 0.1599 0.1619 0.1631 0.1628 0.1565 0.1472 0.1473 0.1347 0.1539 0.1429 0.1402 0.1397 0.1346 0.1264 0.1301 0.1294 0.1211 0.1208 0.1096 0.1185 0.1080 0.1041 0.1054 0.1027 0.1093 0.0967 0.0995 0.0990 0.1063 0.1021 0.0966 0.1024 0.0949 0.0927 0.0933 0.0954 0.0831 0.0873 0.1007 0.0849 0.0764 0.0973 0.0802 0.0860 0.0823 0.0869 0.0803 0.0760 0.0762 0.0738 0.0759 0.0795 0.0789 0.0763 0.0755 0.0763 0.0687 0.0893 0.0680 0.0743 0.0826 0.0776 0.0683 0.0657 0.0770 0.0720 0.0642 0.0650 0.0693 0.0650 0.0650 0.0631 0.0657 0.0540 0.0569],[2.0636 1.9912 2.5340 2.8365 3.8586 1.4433 0.7682 0.6301 0.5276 0.4751 0.3745 0.3486 0.3366 0.3020 0.2867 0.2861 0.2626 0.2513 0.2594 0.2568 0.2293 0.2387 0.2177 0.2162 0.2350 0.2023 0.2088 0.2113 0.2052 0.2022 0.1928 0.1965 0.1828 0.2148 0.1898 0.1961 0.1838 0.1840 0.1796 0.1868 0.1768 0.1686 0.1752 0.1650 0.1714 0.1548 0.1568 0.1630 0.1561 0.1647 0.1584 0.1621 0.1594 0.1702 0.1666 0.1635 0.1815 0.1514 0.1553 0.1620 0.1594 0.1432 0.1493 0.1683 0.1479 0.1455 0.1758 0.1499 0.1576 0.1475 0.1543 0.1542 0.1457 0.1396 0.1408 0.1468 0.1536 0.1494 0.1540 0.1476 0.1476 0.1438 0.1607 0.1384 0.1478 0.1668 0.1551 0.1450 0.1340 0.1581 0.1535 0.1465 0.1401 0.1516 0.1468 0.1446 0.1461 0.1507 0.1330 0.1409],[2.1795 2.0007 1.8793 1.8137 1.7119 1.3118 0.8278 0.6392 0.5505 0.4918 0.4506 0.4206 0.4001 0.3760 0.3606 0.3496 0.3358 0.3227 0.3112 0.3047 0.2946 0.2832 0.2795 0.2709 0.2626 0.2607 0.2562 0.2486 0.2426 0.2394 0.2358 0.2298 0.2269 0.2215 0.2173 0.2146 0.2110 0.2055 0.2022 0.2037 0.1991 0.1942 0.1930 0.1899 0.1874 0.1865 0.1828 0.1829 0.1805 0.1769 0.1710 0.1717 0.1702 0.1677 0.1656 0.1647 0.1625 0.1613 0.1585 0.1587 0.1571 0.1543 0.1529 0.1482 0.1526 0.1490 0.1462 0.1456 0.1426 0.1461 0.1452 0.1401 0.1378 0.1381 0.1413 0.1388 0.1339 0.1366 0.1330 0.1326 0.1323 0.1322 0.1299 0.1276 0.1293 0.1260 0.1258 0.1220 0.1251 0.1225 0.1215 0.1208 0.1212 0.1209 0.1190 0.1185 0.1167 0.1135 0.1144 0.1133]
