train_acc,valid_acc,test_acc,train_loss,valid_loss,train_aug_loss
0.9856829643249512,0.9673295617103577,0.9654857516288757,[1.6979 1.4774 0.2887 0.2336 0.1877 0.1976 0.2419 0.1909 0.1410 0.2371 0.1213 0.1160 0.1563 0.1439 0.1171 0.1080 0.1108 0.0937 0.1368 0.1114 0.1038 0.1164 0.1083 0.1313 0.1257 0.1173 0.0805 0.0697 0.1141 0.0627 0.0695 0.0897 0.0775 0.0911 0.0577 0.0935 0.0974 0.0727 0.0684 0.0611 0.0786 0.0832 0.0613 0.0835 0.0666 0.0550 0.0471 0.0578 0.0781 0.0499],[1.6742 1.4046 0.2983 0.2608 0.2077 0.2249 0.2638 0.2259 0.1839 0.2728 0.1756 0.1750 0.1909 0.1818 0.1715 0.1559 0.1537 0.1568 0.1963 0.1701 0.1700 0.1754 0.1622 0.1998 0.1955 0.1799 0.1542 0.1410 0.1795 0.1324 0.1523 0.1535 0.1491 0.1633 0.1307 0.1685 0.1745 0.1396 0.1386 0.1316 0.1440 0.1554 0.1338 0.1530 0.1391 0.1290 0.1162 0.1388 0.1651 0.1330],[1.8858 1.0154 0.5796 0.4628 0.4092 0.3701 0.3424 0.3278 0.3133 0.2988 0.2898 0.2806 0.2694 0.2672 0.2579 0.2552 0.2491 0.2430 0.2392 0.2330 0.2302 0.2218 0.2243 0.2187 0.2105 0.2099 0.2104 0.2028 0.2025 0.2001 0.1991 0.1964 0.1929 0.1921 0.1885 0.1915 0.1855 0.1855 0.1787 0.1819 0.1761 0.1755 0.1743 0.1727 0.1726 0.1717 0.1694 0.1683 0.1690 0.1644]
