train_acc,valid_acc,test_acc,train_loss,valid_loss,train_aug_loss
0.979541540145874,0.9608360528945923,0.9563549757003784,[2.2848 0.6622 0.2696 0.2314 0.2027 0.1790 0.2281 0.2402 0.1560 0.1934 0.1932 0.1353 0.1135 0.1358 0.1541 0.1759 0.1567 0.1302 0.1190 0.1558 0.1461 0.1012 0.1373 0.0900 0.1081 0.0950 0.1171 0.0877 0.0874 0.1258 0.1208 0.0961 0.1073 0.0839 0.0729 0.1094 0.0675 0.0902 0.0755 0.0877 0.0995 0.0728 0.0758 0.0669 0.0761 0.0893 0.0872 0.0747 0.0783 0.1014],[2.3544 0.6015 0.2856 0.2553 0.2380 0.2145 0.2598 0.2554 0.1975 0.2263 0.2294 0.1819 0.1551 0.1759 0.1934 0.2191 0.2135 0.1841 0.1730 0.1994 0.2063 0.1639 0.1845 0.1476 0.1598 0.1549 0.1699 0.1489 0.1434 0.1848 0.1813 0.1700 0.1791 0.1398 0.1391 0.1771 0.1354 0.1630 0.1547 0.1538 0.1698 0.1381 0.1461 0.1357 0.1443 0.1585 0.1593 0.1466 0.1570 0.1811],[1.8254 0.9875 0.5895 0.4797 0.4323 0.3943 0.3665 0.3486 0.3288 0.3197 0.3061 0.2955 0.2874 0.2827 0.2709 0.2664 0.2622 0.2564 0.2512 0.2520 0.2440 0.2385 0.2388 0.2276 0.2287 0.2252 0.2222 0.2185 0.2174 0.2131 0.2096 0.2080 0.2081 0.2072 0.2008 0.1994 0.1990 0.1965 0.1955 0.1898 0.1889 0.1907 0.1857 0.1854 0.1851 0.1827 0.1784 0.1804 0.1809 0.1791]
