train_acc,valid_acc,test_acc,train_loss,valid_loss,train_aug_loss
0.9809204339981079,0.9683441519737244,0.9658510088920593,[1.8721 0.5362 0.3847 0.2545 0.2667 0.2690 0.1979 0.1965 0.1902 0.1972 0.1740 0.1398 0.1726 0.1763 0.1252 0.1590 0.1397 0.1268 0.1351 0.1369 0.0920 0.1516 0.1271 0.1227 0.1345 0.1043 0.1208 0.0959 0.1052 0.1053 0.0960 0.1203 0.1163 0.1029 0.0881 0.1286 0.1031 0.1227 0.1002 0.0906 0.1167 0.0994 0.0824 0.1186 0.1026 0.0790 0.0700 0.0836 0.0621 0.0740],[1.8012 0.5509 0.3922 0.2490 0.2946 0.2787 0.2143 0.2158 0.2038 0.2086 0.2073 0.1636 0.1919 0.1918 0.1526 0.1801 0.1668 0.1515 0.1607 0.1695 0.1291 0.1944 0.1600 0.1545 0.1573 0.1374 0.1477 0.1297 0.1378 0.1396 0.1349 0.1547 0.1473 0.1432 0.1300 0.1678 0.1472 0.1647 0.1432 0.1300 0.1526 0.1426 0.1277 0.1604 0.1455 0.1187 0.1188 0.1322 0.1106 0.1170],[1.8764 1.0980 0.5774 0.4597 0.3976 0.3667 0.3406 0.3287 0.3093 0.2995 0.2919 0.2821 0.2705 0.2635 0.2581 0.2555 0.2494 0.2412 0.2420 0.2388 0.2314 0.2317 0.2262 0.2257 0.2212 0.2142 0.2125 0.2111 0.2098 0.2069 0.2071 0.2040 0.1999 0.1949 0.1948 0.1966 0.1925 0.1889 0.1859 0.1839 0.1850 0.1817 0.1840 0.1845 0.1815 0.1780 0.1761 0.1731 0.1737 0.1737]
