train_acc,valid_acc,test_acc,train_loss,valid_loss,train_aug_loss
0.9914204478263855,0.9718875288963318,0.9457274675369263,[3.5485 0.8542 0.7151 0.3144 0.2004 0.1914 0.2188 0.2091 0.2259 0.1652 0.1193 0.1060 0.1373 0.1275 0.1860 0.1099 0.1057 0.1121 0.1304 0.0613 0.0805 0.0664 0.1220 0.1099 0.0532 0.0778 0.0504 0.0931 0.0524 0.0795 0.0523 0.1061 0.0528 0.0468 0.0544 0.0520 0.0506 0.0417 0.0377 0.0435 0.0788 0.0598 0.0417 0.0518 0.0489 0.0322 0.0455 0.0434 0.0323 0.0377 0.0275 0.0467 0.0249 0.0466 0.0301 0.0280 0.0337 0.0354 0.0232 0.0418 0.0835 0.0321 0.0231 0.0184 0.0285 0.0171 0.0232 0.0239 0.0185 0.0214 0.0161 0.0214 0.0163 0.0235 0.0210 0.0187 0.0129 0.0314 0.0375 0.0162 0.0144 0.0232 0.0133 0.0119 0.0135 0.0292 0.0365 0.0161 0.0174 0.0128 0.0179 0.0414 0.0208 0.0180 0.0085 0.0142 0.0071 0.0258 0.0086 0.0209],[3.1803 0.9958 0.8269 0.3573 0.2711 0.2591 0.2860 0.2869 0.2809 0.2222 0.1675 0.1585 0.1808 0.1720 0.2468 0.1756 0.1670 0.1771 0.1795 0.1158 0.1508 0.1310 0.2073 0.1869 0.1106 0.1462 0.1217 0.1805 0.1156 0.1715 0.1265 0.1870 0.1243 0.1222 0.1316 0.1395 0.1321 0.1205 0.1064 0.1166 0.1709 0.1573 0.1240 0.1448 0.1538 0.1093 0.1338 0.1295 0.1177 0.1290 0.1123 0.1592 0.1023 0.1539 0.1233 0.1104 0.1407 0.1362 0.1270 0.1492 0.2108 0.1391 0.1247 0.1149 0.1402 0.1057 0.1316 0.1289 0.1200 0.1331 0.1159 0.1386 0.1211 0.1420 0.1424 0.1439 0.1304 0.1696 0.1765 0.1268 0.1373 0.1581 0.1281 0.1283 0.1364 0.1896 0.2232 0.1510 0.1680 0.1363 0.1591 0.2144 0.1719 0.1693 0.1270 0.1618 0.1212 0.2082 0.1364 0.1755],[1.9180 1.3253 0.5062 0.3697 0.3141 0.2792 0.2559 0.2366 0.2200 0.2091 0.1954 0.1880 0.1806 0.1709 0.1661 0.1592 0.1556 0.1496 0.1454 0.1376 0.1389 0.1341 0.1306 0.1282 0.1248 0.1222 0.1184 0.1157 0.1135 0.1091 0.1077 0.1057 0.1056 0.1028 0.0992 0.0974 0.0974 0.0940 0.0929 0.0921 0.0922 0.0891 0.0865 0.0853 0.0839 0.0831 0.0828 0.0819 0.0801 0.0800 0.0773 0.0759 0.0740 0.0737 0.0725 0.0722 0.0700 0.0699 0.0697 0.0671 0.0669 0.0657 0.0649 0.0646 0.0655 0.0630 0.0613 0.0620 0.0609 0.0584 0.0589 0.0570 0.0581 0.0560 0.0563 0.0561 0.0555 0.0562 0.0554 0.0544 0.0539 0.0521 0.0515 0.0517 0.0493 0.0489 0.0477 0.0485 0.0505 0.0476 0.0483 0.0463 0.0470 0.0446 0.0456 0.0454 0.0438 0.0435 0.0450 0.0441]
