train_acc,valid_acc,test_acc,train_loss,valid_loss,train_aug_loss
0.9789450168609619,0.9622564911842346,0.9642074704170227,[1.8460 1.0847 0.5714 0.3928 0.3560 0.2551 0.2172 0.2162 0.1863 0.2131 0.2256 0.1860 0.1901 0.1829 0.2245 0.1235 0.2552 0.1404 0.1304 0.1936 0.1123 0.1348 0.1814 0.1241 0.0875 0.1036 0.1100 0.1216 0.1186 0.0899 0.1301 0.1153 0.0800 0.1289 0.1063 0.0843 0.0955 0.0815 0.0675 0.0687 0.1007 0.0713 0.1690 0.1213 0.1006 0.1485 0.0897 0.1437 0.0831 0.0858],[1.7552 0.9858 0.5465 0.3927 0.3805 0.2741 0.2573 0.2599 0.2280 0.2504 0.2687 0.2383 0.2248 0.2283 0.2650 0.1793 0.2930 0.1861 0.1871 0.2545 0.1723 0.1882 0.2387 0.1861 0.1472 0.1644 0.1699 0.1754 0.1758 0.1557 0.1964 0.1783 0.1491 0.1897 0.1704 0.1450 0.1586 0.1515 0.1447 0.1382 0.1682 0.1399 0.2412 0.1863 0.1782 0.2154 0.1575 0.2308 0.1536 0.1600],[1.8737 1.2382 0.7652 0.5776 0.4902 0.4412 0.3987 0.3709 0.3499 0.3355 0.3209 0.3091 0.2961 0.2867 0.2796 0.2705 0.2647 0.2545 0.2493 0.2474 0.2438 0.2365 0.2314 0.2266 0.2267 0.2233 0.2145 0.2123 0.2122 0.2081 0.2045 0.2015 0.2024 0.1968 0.1961 0.1912 0.1921 0.1876 0.1849 0.1843 0.1837 0.1815 0.1843 0.1788 0.1749 0.1767 0.1763 0.1714 0.1699 0.1685]
