train_acc,valid_acc,test_acc,train_loss,valid_loss,train_aug_loss
0.9828763008117676,0.9612419009208679,0.9603725075721741,[2.1965 0.8201 0.3458 0.2990 0.2157 0.2809 0.1614 0.1952 0.1681 0.1425 0.1656 0.1262 0.2288 0.1455 0.1557 0.1011 0.1183 0.1008 0.1433 0.1281 0.1239 0.1159 0.0975 0.0835 0.1069 0.0766 0.0984 0.0864 0.1031 0.0950 0.0725 0.0760 0.1018 0.0883 0.0703 0.0813 0.0838 0.0929 0.0806 0.0815 0.0556 0.0958 0.0708 0.0930 0.0606 0.0812 0.0756 0.0659 0.0785 0.0556],[2.2414 0.8416 0.3846 0.3116 0.2467 0.3058 0.2021 0.2266 0.2079 0.1943 0.2107 0.1848 0.2754 0.2055 0.2052 0.1588 0.1743 0.1598 0.1951 0.1952 0.1809 0.1819 0.1612 0.1523 0.1696 0.1491 0.1628 0.1545 0.1692 0.1648 0.1510 0.1491 0.1726 0.1605 0.1407 0.1546 0.1620 0.1732 0.1509 0.1572 0.1301 0.1709 0.1517 0.1762 0.1473 0.1700 0.1523 0.1465 0.1627 0.1309],[1.8012 0.9421 0.5679 0.4586 0.4044 0.3758 0.3514 0.3381 0.3213 0.3104 0.2970 0.2882 0.2787 0.2726 0.2659 0.2608 0.2603 0.2534 0.2460 0.2460 0.2405 0.2334 0.2321 0.2312 0.2233 0.2220 0.2194 0.2178 0.2128 0.2120 0.2058 0.2042 0.2017 0.1999 0.2009 0.1983 0.1936 0.1936 0.1917 0.1882 0.1874 0.1893 0.1857 0.1829 0.1821 0.1786 0.1827 0.1795 0.1770 0.1749]
