train_acc,valid_acc,test_acc,train_loss,valid_loss,train_aug_loss
0.9828274250030518,0.9622564911842346,0.9623813033103943,[2.4092 0.6332 0.3160 0.2262 0.1841 0.1939 0.1614 0.1395 0.2086 0.1327 0.1347 0.1316 0.1275 0.1048 0.1543 0.1070 0.1057 0.1078 0.1104 0.0961 0.1274 0.0958 0.0831 0.1007 0.0987 0.1249 0.1526 0.0860 0.0807 0.0935 0.0830 0.0655 0.0874 0.0747 0.0704 0.0815 0.0945 0.0589 0.0796 0.0528 0.0722 0.0592 0.0762 0.0525 0.0872 0.0567 0.0647 0.0551 0.0798 0.0816],[2.5604 0.6401 0.3270 0.2519 0.2137 0.2279 0.2064 0.1799 0.2356 0.1692 0.1794 0.1799 0.1791 0.1592 0.2012 0.1612 0.1594 0.1593 0.1715 0.1546 0.1950 0.1620 0.1399 0.1640 0.1731 0.1872 0.2046 0.1482 0.1573 0.1636 0.1493 0.1357 0.1580 0.1503 0.1416 0.1567 0.1698 0.1293 0.1608 0.1341 0.1473 0.1375 0.1488 0.1291 0.1768 0.1319 0.1376 0.1397 0.1616 0.1598],[1.8480 0.8685 0.5426 0.4525 0.3906 0.3616 0.3326 0.3206 0.3066 0.2915 0.2843 0.2725 0.2689 0.2649 0.2537 0.2474 0.2404 0.2431 0.2324 0.2289 0.2250 0.2241 0.2228 0.2132 0.2133 0.2063 0.2064 0.2053 0.2015 0.1947 0.1957 0.1936 0.1935 0.1912 0.1880 0.1878 0.1846 0.1824 0.1808 0.1781 0.1784 0.1786 0.1717 0.1703 0.1729 0.1701 0.1679 0.1633 0.1642 0.1639]
