train_acc,valid_acc,test_acc,train_loss,valid_loss,train_aug_loss
0.9902864694595337,0.9634903073310852,0.9489030241966248,[2.2459 3.6258 0.6418 0.3665 0.3114 0.2957 0.2308 0.2056 0.1966 0.1777 0.1595 0.1471 0.1460 0.1388 0.1129 0.1149 0.1157 0.1050 0.0924 0.0859 0.0915 0.1055 0.0855 0.0747 0.0930 0.0879 0.0931 0.0690 0.0645 0.0705 0.0735 0.0631 0.0703 0.0625 0.0635 0.0660 0.0535 0.0586 0.0504 0.0475 0.0480 0.0496 0.0492 0.0568 0.0455 0.0509 0.0436 0.0419 0.0457 0.0464 0.0406 0.0431 0.0366 0.0479 0.0386 0.0388 0.0371 0.0462 0.0383 0.0327 0.0338 0.0317 0.0333 0.0322 0.0407 0.0377 0.0279 0.0301 0.0302 0.0323 0.0249 0.0372 0.0332 0.0291 0.0340 0.0305 0.0295 0.0239 0.0233 0.0220 0.0245 0.0278 0.0238 0.0299 0.0273 0.0192 0.0184 0.0204 0.0232 0.0202 0.0315 0.0255 0.0264 0.0180 0.0180 0.0256 0.0190 0.0221 0.0253 0.0181],[2.2449 3.6877 0.7584 0.4471 0.4047 0.3609 0.2906 0.2596 0.2691 0.2410 0.2234 0.2038 0.2030 0.2146 0.1825 0.1782 0.1948 0.1751 0.1457 0.1454 0.1561 0.1631 0.1528 0.1389 0.1649 0.1672 0.1838 0.1386 0.1360 0.1377 0.1446 0.1296 0.1568 0.1328 0.1433 0.1617 0.1279 0.1459 0.1224 0.1210 0.1284 0.1420 0.1241 0.1486 0.1298 0.1550 0.1330 0.1293 0.1331 0.1541 0.1378 0.1429 0.1213 0.1451 0.1328 0.1342 0.1246 0.1582 0.1393 0.1228 0.1211 0.1291 0.1379 0.1223 0.1504 0.1488 0.1188 0.1239 0.1330 0.1464 0.1253 0.1625 0.1454 0.1291 0.1520 0.1565 0.1366 0.1377 0.1239 0.1283 0.1355 0.1470 0.1449 0.1557 0.1538 0.1224 0.1287 0.1288 0.1459 0.1325 0.1718 0.1639 0.1630 0.1322 0.1272 0.1567 0.1333 0.1453 0.1604 0.1413],[2.0453 1.7366 0.9806 0.5605 0.4387 0.3756 0.3335 0.3115 0.2907 0.2715 0.2611 0.2456 0.2380 0.2279 0.2175 0.2108 0.2042 0.1969 0.1939 0.1888 0.1802 0.1780 0.1721 0.1667 0.1667 0.1593 0.1607 0.1560 0.1517 0.1490 0.1472 0.1445 0.1426 0.1391 0.1354 0.1337 0.1300 0.1321 0.1272 0.1281 0.1243 0.1226 0.1214 0.1220 0.1166 0.1172 0.1153 0.1125 0.1097 0.1096 0.1107 0.1059 0.1043 0.1023 0.1061 0.1020 0.1030 0.1005 0.0980 0.1007 0.0959 0.0942 0.0948 0.0951 0.0931 0.0916 0.0892 0.0901 0.0894 0.0878 0.0885 0.0860 0.0856 0.0864 0.0835 0.0819 0.0798 0.0817 0.0792 0.0791 0.0784 0.0781 0.0786 0.0776 0.0748 0.0737 0.0761 0.0739 0.0744 0.0723 0.0723 0.0705 0.0719 0.0707 0.0697 0.0680 0.0709 0.0675 0.0659 0.0668]
