train_acc,valid_acc,test_acc,train_loss,valid_loss,train_aug_loss
0.9841867685317993,0.9646915793418884,0.9640248417854309,[4.6672 0.5672 0.2445 0.1943 0.1756 0.2215 0.1540 0.1327 0.1251 0.1217 0.1226 0.1578 0.1256 0.1230 0.0911 0.0897 0.0873 0.0910 0.0980 0.0965 0.0708 0.1055 0.1141 0.0789 0.0976 0.1007 0.0846 0.0757 0.0954 0.0695 0.0823 0.0675 0.1312 0.0767 0.1010 0.0696 0.0608 0.0713 0.0721 0.0513 0.0730 0.0586 0.0558 0.0551 0.0786 0.0663 0.0518 0.0866 0.0696 0.0625],[4.3034 0.5141 0.2392 0.2179 0.2024 0.2383 0.1817 0.1700 0.1713 0.1704 0.1660 0.1980 0.1773 0.1799 0.1480 0.1455 0.1437 0.1444 0.1557 0.1572 0.1260 0.1628 0.1730 0.1457 0.1678 0.1557 0.1485 0.1375 0.1612 0.1395 0.1395 0.1356 0.1955 0.1417 0.1724 0.1367 0.1298 0.1362 0.1302 0.1162 0.1378 0.1245 0.1229 0.1278 0.1460 0.1368 0.1175 0.1623 0.1415 0.1333],[1.4039 0.5736 0.4288 0.3681 0.3354 0.3157 0.2974 0.2845 0.2715 0.2588 0.2574 0.2484 0.2438 0.2356 0.2305 0.2253 0.2198 0.2200 0.2174 0.2093 0.2076 0.2040 0.2032 0.1988 0.2019 0.1910 0.1936 0.1893 0.1883 0.1877 0.1829 0.1788 0.1800 0.1808 0.1779 0.1749 0.1768 0.1712 0.1746 0.1697 0.1713 0.1658 0.1670 0.1666 0.1641 0.1667 0.1642 0.1602 0.1618 0.1602]
