train_acc,valid_acc,test_acc,train_loss,valid_loss,train_aug_loss
0.9865924715995789,0.960024356842041,0.9638422131538391,[2.0055 2.2560 2.9925 0.5523 0.4192 0.3055 0.2911 0.2636 0.2305 0.2294 0.2102 0.2018 0.1919 0.1927 0.1776 0.1869 0.1573 0.1669 0.1478 0.1479 0.1448 0.1329 0.1293 0.1313 0.1403 0.1107 0.1320 0.1284 0.1084 0.1186 0.1031 0.1098 0.0996 0.0898 0.0936 0.0858 0.0979 0.0903 0.1010 0.0992 0.0986 0.0800 0.0832 0.0965 0.0731 0.0976 0.0857 0.0758 0.0740 0.0826 0.0723 0.0802 0.0697 0.0693 0.0739 0.0640 0.0705 0.0631 0.0589 0.0603 0.0658 0.0661 0.0647 0.0739 0.0515 0.0523 0.0577 0.0583 0.0521 0.0512 0.0479 0.0518 0.0482 0.0518 0.0469 0.0520 0.0503 0.0390 0.0406 0.0540 0.0520 0.0474 0.0438 0.0516 0.0631 0.0478 0.0428 0.0441 0.0433 0.0444 0.0436 0.0376 0.0491 0.0334 0.0360 0.0346 0.0405 0.0392 0.0450 0.0396],[2.0069 2.2018 3.0036 0.6011 0.4327 0.3422 0.3261 0.3090 0.2662 0.2779 0.2651 0.2512 0.2589 0.2499 0.2274 0.2418 0.2091 0.2262 0.2066 0.2098 0.2024 0.1924 0.1929 0.1916 0.2086 0.1761 0.2056 0.2046 0.1807 0.1931 0.1710 0.1809 0.1648 0.1684 0.1582 0.1563 0.1701 0.1663 0.1728 0.1713 0.1839 0.1587 0.1601 0.1878 0.1502 0.1866 0.1718 0.1569 0.1603 0.1771 0.1590 0.1729 0.1550 0.1587 0.1698 0.1596 0.1603 0.1503 0.1537 0.1592 0.1529 0.1617 0.1604 0.1757 0.1452 0.1438 0.1536 0.1551 0.1543 0.1457 0.1501 0.1476 0.1475 0.1550 0.1443 0.1483 0.1487 0.1380 0.1421 0.1557 0.1565 0.1574 0.1508 0.1548 0.1880 0.1564 0.1561 0.1573 0.1600 0.1633 0.1593 0.1469 0.1668 0.1470 0.1549 0.1587 0.1580 0.1549 0.1703 0.1600],[2.0760 1.8672 1.6081 0.8277 0.5639 0.4649 0.4117 0.3771 0.3462 0.3297 0.3143 0.2981 0.2852 0.2786 0.2660 0.2581 0.2494 0.2381 0.2331 0.2283 0.2254 0.2177 0.2132 0.2094 0.2023 0.1970 0.1937 0.1869 0.1872 0.1853 0.1766 0.1784 0.1753 0.1709 0.1671 0.1656 0.1632 0.1607 0.1597 0.1564 0.1546 0.1512 0.1491 0.1450 0.1482 0.1449 0.1435 0.1421 0.1393 0.1398 0.1361 0.1322 0.1350 0.1332 0.1273 0.1269 0.1288 0.1280 0.1259 0.1235 0.1250 0.1226 0.1189 0.1172 0.1180 0.1162 0.1167 0.1109 0.1142 0.1167 0.1112 0.1091 0.1117 0.1082 0.1087 0.1074 0.1060 0.1052 0.1052 0.1011 0.1013 0.1021 0.1011 0.0998 0.0973 0.0993 0.1005 0.0947 0.0962 0.0957 0.0935 0.0954 0.0943 0.0930 0.0926 0.0902 0.0921 0.0906 0.0886 0.0889]
