train_acc,valid_acc,test_acc,train_loss,valid_loss,train_aug_loss
0.9804999232292175,0.9626623392105103,0.9640248417854309,[1.9669 0.7516 0.3755 0.3063 0.2317 0.2101 0.1729 0.2582 0.1856 0.1660 0.1705 0.1553 0.1586 0.1892 0.2152 0.1559 0.1462 0.1630 0.1428 0.1136 0.1223 0.1087 0.1456 0.1185 0.1472 0.1149 0.0946 0.1037 0.0822 0.1435 0.0918 0.1089 0.0962 0.0917 0.1288 0.0933 0.1134 0.0932 0.0947 0.0895 0.1380 0.0696 0.0854 0.0661 0.0658 0.0787 0.0673 0.0621 0.0968 0.0680],[1.9021 0.7454 0.3522 0.2984 0.2490 0.2245 0.1908 0.2687 0.2129 0.1970 0.2013 0.1855 0.1855 0.2208 0.2423 0.1950 0.1797 0.2060 0.1898 0.1632 0.1702 0.1577 0.2039 0.1690 0.2040 0.1678 0.1405 0.1563 0.1298 0.1941 0.1409 0.1565 0.1418 0.1473 0.1885 0.1468 0.1725 0.1525 0.1459 0.1487 0.2059 0.1294 0.1383 0.1222 0.1242 0.1311 0.1245 0.1213 0.1588 0.1299],[1.8611 1.1552 0.6615 0.5215 0.4494 0.4064 0.3797 0.3551 0.3356 0.3257 0.3119 0.3017 0.2913 0.2828 0.2766 0.2696 0.2632 0.2559 0.2521 0.2444 0.2399 0.2375 0.2361 0.2298 0.2296 0.2200 0.2190 0.2158 0.2137 0.2129 0.2098 0.2079 0.2013 0.2019 0.1983 0.1958 0.1951 0.1932 0.1901 0.1910 0.1874 0.1842 0.1836 0.1835 0.1826 0.1805 0.1775 0.1763 0.1753 0.1766]
