train_acc,valid_acc,test_acc,train_loss,valid_loss,train_aug_loss
0.9774780869483948,0.9539366960525513,0.9565376043319702,[2.0681 1.9923 3.0746 3.4996 2.5847 1.2521 0.6471 0.5978 0.4668 0.4728 0.3781 0.3306 0.3152 0.2831 0.3056 0.3053 0.2708 0.2705 0.2503 0.2454 0.2238 0.2303 0.2319 0.1935 0.2041 0.2050 0.1751 0.1949 0.1752 0.1757 0.1956 0.1747 0.1802 0.1596 0.1747 0.1478 0.1551 0.1300 0.1435 0.1397 0.1477 0.1470 0.1363 0.1223 0.1436 0.1463 0.1275 0.1226 0.1225 0.1143 0.1194 0.1030 0.1179 0.1192 0.1227 0.1135 0.1100 0.0985 0.1088 0.0964 0.0943 0.0917 0.0995 0.1064 0.1022 0.0994 0.0844 0.0870 0.1003 0.0861 0.0780 0.0889 0.1006 0.0678 0.0912 0.0667 0.0922 0.0779 0.0781 0.0764 0.0859 0.0993 0.0765 0.0827 0.0805 0.0944 0.0639 0.0816 0.0749 0.0616 0.0691 0.0886 0.0695 0.0676 0.0713 0.0613 0.0661 0.0800 0.0692 0.0590],[2.0659 1.9914 2.9637 3.2684 2.5745 1.2901 0.6930 0.6356 0.4835 0.5170 0.3989 0.3548 0.3353 0.3047 0.3294 0.3357 0.2874 0.2928 0.2709 0.2700 0.2541 0.2638 0.2621 0.2245 0.2375 0.2318 0.2084 0.2334 0.2116 0.2153 0.2342 0.2211 0.2199 0.2101 0.2233 0.1971 0.2100 0.1853 0.1972 0.1927 0.1984 0.2030 0.1952 0.1741 0.2021 0.2030 0.1859 0.1862 0.1894 0.1817 0.1858 0.1646 0.1882 0.1879 0.1953 0.1818 0.1785 0.1605 0.1816 0.1670 0.1656 0.1617 0.1756 0.1858 0.1802 0.1773 0.1620 0.1595 0.1823 0.1611 0.1571 0.1741 0.1849 0.1500 0.1788 0.1450 0.1753 0.1573 0.1603 0.1604 0.1720 0.1929 0.1605 0.1709 0.1692 0.1883 0.1521 0.1723 0.1681 0.1486 0.1562 0.1911 0.1675 0.1678 0.1719 0.1525 0.1565 0.1762 0.1693 0.1531],[2.1732 2.0097 1.8824 1.8176 1.6998 1.2525 0.8534 0.6498 0.5579 0.4986 0.4596 0.4248 0.3978 0.3810 0.3607 0.3416 0.3323 0.3154 0.3068 0.3008 0.2917 0.2811 0.2734 0.2704 0.2619 0.2565 0.2517 0.2458 0.2414 0.2375 0.2311 0.2276 0.2223 0.2178 0.2168 0.2101 0.2096 0.2068 0.2022 0.1981 0.1964 0.1950 0.1888 0.1907 0.1846 0.1829 0.1815 0.1774 0.1770 0.1764 0.1750 0.1706 0.1667 0.1655 0.1633 0.1658 0.1603 0.1578 0.1583 0.1544 0.1533 0.1535 0.1494 0.1485 0.1484 0.1448 0.1456 0.1455 0.1445 0.1424 0.1426 0.1387 0.1369 0.1348 0.1378 0.1356 0.1331 0.1321 0.1309 0.1307 0.1282 0.1298 0.1290 0.1251 0.1252 0.1234 0.1235 0.1197 0.1214 0.1200 0.1181 0.1188 0.1174 0.1158 0.1145 0.1146 0.1140 0.1156 0.1132 0.1107]
