train_acc,valid_acc,test_acc,train_loss,valid_loss,train_aug_loss
0.9761579036712646,0.9594155550003052,0.9616508483886719,[2.1592 1.0740 0.2981 0.3449 0.3528 0.2600 0.2080 0.2529 0.2109 0.1580 0.1602 0.2164 0.1901 0.1603 0.1527 0.1197 0.1792 0.1427 0.1364 0.1536 0.1334 0.1356 0.1132 0.1611 0.1152 0.1076 0.1547 0.1481 0.1225 0.1153 0.1343 0.0944 0.1232 0.1116 0.1266 0.0974 0.0885 0.0868 0.0927 0.1087 0.1227 0.0993 0.1091 0.1021 0.0897 0.0956 0.0998 0.1138 0.1143 0.0741],[1.9736 0.9891 0.2934 0.3607 0.3565 0.2705 0.2306 0.2965 0.2365 0.1862 0.1930 0.2533 0.2179 0.1979 0.1875 0.1557 0.2179 0.1833 0.1772 0.1870 0.1699 0.1679 0.1550 0.2092 0.1558 0.1610 0.1986 0.1986 0.1713 0.1750 0.1915 0.1475 0.1791 0.1605 0.1922 0.1494 0.1456 0.1441 0.1446 0.1722 0.1864 0.1614 0.1711 0.1622 0.1483 0.1577 0.1582 0.1729 0.1777 0.1359],[1.9303 1.3217 0.6161 0.4669 0.4076 0.3706 0.3414 0.3279 0.3128 0.3003 0.2901 0.2807 0.2791 0.2655 0.2620 0.2532 0.2490 0.2441 0.2410 0.2330 0.2331 0.2256 0.2196 0.2246 0.2123 0.2137 0.2096 0.2078 0.2068 0.2072 0.1998 0.1970 0.1954 0.1939 0.1952 0.1901 0.1888 0.1864 0.1872 0.1836 0.1811 0.1816 0.1770 0.1769 0.1810 0.1736 0.1744 0.1710 0.1691 0.1700]
