train_acc,valid_acc,test_acc,train_loss,valid_loss,train_aug_loss
0.977830171585083,0.960024356842041,0.9583637714385986,[2.0909 1.4314 0.9637 0.5554 0.4522 0.3385 0.2883 0.2701 0.2328 0.1929 0.1859 0.2010 0.2022 0.2235 0.1463 0.1420 0.1587 0.1717 0.1267 0.1447 0.1292 0.1427 0.1474 0.1161 0.1223 0.1202 0.1775 0.1042 0.1004 0.1070 0.1113 0.1119 0.0932 0.1020 0.1102 0.1015 0.0776 0.1327 0.0871 0.0927 0.1069 0.0915 0.0845 0.0720 0.0762 0.0961 0.0775 0.0912 0.0671 0.0778],[1.9651 1.3508 0.9016 0.5536 0.4486 0.3441 0.3012 0.2838 0.2481 0.2281 0.2187 0.2290 0.2343 0.2471 0.1883 0.1803 0.2058 0.2101 0.1731 0.1854 0.1741 0.1883 0.2013 0.1617 0.1659 0.1697 0.2248 0.1562 0.1560 0.1580 0.1626 0.1638 0.1517 0.1597 0.1657 0.1571 0.1353 0.1931 0.1468 0.1513 0.1669 0.1531 0.1485 0.1358 0.1422 0.1649 0.1419 0.1594 0.1329 0.1465],[1.9508 1.6019 1.0205 0.7212 0.5988 0.5207 0.4653 0.4231 0.3943 0.3728 0.3543 0.3363 0.3211 0.3130 0.3019 0.2889 0.2810 0.2705 0.2603 0.2595 0.2537 0.2499 0.2413 0.2370 0.2323 0.2301 0.2233 0.2202 0.2184 0.2165 0.2106 0.2059 0.2062 0.2027 0.2008 0.1950 0.1953 0.1916 0.1909 0.1875 0.1889 0.1849 0.1811 0.1806 0.1756 0.1779 0.1721 0.1749 0.1720 0.1696]
