train_acc,valid_acc,test_acc,train_loss,valid_loss,train_aug_loss
0.9777910113334656,0.9632710814476013,0.9682250022888184,[1.8384 0.6073 0.3359 0.2759 0.2512 0.2653 0.1971 0.1635 0.1668 0.2007 0.1843 0.1609 0.1277 0.1692 0.1220 0.1319 0.1124 0.1554 0.1287 0.1320 0.1388 0.0888 0.1309 0.0972 0.1272 0.1175 0.0916 0.1044 0.1576 0.0711 0.0746 0.1121 0.0717 0.1147 0.0848 0.1100 0.0892 0.0733 0.0940 0.0975 0.1071 0.0969 0.0834 0.0856 0.0935 0.0841 0.0790 0.0883 0.0999 0.0627],[1.7789 0.6668 0.3479 0.2966 0.2753 0.3098 0.2325 0.2040 0.2018 0.2360 0.2228 0.2058 0.1739 0.2125 0.1824 0.1826 0.1615 0.2024 0.1796 0.1784 0.1921 0.1545 0.1797 0.1633 0.1858 0.1724 0.1553 0.1739 0.2185 0.1336 0.1433 0.1705 0.1303 0.1764 0.1453 0.1730 0.1486 0.1376 0.1568 0.1607 0.1711 0.1668 0.1462 0.1557 0.1673 0.1593 0.1483 0.1486 0.1714 0.1329],[1.8944 1.1166 0.5611 0.4455 0.3987 0.3594 0.3350 0.3151 0.3046 0.2936 0.2809 0.2747 0.2670 0.2571 0.2514 0.2429 0.2404 0.2379 0.2340 0.2243 0.2244 0.2228 0.2181 0.2143 0.2117 0.2063 0.2080 0.2009 0.1996 0.1981 0.1941 0.1938 0.1904 0.1885 0.1867 0.1878 0.1851 0.1798 0.1794 0.1782 0.1792 0.1742 0.1756 0.1733 0.1748 0.1715 0.1700 0.1698 0.1667 0.1669]
