train_acc,valid_acc,test_acc,train_loss,valid_loss,train_aug_loss
0.9808323979377747,0.9630681872367859,0.9631117582321167,[2.5696 0.5515 0.2274 0.2291 0.1812 0.1688 0.1689 0.1491 0.1367 0.1377 0.1209 0.1278 0.1448 0.1080 0.1070 0.1070 0.1064 0.1035 0.1137 0.1014 0.1020 0.0871 0.0846 0.0830 0.0925 0.0887 0.0806 0.0712 0.0797 0.0731 0.1118 0.0684 0.0803 0.0734 0.0807 0.0656 0.0790 0.0585 0.0592 0.0573 0.0688 0.0631 0.0554 0.0633 0.0642 0.0745 0.0464 0.0547 0.0605 0.0693],[2.4685 0.6597 0.2726 0.2862 0.2362 0.2144 0.2197 0.1968 0.1846 0.1916 0.1835 0.1962 0.1817 0.1658 0.1683 0.1663 0.1747 0.1654 0.1718 0.1681 0.1738 0.1415 0.1518 0.1551 0.1658 0.1577 0.1496 0.1439 0.1555 0.1443 0.1939 0.1396 0.1620 0.1489 0.1671 0.1421 0.1641 0.1301 0.1416 0.1312 0.1458 0.1456 0.1343 0.1400 0.1480 0.1561 0.1341 0.1382 0.1491 0.1619],[1.9505 1.1297 0.4857 0.3836 0.3379 0.3063 0.2895 0.2716 0.2628 0.2436 0.2393 0.2325 0.2245 0.2170 0.2101 0.2070 0.2010 0.1965 0.1958 0.1933 0.1852 0.1839 0.1785 0.1792 0.1746 0.1674 0.1695 0.1659 0.1649 0.1635 0.1613 0.1590 0.1540 0.1522 0.1491 0.1487 0.1486 0.1433 0.1463 0.1419 0.1405 0.1386 0.1408 0.1376 0.1342 0.1355 0.1316 0.1330 0.1301 0.1282]
