train_acc,valid_acc,test_acc,train_loss,valid_loss,train_aug_loss
0.982446014881134,0.9588068127632141,0.9632943868637085,[2.5714 1.6021 0.2715 0.3041 0.2090 0.1609 0.2058 0.1469 0.1556 0.1378 0.1438 0.1170 0.1288 0.1127 0.1137 0.1013 0.1191 0.0978 0.1035 0.1091 0.0861 0.0908 0.0780 0.0891 0.0853 0.0815 0.0812 0.0850 0.0844 0.0908 0.0764 0.0612 0.0802 0.0748 0.0530 0.0751 0.0704 0.0645 0.0559 0.0680 0.0619 0.0724 0.0797 0.0726 0.0585 0.0636 0.0649 0.0702 0.0748 0.0598],[2.4329 1.8149 0.3073 0.3545 0.2566 0.1980 0.2446 0.1907 0.1981 0.1878 0.2062 0.1652 0.2015 0.1683 0.1690 0.1636 0.1798 0.1702 0.1797 0.1707 0.1450 0.1564 0.1455 0.1559 0.1612 0.1507 0.1445 0.1587 0.1594 0.1754 0.1555 0.1380 0.1583 0.1497 0.1331 0.1720 0.1531 0.1453 0.1393 0.1480 0.1510 0.1599 0.1743 0.1720 0.1561 0.1483 0.1627 0.1699 0.1753 0.1536],[1.9531 1.3963 0.5284 0.4052 0.3569 0.3239 0.2980 0.2799 0.2659 0.2539 0.2450 0.2376 0.2287 0.2198 0.2162 0.2063 0.2057 0.2005 0.1940 0.1934 0.1888 0.1856 0.1795 0.1785 0.1758 0.1714 0.1685 0.1679 0.1640 0.1626 0.1612 0.1558 0.1557 0.1564 0.1475 0.1475 0.1461 0.1445 0.1445 0.1416 0.1393 0.1384 0.1394 0.1369 0.1335 0.1359 0.1314 0.1298 0.1318 0.1308]
