train_acc,valid_acc,test_acc,train_loss,valid_loss,train_aug_loss
0.9777616858482361,0.9565746784210205,0.9631117582321167,[2.6333 0.6614 0.4062 0.3527 0.1906 0.2301 0.1625 0.2861 0.1765 0.2313 0.1444 0.1494 0.1549 0.1955 0.1239 0.1274 0.1655 0.1721 0.1250 0.0993 0.1026 0.1140 0.1100 0.1149 0.1261 0.1093 0.1056 0.1005 0.0926 0.0871 0.1001 0.0796 0.0728 0.1372 0.1027 0.1607 0.1202 0.0747 0.1181 0.1030 0.0904 0.1018 0.0890 0.0924 0.0643 0.1115 0.0688 0.1063 0.0749 0.0693],[2.5695 0.6251 0.4050 0.3623 0.2387 0.2566 0.2141 0.3113 0.2196 0.2644 0.1941 0.1907 0.2122 0.2332 0.1764 0.1859 0.2288 0.2257 0.1876 0.1677 0.1740 0.1722 0.1775 0.1744 0.1877 0.1770 0.1705 0.1640 0.1568 0.1506 0.1710 0.1519 0.1442 0.2072 0.1789 0.2315 0.2053 0.1348 0.1854 0.1729 0.1718 0.1739 0.1766 0.1782 0.1377 0.1873 0.1355 0.1785 0.1523 0.1490],[1.7680 0.9622 0.5886 0.4778 0.4201 0.3913 0.3620 0.3485 0.3321 0.3200 0.3056 0.2971 0.2951 0.2859 0.2820 0.2695 0.2667 0.2592 0.2600 0.2517 0.2478 0.2432 0.2408 0.2322 0.2323 0.2291 0.2270 0.2257 0.2176 0.2186 0.2197 0.2145 0.2100 0.2045 0.2068 0.2027 0.2045 0.1984 0.1958 0.1962 0.1907 0.1918 0.1886 0.1896 0.1902 0.1832 0.1875 0.1842 0.1838 0.1772]
