train_acc,valid_acc,test_acc,train_loss,valid_loss,train_aug_loss
0.9756786823272705,0.9575892686843872,0.9558071494102478,[1.8723 0.5253 0.3274 0.2787 0.2469 0.2574 0.1674 0.2116 0.2217 0.2075 0.1955 0.2052 0.1271 0.1848 0.2494 0.1570 0.1499 0.2048 0.1163 0.1320 0.1279 0.1109 0.1347 0.1855 0.1139 0.0933 0.1321 0.1283 0.1128 0.1234 0.1207 0.0953 0.0883 0.1222 0.1372 0.0808 0.1052 0.1056 0.1105 0.1025 0.0928 0.1126 0.0844 0.1068 0.1115 0.0838 0.0769 0.0902 0.0964 0.0918],[1.8035 0.5424 0.3349 0.2719 0.2661 0.2609 0.2112 0.2421 0.2293 0.2247 0.2184 0.2243 0.1640 0.2163 0.2661 0.1904 0.1862 0.2386 0.1699 0.1874 0.1681 0.1589 0.1780 0.2109 0.1700 0.1443 0.1750 0.1793 0.1639 0.1715 0.1773 0.1505 0.1493 0.1724 0.1890 0.1366 0.1618 0.1583 0.1751 0.1573 0.1452 0.1696 0.1457 0.1813 0.1726 0.1468 0.1387 0.1534 0.1644 0.1568],[1.9194 1.1888 0.5847 0.4551 0.3947 0.3607 0.3387 0.3185 0.3094 0.2901 0.2806 0.2724 0.2659 0.2630 0.2572 0.2490 0.2415 0.2406 0.2343 0.2315 0.2240 0.2239 0.2193 0.2153 0.2131 0.2092 0.2116 0.2084 0.2024 0.2016 0.1985 0.1966 0.1942 0.1924 0.1916 0.1887 0.1880 0.1861 0.1809 0.1801 0.1777 0.1790 0.1784 0.1771 0.1737 0.1718 0.1716 0.1731 0.1699 0.1688]
