train_acc,valid_acc,test_acc,train_loss,valid_loss,train_aug_loss
0.9942386150360107,0.9733479619026184,0.9523671865463257,[2.0885 2.3393 0.5005 0.5101 0.4986 0.3635 0.4546 0.6545 0.2553 0.3359 0.1984 0.2389 0.1960 0.3795 0.2975 0.1236 0.2333 0.1348 0.3150 0.1081 0.1912 0.1776 0.1701 0.1490 0.1516 0.0962 0.1290 0.2691 0.0731 0.2316 0.1144 0.2274 0.0842 0.0506 0.2414 0.1167 0.1681 0.0835 0.0582 0.0897 0.0551 0.1593 0.0799 0.0852 0.0391 0.0637 0.1364 0.1163 0.0440 0.0786 0.0438 0.1842 0.1058 0.0674 0.0550 0.0435 0.0838 0.0710 0.1379 0.0457 0.0467 0.0365 0.0418 0.0373 0.0677 0.0678 0.0461 0.1115 0.0794 0.1356 0.0391 0.0569 0.0525 0.0558 0.0866 0.0333 0.0519 0.0360 0.0618 0.0286 0.0789 0.1982 0.1226 0.0202 0.0482 0.1162 0.0406 0.0323 0.0407 0.0754 0.0302 0.0364 0.0412 0.0696 0.0189 0.0457 0.1087 0.0680 0.1544 0.1166],[2.0797 2.6610 0.6268 0.5628 0.6023 0.4308 0.4791 0.7415 0.2890 0.4015 0.2728 0.3356 0.2494 0.4214 0.4014 0.1604 0.3009 0.1915 0.3616 0.1654 0.2424 0.2530 0.1960 0.2195 0.2029 0.1686 0.2011 0.3398 0.1227 0.3139 0.1864 0.3207 0.1686 0.1042 0.3538 0.2177 0.2604 0.1725 0.1204 0.1948 0.1277 0.2836 0.1622 0.1727 0.0977 0.1392 0.2404 0.2108 0.1047 0.1897 0.1101 0.2699 0.2166 0.1663 0.1447 0.1091 0.2012 0.1476 0.2516 0.1190 0.1246 0.1144 0.1139 0.1061 0.1635 0.1607 0.1360 0.2350 0.1742 0.2913 0.1280 0.1592 0.1535 0.1615 0.2374 0.1101 0.1466 0.1183 0.1704 0.1127 0.2031 0.3024 0.2581 0.0987 0.1486 0.2456 0.1489 0.1224 0.1459 0.1929 0.1189 0.1565 0.1564 0.2231 0.0968 0.1644 0.2744 0.2105 0.2820 0.2791],[2.0028 1.5782 0.7309 0.4068 0.3346 0.2932 0.2714 0.2533 0.2375 0.2242 0.2134 0.2045 0.1968 0.1898 0.1843 0.1799 0.1708 0.1706 0.1642 0.1571 0.1551 0.1506 0.1482 0.1456 0.1435 0.1380 0.1361 0.1354 0.1294 0.1270 0.1255 0.1229 0.1237 0.1219 0.1196 0.1167 0.1148 0.1134 0.1115 0.1113 0.1092 0.1056 0.1048 0.1036 0.1020 0.1022 0.1011 0.0972 0.0973 0.0971 0.0967 0.0940 0.0934 0.0907 0.0910 0.0897 0.0898 0.0873 0.0869 0.0860 0.0849 0.0864 0.0825 0.0823 0.0838 0.0795 0.0814 0.0783 0.0787 0.0783 0.0765 0.0761 0.0746 0.0758 0.0730 0.0759 0.0723 0.0742 0.0702 0.0724 0.0718 0.0696 0.0700 0.0674 0.0676 0.0689 0.0686 0.0674 0.0652 0.0657 0.0644 0.0646 0.0634 0.0649 0.0638 0.0623 0.0627 0.0614 0.0608 0.0613]
