train_acc,valid_acc,test_acc,train_loss,valid_loss,train_aug_loss
0.9838737845420837,0.9665178656578064,0.957815945148468,[2.2973 0.5096 0.3528 0.2498 0.2228 0.1773 0.1512 0.1440 0.1712 0.1347 0.1472 0.1477 0.1126 0.1153 0.1046 0.1355 0.1521 0.1052 0.0950 0.0885 0.0910 0.1172 0.0974 0.0971 0.1046 0.0983 0.0877 0.0827 0.0836 0.0893 0.0745 0.0710 0.0905 0.0694 0.0833 0.0725 0.0929 0.0678 0.0906 0.0769 0.1071 0.0689 0.0627 0.0789 0.0849 0.0759 0.0951 0.0539 0.0640 0.0963],[2.4422 0.5039 0.3318 0.2493 0.2398 0.1923 0.1816 0.1725 0.1998 0.1709 0.1856 0.1797 0.1540 0.1626 0.1485 0.1725 0.2026 0.1442 0.1342 0.1430 0.1386 0.1625 0.1427 0.1453 0.1499 0.1490 0.1394 0.1360 0.1326 0.1377 0.1249 0.1260 0.1487 0.1227 0.1440 0.1305 0.1421 0.1234 0.1449 0.1356 0.1601 0.1208 0.1230 0.1386 0.1410 0.1381 0.1580 0.1146 0.1216 0.1630],[1.7713 0.8668 0.5515 0.4680 0.4144 0.3772 0.3561 0.3348 0.3208 0.3134 0.2978 0.2858 0.2790 0.2768 0.2739 0.2616 0.2550 0.2548 0.2502 0.2412 0.2414 0.2352 0.2305 0.2287 0.2272 0.2204 0.2180 0.2183 0.2146 0.2144 0.2085 0.2074 0.2025 0.2009 0.2018 0.1998 0.1987 0.1977 0.1898 0.1928 0.1900 0.1884 0.1869 0.1866 0.1861 0.1820 0.1814 0.1798 0.1743 0.1770]
