train_acc,valid_acc,test_acc,train_loss,valid_loss,train_aug_loss
0.9860839247703552,0.9691558480262756,0.9629291296005249,[2.7227 3.0415 4.5711 0.7565 0.5222 0.3513 0.2349 0.2264 0.2275 0.1904 0.1625 0.1687 0.1732 0.1437 0.1369 0.1388 0.1342 0.1263 0.1228 0.1185 0.1192 0.1082 0.1217 0.1009 0.1051 0.1008 0.1025 0.0982 0.1039 0.0953 0.0990 0.0886 0.0857 0.0878 0.0891 0.0805 0.0876 0.0803 0.0767 0.0752 0.0852 0.0718 0.0924 0.0699 0.0714 0.0780 0.0695 0.0747 0.0647 0.0694 0.0667 0.0631 0.0657 0.0617 0.0574 0.0571 0.0550 0.0565 0.0557 0.0530 0.0572 0.0589 0.0543 0.0477 0.0546 0.0516 0.0486 0.0542 0.0458 0.0498 0.0483 0.0443 0.0440 0.0434 0.0434 0.0476 0.0428 0.0461 0.0456 0.0434 0.0423 0.0413 0.0392 0.0384 0.0371 0.0383 0.0385 0.0389 0.0360 0.0370 0.0394 0.0358 0.0396 0.0381 0.0347 0.0393 0.0357 0.0356 0.0341 0.0320],[2.6239 2.8949 4.4683 0.9401 0.6221 0.4147 0.2732 0.2582 0.2829 0.2175 0.1806 0.2008 0.2096 0.1728 0.1626 0.1755 0.1686 0.1644 0.1458 0.1491 0.1614 0.1415 0.1644 0.1340 0.1386 0.1386 0.1427 0.1337 0.1480 0.1442 0.1467 0.1279 0.1241 0.1203 0.1318 0.1246 0.1271 0.1277 0.1177 0.1201 0.1424 0.1196 0.1525 0.1104 0.1188 0.1269 0.1127 0.1329 0.1144 0.1191 0.1212 0.1182 0.1216 0.1161 0.1121 0.1127 0.1143 0.1140 0.1148 0.1113 0.1199 0.1301 0.1127 0.1139 0.1287 0.1139 0.1187 0.1208 0.1196 0.1197 0.1203 0.1132 0.1058 0.1120 0.1118 0.1258 0.1184 0.1171 0.1221 0.1139 0.1133 0.1119 0.1151 0.1131 0.1143 0.1200 0.1148 0.1118 0.1142 0.1165 0.1176 0.1148 0.1155 0.1256 0.1205 0.1271 0.1159 0.1200 0.1147 0.1161],[2.0473 1.8304 1.6635 0.9404 0.5995 0.4933 0.4439 0.4028 0.3768 0.3559 0.3375 0.3234 0.3119 0.2989 0.2873 0.2760 0.2727 0.2646 0.2575 0.2504 0.2457 0.2411 0.2365 0.2270 0.2278 0.2229 0.2178 0.2146 0.2087 0.2059 0.2027 0.2020 0.1963 0.1943 0.1894 0.1890 0.1836 0.1848 0.1834 0.1770 0.1779 0.1727 0.1693 0.1700 0.1675 0.1678 0.1655 0.1650 0.1637 0.1601 0.1590 0.1566 0.1530 0.1548 0.1520 0.1528 0.1495 0.1492 0.1492 0.1498 0.1428 0.1426 0.1451 0.1391 0.1359 0.1383 0.1371 0.1376 0.1352 0.1332 0.1340 0.1323 0.1299 0.1300 0.1283 0.1258 0.1266 0.1270 0.1246 0.1253 0.1252 0.1215 0.1251 0.1216 0.1202 0.1187 0.1218 0.1189 0.1182 0.1193 0.1162 0.1155 0.1143 0.1140 0.1124 0.1117 0.1111 0.1088 0.1102 0.1087]
