train_acc,valid_acc,test_acc,train_loss,valid_loss,train_aug_loss
0.9834924340248108,0.9622564911842346,0.9600073099136353,[2.4963 0.9873 0.2854 0.2806 0.2141 0.2048 0.1874 0.1545 0.1462 0.1334 0.1303 0.1226 0.1218 0.1103 0.0984 0.1173 0.1343 0.0913 0.1032 0.0955 0.1073 0.0841 0.1010 0.0992 0.0904 0.0731 0.0782 0.0708 0.0771 0.0867 0.0918 0.0716 0.0815 0.0708 0.0723 0.0734 0.0787 0.0541 0.0801 0.0890 0.0626 0.0693 0.0712 0.0751 0.0656 0.0545 0.0599 0.0482 0.0622 0.0500],[2.4508 1.0457 0.3336 0.3064 0.2546 0.2486 0.2173 0.1856 0.1920 0.1702 0.1772 0.1707 0.1665 0.1547 0.1511 0.1703 0.1827 0.1531 0.1604 0.1488 0.1538 0.1425 0.1565 0.1579 0.1628 0.1468 0.1491 0.1410 0.1456 0.1586 0.1584 0.1380 0.1493 0.1447 0.1424 0.1550 0.1642 0.1250 0.1540 0.1748 0.1437 0.1549 0.1540 0.1600 0.1449 0.1361 0.1414 0.1238 0.1564 0.1385],[1.9537 1.3626 0.5419 0.3970 0.3486 0.3134 0.2946 0.2758 0.2644 0.2519 0.2446 0.2313 0.2279 0.2229 0.2107 0.2089 0.2025 0.2000 0.1931 0.1883 0.1842 0.1849 0.1802 0.1759 0.1727 0.1714 0.1675 0.1654 0.1639 0.1587 0.1543 0.1521 0.1516 0.1482 0.1527 0.1457 0.1447 0.1436 0.1409 0.1435 0.1383 0.1351 0.1351 0.1343 0.1323 0.1309 0.1294 0.1300 0.1291 0.1264]
