train_acc,valid_acc,test_acc,train_loss,valid_loss,train_aug_loss
0.9881376028060913,0.9707792401313782,0.9665814638137817,[2.0214 3.1102 1.2561 0.4863 0.3393 0.3193 0.2903 0.2700 0.2282 0.2080 0.1636 0.1743 0.1486 0.1714 0.1367 0.1768 0.1272 0.1091 0.1223 0.0967 0.1121 0.1040 0.1060 0.1333 0.0938 0.1083 0.0992 0.0804 0.0797 0.0742 0.0723 0.1101 0.0805 0.0701 0.1029 0.0719 0.0618 0.0852 0.0719 0.0567 0.0556 0.0747 0.0631 0.0571 0.0651 0.0852 0.0492 0.0519 0.0462 0.0493 0.0481 0.0509 0.0432 0.0434 0.0520 0.0535 0.0497 0.0338 0.0391 0.0410 0.0433 0.0362 0.0432 0.0366 0.0488 0.0406 0.0445 0.0366 0.0299 0.0388 0.0324 0.0377 0.0299 0.0305 0.0316 0.0367 0.0291 0.0310 0.0315 0.0243 0.0368 0.0268 0.0250 0.0333 0.0379 0.0362 0.0315 0.0224 0.0383 0.0424 0.0296 0.0529 0.0241 0.0213 0.0353 0.0154 0.0202 0.0296 0.0416 0.0262],[2.0152 3.0029 1.3461 0.5581 0.3706 0.3569 0.3081 0.3134 0.2565 0.2397 0.1905 0.2072 0.1786 0.1992 0.1743 0.2237 0.1686 0.1412 0.1623 0.1271 0.1597 0.1519 0.1631 0.1952 0.1456 0.1606 0.1636 0.1383 0.1288 0.1214 0.1291 0.1802 0.1490 0.1264 0.1804 0.1459 0.1187 0.1581 0.1493 0.1212 0.1193 0.1522 0.1400 0.1279 0.1476 0.1667 0.1187 0.1258 0.1161 0.1260 0.1279 0.1305 0.1174 0.1205 0.1365 0.1470 0.1362 0.1061 0.1173 0.1199 0.1300 0.1171 0.1409 0.1162 0.1414 0.1295 0.1391 0.1224 0.1123 0.1319 0.1219 0.1409 0.1178 0.1168 0.1220 0.1437 0.1257 0.1259 0.1291 0.1161 0.1379 0.1194 0.1156 0.1400 0.1526 0.1459 0.1339 0.1241 0.1603 0.1660 0.1423 0.1951 0.1348 0.1253 0.1574 0.1083 0.1214 0.1476 0.1699 0.1469],[2.0702 1.7324 1.0291 0.6104 0.4757 0.4182 0.3715 0.3381 0.3186 0.3055 0.2905 0.2767 0.2647 0.2522 0.2484 0.2367 0.2288 0.2223 0.2162 0.2126 0.2017 0.1974 0.1943 0.1895 0.1850 0.1821 0.1792 0.1741 0.1721 0.1654 0.1637 0.1618 0.1602 0.1548 0.1544 0.1510 0.1478 0.1476 0.1425 0.1413 0.1406 0.1401 0.1342 0.1341 0.1316 0.1301 0.1284 0.1259 0.1249 0.1248 0.1218 0.1201 0.1193 0.1166 0.1147 0.1160 0.1132 0.1125 0.1091 0.1111 0.1108 0.1076 0.1047 0.1084 0.1045 0.1050 0.1017 0.1008 0.1007 0.1014 0.0974 0.0965 0.0950 0.0957 0.0946 0.0940 0.0935 0.0912 0.0903 0.0877 0.0909 0.0910 0.0866 0.0866 0.0855 0.0861 0.0852 0.0852 0.0826 0.0830 0.0796 0.0825 0.0806 0.0811 0.0772 0.0781 0.0766 0.0784 0.0756 0.0757]
