train_acc,valid_acc,test_acc,train_loss,valid_loss,train_aug_loss
0.9769304394721985,0.9628652334213257,0.960189938545227,[2.0016 1.3870 1.1058 0.7519 0.4338 0.4082 0.3433 0.3301 0.3344 0.2321 0.2548 0.2123 0.2568 0.1910 0.2555 0.2184 0.1691 0.1836 0.1604 0.1651 0.1860 0.1639 0.1716 0.1540 0.1547 0.1462 0.1504 0.1000 0.1277 0.2379 0.1299 0.1511 0.1418 0.1339 0.1068 0.1516 0.1224 0.1238 0.2148 0.1169 0.0783 0.1107 0.1155 0.1103 0.0893 0.1013 0.0762 0.0678 0.0753 0.0687],[1.9561 1.2387 0.9661 0.6883 0.4083 0.3845 0.3291 0.3162 0.3251 0.2423 0.2720 0.2275 0.2616 0.2146 0.2683 0.2396 0.1948 0.2124 0.1908 0.1962 0.2246 0.1963 0.2083 0.1973 0.1940 0.1871 0.1950 0.1451 0.1707 0.2844 0.1771 0.1923 0.1880 0.1815 0.1556 0.2036 0.1800 0.1725 0.2739 0.1742 0.1338 0.1648 0.1724 0.1706 0.1434 0.1596 0.1325 0.1247 0.1374 0.1233],[1.9365 1.5407 0.9748 0.6888 0.5655 0.4962 0.4416 0.4124 0.3809 0.3574 0.3358 0.3237 0.3076 0.2984 0.2878 0.2792 0.2720 0.2639 0.2551 0.2533 0.2439 0.2372 0.2348 0.2278 0.2237 0.2214 0.2184 0.2130 0.2110 0.2093 0.2025 0.1989 0.1966 0.1935 0.1910 0.1904 0.1893 0.1854 0.1809 0.1806 0.1793 0.1798 0.1772 0.1750 0.1737 0.1704 0.1693 0.1655 0.1649 0.1643]
