train_acc,valid_acc,test_acc,train_loss,valid_loss,train_aug_loss
0.9913550019264221,0.9750405550003052,0.9673119187355042,[2.0950 6.5126 1.9641 0.7858 0.4492 0.3654 0.3508 0.3137 0.2208 0.2638 0.1819 0.1524 0.1483 0.1822 0.1837 0.1451 0.1578 0.1150 0.1634 0.1407 0.1787 0.1074 0.0934 0.1126 0.0927 0.0986 0.0903 0.0866 0.1096 0.0785 0.0835 0.0766 0.0754 0.0708 0.0671 0.0610 0.0635 0.0823 0.0737 0.0855 0.0552 0.0538 0.0665 0.0596 0.0560 0.0521 0.0513 0.0516 0.0535 0.0701 0.0466 0.0547 0.0535 0.0455 0.0463 0.0440 0.0509 0.0569 0.0362 0.0570 0.0425 0.0594 0.0497 0.0393 0.0489 0.0391 0.0411 0.0612 0.0328 0.0371 0.0271 0.0622 0.0343 0.0357 0.0295 0.0314 0.0304 0.0469 0.0367 0.0409 0.0305 0.0403 0.0267 0.0326 0.0354 0.0359 0.0273 0.0257 0.0279 0.0266 0.0264 0.0334 0.0200 0.0208 0.0260 0.0211 0.0323 0.0252 0.0360 0.0389],[2.0887 6.1773 2.0709 0.8401 0.4464 0.4125 0.3559 0.3070 0.2519 0.2968 0.2017 0.1672 0.1631 0.2001 0.1880 0.1887 0.1938 0.1399 0.1848 0.1910 0.2022 0.1437 0.1332 0.1505 0.1380 0.1359 0.1317 0.1298 0.1516 0.1222 0.1259 0.1208 0.1235 0.1147 0.1176 0.1090 0.1171 0.1411 0.1263 0.1385 0.1086 0.1104 0.1336 0.1110 0.1133 0.1093 0.1076 0.1127 0.1173 0.1481 0.1107 0.1157 0.1242 0.1097 0.1125 0.1095 0.1193 0.1328 0.1020 0.1340 0.1187 0.1449 0.1272 0.1126 0.1313 0.1179 0.1128 0.1522 0.1005 0.1161 0.0866 0.1518 0.1121 0.1132 0.1041 0.1075 0.1114 0.1477 0.1209 0.1394 0.1138 0.1308 0.0943 0.1224 0.1211 0.1281 0.1166 0.1065 0.1066 0.1166 0.1122 0.1259 0.0997 0.0992 0.1102 0.1092 0.1229 0.1202 0.1264 0.1499],[2.0612 1.7955 1.2773 0.7187 0.5086 0.4246 0.3774 0.3518 0.3239 0.3065 0.2898 0.2793 0.2636 0.2545 0.2446 0.2372 0.2284 0.2229 0.2170 0.2120 0.2033 0.1971 0.1930 0.1908 0.1837 0.1811 0.1750 0.1732 0.1704 0.1655 0.1598 0.1612 0.1584 0.1546 0.1531 0.1536 0.1476 0.1431 0.1424 0.1386 0.1390 0.1352 0.1337 0.1313 0.1279 0.1289 0.1279 0.1249 0.1243 0.1224 0.1173 0.1209 0.1166 0.1165 0.1135 0.1158 0.1156 0.1124 0.1076 0.1089 0.1079 0.1071 0.1069 0.1025 0.1020 0.1033 0.1022 0.1010 0.0975 0.0997 0.0970 0.0971 0.0960 0.0951 0.0915 0.0939 0.0924 0.0890 0.0929 0.0881 0.0869 0.0902 0.0890 0.0856 0.0847 0.0851 0.0827 0.0831 0.0847 0.0827 0.0819 0.0828 0.0801 0.0807 0.0756 0.0777 0.0796 0.0755 0.0773 0.0755]
