train_acc,valid_acc,test_acc,train_loss,valid_loss,train_aug_loss
0.9804510474205017,0.9671266078948975,0.9658510088920593,[1.9521 0.7463 0.3169 0.2563 0.2519 0.2098 0.2414 0.2102 0.2043 0.1648 0.1870 0.1392 0.1650 0.1689 0.1535 0.1523 0.1781 0.1456 0.1358 0.1253 0.1557 0.1139 0.0944 0.1320 0.1427 0.1211 0.1053 0.1529 0.0989 0.1233 0.1072 0.0982 0.0818 0.1461 0.1024 0.0818 0.0876 0.1184 0.1005 0.0788 0.0762 0.0744 0.0853 0.0823 0.0823 0.0697 0.0955 0.0930 0.0659 0.0646],[2.0573 0.7017 0.3079 0.2456 0.2423 0.2209 0.2314 0.2105 0.2205 0.1831 0.1967 0.1612 0.1862 0.1819 0.1821 0.1828 0.1953 0.1709 0.1599 0.1607 0.1850 0.1452 0.1306 0.1647 0.1805 0.1496 0.1468 0.1835 0.1406 0.1727 0.1494 0.1473 0.1253 0.1800 0.1532 0.1298 0.1349 0.1656 0.1503 0.1318 0.1294 0.1214 0.1444 0.1336 0.1376 0.1244 0.1465 0.1443 0.1167 0.1231],[1.8453 0.9770 0.6067 0.4965 0.4326 0.4018 0.3726 0.3529 0.3343 0.3220 0.3132 0.3031 0.2950 0.2833 0.2785 0.2768 0.2666 0.2593 0.2549 0.2527 0.2503 0.2458 0.2405 0.2348 0.2334 0.2315 0.2293 0.2264 0.2157 0.2164 0.2153 0.2144 0.2127 0.2062 0.2070 0.2058 0.2048 0.2002 0.1955 0.1958 0.1963 0.1937 0.1913 0.1922 0.1870 0.1893 0.1855 0.1841 0.1807 0.1808]
