train_acc,valid_acc,test_acc,train_loss,valid_loss,train_aug_loss
0.9750626087188721,0.9545454382896423,0.9570854902267456,[2.0620 1.9011 1.8422 1.8273 1.8394 1.8643 1.5737 0.9097 0.7530 0.7419 0.5015 0.6528 0.5120 0.4977 0.3665 0.3931 0.3647 0.3722 0.2777 0.2791 0.3475 0.2406 0.2905 0.2573 0.2514 0.2436 0.2497 0.2281 0.2539 0.2075 0.2013 0.1822 0.1566 0.1959 0.2049 0.1677 0.1721 0.2032 0.1700 0.1625 0.1553 0.1679 0.1694 0.1845 0.1489 0.1665 0.1568 0.1461 0.1354 0.1312 0.1283 0.1303 0.1607 0.1494 0.1369 0.1218 0.1435 0.1282 0.1613 0.1420 0.1330 0.1417 0.1124 0.1158 0.1039 0.1105 0.1287 0.1036 0.1141 0.1239 0.1136 0.1085 0.1038 0.1197 0.0998 0.1021 0.1001 0.0839 0.0925 0.1101 0.0925 0.0955 0.0858 0.0967 0.1084 0.0807 0.1072 0.0913 0.0851 0.0898 0.0936 0.0897 0.0694 0.0755 0.0863 0.0763 0.0840 0.0771 0.0699 0.0785],[2.0652 1.8884 1.8395 1.8256 1.8418 1.9193 1.4442 0.8669 0.7226 0.7168 0.4821 0.6334 0.4961 0.4922 0.3495 0.3889 0.3594 0.3658 0.2903 0.2920 0.3430 0.2559 0.2869 0.2699 0.2634 0.2679 0.2711 0.2555 0.2810 0.2330 0.2296 0.2125 0.1916 0.2285 0.2406 0.2091 0.2153 0.2516 0.2059 0.2098 0.2014 0.2125 0.2123 0.2402 0.2045 0.2186 0.2186 0.2019 0.1943 0.1876 0.1895 0.2005 0.2296 0.2056 0.2053 0.1885 0.2172 0.1945 0.2299 0.2099 0.2022 0.2204 0.1859 0.1947 0.1824 0.1946 0.2081 0.1871 0.1948 0.2053 0.1973 0.1957 0.1866 0.2084 0.1918 0.1895 0.1873 0.1711 0.1816 0.2002 0.1831 0.1828 0.1773 0.1936 0.2114 0.1779 0.2103 0.1912 0.1879 0.1939 0.1971 0.1923 0.1648 0.1826 0.1977 0.1840 0.1883 0.1778 0.1799 0.1863],[2.1794 1.9851 1.8622 1.8220 1.7916 1.7218 1.3072 0.8880 0.6758 0.5819 0.5184 0.4746 0.4371 0.4137 0.3899 0.3690 0.3494 0.3385 0.3271 0.3135 0.3032 0.2975 0.2874 0.2809 0.2766 0.2644 0.2627 0.2526 0.2526 0.2465 0.2389 0.2362 0.2295 0.2250 0.2206 0.2186 0.2134 0.2100 0.2048 0.2040 0.2012 0.1958 0.1953 0.1929 0.1902 0.1849 0.1835 0.1812 0.1771 0.1774 0.1749 0.1722 0.1720 0.1713 0.1682 0.1631 0.1612 0.1603 0.1602 0.1576 0.1551 0.1523 0.1557 0.1519 0.1509 0.1491 0.1470 0.1414 0.1453 0.1414 0.1417 0.1431 0.1397 0.1371 0.1370 0.1351 0.1343 0.1340 0.1308 0.1302 0.1307 0.1321 0.1292 0.1262 0.1231 0.1259 0.1240 0.1226 0.1213 0.1211 0.1215 0.1194 0.1184 0.1165 0.1163 0.1149 0.1143 0.1151 0.1151 0.1133]
