train_acc,valid_acc,test_acc,train_loss,valid_loss,train_aug_loss
0.9775563478469849,0.9612419009208679,0.9618334770202637,[1.9195 0.8080 0.3636 0.2907 0.2595 0.2757 0.2603 0.2244 0.2090 0.1921 0.1485 0.1704 0.1748 0.1278 0.1439 0.1314 0.1307 0.1191 0.1233 0.1429 0.1464 0.1143 0.1428 0.1012 0.1351 0.1130 0.1293 0.1001 0.1256 0.1200 0.1198 0.1103 0.0985 0.0877 0.0894 0.0808 0.1173 0.1287 0.0780 0.1037 0.0950 0.0915 0.0715 0.0744 0.0789 0.0867 0.0674 0.0785 0.1009 0.0697],[1.9107 0.7376 0.3789 0.2979 0.2698 0.2789 0.2796 0.2449 0.2370 0.2284 0.1855 0.2035 0.2166 0.1716 0.1832 0.1779 0.1772 0.1677 0.1711 0.1937 0.1919 0.1634 0.1965 0.1645 0.1864 0.1705 0.1803 0.1552 0.1735 0.1726 0.1792 0.1725 0.1560 0.1538 0.1534 0.1445 0.1818 0.1934 0.1474 0.1723 0.1661 0.1603 0.1421 0.1417 0.1495 0.1676 0.1451 0.1516 0.1831 0.1491],[1.8940 1.2940 0.7680 0.5746 0.4746 0.4250 0.3843 0.3588 0.3393 0.3217 0.3088 0.3025 0.2901 0.2808 0.2727 0.2691 0.2608 0.2553 0.2503 0.2475 0.2413 0.2411 0.2285 0.2273 0.2275 0.2250 0.2179 0.2137 0.2111 0.2080 0.2050 0.2060 0.2049 0.2022 0.1969 0.1917 0.1917 0.1877 0.1881 0.1876 0.1875 0.1859 0.1832 0.1835 0.1796 0.1787 0.1772 0.1745 0.1751 0.1711]
