train_acc,valid_acc,test_acc,train_loss,valid_loss,train_aug_loss
0.98505038022995,0.9634903073310852,0.9301385879516602,[2.0529 1.9085 2.0007 1.9729 1.9953 2.1186 1.3710 0.7026 0.6011 0.4451 0.4485 0.4241 0.3604 0.3425 0.3311 0.3357 0.3238 0.3752 0.2771 0.2610 0.2837 0.2578 0.2161 0.2293 0.2331 0.1981 0.2188 0.1792 0.2111 0.1917 0.1948 0.1764 0.1646 0.1819 0.1733 0.1505 0.1605 0.1318 0.1428 0.1388 0.1329 0.1174 0.1077 0.1210 0.1151 0.1215 0.1099 0.1148 0.1101 0.0949 0.0991 0.0955 0.0844 0.0901 0.0993 0.0869 0.0908 0.1016 0.0742 0.0805 0.0893 0.0858 0.0793 0.0801 0.0740 0.0809 0.0772 0.0878 0.0694 0.0776 0.0642 0.0639 0.0634 0.0613 0.0690 0.0620 0.0620 0.0633 0.0615 0.0587 0.0585 0.0552 0.0549 0.0588 0.0541 0.0549 0.0606 0.0495 0.0481 0.0557 0.0575 0.0512 0.0508 0.0459 0.0510 0.0486 0.0472 0.0452 0.0477 0.0459],[2.0444 1.9040 1.9688 1.9468 2.0193 2.3451 1.4330 0.7559 0.6610 0.5029 0.5078 0.4711 0.4321 0.3963 0.3841 0.4000 0.3715 0.4375 0.3235 0.3152 0.3451 0.3169 0.2748 0.2833 0.2949 0.2542 0.2821 0.2467 0.2595 0.2506 0.2580 0.2398 0.2197 0.2520 0.2342 0.2181 0.2249 0.2006 0.2083 0.2005 0.1964 0.1815 0.1735 0.1903 0.1828 0.1939 0.1862 0.1861 0.1752 0.1638 0.1734 0.1681 0.1522 0.1552 0.1802 0.1610 0.1642 0.1897 0.1527 0.1565 0.1704 0.1700 0.1550 0.1588 0.1603 0.1711 0.1561 0.1738 0.1486 0.1656 0.1419 0.1530 0.1466 0.1384 0.1577 0.1483 0.1414 0.1499 0.1483 0.1422 0.1368 0.1335 0.1359 0.1474 0.1376 0.1381 0.1456 0.1343 0.1342 0.1425 0.1537 0.1333 0.1423 0.1365 0.1493 0.1409 0.1394 0.1308 0.1350 0.1381],[2.1664 1.9834 1.8675 1.7802 1.7149 1.4951 1.2192 0.9431 0.7332 0.6251 0.5596 0.5127 0.4707 0.4436 0.4139 0.3924 0.3729 0.3582 0.3431 0.3288 0.3177 0.3109 0.2995 0.2892 0.2819 0.2716 0.2669 0.2597 0.2537 0.2509 0.2416 0.2333 0.2317 0.2261 0.2243 0.2214 0.2150 0.2146 0.2104 0.2061 0.2014 0.1986 0.1960 0.1936 0.1901 0.1852 0.1824 0.1812 0.1775 0.1777 0.1721 0.1718 0.1680 0.1679 0.1660 0.1633 0.1614 0.1600 0.1575 0.1549 0.1538 0.1532 0.1535 0.1479 0.1477 0.1468 0.1449 0.1441 0.1407 0.1400 0.1420 0.1405 0.1384 0.1361 0.1314 0.1321 0.1312 0.1317 0.1304 0.1284 0.1279 0.1269 0.1259 0.1252 0.1234 0.1198 0.1200 0.1217 0.1195 0.1177 0.1167 0.1163 0.1166 0.1155 0.1136 0.1125 0.1119 0.1113 0.1103 0.1085]
