train_acc,valid_acc,test_acc,train_loss,valid_loss,train_aug_loss
0.9841769933700562,0.9646915793418884,0.9638422131538391,[3.0799 0.3315 0.2964 0.1777 0.2153 0.1541 0.1664 0.1211 0.1755 0.1038 0.1456 0.1225 0.0974 0.0875 0.0907 0.1230 0.0951 0.0924 0.0765 0.1016 0.0671 0.0948 0.0843 0.0694 0.0656 0.0850 0.0831 0.0685 0.0774 0.0681 0.0693 0.0570 0.0783 0.0560 0.0538 0.0702 0.0593 0.0863 0.0681 0.0497 0.0641 0.0668 0.0499 0.0651 0.0599 0.0802 0.0424 0.0520 0.0549 0.0454],[2.9963 0.3402 0.3013 0.2092 0.2463 0.2148 0.2174 0.1739 0.2217 0.1613 0.1975 0.1740 0.1590 0.1430 0.1544 0.1870 0.1594 0.1497 0.1573 0.1782 0.1398 0.1702 0.1596 0.1529 0.1313 0.1557 0.1575 0.1436 0.1601 0.1520 0.1444 0.1333 0.1623 0.1364 0.1313 0.1653 0.1405 0.1764 0.1452 0.1275 0.1434 0.1527 0.1344 0.1494 0.1522 0.1663 0.1316 0.1397 0.1505 0.1371],[1.4674 0.6062 0.4301 0.3659 0.3299 0.3088 0.2876 0.2700 0.2696 0.2572 0.2526 0.2422 0.2386 0.2320 0.2272 0.2195 0.2218 0.2153 0.2131 0.2088 0.2073 0.2007 0.2008 0.1992 0.1950 0.1924 0.1917 0.1856 0.1854 0.1853 0.1834 0.1789 0.1801 0.1790 0.1764 0.1712 0.1746 0.1749 0.1712 0.1673 0.1695 0.1686 0.1657 0.1659 0.1653 0.1639 0.1573 0.1641 0.1575 0.1572]
