train_acc,valid_acc,test_acc,train_loss,valid_loss,train_aug_loss
0.9795122146606445,0.9650974273681641,0.9629291296005249,[1.9974 1.4082 1.0418 0.5990 0.5337 0.4137 0.3237 0.3748 0.2151 0.2094 0.2759 0.2575 0.2130 0.2238 0.2474 0.1646 0.1479 0.1485 0.1749 0.1325 0.1316 0.1514 0.1370 0.1674 0.1409 0.2141 0.0952 0.1397 0.1091 0.1253 0.1092 0.1109 0.1565 0.1196 0.1045 0.1378 0.0787 0.0811 0.0810 0.1129 0.1078 0.1018 0.0909 0.0682 0.0687 0.0888 0.1611 0.1261 0.0614 0.0900],[1.9247 1.2830 0.9598 0.5847 0.5173 0.4065 0.3294 0.3730 0.2310 0.2279 0.2900 0.2773 0.2348 0.2497 0.2655 0.1975 0.1808 0.1783 0.2059 0.1642 0.1714 0.1898 0.1795 0.2085 0.1830 0.2534 0.1444 0.1828 0.1558 0.1726 0.1597 0.1641 0.2109 0.1739 0.1584 0.1903 0.1331 0.1385 0.1370 0.1691 0.1684 0.1594 0.1489 0.1272 0.1275 0.1484 0.2234 0.1866 0.1214 0.1506],[1.9317 1.5654 1.0069 0.6917 0.5658 0.4965 0.4592 0.4154 0.3826 0.3675 0.3472 0.3280 0.3167 0.3031 0.2907 0.2812 0.2777 0.2665 0.2600 0.2523 0.2453 0.2394 0.2368 0.2292 0.2262 0.2202 0.2200 0.2150 0.2127 0.2079 0.2058 0.1991 0.1973 0.1943 0.1931 0.1899 0.1881 0.1828 0.1824 0.1818 0.1791 0.1792 0.1764 0.1738 0.1728 0.1705 0.1724 0.1677 0.1670 0.1621]
