train_acc,valid_acc,test_acc,train_loss,valid_loss,train_aug_loss
0.9824166893959045,0.9642857313156128,0.9631117582321167,[2.5713 0.7818 0.3365 0.2470 0.2121 0.2170 0.1702 0.1859 0.1766 0.1635 0.1344 0.1343 0.1212 0.1325 0.1226 0.1054 0.1025 0.1035 0.0941 0.1054 0.1045 0.1140 0.0865 0.0977 0.0931 0.1035 0.0936 0.0825 0.0817 0.0774 0.0773 0.0979 0.0924 0.0723 0.0852 0.0793 0.0762 0.0867 0.0956 0.0780 0.0739 0.0690 0.0532 0.0612 0.0918 0.0747 0.0640 0.0551 0.0536 0.0571],[2.4695 0.8765 0.3994 0.2805 0.2601 0.2602 0.2147 0.2409 0.2143 0.1901 0.1749 0.1847 0.1584 0.1896 0.1714 0.1639 0.1518 0.1626 0.1546 0.1668 0.1677 0.1801 0.1445 0.1676 0.1542 0.1619 0.1688 0.1517 0.1541 0.1490 0.1556 0.1641 0.1548 0.1377 0.1597 0.1532 0.1480 0.1574 0.1706 0.1548 0.1496 0.1440 0.1252 0.1377 0.1798 0.1551 0.1414 0.1463 0.1315 0.1360],[1.9621 1.2282 0.5069 0.3945 0.3464 0.3241 0.2973 0.2823 0.2692 0.2568 0.2486 0.2399 0.2299 0.2254 0.2181 0.2126 0.2076 0.2046 0.1943 0.1983 0.1902 0.1869 0.1837 0.1808 0.1770 0.1738 0.1717 0.1655 0.1669 0.1664 0.1591 0.1580 0.1598 0.1542 0.1541 0.1520 0.1490 0.1494 0.1471 0.1418 0.1411 0.1404 0.1396 0.1404 0.1361 0.1338 0.1333 0.1365 0.1315 0.1315]
