train_acc,valid_acc,test_acc,train_loss,valid_loss,train_aug_loss
0.9800598621368408,0.9634740352630615,0.9611030220985413,[1.9430 1.2365 0.4450 0.3405 0.3253 0.2715 0.3104 0.2426 0.2602 0.2046 0.2475 0.2201 0.1463 0.1151 0.1612 0.1553 0.1071 0.1813 0.1289 0.1796 0.1400 0.1194 0.1755 0.1330 0.0861 0.1614 0.1857 0.1005 0.1037 0.1464 0.0878 0.1216 0.0967 0.1174 0.0931 0.0959 0.0934 0.1121 0.1295 0.0880 0.0966 0.0775 0.0680 0.0930 0.0810 0.0642 0.0767 0.1075 0.1361 0.0698],[1.9145 1.2068 0.4147 0.3219 0.3372 0.2722 0.3128 0.2500 0.2647 0.2216 0.2561 0.2309 0.1734 0.1574 0.1852 0.1867 0.1421 0.2167 0.1718 0.2124 0.1777 0.1671 0.2102 0.1786 0.1250 0.2071 0.2328 0.1457 0.1559 0.1960 0.1371 0.1660 0.1522 0.1720 0.1378 0.1441 0.1558 0.1636 0.1882 0.1433 0.1456 0.1345 0.1239 0.1479 0.1316 0.1208 0.1355 0.1661 0.2138 0.1272],[1.9038 1.3735 0.7705 0.5544 0.4643 0.4134 0.3842 0.3557 0.3366 0.3217 0.3100 0.2956 0.2878 0.2764 0.2678 0.2672 0.2538 0.2522 0.2493 0.2390 0.2336 0.2370 0.2312 0.2229 0.2225 0.2167 0.2185 0.2126 0.2090 0.2056 0.2034 0.2040 0.1977 0.1955 0.1946 0.1933 0.1938 0.1862 0.1845 0.1819 0.1801 0.1803 0.1784 0.1798 0.1783 0.1736 0.1739 0.1708 0.1681 0.1692]
