train_acc,valid_acc,test_acc,train_loss,valid_loss,train_aug_loss
0.9893013834953308,0.9667207598686218,0.9707815647125244,[2.0343 1.7376 0.7728 0.4700 0.3793 0.2620 0.2872 0.2724 0.2546 0.1673 0.1927 0.1702 0.1814 0.1357 0.1765 0.1307 0.1165 0.1113 0.1166 0.1110 0.0939 0.0937 0.1044 0.0955 0.0803 0.0783 0.0904 0.0720 0.0694 0.0800 0.0715 0.0622 0.0610 0.0801 0.0715 0.0679 0.0683 0.0604 0.0539 0.0612 0.0556 0.0614 0.0533 0.0539 0.0573 0.0494 0.0594 0.0478 0.0480 0.0489 0.0537 0.0386 0.0454 0.0446 0.0447 0.0391 0.0365 0.0396 0.0421 0.0382 0.0369 0.0349 0.0518 0.0371 0.0321 0.0371 0.0338 0.0349 0.0482 0.0318 0.0346 0.0362 0.0378 0.0327 0.0366 0.0320 0.0335 0.0328 0.0266 0.0269 0.0244 0.0329 0.0263 0.0256 0.0224 0.0239 0.0272 0.0204 0.0272 0.0226 0.0337 0.0227 0.0245 0.0332 0.0360 0.0228 0.0203 0.0193 0.0180 0.0197],[2.0226 1.7080 0.7925 0.5282 0.4544 0.3057 0.3537 0.3405 0.3068 0.2052 0.2461 0.2196 0.2331 0.1835 0.2200 0.1824 0.1674 0.1630 0.1671 0.1790 0.1506 0.1440 0.1809 0.1686 0.1373 0.1330 0.1551 0.1369 0.1356 0.1463 0.1364 0.1289 0.1327 0.1691 0.1413 0.1320 0.1522 0.1320 0.1259 0.1428 0.1242 0.1463 0.1247 0.1315 0.1284 0.1325 0.1404 0.1308 0.1284 0.1408 0.1419 0.1162 0.1282 0.1360 0.1255 0.1180 0.1269 0.1262 0.1395 0.1272 0.1286 0.1258 0.1605 0.1263 0.1130 0.1381 0.1262 0.1277 0.1578 0.1277 0.1236 0.1411 0.1394 0.1336 0.1532 0.1397 0.1397 0.1393 0.1285 0.1252 0.1265 0.1519 0.1304 0.1243 0.1156 0.1295 0.1385 0.1150 0.1403 0.1219 0.1625 0.1335 0.1291 0.1531 0.1721 0.1263 0.1281 0.1152 0.1209 0.1325],[2.0767 1.7482 1.0514 0.6214 0.4796 0.4126 0.3688 0.3400 0.3144 0.2985 0.2796 0.2660 0.2596 0.2454 0.2372 0.2319 0.2268 0.2165 0.2081 0.2047 0.2025 0.1937 0.1920 0.1848 0.1829 0.1766 0.1740 0.1703 0.1695 0.1637 0.1599 0.1588 0.1555 0.1527 0.1506 0.1467 0.1457 0.1430 0.1374 0.1403 0.1368 0.1331 0.1328 0.1311 0.1313 0.1261 0.1272 0.1232 0.1234 0.1231 0.1203 0.1189 0.1166 0.1164 0.1130 0.1114 0.1106 0.1082 0.1100 0.1045 0.1055 0.1068 0.1036 0.1044 0.1037 0.1002 0.1018 0.0989 0.0995 0.0954 0.0945 0.0960 0.0932 0.0933 0.0954 0.0913 0.0917 0.0897 0.0913 0.0878 0.0893 0.0873 0.0854 0.0874 0.0865 0.0809 0.0834 0.0836 0.0825 0.0816 0.0830 0.0794 0.0809 0.0781 0.0770 0.0772 0.0778 0.0773 0.0750 0.0770]
