train_acc,valid_acc,test_acc,train_loss,valid_loss,train_aug_loss
0.9820646047592163,0.961850643157959,0.9634770154953003,[1.9144 1.4057 0.4030 0.2636 0.2397 0.2104 0.1697 0.2037 0.1935 0.1985 0.1963 0.1564 0.1433 0.1274 0.1435 0.1110 0.1291 0.1314 0.1177 0.1177 0.1158 0.1035 0.1138 0.1536 0.1241 0.1346 0.0865 0.1176 0.1049 0.0823 0.1109 0.0881 0.1075 0.1263 0.1025 0.1001 0.0987 0.1090 0.0843 0.1039 0.0600 0.0794 0.0650 0.0945 0.0851 0.0952 0.0918 0.0759 0.1093 0.0828],[1.9548 1.4490 0.4519 0.2787 0.2591 0.2524 0.2165 0.2406 0.2301 0.2268 0.2241 0.1986 0.1703 0.1784 0.1974 0.1545 0.1651 0.1743 0.1674 0.1578 0.1581 0.1606 0.1702 0.2088 0.1809 0.1869 0.1379 0.1826 0.1602 0.1470 0.1694 0.1461 0.1729 0.1856 0.1660 0.1752 0.1554 0.1831 0.1616 0.1726 0.1227 0.1456 0.1350 0.1696 0.1496 0.1551 0.1655 0.1465 0.1851 0.1523],[1.9706 1.6935 0.7985 0.4863 0.4007 0.3600 0.3349 0.3116 0.2973 0.2845 0.2762 0.2687 0.2564 0.2498 0.2480 0.2405 0.2338 0.2305 0.2233 0.2193 0.2228 0.2147 0.2142 0.2122 0.2044 0.2023 0.1995 0.1973 0.1930 0.1928 0.1873 0.1891 0.1831 0.1826 0.1800 0.1808 0.1757 0.1778 0.1754 0.1734 0.1708 0.1670 0.1700 0.1717 0.1680 0.1623 0.1618 0.1647 0.1642 0.1606]
