train_acc,valid_acc,test_acc,train_loss,valid_loss,train_aug_loss
0.9818005561828613,0.9626623392105103,0.9636595845222473,[2.6837 0.8174 0.3146 0.2651 0.2553 0.1635 0.1837 0.2132 0.1360 0.2016 0.2430 0.1611 0.1857 0.1331 0.1624 0.1346 0.1091 0.1358 0.1629 0.0907 0.1622 0.1529 0.0942 0.0946 0.0947 0.0730 0.1493 0.0893 0.1057 0.0773 0.0816 0.1167 0.0689 0.0768 0.0605 0.0905 0.0757 0.0988 0.1056 0.0867 0.1017 0.0660 0.0758 0.0766 0.0875 0.0713 0.0785 0.0621 0.0759 0.0617],[2.4741 0.8110 0.3228 0.2802 0.2489 0.1889 0.2111 0.2316 0.1677 0.2326 0.2667 0.1929 0.2108 0.1725 0.2054 0.1783 0.1592 0.1797 0.2108 0.1405 0.2093 0.2145 0.1502 0.1484 0.1486 0.1244 0.2003 0.1450 0.1616 0.1309 0.1403 0.1743 0.1285 0.1387 0.1233 0.1487 0.1381 0.1722 0.1751 0.1542 0.1757 0.1328 0.1420 0.1449 0.1604 0.1442 0.1465 0.1306 0.1458 0.1405],[1.8101 0.8960 0.5620 0.4521 0.4038 0.3714 0.3455 0.3261 0.3101 0.3008 0.2917 0.2798 0.2691 0.2676 0.2589 0.2511 0.2436 0.2363 0.2367 0.2310 0.2290 0.2200 0.2206 0.2173 0.2113 0.2115 0.2057 0.2058 0.1990 0.1992 0.1996 0.1945 0.1959 0.1899 0.1913 0.1857 0.1839 0.1846 0.1803 0.1774 0.1764 0.1757 0.1719 0.1723 0.1716 0.1704 0.1678 0.1662 0.1675 0.1618]
