train_acc,valid_acc,test_acc,train_loss,valid_loss,train_aug_loss
0.9800305366516113,0.9630681872367859,0.9614682197570801,[2.2207 0.9055 0.3401 0.2631 0.2747 0.2400 0.1990 0.2203 0.1813 0.2075 0.1587 0.1328 0.1621 0.1640 0.1436 0.1212 0.1357 0.1021 0.1401 0.1240 0.1216 0.0950 0.0933 0.1397 0.0831 0.0966 0.0870 0.0747 0.1503 0.0787 0.1118 0.1177 0.0750 0.1081 0.0927 0.0887 0.1151 0.0685 0.0686 0.1006 0.0715 0.0656 0.0986 0.0747 0.0780 0.0774 0.0790 0.0904 0.0787 0.0929],[2.1571 0.8351 0.3363 0.2873 0.2797 0.2549 0.2244 0.2381 0.2092 0.2392 0.1917 0.1706 0.2072 0.1993 0.1878 0.1785 0.1911 0.1598 0.1876 0.1751 0.1782 0.1499 0.1495 0.1893 0.1546 0.1615 0.1503 0.1402 0.2014 0.1557 0.1698 0.1778 0.1430 0.1713 0.1518 0.1544 0.1762 0.1416 0.1353 0.1633 0.1396 0.1345 0.1550 0.1516 0.1492 0.1446 0.1489 0.1612 0.1506 0.1632],[1.8880 1.2555 0.7035 0.5330 0.4527 0.4097 0.3811 0.3578 0.3457 0.3272 0.3149 0.3063 0.2923 0.2847 0.2771 0.2734 0.2667 0.2568 0.2561 0.2515 0.2439 0.2454 0.2318 0.2329 0.2266 0.2263 0.2203 0.2194 0.2149 0.2107 0.2109 0.2077 0.2029 0.1999 0.2005 0.1969 0.1996 0.1950 0.1941 0.1876 0.1893 0.1855 0.1844 0.1818 0.1782 0.1808 0.1812 0.1760 0.1760 0.1730]
