train_acc,valid_acc,test_acc,train_loss,valid_loss,train_aug_loss
0.9903531670570374,0.9671412706375122,0.9428406357765198,[2.1063 1.6585 1.1785 0.4057 0.3158 0.3658 0.3978 0.2624 0.2478 0.2417 0.2000 0.2961 0.2136 0.1536 0.1186 0.1854 0.1659 0.1772 0.2613 0.0840 0.1779 0.1180 0.1594 0.1005 0.1892 0.1399 0.1365 0.0885 0.1488 0.1681 0.0997 0.1630 0.0865 0.0772 0.1059 0.0965 0.0900 0.0674 0.1106 0.1204 0.0669 0.1284 0.0672 0.0460 0.0673 0.0692 0.0708 0.0528 0.0527 0.0570 0.1320 0.1044 0.1015 0.0830 0.0500 0.0669 0.0803 0.0519 0.0768 0.1224 0.0404 0.0463 0.0277 0.0376 0.0749 0.0662 0.0705 0.0832 0.0678 0.0786 0.0834 0.0439 0.0619 0.0587 0.0835 0.0376 0.0764 0.0998 0.0807 0.0271 0.0463 0.0316 0.0463 0.0849 0.0575 0.0209 0.0628 0.0562 0.0558 0.0401 0.0573 0.0223 0.0525 0.0267 0.0281 0.0239 0.0244 0.0311 0.0516 0.0341],[2.1019 1.9685 1.3780 0.5360 0.4214 0.4946 0.5264 0.3834 0.3321 0.3119 0.2671 0.4035 0.3265 0.2307 0.2173 0.2901 0.2583 0.2829 0.4115 0.1568 0.2995 0.2157 0.2686 0.1841 0.2975 0.2436 0.2522 0.1818 0.2522 0.2979 0.2143 0.2958 0.1984 0.1767 0.2286 0.2051 0.2063 0.1649 0.2470 0.2521 0.1839 0.2699 0.1769 0.1507 0.1838 0.1867 0.2039 0.1656 0.1655 0.1583 0.2709 0.2419 0.2559 0.2171 0.1665 0.2013 0.2112 0.1657 0.2094 0.2846 0.1540 0.1674 0.1467 0.1568 0.2272 0.2203 0.2135 0.2421 0.2204 0.2255 0.2431 0.1944 0.2199 0.1974 0.2558 0.1739 0.2405 0.2748 0.2523 0.1480 0.2072 0.1762 0.2077 0.2694 0.2200 0.1593 0.2163 0.2266 0.2068 0.2069 0.2303 0.1607 0.2196 0.1580 0.1694 0.1507 0.1795 0.1888 0.2238 0.1947],[2.0166 1.3138 0.4950 0.3741 0.3151 0.2882 0.2636 0.2498 0.2346 0.2206 0.2116 0.2033 0.1948 0.1864 0.1808 0.1766 0.1695 0.1663 0.1628 0.1556 0.1532 0.1506 0.1467 0.1441 0.1380 0.1344 0.1344 0.1314 0.1276 0.1297 0.1256 0.1246 0.1196 0.1198 0.1175 0.1141 0.1123 0.1111 0.1094 0.1095 0.1055 0.1055 0.1038 0.1013 0.1016 0.0991 0.0983 0.0968 0.0971 0.0940 0.0927 0.0917 0.0909 0.0907 0.0892 0.0884 0.0875 0.0856 0.0860 0.0854 0.0835 0.0825 0.0812 0.0810 0.0801 0.0784 0.0797 0.0790 0.0773 0.0765 0.0747 0.0751 0.0755 0.0732 0.0708 0.0724 0.0723 0.0727 0.0707 0.0688 0.0702 0.0694 0.0668 0.0659 0.0676 0.0674 0.0648 0.0647 0.0656 0.0646 0.0641 0.0647 0.0610 0.0633 0.0605 0.0607 0.0621 0.0607 0.0602 0.0594]
