train_acc,valid_acc,test_acc,train_loss,valid_loss,train_aug_loss
0.9785733819007874,0.9575892686843872,0.9585464000701904,[2.0341 1.3320 0.9506 0.8074 0.7058 0.4679 0.3912 0.3149 0.3233 0.2074 0.2339 0.2701 0.2670 0.1689 0.1935 0.1815 0.1905 0.1725 0.1688 0.2037 0.1500 0.1317 0.1715 0.1026 0.1579 0.1249 0.1486 0.1505 0.1024 0.1144 0.1721 0.1191 0.1082 0.1121 0.1051 0.1279 0.1548 0.1133 0.1165 0.0809 0.1099 0.1016 0.1196 0.0865 0.1382 0.0989 0.0924 0.0935 0.1005 0.0685],[1.9647 1.2577 0.9114 0.7795 0.6664 0.4651 0.3927 0.3328 0.3313 0.2299 0.2518 0.2900 0.2887 0.1997 0.2228 0.2091 0.2272 0.2099 0.2051 0.2432 0.1863 0.1704 0.2176 0.1451 0.2001 0.1679 0.1932 0.1989 0.1613 0.1593 0.2234 0.1768 0.1610 0.1749 0.1644 0.1885 0.2203 0.1718 0.1789 0.1378 0.1667 0.1579 0.1877 0.1497 0.2025 0.1623 0.1571 0.1589 0.1641 0.1269],[1.9578 1.6441 1.1012 0.7639 0.6164 0.5328 0.4772 0.4347 0.4050 0.3786 0.3549 0.3339 0.3238 0.3080 0.2972 0.2876 0.2747 0.2653 0.2586 0.2535 0.2463 0.2441 0.2354 0.2322 0.2281 0.2216 0.2179 0.2158 0.2122 0.2131 0.2046 0.1997 0.2019 0.1953 0.1958 0.1874 0.1881 0.1879 0.1836 0.1812 0.1805 0.1801 0.1778 0.1762 0.1708 0.1708 0.1687 0.1683 0.1679 0.1629]
