train_acc,valid_acc,test_acc,train_loss,valid_loss,train_aug_loss
0.9799816012382507,0.9650974273681641,0.9589115977287292,[2.0672 1.2943 0.4213 0.2974 0.2820 0.2409 0.2275 0.1945 0.2012 0.2121 0.1894 0.1694 0.1862 0.1346 0.1725 0.1767 0.1224 0.2019 0.1112 0.1459 0.1599 0.1016 0.1590 0.1506 0.1236 0.1143 0.0977 0.1176 0.1128 0.1430 0.1005 0.0916 0.1997 0.0685 0.1072 0.1140 0.0854 0.1052 0.0983 0.0756 0.1228 0.1332 0.0658 0.0910 0.0770 0.0847 0.0960 0.0733 0.0723 0.1126],[2.0047 1.1938 0.4232 0.2987 0.2822 0.2544 0.2301 0.2165 0.2196 0.2276 0.2083 0.1970 0.2146 0.1674 0.1986 0.2078 0.1622 0.2345 0.1513 0.1826 0.1976 0.1521 0.1966 0.1892 0.1714 0.1632 0.1463 0.1612 0.1646 0.1851 0.1511 0.1448 0.2391 0.1261 0.1588 0.1643 0.1360 0.1560 0.1531 0.1354 0.1758 0.1912 0.1208 0.1497 0.1408 0.1453 0.1535 0.1339 0.1375 0.1732],[1.8781 1.2777 0.7310 0.5532 0.4703 0.4206 0.3845 0.3669 0.3476 0.3281 0.3146 0.3036 0.2935 0.2837 0.2771 0.2716 0.2682 0.2616 0.2550 0.2474 0.2483 0.2394 0.2335 0.2330 0.2290 0.2221 0.2251 0.2172 0.2111 0.2104 0.2103 0.2051 0.2048 0.2047 0.2023 0.1999 0.1964 0.1964 0.1923 0.1878 0.1886 0.1837 0.1836 0.1800 0.1817 0.1776 0.1792 0.1760 0.1754 0.1729]
