train_acc,valid_acc,test_acc,train_loss,valid_loss,train_aug_loss
0.9838249087333679,0.9626623392105103,0.9654857516288757,[3.5621 0.4016 0.1965 0.2147 0.1752 0.1922 0.1435 0.1426 0.1285 0.1146 0.1338 0.1303 0.1019 0.1034 0.1106 0.1260 0.0808 0.0782 0.1100 0.0925 0.0761 0.1110 0.0915 0.0827 0.0676 0.0760 0.0859 0.0756 0.0741 0.0595 0.0866 0.0771 0.0746 0.0813 0.0900 0.0604 0.0920 0.0709 0.0751 0.0503 0.0611 0.0703 0.0508 0.0793 0.0601 0.0535 0.0613 0.0526 0.0617 0.0532],[3.5734 0.3955 0.2401 0.2475 0.2202 0.2301 0.1905 0.1929 0.1865 0.1716 0.1946 0.1966 0.1647 0.1722 0.1802 0.1939 0.1472 0.1460 0.1759 0.1715 0.1428 0.1831 0.1634 0.1589 0.1455 0.1472 0.1612 0.1583 0.1530 0.1373 0.1606 0.1577 0.1480 0.1668 0.1788 0.1451 0.1776 0.1537 0.1602 0.1273 0.1461 0.1544 0.1316 0.1618 0.1465 0.1348 0.1449 0.1389 0.1433 0.1390],[1.4300 0.5945 0.4345 0.3707 0.3371 0.3154 0.2990 0.2800 0.2756 0.2656 0.2504 0.2484 0.2432 0.2353 0.2280 0.2247 0.2222 0.2128 0.2128 0.2105 0.2110 0.2039 0.2030 0.1970 0.1979 0.1963 0.1925 0.1871 0.1881 0.1890 0.1854 0.1826 0.1820 0.1801 0.1752 0.1751 0.1728 0.1731 0.1748 0.1689 0.1715 0.1682 0.1661 0.1665 0.1654 0.1676 0.1650 0.1615 0.1612 0.1567]
