train_acc,valid_acc,test_acc,train_loss,valid_loss,train_aug_loss
0.9814485311508179,0.9592126607894897,0.959094226360321,[2.0193 3.8873 6.9767 1.3063 0.5218 0.3915 0.3333 0.3157 0.2778 0.2659 0.2297 0.1916 0.2020 0.2342 0.1757 0.1757 0.1746 0.1574 0.1752 0.1723 0.1382 0.1340 0.1407 0.1557 0.1188 0.1205 0.1180 0.1156 0.1292 0.1206 0.1106 0.1406 0.1081 0.1434 0.0989 0.1043 0.1143 0.1019 0.0971 0.0982 0.1065 0.0855 0.0898 0.0930 0.0741 0.0777 0.1068 0.0832 0.0705 0.0791 0.0759 0.0728 0.0742 0.0844 0.0790 0.0716 0.0687 0.0838 0.0756 0.0570 0.0638 0.1014 0.0690 0.0612 0.0757 0.0523 0.0640 0.0621 0.0612 0.0590 0.0586 0.0496 0.0556 0.0663 0.0501 0.0575 0.0547 0.0609 0.0619 0.0518 0.0495 0.0496 0.0566 0.0460 0.0766 0.0585 0.0470 0.0431 0.0485 0.0434 0.0565 0.0478 0.0528 0.0459 0.0498 0.0408 0.0460 0.0367 0.0347 0.0580],[2.0182 3.6529 6.1790 1.2696 0.5717 0.4575 0.3872 0.3417 0.3370 0.2960 0.2649 0.2376 0.2522 0.2982 0.2321 0.2192 0.2186 0.1972 0.2281 0.2415 0.1940 0.1893 0.2101 0.2218 0.1809 0.1864 0.1802 0.1746 0.1953 0.1853 0.1791 0.2124 0.1837 0.2021 0.1655 0.1706 0.1854 0.1645 0.1646 0.1694 0.1744 0.1490 0.1623 0.1678 0.1498 0.1609 0.1881 0.1618 0.1518 0.1598 0.1653 0.1540 0.1528 0.1691 0.1585 0.1575 0.1505 0.1688 0.1653 0.1364 0.1501 0.2024 0.1543 0.1549 0.1664 0.1350 0.1578 0.1535 0.1539 0.1478 0.1489 0.1412 0.1504 0.1561 0.1459 0.1592 0.1518 0.1657 0.1567 0.1550 0.1473 0.1564 0.1621 0.1609 0.1858 0.1634 0.1433 0.1411 0.1561 0.1497 0.1645 0.1531 0.1621 0.1502 0.1662 0.1478 0.1613 0.1429 0.1429 0.1912],[2.0979 1.8976 1.8224 1.3078 0.7024 0.5178 0.4463 0.3937 0.3696 0.3421 0.3264 0.3104 0.2943 0.2881 0.2754 0.2678 0.2540 0.2494 0.2388 0.2370 0.2294 0.2192 0.2190 0.2156 0.2093 0.2015 0.2013 0.1963 0.1955 0.1926 0.1857 0.1825 0.1792 0.1770 0.1766 0.1721 0.1700 0.1686 0.1661 0.1629 0.1609 0.1587 0.1578 0.1545 0.1542 0.1486 0.1488 0.1477 0.1469 0.1465 0.1424 0.1408 0.1399 0.1378 0.1362 0.1361 0.1342 0.1335 0.1337 0.1306 0.1253 0.1294 0.1238 0.1254 0.1232 0.1219 0.1226 0.1191 0.1196 0.1151 0.1182 0.1159 0.1149 0.1145 0.1133 0.1105 0.1100 0.1131 0.1099 0.1093 0.1076 0.1092 0.1032 0.1028 0.1051 0.1045 0.1004 0.1016 0.1022 0.1015 0.1007 0.1008 0.0998 0.0972 0.0956 0.0974 0.0952 0.0955 0.0957 0.0944]
