train_acc,valid_acc,test_acc,train_loss,valid_loss,train_aug_loss
0.9819570779800415,0.9655032753944397,0.9623813033103943,[1.9362 2.8877 1.8028 0.5314 0.4053 0.3112 0.2724 0.2695 0.2155 0.2026 0.1851 0.1839 0.1799 0.1726 0.1680 0.1393 0.1466 0.1396 0.1359 0.1210 0.1319 0.1173 0.1014 0.1289 0.1176 0.1079 0.1036 0.0991 0.0899 0.1011 0.0858 0.0956 0.0845 0.0866 0.0795 0.0921 0.0741 0.0789 0.0773 0.0890 0.0826 0.0737 0.0664 0.0711 0.0711 0.0863 0.0719 0.0604 0.0641 0.0646 0.0648 0.0524 0.0538 0.0573 0.0551 0.0543 0.0641 0.0494 0.0515 0.0478 0.0443 0.0463 0.0614 0.0431 0.0537 0.0540 0.0521 0.0535 0.0444 0.0575 0.0362 0.0441 0.0425 0.0385 0.0470 0.0387 0.0362 0.0526 0.0415 0.0470 0.0409 0.0395 0.0522 0.0374 0.0367 0.0402 0.0290 0.0403 0.0481 0.0346 0.0315 0.0302 0.0277 0.0302 0.0308 0.0382 0.0350 0.0306 0.0329 0.0287],[1.9349 2.7328 1.8031 0.5418 0.4254 0.3239 0.2996 0.2828 0.2392 0.2180 0.2188 0.2087 0.2070 0.2034 0.2015 0.1688 0.1834 0.1732 0.1706 0.1543 0.1699 0.1623 0.1395 0.1607 0.1605 0.1523 0.1442 0.1431 0.1391 0.1545 0.1348 0.1451 0.1383 0.1375 0.1277 0.1433 0.1246 0.1317 0.1316 0.1472 0.1445 0.1313 0.1266 0.1262 0.1308 0.1496 0.1344 0.1250 0.1270 0.1338 0.1357 0.1178 0.1216 0.1248 0.1221 0.1238 0.1357 0.1291 0.1334 0.1217 0.1217 0.1228 0.1447 0.1210 0.1361 0.1439 0.1402 0.1348 0.1312 0.1556 0.1218 0.1322 0.1257 0.1265 0.1415 0.1304 0.1230 0.1592 0.1256 0.1430 0.1336 0.1248 0.1567 0.1360 0.1373 0.1368 0.1306 0.1419 0.1548 0.1420 0.1407 0.1247 0.1358 0.1371 0.1347 0.1506 0.1422 0.1411 0.1426 0.1444],[2.0646 1.8143 1.4162 0.7015 0.4925 0.4163 0.3690 0.3358 0.3133 0.2952 0.2800 0.2652 0.2522 0.2434 0.2388 0.2292 0.2202 0.2160 0.2058 0.2022 0.1932 0.1908 0.1866 0.1834 0.1775 0.1739 0.1709 0.1671 0.1611 0.1619 0.1580 0.1556 0.1529 0.1488 0.1453 0.1457 0.1421 0.1417 0.1394 0.1372 0.1313 0.1343 0.1310 0.1291 0.1269 0.1250 0.1268 0.1233 0.1183 0.1188 0.1147 0.1145 0.1144 0.1124 0.1109 0.1099 0.1102 0.1061 0.1058 0.1060 0.1026 0.1040 0.1018 0.1024 0.1009 0.0978 0.0981 0.0970 0.0949 0.0952 0.0953 0.0933 0.0918 0.0890 0.0895 0.0885 0.0885 0.0861 0.0862 0.0865 0.0831 0.0832 0.0838 0.0819 0.0833 0.0825 0.0796 0.0815 0.0781 0.0783 0.0793 0.0765 0.0751 0.0762 0.0771 0.0754 0.0755 0.0762 0.0755 0.0729]
