Train Acc,Validation acc,Test Acc,Runtime
0.4642770290374756,0.4696454703807831,0.37028759717941284,51.27184462547302
0.23459692299365997,0.2380952388048172,0.23097431659698486,56.68240714073181
