Train Acc,Validation acc,Test Acc,N Epochs,Runtime
0.8729642033576965,0.8760810494422913,0.7945351600646973,2,87.97800540924072
0.8735218048095703,0.8704007863998413,0.8361974358558655,2,88.48730492591858
