train_acc,valid_acc,test_acc,train_loss,valid_loss,train_aug_loss
0.9730382561683655,0.9590097665786743,0.9548940658569336,[1.9686 0.8562 0.4733 0.4493 0.3950 0.3093 0.4067 0.3522 0.3696 0.3498 0.3018 0.2945 0.2591 0.2776 0.3392 0.2408 0.2744 0.2165 0.1850 0.2504 0.1824 0.2085 0.1665 0.1989 0.2184 0.2373 0.2961 0.2542 0.1437 0.1772 0.1710 0.1424 0.1294 0.1903 0.2277 0.1732 0.1630 0.1701 0.1171 0.2486 0.1328 0.1156 0.1300 0.1419 0.1029 0.1154 0.1094 0.1199 0.1311 0.1709],[1.8347 0.7838 0.5127 0.4768 0.4015 0.3369 0.4106 0.3459 0.3749 0.3463 0.3094 0.3099 0.2714 0.3005 0.3463 0.2622 0.2852 0.2339 0.2052 0.2553 0.2029 0.2238 0.1963 0.2180 0.2313 0.2595 0.3029 0.2708 0.1787 0.2077 0.1945 0.1755 0.1625 0.2123 0.2504 0.2008 0.1900 0.1991 0.1518 0.2755 0.1697 0.1479 0.1666 0.1765 0.1449 0.1538 0.1482 0.1592 0.1677 0.2070],[1.8080 1.3249 0.9473 0.7379 0.6279 0.5628 0.5225 0.4888 0.4631 0.4400 0.4225 0.4072 0.3923 0.3832 0.3668 0.3614 0.3429 0.3328 0.3221 0.3169 0.3051 0.2963 0.2927 0.2900 0.2811 0.2776 0.2694 0.2660 0.2579 0.2608 0.2518 0.2494 0.2455 0.2411 0.2370 0.2380 0.2343 0.2329 0.2293 0.2288 0.2211 0.2237 0.2187 0.2178 0.2161 0.2109 0.2095 0.2089 0.2048 0.2033]
