train_acc,valid_acc,test_acc,train_loss,valid_loss,train_aug_loss
0.9849419593811035,0.9649507403373718,0.9445727467536926,[3.7390 0.9358 0.6313 0.5392 0.3303 0.3605 0.2947 0.3211 0.2588 0.3564 0.3011 0.2588 0.2552 0.2908 0.2324 0.2818 0.2555 0.3318 0.2671 0.1843 0.2812 0.1828 0.1859 0.1598 0.1590 0.1876 0.1573 0.1359 0.1685 0.1792 0.1397 0.2144 0.1741 0.2222 0.1357 0.1635 0.1397 0.1776 0.1424 0.1395 0.1054 0.1397 0.1302 0.1512 0.1553 0.1065 0.1146 0.1125 0.1034 0.1160 0.1068 0.1176 0.1159 0.1219 0.1089 0.0896 0.1305 0.1737 0.0813 0.1015 0.1171 0.1085 0.0908 0.1010 0.1017 0.0954 0.1028 0.0949 0.0762 0.1416 0.0910 0.1263 0.0919 0.1084 0.1280 0.0796 0.1265 0.0831 0.1111 0.0730 0.0749 0.1018 0.1135 0.0782 0.0657 0.0663 0.0708 0.0785 0.0716 0.0709 0.0628 0.0865 0.0663 0.0749 0.0996 0.0546 0.0786 0.0760 0.0573 0.0597],[3.4005 1.0830 0.7057 0.5862 0.3577 0.4185 0.3690 0.3738 0.3055 0.4763 0.3501 0.3027 0.3028 0.3521 0.2855 0.3619 0.3275 0.3975 0.3312 0.2402 0.3720 0.2348 0.2405 0.2022 0.2136 0.2308 0.1947 0.1779 0.2434 0.2458 0.1991 0.2617 0.2605 0.2987 0.1887 0.2315 0.1936 0.2484 0.2039 0.2142 0.1634 0.2029 0.2050 0.2178 0.2021 0.1727 0.1765 0.1767 0.1643 0.1770 0.1752 0.2000 0.1888 0.1909 0.1764 0.1523 0.2247 0.2533 0.1474 0.1700 0.1976 0.1901 0.1751 0.1754 0.1832 0.1686 0.1710 0.1686 0.1549 0.2249 0.1758 0.2173 0.1583 0.1825 0.2123 0.1548 0.2163 0.1638 0.2143 0.1435 0.1462 0.1834 0.2090 0.1666 0.1431 0.1493 0.1524 0.1673 0.1606 0.1571 0.1349 0.1795 0.1432 0.1595 0.1916 0.1292 0.1662 0.1613 0.1473 0.1374],[1.7701 1.1751 0.8180 0.6496 0.5710 0.5127 0.4836 0.4539 0.4292 0.4137 0.3977 0.3818 0.3692 0.3593 0.3438 0.3409 0.3319 0.3192 0.3207 0.3117 0.3039 0.2919 0.2910 0.2800 0.2757 0.2717 0.2651 0.2607 0.2567 0.2560 0.2488 0.2457 0.2447 0.2401 0.2332 0.2321 0.2302 0.2249 0.2213 0.2195 0.2200 0.2157 0.2116 0.2101 0.2113 0.2074 0.2017 0.2006 0.1998 0.1956 0.1973 0.1920 0.1931 0.1915 0.1902 0.1873 0.1860 0.1811 0.1811 0.1787 0.1792 0.1756 0.1761 0.1790 0.1733 0.1707 0.1734 0.1693 0.1693 0.1696 0.1705 0.1655 0.1650 0.1635 0.1654 0.1620 0.1620 0.1595 0.1600 0.1575 0.1561 0.1571 0.1571 0.1537 0.1574 0.1484 0.1532 0.1537 0.1517 0.1493 0.1478 0.1492 0.1472 0.1489 0.1452 0.1473 0.1448 0.1468 0.1429 0.1467]
