train_acc,valid_acc,test_acc,train_loss,valid_loss,train_aug_loss
0.9910934567451477,0.9691380858421326,0.9344688057899475,[3.0337 0.4911 0.3268 0.3466 0.2341 0.2512 0.2085 0.1622 0.1780 0.1623 0.1980 0.1581 0.2568 0.1205 0.1162 0.1606 0.1148 0.1287 0.1082 0.0954 0.1575 0.1180 0.1662 0.0877 0.1070 0.0852 0.0941 0.1303 0.0928 0.1072 0.0764 0.0959 0.0939 0.1306 0.1013 0.1039 0.1074 0.0706 0.1530 0.0687 0.0946 0.0909 0.0879 0.0897 0.1250 0.0579 0.0552 0.1366 0.0881 0.0697 0.0845 0.0666 0.0776 0.0499 0.0949 0.0759 0.0795 0.0583 0.0454 0.0781 0.0533 0.0488 0.0564 0.0446 0.0586 0.0808 0.0585 0.0581 0.0488 0.0688 0.0433 0.0433 0.0906 0.0670 0.0474 0.0521 0.0498 0.0478 0.0514 0.0493 0.0420 0.0541 0.0365 0.0368 0.0330 0.0513 0.0355 0.0518 0.0695 0.0294 0.0568 0.0304 0.0360 0.0274 0.0507 0.0317 0.0345 0.0248 0.0302 0.0335],[2.6958 0.4891 0.3299 0.3396 0.2531 0.2608 0.2352 0.2180 0.2072 0.1925 0.2211 0.1957 0.2667 0.1579 0.1592 0.1948 0.1587 0.1712 0.1574 0.1490 0.1932 0.1677 0.2095 0.1409 0.1615 0.1367 0.1458 0.1813 0.1515 0.1686 0.1384 0.1547 0.1608 0.1907 0.1619 0.1671 0.1835 0.1442 0.2211 0.1396 0.1708 0.1656 0.1560 0.1618 0.2051 0.1278 0.1273 0.2094 0.1623 0.1442 0.1693 0.1546 0.1620 0.1276 0.1826 0.1566 0.1662 0.1406 0.1260 0.1628 0.1386 0.1275 0.1376 0.1353 0.1425 0.1706 0.1476 0.1498 0.1323 0.1721 0.1300 0.1271 0.1925 0.1614 0.1456 0.1483 0.1516 0.1472 0.1442 0.1513 0.1338 0.1485 0.1315 0.1305 0.1330 0.1430 0.1360 0.1495 0.1789 0.1266 0.1600 0.1276 0.1334 0.1289 0.1547 0.1250 0.1281 0.1235 0.1303 0.1433],[1.6778 0.8017 0.5440 0.4639 0.4155 0.3829 0.3635 0.3409 0.3221 0.3048 0.2912 0.2781 0.2681 0.2605 0.2524 0.2484 0.2421 0.2339 0.2279 0.2241 0.2157 0.2133 0.2116 0.2085 0.2041 0.1985 0.1946 0.1943 0.1896 0.1866 0.1841 0.1845 0.1788 0.1770 0.1731 0.1723 0.1710 0.1657 0.1655 0.1665 0.1623 0.1624 0.1600 0.1561 0.1545 0.1527 0.1525 0.1495 0.1459 0.1438 0.1460 0.1441 0.1431 0.1426 0.1408 0.1398 0.1372 0.1374 0.1345 0.1353 0.1319 0.1313 0.1309 0.1314 0.1296 0.1278 0.1280 0.1252 0.1231 0.1239 0.1218 0.1250 0.1201 0.1192 0.1187 0.1195 0.1151 0.1186 0.1168 0.1137 0.1130 0.1140 0.1131 0.1144 0.1104 0.1103 0.1122 0.1081 0.1079 0.1080 0.1064 0.1066 0.1090 0.1029 0.1056 0.1030 0.1054 0.1009 0.1027 0.1036]
