train_acc,test_acc,train_loss,train_aug_loss
0.9835017919540405,0.9243649244308472,[2.7162 0.8459 0.4391 0.4582 0.4445 0.3189 0.4899 0.3427 0.3762 0.3672 0.3777 0.2787 0.3691 0.4344 0.2998 0.4013 0.2300 0.2500 0.2419 0.2449 0.2103 0.2831 0.2609 0.1711 0.1585 0.1393 0.2322 0.2068 0.2078 0.1820 0.1564 0.1234 0.1991 0.1633 0.1523 0.1385 0.1571 0.1346 0.1271 0.1176 0.1699 0.1166 0.1310 0.1697 0.1124 0.1080 0.1620 0.0965 0.1285 0.1159 0.1249 0.1119 0.1129 0.0852 0.1127 0.0880 0.1020 0.1242 0.0924 0.1035 0.0774 0.1377 0.1057 0.0856 0.0891 0.0963 0.1429 0.0988 0.0817 0.0911 0.0672 0.0867 0.0914 0.0633 0.1254 0.0858 0.0707 0.0714 0.0828 0.0809 0.0935 0.1200 0.0567 0.0756 0.0798 0.1027 0.0722 0.0652 0.0664 0.1032 0.1026 0.0827 0.0575 0.0758 0.0618 0.0835 0.0737 0.0687 0.0602 0.0564],[1.7919 1.2508 0.8583 0.6896 0.6072 0.5519 0.5107 0.4747 0.4465 0.4215 0.4062 0.3892 0.3764 0.3580 0.3522 0.3402 0.3275 0.3188 0.3036 0.2975 0.2884 0.2796 0.2777 0.2712 0.2651 0.2635 0.2528 0.2471 0.2448 0.2405 0.2388 0.2365 0.2320 0.2291 0.2250 0.2224 0.2219 0.2179 0.2140 0.2111 0.2094 0.2075 0.2045 0.1988 0.2006 0.2010 0.1968 0.1978 0.1919 0.1916 0.1914 0.1907 0.1859 0.1893 0.1802 0.1827 0.1831 0.1784 0.1778 0.1769 0.1727 0.1769 0.1724 0.1700 0.1681 0.1690 0.1668 0.1682 0.1647 0.1645 0.1657 0.1629 0.1614 0.1610 0.1617 0.1613 0.1576 0.1588 0.1552 0.1577 0.1546 0.1551 0.1544 0.1535 0.1531 0.1543 0.1511 0.1515 0.1507 0.1488 0.1462 0.1473 0.1461 0.1466 0.1454 0.1447 0.1428 0.1435 0.1417 0.1428]
