train_acc,valid_acc,test_acc,train_loss,valid_loss,train_aug_loss
0.9876082539558411,0.9689554572105408,0.9367783069610596,[4.9346 0.3487 0.2636 0.2479 0.2715 0.2314 0.2370 0.1784 0.2123 0.1847 0.3215 0.1533 0.1073 0.1642 0.1860 0.1849 0.1198 0.1059 0.1166 0.1456 0.1206 0.1240 0.0992 0.1493 0.1349 0.1316 0.1192 0.0888 0.0879 0.0844 0.1374 0.1000 0.1364 0.0913 0.0841 0.0896 0.0789 0.0768 0.1272 0.1232 0.1218 0.0782 0.0640 0.0601 0.1034 0.0522 0.0778 0.0665 0.0865 0.1184 0.0469 0.0927 0.0649 0.0561 0.0563 0.0575 0.0813 0.0901 0.0547 0.0935 0.0699 0.0718 0.0385 0.0513 0.0506 0.0821 0.0569 0.0413 0.0502 0.0612 0.0447 0.0569 0.0744 0.0847 0.0463 0.0645 0.0630 0.0528 0.0391 0.0726 0.0492 0.0457 0.0464 0.0720 0.0855 0.0704 0.0426 0.0292 0.0341 0.0752 0.0413 0.0817 0.0425 0.0352 0.0626 0.0754 0.0613 0.0229 0.0325 0.0690],[4.4969 0.3543 0.2705 0.2522 0.2742 0.2377 0.2360 0.1939 0.2168 0.1960 0.3147 0.1749 0.1432 0.1797 0.2013 0.2026 0.1507 0.1372 0.1445 0.1760 0.1504 0.1564 0.1304 0.1860 0.1688 0.1699 0.1636 0.1357 0.1313 0.1291 0.1806 0.1459 0.1769 0.1433 0.1308 0.1334 0.1340 0.1261 0.1804 0.1807 0.1705 0.1319 0.1190 0.1140 0.1574 0.1100 0.1330 0.1262 0.1509 0.1778 0.1057 0.1553 0.1233 0.1219 0.1191 0.1233 0.1454 0.1578 0.1185 0.1705 0.1444 0.1526 0.1027 0.1219 0.1233 0.1641 0.1383 0.1136 0.1250 0.1343 0.1196 0.1328 0.1605 0.1714 0.1257 0.1430 0.1443 0.1293 0.1221 0.1572 0.1344 0.1271 0.1216 0.1557 0.1796 0.1683 0.1244 0.1095 0.1130 0.1686 0.1217 0.1707 0.1326 0.1140 0.1605 0.1744 0.1512 0.1060 0.1173 0.1738],[1.6490 0.7942 0.5522 0.4674 0.4231 0.3936 0.3677 0.3467 0.3253 0.3118 0.2919 0.2869 0.2714 0.2657 0.2548 0.2494 0.2414 0.2402 0.2307 0.2256 0.2184 0.2200 0.2159 0.2107 0.2069 0.2031 0.2033 0.1954 0.1904 0.1937 0.1894 0.1827 0.1801 0.1805 0.1778 0.1743 0.1726 0.1699 0.1654 0.1690 0.1648 0.1650 0.1612 0.1579 0.1570 0.1549 0.1510 0.1525 0.1517 0.1504 0.1494 0.1432 0.1469 0.1440 0.1449 0.1410 0.1392 0.1398 0.1379 0.1359 0.1362 0.1326 0.1356 0.1311 0.1308 0.1306 0.1292 0.1290 0.1297 0.1229 0.1239 0.1233 0.1240 0.1238 0.1214 0.1199 0.1201 0.1194 0.1193 0.1153 0.1151 0.1152 0.1161 0.1187 0.1145 0.1140 0.1151 0.1112 0.1109 0.1096 0.1073 0.1084 0.1089 0.1081 0.1084 0.1073 0.1070 0.1052 0.1044 0.1051]
