train_acc,valid_acc,test_acc,train_loss,valid_loss,train_aug_loss
0.9701728820800781,0.9567775726318359,0.9569028615951538,[4.5585 1.0921 0.6146 0.5725 0.5840 0.4021 0.4578 0.3251 0.3259 0.2900 0.4533 0.4363 0.2757 0.3903 0.3142 0.3113 0.2974 0.2086 0.2870 0.3506 0.2816 0.2992 0.3057 0.2020 0.1978 0.2068 0.2502 0.2006 0.1847 0.1889 0.1816 0.2358 0.1497 0.1945 0.1883 0.1472 0.2053 0.1589 0.1466 0.1175 0.1244 0.1568 0.1338 0.1565 0.1878 0.1834 0.1231 0.1466 0.1498 0.1252],[3.8398 1.0836 0.6231 0.5798 0.5476 0.4199 0.4825 0.3542 0.3310 0.3288 0.4395 0.4256 0.3192 0.3910 0.3515 0.3186 0.3272 0.2420 0.3147 0.3555 0.2947 0.3101 0.3177 0.2323 0.2550 0.2358 0.2697 0.2332 0.2172 0.2258 0.2087 0.2647 0.2020 0.2303 0.2319 0.1939 0.2467 0.2065 0.1933 0.1616 0.1656 0.1986 0.1831 0.2027 0.2279 0.2297 0.1729 0.1928 0.1922 0.1816],[1.8027 1.3417 0.9487 0.7561 0.6637 0.5913 0.5478 0.5076 0.4836 0.4541 0.4310 0.4149 0.3972 0.3862 0.3760 0.3659 0.3537 0.3416 0.3377 0.3290 0.3193 0.3109 0.3091 0.3007 0.2927 0.2869 0.2829 0.2777 0.2739 0.2657 0.2615 0.2589 0.2531 0.2507 0.2443 0.2393 0.2357 0.2362 0.2294 0.2284 0.2259 0.2207 0.2230 0.2156 0.2149 0.2117 0.2098 0.2049 0.2064 0.2072]
