train_acc,valid_acc,test_acc,train_loss,valid_loss,train_aug_loss
0.973067581653595,0.9592126607894897,0.9514244198799133,[5.9042 0.8445 0.3279 0.3387 0.3530 0.4791 0.3350 0.4585 0.3032 0.2957 0.2272 0.2217 0.2446 0.2325 0.2156 0.2862 0.2005 0.2340 0.2734 0.2084 0.4246 0.2404 0.1714 0.1668 0.2334 0.2625 0.2249 0.2031 0.2578 0.3565 0.1924 0.1635 0.2855 0.1803 0.1408 0.1505 0.1357 0.1996 0.2340 0.1543 0.1370 0.1511 0.1710 0.1498 0.1141 0.1270 0.2199 0.1631 0.1745 0.1274],[6.7872 0.8724 0.3565 0.3612 0.3717 0.4499 0.3518 0.4437 0.3181 0.3200 0.2612 0.2482 0.2688 0.2431 0.2372 0.2789 0.2225 0.3042 0.2837 0.2270 0.3786 0.2574 0.1987 0.1956 0.2443 0.2823 0.2344 0.2156 0.2654 0.3410 0.2050 0.1888 0.2899 0.2053 0.1764 0.1833 0.1667 0.2184 0.2541 0.1829 0.1726 0.1852 0.1945 0.1850 0.1531 0.1630 0.2453 0.2029 0.2110 0.1621],[1.4362 0.7982 0.6379 0.5551 0.5062 0.4746 0.4460 0.4233 0.4091 0.3931 0.3804 0.3702 0.3617 0.3482 0.3381 0.3337 0.3284 0.3181 0.3094 0.3068 0.2989 0.2919 0.2905 0.2830 0.2739 0.2685 0.2715 0.2651 0.2612 0.2555 0.2525 0.2489 0.2457 0.2386 0.2383 0.2330 0.2299 0.2266 0.2238 0.2211 0.2185 0.2162 0.2141 0.2136 0.2098 0.2089 0.2031 0.1996 0.2001 0.1981]
