train_acc,valid_acc,test_acc,train_loss,valid_loss,train_aug_loss
0.968187689781189,0.9498782753944397,0.9521548748016357,[1.9485 1.9150 0.9121 0.5960 0.5187 0.4615 0.3445 0.3828 0.3947 0.2681 0.2335 0.3285 0.2498 0.3600 0.2912 0.2750 0.3233 0.2055 0.2424 0.1965 0.1757 0.2576 0.1735 0.2575 0.2179 0.2799 0.2609 0.2407 0.1704 0.2204 0.1796 0.1593 0.1568 0.1459 0.1570 0.1744 0.2156 0.1975 0.2191 0.1628 0.2165 0.1530 0.1589 0.1567 0.1390 0.1867 0.1899 0.1126 0.1278 0.2294 0.1971 0.1562 0.1558 0.1565 0.1576 0.1385 0.1414 0.1622 0.1864 0.1248 0.1505 0.1789 0.1796 0.1772 0.1066 0.1982 0.1678 0.1402 0.1233 0.1874 0.2316 0.1735 0.1386 0.1486 0.1680 0.1746 0.1535 0.1198 0.1567 0.1478 0.1313 0.1512 0.1680 0.1628 0.1409 0.1115 0.1108 0.1508 0.1514 0.1302 0.1108 0.1487 0.1277 0.1249 0.1224 0.1446 0.1561 0.1299 0.1366 0.1254],[1.8670 1.6448 0.8889 0.6628 0.5462 0.4801 0.3632 0.3801 0.4115 0.2904 0.2678 0.3408 0.2677 0.3713 0.3078 0.2908 0.3349 0.2361 0.2636 0.2275 0.2164 0.2826 0.2087 0.2824 0.2506 0.3137 0.2935 0.2741 0.2095 0.2572 0.2251 0.2051 0.1986 0.1950 0.1991 0.2180 0.2607 0.2428 0.2631 0.2154 0.2627 0.2046 0.2099 0.2042 0.1908 0.2391 0.2428 0.1680 0.1821 0.2777 0.2496 0.2084 0.2063 0.2082 0.2164 0.1992 0.1934 0.2206 0.2407 0.1815 0.2080 0.2367 0.2381 0.2351 0.1661 0.2562 0.2259 0.1976 0.1825 0.2513 0.2904 0.2339 0.1997 0.2068 0.2301 0.2392 0.2159 0.1816 0.2208 0.2116 0.1953 0.2160 0.2299 0.2246 0.2033 0.1779 0.1756 0.2184 0.2152 0.1944 0.1749 0.2150 0.1934 0.1914 0.1874 0.2131 0.2213 0.1980 0.2039 0.1932],[1.8884 1.6750 1.3247 1.0262 0.7955 0.6592 0.5896 0.5308 0.4940 0.4627 0.4447 0.4200 0.4052 0.3864 0.3748 0.3629 0.3507 0.3426 0.3305 0.3215 0.3177 0.3104 0.3039 0.2969 0.2905 0.2876 0.2851 0.2832 0.2722 0.2701 0.2668 0.2632 0.2649 0.2595 0.2528 0.2522 0.2496 0.2479 0.2440 0.2394 0.2357 0.2344 0.2338 0.2328 0.2332 0.2274 0.2303 0.2240 0.2260 0.2237 0.2197 0.2174 0.2175 0.2184 0.2144 0.2165 0.2115 0.2122 0.2088 0.2053 0.2088 0.2066 0.2066 0.2060 0.2008 0.1998 0.2020 0.2000 0.1979 0.1998 0.1952 0.1977 0.1955 0.1937 0.1959 0.1931 0.1917 0.1958 0.1886 0.1916 0.1905 0.1887 0.1867 0.1894 0.1890 0.1859 0.1855 0.1868 0.1852 0.1839 0.1857 0.1845 0.1824 0.1825 0.1827 0.1802 0.1802 0.1790 0.1826 0.1767]
