train_acc,valid_acc,test_acc,train_loss,valid_loss,train_aug_loss
0.9877490401268005,0.971146821975708,0.9393764138221741,[3.9979 0.8541 0.5113 0.5607 0.4721 0.4448 0.4948 0.4983 0.5506 0.2971 0.3492 0.4780 0.2654 0.3052 0.3933 0.3119 0.2798 0.2349 0.2376 0.2335 0.2196 0.2284 0.2142 0.2049 0.1576 0.2975 0.3157 0.1802 0.1788 0.1922 0.1892 0.1483 0.1804 0.1351 0.1659 0.1575 0.1561 0.1276 0.1810 0.1443 0.2345 0.1382 0.1529 0.1499 0.1516 0.1325 0.1111 0.1180 0.1567 0.1126 0.1737 0.1204 0.1030 0.1213 0.1657 0.1014 0.1219 0.1041 0.1166 0.0836 0.1489 0.0815 0.1205 0.1561 0.1355 0.0918 0.1338 0.1022 0.0940 0.0875 0.1070 0.1160 0.1051 0.0861 0.1417 0.1505 0.0683 0.1558 0.1273 0.0966 0.0825 0.0648 0.0870 0.0992 0.1104 0.0645 0.0651 0.0726 0.1420 0.0786 0.1541 0.0934 0.0819 0.0730 0.0759 0.0873 0.0581 0.0690 0.0772 0.0510],[3.5334 0.8315 0.5322 0.5551 0.4616 0.4233 0.4347 0.4431 0.4874 0.3096 0.3456 0.4394 0.2677 0.2851 0.3734 0.2958 0.2812 0.2450 0.2483 0.2393 0.2352 0.2413 0.2280 0.2117 0.1733 0.2910 0.3146 0.1946 0.1982 0.2046 0.2091 0.1740 0.1921 0.1556 0.1900 0.1778 0.1807 0.1518 0.2121 0.1703 0.2546 0.1644 0.1757 0.1735 0.1791 0.1596 0.1435 0.1511 0.1892 0.1449 0.2009 0.1519 0.1353 0.1579 0.1968 0.1355 0.1543 0.1393 0.1527 0.1183 0.1798 0.1230 0.1571 0.1873 0.1733 0.1312 0.1725 0.1386 0.1389 0.1298 0.1493 0.1583 0.1463 0.1293 0.1843 0.1940 0.1148 0.2012 0.1723 0.1444 0.1305 0.1151 0.1346 0.1471 0.1538 0.1119 0.1137 0.1183 0.1951 0.1299 0.2075 0.1426 0.1334 0.1264 0.1267 0.1397 0.1086 0.1219 0.1249 0.1025],[1.8057 1.3110 0.9437 0.7590 0.6487 0.5917 0.5469 0.5084 0.4815 0.4498 0.4301 0.4128 0.3951 0.3870 0.3676 0.3592 0.3469 0.3376 0.3231 0.3158 0.3063 0.2962 0.2911 0.2827 0.2817 0.2735 0.2719 0.2596 0.2595 0.2548 0.2500 0.2439 0.2464 0.2353 0.2388 0.2314 0.2313 0.2258 0.2217 0.2215 0.2200 0.2184 0.2144 0.2127 0.2103 0.2042 0.2030 0.2020 0.2031 0.1994 0.2008 0.1975 0.1960 0.1921 0.1888 0.1928 0.1897 0.1891 0.1858 0.1832 0.1836 0.1824 0.1805 0.1785 0.1749 0.1758 0.1751 0.1784 0.1721 0.1733 0.1708 0.1693 0.1694 0.1650 0.1715 0.1657 0.1628 0.1643 0.1627 0.1619 0.1631 0.1592 0.1571 0.1563 0.1592 0.1581 0.1561 0.1547 0.1525 0.1541 0.1539 0.1531 0.1506 0.1492 0.1523 0.1480 0.1492 0.1486 0.1488 0.1462]
