train_acc,valid_acc,test_acc,train_loss,valid_loss,train_aug_loss
0.9862089157104492,0.9653031229972839,0.937355637550354,[4.4063 0.6111 0.4014 0.3639 0.4256 0.3297 0.4114 0.3132 0.3053 0.2448 0.2106 0.2721 0.1949 0.3227 0.1915 0.1859 0.2069 0.2442 0.2500 0.1925 0.1811 0.1396 0.1746 0.1932 0.1754 0.1451 0.1352 0.2150 0.1559 0.1898 0.1350 0.1104 0.1900 0.1938 0.1644 0.1142 0.1386 0.1084 0.1307 0.1787 0.1360 0.1629 0.1170 0.1177 0.1186 0.1360 0.1487 0.1636 0.1326 0.1068 0.0994 0.1092 0.0799 0.1050 0.1052 0.1008 0.1776 0.0931 0.1099 0.1200 0.0786 0.0848 0.1209 0.1112 0.1151 0.0790 0.0844 0.0795 0.1114 0.0863 0.1296 0.0837 0.0742 0.1172 0.0912 0.0795 0.0635 0.0879 0.0700 0.0620 0.0603 0.0653 0.0899 0.0728 0.0683 0.0657 0.0601 0.0481 0.0496 0.0819 0.1154 0.0920 0.0747 0.0492 0.0790 0.0638 0.0743 0.0757 0.0749 0.0575],[3.8326 0.6017 0.4098 0.3749 0.4048 0.3434 0.3965 0.3178 0.3059 0.2742 0.2745 0.2757 0.2307 0.3223 0.2213 0.2130 0.2282 0.2655 0.2603 0.2181 0.2095 0.1782 0.2025 0.2152 0.2002 0.1731 0.1723 0.2374 0.1996 0.2103 0.1710 0.1605 0.2228 0.2225 0.1963 0.1642 0.1803 0.1480 0.1737 0.2099 0.1744 0.2099 0.1644 0.1654 0.1666 0.1804 0.1916 0.1983 0.1757 0.1552 0.1545 0.1604 0.1368 0.1545 0.1513 0.1570 0.2217 0.1414 0.1584 0.1656 0.1331 0.1352 0.1727 0.1583 0.1653 0.1348 0.1368 0.1360 0.1600 0.1404 0.1843 0.1382 0.1302 0.1750 0.1466 0.1321 0.1183 0.1412 0.1286 0.1263 0.1211 0.1226 0.1490 0.1297 0.1314 0.1273 0.1245 0.1158 0.1188 0.1465 0.1794 0.1517 0.1382 0.1164 0.1455 0.1322 0.1472 0.1374 0.1435 0.1233],[1.8054 1.1732 0.8043 0.6527 0.5707 0.5197 0.4787 0.4487 0.4247 0.4078 0.3864 0.3664 0.3525 0.3409 0.3321 0.3223 0.3141 0.3058 0.3032 0.2956 0.2910 0.2827 0.2770 0.2751 0.2649 0.2653 0.2565 0.2539 0.2542 0.2443 0.2383 0.2367 0.2346 0.2362 0.2316 0.2254 0.2248 0.2215 0.2223 0.2157 0.2128 0.2120 0.2078 0.2086 0.2038 0.2086 0.2023 0.2027 0.1977 0.1987 0.1946 0.1899 0.1910 0.1891 0.1880 0.1855 0.1828 0.1831 0.1795 0.1820 0.1793 0.1771 0.1756 0.1740 0.1728 0.1724 0.1690 0.1684 0.1719 0.1685 0.1677 0.1651 0.1630 0.1625 0.1636 0.1594 0.1625 0.1585 0.1583 0.1582 0.1586 0.1555 0.1544 0.1531 0.1531 0.1530 0.1543 0.1493 0.1488 0.1471 0.1506 0.1505 0.1483 0.1491 0.1459 0.1432 0.1410 0.1423 0.1417 0.1440]
