train_acc,valid_acc,test_acc,train_loss,valid_loss,train_aug_loss
0.9887963533401489,0.967677116394043,0.9240761995315552,[2.8064 1.0905 0.5215 0.4173 0.5122 0.3450 0.3537 0.2988 0.3251 0.3490 0.3474 0.2782 0.2190 0.1912 0.2014 0.2827 0.1673 0.1782 0.1841 0.1808 0.2013 0.1933 0.2728 0.1718 0.1816 0.1873 0.1544 0.1849 0.1375 0.1379 0.1619 0.1887 0.1210 0.1575 0.1619 0.1816 0.1128 0.1298 0.1571 0.1321 0.0848 0.2182 0.1113 0.0916 0.0894 0.0757 0.0942 0.1296 0.0972 0.0774 0.0819 0.0945 0.1081 0.0845 0.0727 0.0936 0.0644 0.0720 0.0709 0.0669 0.0725 0.0675 0.0675 0.0719 0.0652 0.0689 0.0926 0.0679 0.0966 0.0659 0.0526 0.0635 0.0526 0.0449 0.0475 0.0525 0.0688 0.0506 0.0715 0.0671 0.0462 0.0391 0.0653 0.0452 0.0404 0.0481 0.0376 0.0434 0.0315 0.0636 0.0437 0.0590 0.0438 0.0376 0.0512 0.0371 0.0448 0.0354 0.0312 0.0310],[2.4381 1.0034 0.5740 0.4261 0.4835 0.3617 0.3753 0.3175 0.3396 0.3389 0.3401 0.2890 0.2434 0.2125 0.2260 0.3006 0.2078 0.2145 0.2165 0.2077 0.2353 0.2311 0.2926 0.1976 0.2099 0.2200 0.1948 0.2141 0.1750 0.1800 0.1989 0.2213 0.1730 0.1990 0.2039 0.2206 0.1585 0.1764 0.2009 0.1770 0.1432 0.2689 0.1662 0.1447 0.1473 0.1397 0.1521 0.1802 0.1571 0.1368 0.1477 0.1707 0.1783 0.1586 0.1470 0.1634 0.1426 0.1445 0.1480 0.1389 0.1444 0.1429 0.1431 0.1519 0.1443 0.1524 0.1722 0.1431 0.1789 0.1577 0.1358 0.1458 0.1392 0.1308 0.1364 0.1338 0.1651 0.1490 0.1669 0.1606 0.1421 0.1295 0.1569 0.1368 0.1363 0.1399 0.1295 0.1330 0.1263 0.1665 0.1393 0.1543 0.1443 0.1243 0.1591 0.1316 0.1415 0.1309 0.1262 0.1296],[1.7979 1.2992 0.8613 0.6573 0.5526 0.4848 0.4439 0.4171 0.3845 0.3581 0.3371 0.3099 0.2973 0.2829 0.2703 0.2593 0.2516 0.2427 0.2343 0.2280 0.2233 0.2179 0.2114 0.2061 0.1983 0.1933 0.1922 0.1848 0.1861 0.1754 0.1712 0.1715 0.1669 0.1624 0.1574 0.1610 0.1557 0.1493 0.1483 0.1422 0.1456 0.1416 0.1401 0.1369 0.1378 0.1306 0.1290 0.1283 0.1288 0.1270 0.1222 0.1222 0.1212 0.1161 0.1177 0.1138 0.1114 0.1141 0.1138 0.1104 0.1077 0.1066 0.1043 0.1036 0.1065 0.1016 0.1013 0.0994 0.1000 0.1000 0.0963 0.0960 0.0919 0.0945 0.0938 0.0934 0.0938 0.0904 0.0899 0.0898 0.0893 0.0884 0.0884 0.0863 0.0858 0.0846 0.0841 0.0848 0.0824 0.0822 0.0792 0.0818 0.0808 0.0803 0.0816 0.0773 0.0784 0.0763 0.0769 0.0760]
