train_acc,valid_acc,test_acc,train_loss,valid_loss,train_aug_loss
0.9857090711593628,0.9645856022834778,0.9463048577308655,[2.5224 0.9551 0.7108 0.5271 0.3974 0.3864 0.4702 0.3632 0.3719 0.3428 0.3317 0.2677 0.3107 0.2651 0.2602 0.2422 0.2332 0.2244 0.2293 0.2358 0.1894 0.1949 0.1949 0.2161 0.2032 0.1719 0.1717 0.1598 0.1666 0.1777 0.1470 0.1414 0.1422 0.1475 0.1551 0.1601 0.1752 0.1355 0.1902 0.1622 0.1324 0.1058 0.1203 0.1301 0.1348 0.1234 0.1125 0.1124 0.0991 0.0895 0.1139 0.0993 0.1289 0.1410 0.1201 0.1748 0.1143 0.1433 0.1066 0.0832 0.1244 0.0987 0.1497 0.0943 0.0955 0.0762 0.0837 0.0871 0.0852 0.1134 0.0710 0.0941 0.1053 0.0868 0.0648 0.0718 0.0706 0.1094 0.0934 0.1285 0.0697 0.0863 0.0871 0.0629 0.0908 0.0752 0.0574 0.1001 0.0700 0.0652 0.0848 0.0688 0.0734 0.0683 0.0715 0.0519 0.0733 0.0660 0.0486 0.0766],[2.2124 1.1734 0.8991 0.6468 0.4807 0.5066 0.6125 0.4910 0.4969 0.4709 0.4332 0.3354 0.4167 0.3481 0.3280 0.3138 0.3115 0.2836 0.2948 0.3138 0.2630 0.2707 0.2744 0.2758 0.2903 0.2412 0.2301 0.2261 0.2444 0.2470 0.2154 0.2171 0.2122 0.2238 0.2372 0.2289 0.2656 0.1955 0.2834 0.2458 0.2087 0.1731 0.1957 0.2216 0.2255 0.2013 0.1879 0.1868 0.1617 0.1522 0.1953 0.1736 0.2086 0.2307 0.2045 0.2681 0.2023 0.2361 0.1977 0.1562 0.2075 0.1740 0.2485 0.1781 0.1812 0.1526 0.1651 0.1736 0.1583 0.2176 0.1417 0.1810 0.2005 0.1779 0.1416 0.1565 0.1528 0.2035 0.1771 0.2210 0.1547 0.1754 0.1682 0.1476 0.1840 0.1601 0.1360 0.2007 0.1644 0.1434 0.1854 0.1576 0.1676 0.1609 0.1642 0.1333 0.1637 0.1565 0.1264 0.1654],[1.7797 1.2443 0.8863 0.7075 0.6065 0.5491 0.5014 0.4701 0.4416 0.4197 0.4024 0.3804 0.3676 0.3575 0.3464 0.3347 0.3295 0.3203 0.3087 0.3004 0.2974 0.2890 0.2808 0.2790 0.2785 0.2658 0.2655 0.2597 0.2520 0.2514 0.2457 0.2426 0.2400 0.2345 0.2317 0.2275 0.2257 0.2226 0.2186 0.2158 0.2142 0.2110 0.2102 0.2051 0.2051 0.2020 0.1993 0.2012 0.1958 0.1933 0.1926 0.1894 0.1893 0.1857 0.1850 0.1834 0.1831 0.1834 0.1806 0.1770 0.1795 0.1777 0.1783 0.1727 0.1738 0.1707 0.1725 0.1681 0.1703 0.1676 0.1654 0.1648 0.1650 0.1617 0.1643 0.1597 0.1593 0.1609 0.1591 0.1596 0.1561 0.1581 0.1565 0.1569 0.1545 0.1533 0.1522 0.1509 0.1516 0.1498 0.1511 0.1482 0.1470 0.1478 0.1501 0.1457 0.1434 0.1476 0.1437 0.1475]
