train_acc,valid_acc,test_acc,train_loss,valid_loss,train_aug_loss
0.9797371029853821,0.9541395902633667,0.9642074704170227,[5.2979 0.6478 0.4041 0.3456 0.3263 0.3993 0.3636 0.3040 0.3222 0.2820 0.3901 0.2488 0.2141 0.1949 0.2813 0.1830 0.2078 0.3039 0.2522 0.2188 0.1709 0.1809 0.2265 0.2168 0.1763 0.1400 0.1353 0.1410 0.2187 0.1323 0.1201 0.1334 0.1207 0.1636 0.1445 0.1472 0.1126 0.1572 0.1084 0.1745 0.1283 0.0976 0.1366 0.1354 0.1114 0.1145 0.1352 0.0875 0.0851 0.1244],[4.6119 0.6804 0.4629 0.4122 0.3412 0.4042 0.3938 0.3335 0.3538 0.3185 0.4060 0.3027 0.2645 0.2425 0.3239 0.2310 0.2557 0.3474 0.2983 0.2648 0.2226 0.2249 0.2807 0.2683 0.2270 0.1940 0.1892 0.2023 0.2750 0.1929 0.1768 0.1980 0.1874 0.2335 0.2101 0.2103 0.1834 0.2220 0.1714 0.2502 0.1909 0.1604 0.2086 0.2103 0.1865 0.1854 0.2116 0.1606 0.1539 0.1987],[1.7887 1.2128 0.8252 0.6575 0.5724 0.5286 0.4965 0.4571 0.4341 0.4102 0.3936 0.3785 0.3632 0.3508 0.3421 0.3355 0.3223 0.3163 0.3105 0.3062 0.2973 0.2907 0.2806 0.2789 0.2668 0.2630 0.2586 0.2531 0.2515 0.2466 0.2411 0.2389 0.2348 0.2315 0.2289 0.2255 0.2218 0.2203 0.2118 0.2158 0.2141 0.2105 0.2024 0.2048 0.2027 0.2014 0.1960 0.1958 0.1963 0.1919]
