train_acc,valid_acc,test_acc,train_loss,valid_loss,train_aug_loss
0.9601588249206543,0.9437905550003052,0.9477720856666565,[1.9173 1.8230 1.6389 0.8826 0.4345 0.3672 0.4055 0.2727 0.2889 0.4879 0.2907 0.3875 0.3301 0.2579 0.2208 0.3461 0.3668 0.3429 0.3061 0.2512 0.2820 0.3870 0.3541 0.2818 0.3090 0.2187 0.2526 0.2462 0.3049 0.2514 0.1897 0.1976 0.2360 0.2334 0.2719 0.2054 0.2272 0.2575 0.1915 0.2868 0.1636 0.2965 0.2525 0.1918 0.2189 0.2354 0.2235 0.2139 0.1830 0.1490 0.1583 0.2351 0.2136 0.2087 0.1371 0.2388 0.1760 0.1892 0.1994 0.1232 0.1716 0.2397 0.1679 0.2264 0.1815 0.1793 0.1787 0.1519 0.2053 0.1673 0.1641 0.1799 0.1621 0.1782 0.1412 0.1540 0.1197 0.1648 0.1609 0.1654 0.1623 0.1478 0.1667 0.1514 0.1787 0.1857 0.1743 0.1582 0.1421 0.1237 0.1494 0.1788 0.1637 0.1582 0.1494 0.1673 0.1647 0.1502 0.1675 0.1590],[1.8736 1.5996 1.4347 0.7521 0.4326 0.3695 0.3882 0.2906 0.2937 0.4602 0.3170 0.3770 0.3269 0.2762 0.2493 0.3473 0.3649 0.3466 0.3236 0.2753 0.2946 0.4024 0.3721 0.3004 0.3247 0.2563 0.2814 0.2826 0.3296 0.2835 0.2287 0.2310 0.2715 0.2759 0.3118 0.2521 0.2745 0.3012 0.2327 0.3304 0.2143 0.3482 0.2934 0.2411 0.2696 0.2849 0.2718 0.2645 0.2305 0.1969 0.2077 0.2890 0.2705 0.2618 0.1909 0.2944 0.2310 0.2470 0.2583 0.1807 0.2289 0.2929 0.2298 0.2882 0.2395 0.2431 0.2378 0.2175 0.2648 0.2280 0.2282 0.2427 0.2242 0.2381 0.2032 0.2154 0.1800 0.2269 0.2232 0.2303 0.2255 0.2117 0.2326 0.2154 0.2401 0.2533 0.2409 0.2212 0.2044 0.1891 0.2146 0.2481 0.2292 0.2240 0.2161 0.2353 0.2344 0.2199 0.2374 0.2269],[1.8915 1.6910 1.3487 1.0355 0.8042 0.6643 0.5941 0.5405 0.5020 0.4752 0.4446 0.4182 0.3961 0.3864 0.3691 0.3592 0.3429 0.3376 0.3289 0.3186 0.3153 0.3111 0.2987 0.2910 0.2891 0.2886 0.2798 0.2746 0.2691 0.2681 0.2629 0.2610 0.2571 0.2580 0.2526 0.2459 0.2460 0.2431 0.2457 0.2389 0.2372 0.2347 0.2350 0.2301 0.2279 0.2276 0.2232 0.2252 0.2248 0.2208 0.2213 0.2170 0.2183 0.2139 0.2153 0.2130 0.2114 0.2109 0.2104 0.2049 0.2071 0.2071 0.2024 0.2026 0.2005 0.2027 0.1980 0.1962 0.1983 0.1977 0.1978 0.1948 0.1942 0.1966 0.1950 0.1930 0.1909 0.1937 0.1881 0.1895 0.1875 0.1886 0.1889 0.1877 0.1852 0.1882 0.1897 0.1866 0.1868 0.1833 0.1837 0.1821 0.1824 0.1828 0.1835 0.1812 0.1816 0.1783 0.1806 0.1800]
