train_acc,valid_acc,test_acc,train_loss,valid_loss,train_aug_loss
0.9610781073570251,0.9545454382896423,0.9443024396896362,[1.9121 1.6002 1.0147 0.5874 0.4598 0.6679 0.3148 0.3274 0.4833 0.4248 0.5272 0.2632 0.2062 0.2860 0.2811 0.2399 0.2758 0.1942 0.2702 0.2204 0.2150 0.2402 0.1845 0.2671 0.2533 0.2218 0.2428 0.1756 0.2157 0.1449 0.2067 0.1852 0.1924 0.1776 0.2585 0.1605 0.2552 0.1985 0.2310 0.1622 0.1671 0.1994 0.1822 0.2548 0.1453 0.1904 0.1311 0.1561 0.1812 0.2051 0.1387 0.1831 0.1534 0.2263 0.1972 0.1788 0.1974 0.1938 0.1409 0.1517 0.1779 0.1823 0.2282 0.1232 0.1221 0.1219 0.1587 0.1722 0.1668 0.1962 0.1556 0.1458 0.1757 0.1701 0.1439 0.1791 0.1666 0.1949 0.1733 0.1394 0.1344 0.1451 0.1506 0.1626 0.1723 0.1620 0.1629 0.1839 0.1619 0.1651 0.1545 0.1582 0.1602 0.1511 0.1766 0.1458 0.1589 0.1646 0.1622 0.1383],[1.8917 1.4418 0.9467 0.5884 0.4652 0.5904 0.3032 0.3105 0.4330 0.3877 0.4836 0.2507 0.2186 0.2800 0.2692 0.2342 0.2677 0.2045 0.2646 0.2314 0.2222 0.2404 0.1983 0.2633 0.2569 0.2259 0.2454 0.1913 0.2292 0.1700 0.2199 0.1974 0.2076 0.1966 0.2666 0.1782 0.2623 0.2161 0.2462 0.1798 0.1897 0.2164 0.1980 0.2671 0.1714 0.2103 0.1546 0.1769 0.2023 0.2248 0.1642 0.2051 0.1806 0.2445 0.2173 0.2000 0.2187 0.2160 0.1672 0.1776 0.2037 0.2031 0.2469 0.1492 0.1498 0.1490 0.1823 0.1992 0.1917 0.2203 0.1840 0.1740 0.2023 0.1958 0.1693 0.2064 0.1941 0.2197 0.2012 0.1667 0.1643 0.1730 0.1767 0.1921 0.1999 0.1890 0.1906 0.2089 0.1908 0.1924 0.1846 0.1862 0.1876 0.1790 0.2036 0.1754 0.1884 0.1919 0.1909 0.1695],[1.8798 1.6552 1.2710 0.9780 0.7715 0.6516 0.5822 0.5258 0.4928 0.4603 0.4427 0.4159 0.4035 0.3835 0.3782 0.3614 0.3486 0.3381 0.3334 0.3271 0.3198 0.3113 0.3076 0.3006 0.2976 0.2902 0.2875 0.2828 0.2793 0.2779 0.2749 0.2706 0.2687 0.2669 0.2603 0.2563 0.2546 0.2539 0.2528 0.2505 0.2465 0.2428 0.2452 0.2393 0.2396 0.2414 0.2342 0.2321 0.2361 0.2318 0.2325 0.2309 0.2283 0.2280 0.2268 0.2261 0.2244 0.2228 0.2254 0.2235 0.2230 0.2206 0.2191 0.2150 0.2200 0.2155 0.2167 0.2140 0.2125 0.2155 0.2120 0.2106 0.2137 0.2111 0.2097 0.2090 0.2114 0.2077 0.2076 0.2088 0.2098 0.2061 0.2070 0.2056 0.2046 0.2042 0.2030 0.2020 0.2036 0.2048 0.2030 0.2027 0.2017 0.2025 0.2004 0.2034 0.2049 0.2034 0.2019 0.2026]
