train_acc,valid_acc,test_acc,train_loss,valid_loss,train_aug_loss
0.9838854670524597,0.9638422131538391,0.9385104179382324,[4.5583 0.8548 0.5396 0.4582 0.4590 0.5248 0.3432 0.4331 0.3177 0.3349 0.3684 0.3700 0.2987 0.2549 0.2618 0.3004 0.2492 0.2481 0.2509 0.3098 0.2513 0.2542 0.2610 0.2403 0.1762 0.2368 0.2148 0.1990 0.2460 0.1633 0.1820 0.1689 0.1587 0.1897 0.1478 0.1629 0.1667 0.1474 0.1345 0.1440 0.1652 0.1597 0.1456 0.1216 0.1242 0.1163 0.1337 0.1328 0.0897 0.1169 0.1061 0.1176 0.0926 0.0878 0.0938 0.1010 0.1035 0.1362 0.1181 0.1306 0.1233 0.0889 0.1049 0.0936 0.1110 0.1203 0.0781 0.1012 0.0840 0.1060 0.1365 0.0715 0.0958 0.1166 0.0922 0.1302 0.1104 0.0871 0.0894 0.0662 0.0736 0.0826 0.0919 0.0708 0.0968 0.0733 0.0588 0.0643 0.1020 0.0760 0.0895 0.0791 0.0555 0.0792 0.0867 0.0712 0.0836 0.0858 0.0633 0.0681],[3.9134 0.8501 0.5703 0.5317 0.5024 0.5394 0.3796 0.4297 0.3620 0.3735 0.4090 0.4062 0.3500 0.3025 0.3007 0.3252 0.3152 0.2799 0.2876 0.3366 0.2871 0.2839 0.3009 0.2723 0.2169 0.2702 0.2436 0.2327 0.2787 0.1974 0.2237 0.2025 0.2042 0.2303 0.1918 0.2053 0.2086 0.1885 0.1820 0.1912 0.2025 0.2077 0.1914 0.1670 0.1795 0.1605 0.1746 0.1771 0.1393 0.1637 0.1532 0.1706 0.1458 0.1461 0.1515 0.1586 0.1581 0.1875 0.1751 0.1856 0.1762 0.1509 0.1670 0.1490 0.1684 0.1785 0.1324 0.1644 0.1401 0.1595 0.1939 0.1319 0.1568 0.1785 0.1530 0.1933 0.1726 0.1480 0.1585 0.1278 0.1365 0.1416 0.1589 0.1327 0.1641 0.1343 0.1231 0.1291 0.1672 0.1419 0.1514 0.1452 0.1201 0.1434 0.1577 0.1432 0.1469 0.1555 0.1335 0.1331],[1.8063 1.3246 0.9599 0.7660 0.6670 0.6021 0.5591 0.5159 0.4845 0.4591 0.4380 0.4204 0.3954 0.3794 0.3657 0.3590 0.3423 0.3362 0.3294 0.3177 0.3059 0.2990 0.2904 0.2849 0.2791 0.2748 0.2646 0.2632 0.2545 0.2549 0.2488 0.2445 0.2391 0.2407 0.2345 0.2319 0.2276 0.2223 0.2245 0.2139 0.2181 0.2166 0.2104 0.2101 0.2071 0.2080 0.2013 0.2005 0.1961 0.1979 0.1986 0.1895 0.1942 0.1920 0.1881 0.1870 0.1816 0.1811 0.1805 0.1821 0.1794 0.1785 0.1785 0.1752 0.1716 0.1749 0.1710 0.1717 0.1710 0.1699 0.1673 0.1656 0.1668 0.1663 0.1651 0.1628 0.1618 0.1633 0.1626 0.1592 0.1616 0.1604 0.1569 0.1577 0.1554 0.1547 0.1553 0.1550 0.1530 0.1520 0.1516 0.1524 0.1510 0.1508 0.1500 0.1497 0.1519 0.1445 0.1475 0.1477]
