train_acc,valid_acc,test_acc,train_loss,valid_loss,train_aug_loss
0.9854005575180054,0.9656808972358704,0.945438802242279,[2.1412 0.9061 0.8641 0.5936 0.6862 0.5972 0.4775 0.2865 0.2855 0.2799 0.3239 0.6308 0.2607 0.3567 0.4924 0.2393 0.1939 0.2251 0.2083 0.2401 0.2419 0.2176 0.2491 0.1693 0.1904 0.2818 0.1574 0.2127 0.2052 0.2065 0.1643 0.1751 0.1402 0.1127 0.1304 0.1767 0.1427 0.1820 0.1506 0.1233 0.1593 0.2078 0.1171 0.1788 0.1275 0.1168 0.1641 0.1127 0.1323 0.1749 0.1192 0.0838 0.1035 0.1162 0.1140 0.1008 0.1088 0.0877 0.1085 0.0882 0.1366 0.0885 0.1332 0.0768 0.0956 0.0966 0.1131 0.0886 0.0744 0.1213 0.0712 0.1292 0.0881 0.1191 0.0981 0.0715 0.0779 0.1552 0.1048 0.0843 0.0682 0.0794 0.0698 0.0871 0.0738 0.0712 0.0645 0.0594 0.0701 0.0755 0.0663 0.0673 0.0729 0.0690 0.0893 0.0843 0.0724 0.0630 0.0710 0.0683],[1.8856 1.0138 1.0885 0.7012 0.8220 0.7028 0.5963 0.3411 0.3452 0.3451 0.4206 0.7525 0.2731 0.4225 0.6171 0.3133 0.2334 0.2719 0.2585 0.3371 0.3104 0.2634 0.3213 0.2320 0.2526 0.3770 0.2044 0.2827 0.3051 0.2876 0.2208 0.2638 0.1922 0.1575 0.1891 0.2594 0.1965 0.2632 0.2246 0.1832 0.2521 0.3181 0.1865 0.2642 0.1874 0.1949 0.2585 0.1802 0.2031 0.2747 0.1968 0.1395 0.1752 0.2121 0.1902 0.1809 0.1876 0.1499 0.1866 0.1563 0.2251 0.1607 0.2249 0.1337 0.1796 0.1825 0.2103 0.1688 0.1473 0.2163 0.1366 0.2465 0.1696 0.2285 0.1893 0.1382 0.1555 0.2472 0.2069 0.1607 0.1401 0.1728 0.1522 0.1765 0.1474 0.1484 0.1423 0.1241 0.1397 0.1487 0.1405 0.1502 0.1478 0.1438 0.1781 0.1792 0.1640 0.1393 0.1526 0.1622],[1.8081 1.3551 0.9315 0.7187 0.6252 0.5596 0.5041 0.4708 0.4419 0.4174 0.4013 0.3776 0.3630 0.3498 0.3411 0.3285 0.3203 0.3155 0.3050 0.2969 0.2933 0.2883 0.2807 0.2779 0.2673 0.2635 0.2572 0.2526 0.2500 0.2452 0.2424 0.2362 0.2324 0.2304 0.2250 0.2209 0.2195 0.2137 0.2145 0.2097 0.2094 0.2048 0.2044 0.2023 0.2004 0.1992 0.1960 0.1948 0.1919 0.1932 0.1906 0.1867 0.1862 0.1837 0.1860 0.1829 0.1802 0.1794 0.1776 0.1752 0.1736 0.1746 0.1743 0.1723 0.1727 0.1659 0.1670 0.1666 0.1642 0.1664 0.1629 0.1636 0.1603 0.1584 0.1598 0.1603 0.1590 0.1546 0.1576 0.1566 0.1553 0.1541 0.1552 0.1555 0.1522 0.1526 0.1479 0.1506 0.1504 0.1487 0.1466 0.1459 0.1462 0.1458 0.1445 0.1450 0.1419 0.1423 0.1423 0.1422]
