train_acc,test_acc,train_loss,train_aug_loss
0.9794227480888367,0.9266743659973145,[2.6592 1.0626 0.4917 0.3974 0.4729 0.5606 0.3249 0.3275 0.4449 0.4051 0.3468 0.4350 0.2776 0.2816 0.3565 0.2532 0.2560 0.2731 0.2805 0.3239 0.2963 0.2396 0.3028 0.2260 0.1783 0.2328 0.1520 0.1773 0.1872 0.1702 0.1949 0.2336 0.1348 0.1882 0.2252 0.1334 0.1350 0.2039 0.1265 0.1487 0.1382 0.1309 0.1236 0.1250 0.1344 0.1014 0.1145 0.1259 0.1019 0.0976 0.1291 0.1138 0.1049 0.0985 0.1308 0.1178 0.1195 0.1409 0.1394 0.0935 0.1229 0.0996 0.1030 0.0892 0.0857 0.0769 0.1148 0.0718 0.0905 0.0769 0.0782 0.1007 0.0988 0.1322 0.0855 0.0919 0.0983 0.1019 0.0775 0.1064 0.0999 0.0598 0.0807 0.1123 0.0808 0.0810 0.0603 0.1290 0.0786 0.1418 0.0908 0.0843 0.1113 0.1044 0.0615 0.0660 0.0889 0.0797 0.0722 0.0700],[1.7626 1.1704 0.8608 0.7087 0.6121 0.5579 0.5165 0.4899 0.4552 0.4338 0.4094 0.3952 0.3784 0.3621 0.3493 0.3423 0.3260 0.3186 0.3066 0.3004 0.2939 0.2892 0.2801 0.2799 0.2710 0.2666 0.2591 0.2556 0.2528 0.2485 0.2442 0.2406 0.2346 0.2365 0.2330 0.2273 0.2267 0.2208 0.2194 0.2171 0.2129 0.2116 0.2077 0.2066 0.2031 0.2015 0.2011 0.1977 0.1939 0.1962 0.1940 0.1920 0.1851 0.1879 0.1846 0.1854 0.1835 0.1814 0.1816 0.1779 0.1790 0.1766 0.1742 0.1734 0.1718 0.1704 0.1727 0.1686 0.1674 0.1681 0.1664 0.1653 0.1656 0.1659 0.1658 0.1607 0.1621 0.1602 0.1607 0.1586 0.1569 0.1580 0.1557 0.1559 0.1546 0.1548 0.1538 0.1536 0.1533 0.1498 0.1494 0.1483 0.1465 0.1486 0.1501 0.1481 0.1454 0.1446 0.1477 0.1446]
