train_acc,valid_acc,test_acc,train_loss,valid_loss,train_aug_loss
0.9875730276107788,0.9684075713157654,0.9399538040161133,[3.4370 0.3555 0.2498 0.2342 0.2516 0.2245 0.1930 0.1540 0.1664 0.1513 0.1838 0.1880 0.1408 0.1978 0.1645 0.1770 0.1491 0.1141 0.1010 0.1735 0.1151 0.0975 0.0873 0.1032 0.1166 0.1917 0.0838 0.1017 0.1091 0.1036 0.0714 0.1084 0.0710 0.0807 0.1043 0.1444 0.0773 0.0925 0.0769 0.1236 0.1340 0.0565 0.0702 0.0614 0.0934 0.0533 0.0829 0.0512 0.0631 0.0824 0.0771 0.1464 0.0604 0.0644 0.0424 0.0554 0.0875 0.0778 0.0681 0.0566 0.0448 0.1156 0.0706 0.0476 0.0653 0.0667 0.0699 0.0675 0.0631 0.0551 0.0428 0.0521 0.0817 0.0453 0.0588 0.0591 0.0379 0.0446 0.0678 0.0672 0.0522 0.0380 0.0445 0.0684 0.0384 0.0491 0.0468 0.0392 0.0289 0.0413 0.0352 0.0686 0.0287 0.0314 0.0579 0.0402 0.0288 0.0291 0.0464 0.0284],[3.1753 0.3670 0.2605 0.2407 0.2518 0.2422 0.2163 0.1801 0.1808 0.1709 0.2082 0.2166 0.1712 0.2279 0.1870 0.1984 0.1844 0.1469 0.1424 0.2183 0.1574 0.1458 0.1295 0.1430 0.1621 0.2395 0.1323 0.1532 0.1595 0.1556 0.1278 0.1640 0.1277 0.1352 0.1639 0.2019 0.1369 0.1565 0.1379 0.1811 0.1983 0.1168 0.1338 0.1289 0.1607 0.1214 0.1562 0.1137 0.1369 0.1546 0.1567 0.2312 0.1337 0.1373 0.1097 0.1369 0.1767 0.1589 0.1502 0.1357 0.1197 0.2071 0.1511 0.1285 0.1529 0.1559 0.1617 0.1594 0.1535 0.1512 0.1299 0.1453 0.1812 0.1411 0.1501 0.1546 0.1270 0.1400 0.1721 0.1730 0.1548 0.1376 0.1460 0.1743 0.1358 0.1590 0.1551 0.1388 0.1176 0.1462 0.1401 0.1876 0.1269 0.1308 0.1778 0.1507 0.1267 0.1329 0.1482 0.1204],[1.6637 0.7432 0.5363 0.4608 0.4090 0.3804 0.3563 0.3351 0.3161 0.3073 0.2940 0.2802 0.2724 0.2620 0.2529 0.2485 0.2430 0.2350 0.2299 0.2271 0.2216 0.2173 0.2129 0.2098 0.2105 0.2021 0.1978 0.1955 0.1927 0.1889 0.1855 0.1841 0.1816 0.1776 0.1771 0.1712 0.1709 0.1666 0.1666 0.1662 0.1594 0.1601 0.1593 0.1564 0.1546 0.1532 0.1520 0.1524 0.1485 0.1428 0.1455 0.1431 0.1456 0.1425 0.1416 0.1413 0.1387 0.1369 0.1337 0.1327 0.1307 0.1355 0.1292 0.1310 0.1311 0.1281 0.1266 0.1261 0.1255 0.1267 0.1241 0.1223 0.1212 0.1232 0.1191 0.1212 0.1143 0.1168 0.1174 0.1133 0.1166 0.1167 0.1142 0.1107 0.1113 0.1101 0.1117 0.1099 0.1111 0.1071 0.1102 0.1076 0.1034 0.1071 0.1066 0.1047 0.1013 0.1025 0.1024 0.1031]
