train_acc,valid_acc,test_acc,train_loss,valid_loss,train_aug_loss
0.9886379837989807,0.9689554572105408,0.9393764138221741,[2.5243 0.9108 0.5685 0.6898 0.3971 0.4495 0.5712 0.3963 0.3748 0.3173 0.3128 0.3594 0.2970 0.3076 0.2334 0.2878 0.2729 0.3590 0.2214 0.2711 0.2017 0.3018 0.1714 0.1884 0.2482 0.2091 0.1755 0.2269 0.1608 0.1549 0.1027 0.1465 0.1608 0.1618 0.1852 0.1121 0.1748 0.1215 0.0897 0.1381 0.1261 0.1139 0.1188 0.0978 0.0753 0.1200 0.1060 0.0942 0.1185 0.0607 0.0730 0.1167 0.1013 0.0774 0.0760 0.1010 0.1727 0.1195 0.0843 0.0721 0.0696 0.0703 0.0512 0.0819 0.0593 0.0574 0.0525 0.0464 0.0659 0.0976 0.0806 0.0693 0.0576 0.0473 0.0895 0.0511 0.0613 0.0539 0.0554 0.0400 0.0424 0.0514 0.0627 0.0609 0.0607 0.0575 0.0443 0.0369 0.0366 0.0624 0.0495 0.0759 0.0575 0.0253 0.0369 0.0344 0.0474 0.0341 0.0312 0.0353],[2.1567 0.9538 0.6223 0.6461 0.3886 0.4787 0.5397 0.4256 0.3773 0.3177 0.3115 0.3424 0.3025 0.3112 0.2540 0.3052 0.2807 0.3927 0.2380 0.2803 0.2276 0.3044 0.2207 0.2117 0.2582 0.2334 0.2059 0.2463 0.2030 0.1798 0.1435 0.1868 0.1985 0.1975 0.2230 0.1549 0.2138 0.1577 0.1329 0.1855 0.1686 0.1618 0.1614 0.1450 0.1257 0.1752 0.1571 0.1445 0.1682 0.1180 0.1335 0.1720 0.1609 0.1314 0.1335 0.1612 0.2306 0.1775 0.1449 0.1289 0.1276 0.1318 0.1109 0.1498 0.1168 0.1172 0.1144 0.1069 0.1294 0.1759 0.1466 0.1397 0.1230 0.1194 0.1667 0.1196 0.1325 0.1210 0.1218 0.1082 0.1155 0.1213 0.1327 0.1340 0.1373 0.1342 0.1171 0.1139 0.1086 0.1476 0.1314 0.1616 0.1442 0.1127 0.1244 0.1153 0.1221 0.1129 0.1100 0.1118],[1.7923 1.4275 0.9578 0.7066 0.5875 0.5182 0.4644 0.4271 0.3931 0.3667 0.3428 0.3244 0.3074 0.2928 0.2813 0.2672 0.2581 0.2484 0.2395 0.2294 0.2250 0.2180 0.2085 0.2069 0.1948 0.1932 0.1882 0.1800 0.1777 0.1721 0.1681 0.1653 0.1623 0.1591 0.1528 0.1528 0.1469 0.1451 0.1423 0.1390 0.1349 0.1358 0.1355 0.1320 0.1289 0.1280 0.1253 0.1245 0.1212 0.1209 0.1181 0.1193 0.1181 0.1146 0.1136 0.1130 0.1118 0.1094 0.1067 0.1087 0.1070 0.1050 0.1022 0.1024 0.1004 0.0984 0.0972 0.0977 0.0983 0.0958 0.0938 0.0942 0.0922 0.0913 0.0897 0.0892 0.0919 0.0901 0.0879 0.0867 0.0848 0.0873 0.0840 0.0836 0.0844 0.0826 0.0825 0.0791 0.0804 0.0789 0.0807 0.0783 0.0785 0.0788 0.0764 0.0754 0.0779 0.0765 0.0743 0.0742]
