train_acc,valid_acc,test_acc,train_loss,valid_loss,train_aug_loss
0.9908469915390015,0.973520815372467,0.9428406357765198,[3.9521 0.4825 0.3184 0.2902 0.2279 0.2118 0.2618 0.2164 0.2018 0.2335 0.1969 0.1459 0.1991 0.1719 0.1492 0.1154 0.1421 0.1667 0.1245 0.1480 0.1263 0.1120 0.0949 0.1261 0.1255 0.1314 0.0791 0.1200 0.0972 0.0803 0.1661 0.0752 0.1868 0.0618 0.1052 0.1023 0.0772 0.0829 0.0819 0.1043 0.0777 0.0542 0.0896 0.0802 0.0978 0.1407 0.0975 0.1012 0.0706 0.0762 0.0557 0.0675 0.0592 0.0610 0.0901 0.0550 0.0617 0.1089 0.0662 0.0832 0.0392 0.0622 0.0864 0.0460 0.0386 0.0520 0.0445 0.0746 0.0479 0.0613 0.0762 0.0824 0.0576 0.0466 0.0460 0.0629 0.0570 0.0486 0.0279 0.0470 0.0664 0.0454 0.0699 0.0951 0.0313 0.0566 0.0340 0.0315 0.0409 0.0708 0.0609 0.0570 0.0517 0.0319 0.0652 0.0475 0.0601 0.0489 0.0498 0.0662],[3.7424 0.4402 0.3153 0.2955 0.2394 0.2079 0.2650 0.2188 0.2016 0.2314 0.2087 0.1648 0.2088 0.1935 0.1621 0.1404 0.1634 0.1803 0.1541 0.1773 0.1527 0.1389 0.1370 0.1552 0.1596 0.1656 0.1150 0.1547 0.1349 0.1179 0.1999 0.1133 0.2102 0.1046 0.1453 0.1460 0.1173 0.1257 0.1293 0.1450 0.1250 0.1013 0.1449 0.1266 0.1457 0.1954 0.1470 0.1569 0.1195 0.1263 0.1108 0.1274 0.1193 0.1176 0.1505 0.1091 0.1274 0.1713 0.1303 0.1429 0.0960 0.1181 0.1509 0.1103 0.1000 0.1179 0.1144 0.1409 0.1120 0.1306 0.1441 0.1515 0.1315 0.1180 0.1146 0.1363 0.1352 0.1142 0.0929 0.1211 0.1398 0.1184 0.1465 0.1758 0.1015 0.1381 0.1080 0.1028 0.1210 0.1538 0.1452 0.1337 0.1356 0.1058 0.1521 0.1277 0.1500 0.1314 0.1361 0.1620],[1.7106 0.8289 0.5494 0.4667 0.4213 0.3847 0.3639 0.3455 0.3288 0.3165 0.2975 0.2891 0.2750 0.2644 0.2587 0.2526 0.2470 0.2391 0.2347 0.2274 0.2240 0.2202 0.2181 0.2167 0.2077 0.2048 0.2024 0.1992 0.1988 0.1927 0.1900 0.1868 0.1852 0.1799 0.1779 0.1797 0.1769 0.1713 0.1704 0.1700 0.1667 0.1633 0.1619 0.1602 0.1620 0.1586 0.1553 0.1529 0.1520 0.1527 0.1498 0.1446 0.1457 0.1451 0.1438 0.1430 0.1385 0.1393 0.1381 0.1371 0.1325 0.1360 0.1340 0.1322 0.1303 0.1297 0.1293 0.1257 0.1273 0.1256 0.1231 0.1254 0.1243 0.1200 0.1238 0.1199 0.1200 0.1167 0.1150 0.1195 0.1179 0.1138 0.1153 0.1161 0.1125 0.1129 0.1125 0.1100 0.1104 0.1103 0.1088 0.1107 0.1096 0.1073 0.1071 0.1074 0.1054 0.1069 0.1044 0.1042]
