train_acc,valid_acc,test_acc,train_loss,valid_loss,train_aug_loss
0.990820586681366,0.9695032835006714,0.9393764138221741,[2.0531 0.6478 0.4550 0.4726 0.3149 0.2944 0.3046 0.4349 0.3126 0.2946 0.2507 0.2524 0.3293 0.2279 0.2015 0.1764 0.1804 0.1687 0.2252 0.1509 0.2280 0.2677 0.1870 0.1231 0.1763 0.1560 0.1745 0.1296 0.1212 0.1680 0.1501 0.1626 0.1461 0.1369 0.1367 0.0998 0.1047 0.0932 0.1180 0.0835 0.0922 0.1120 0.0790 0.0701 0.0945 0.0961 0.1092 0.0672 0.0715 0.0984 0.0765 0.0710 0.0762 0.0607 0.0568 0.0871 0.1010 0.0721 0.0970 0.0930 0.0824 0.0732 0.0712 0.0582 0.0621 0.0638 0.0588 0.0587 0.0525 0.0555 0.0840 0.0455 0.0768 0.0310 0.0399 0.0583 0.0517 0.0558 0.0400 0.0460 0.0633 0.0398 0.0349 0.0288 0.0373 0.0407 0.0572 0.0393 0.0449 0.0435 0.0633 0.0405 0.0359 0.0397 0.0324 0.0295 0.0370 0.0272 0.0343 0.0604],[1.9268 0.6762 0.5195 0.6062 0.3780 0.3520 0.3480 0.4336 0.3259 0.3369 0.3337 0.2610 0.3367 0.2630 0.2301 0.2142 0.2191 0.2132 0.2540 0.1979 0.2566 0.2949 0.2217 0.1781 0.2145 0.1894 0.2274 0.1878 0.1653 0.2068 0.1942 0.2077 0.1923 0.1861 0.1816 0.1576 0.1569 0.1470 0.1810 0.1457 0.1556 0.1672 0.1386 0.1303 0.1567 0.1699 0.1802 0.1341 0.1416 0.1705 0.1424 0.1398 0.1489 0.1338 0.1316 0.1624 0.1853 0.1495 0.1713 0.1688 0.1636 0.1502 0.1505 0.1433 0.1383 0.1473 0.1406 0.1534 0.1349 0.1412 0.1765 0.1338 0.1708 0.1126 0.1330 0.1501 0.1522 0.1477 0.1329 0.1410 0.1676 0.1336 0.1286 0.1150 0.1338 0.1317 0.1679 0.1460 0.1365 0.1444 0.1694 0.1467 0.1418 0.1293 0.1342 0.1220 0.1430 0.1278 0.1466 0.1786],[1.8030 1.2395 0.8401 0.6428 0.5556 0.4928 0.4395 0.4091 0.3745 0.3567 0.3353 0.3188 0.3018 0.2864 0.2700 0.2591 0.2568 0.2424 0.2343 0.2230 0.2172 0.2126 0.2065 0.2004 0.1983 0.1881 0.1858 0.1825 0.1766 0.1733 0.1679 0.1670 0.1663 0.1590 0.1559 0.1537 0.1518 0.1460 0.1455 0.1425 0.1386 0.1375 0.1337 0.1337 0.1309 0.1274 0.1272 0.1236 0.1243 0.1215 0.1168 0.1174 0.1148 0.1149 0.1142 0.1133 0.1080 0.1092 0.1110 0.1065 0.1056 0.1037 0.1046 0.1021 0.1015 0.1015 0.0997 0.0997 0.0991 0.0974 0.0971 0.0927 0.0953 0.0899 0.0921 0.0921 0.0916 0.0894 0.0876 0.0894 0.0866 0.0853 0.0851 0.0877 0.0837 0.0840 0.0845 0.0823 0.0831 0.0808 0.0797 0.0802 0.0783 0.0800 0.0745 0.0791 0.0760 0.0773 0.0760 0.0761]
