train_acc,valid_acc,test_acc,train_loss,valid_loss,train_aug_loss
0.9834043979644775,0.9624594449996948,0.9594594836235046,[4.1942 0.7921 0.4338 0.3846 0.3984 0.3897 0.3422 0.4118 0.3281 0.2664 0.2663 0.4135 0.4485 0.2796 0.3658 0.2072 0.1897 0.2543 0.1858 0.2486 0.2423 0.1594 0.1674 0.1785 0.1563 0.1968 0.1389 0.1503 0.1377 0.1330 0.1729 0.1194 0.1219 0.1101 0.0990 0.0954 0.1381 0.1327 0.1275 0.1270 0.0794 0.0964 0.0765 0.1064 0.1156 0.0663 0.1500 0.0704 0.0864 0.0634],[3.5694 0.7571 0.5038 0.4002 0.3969 0.3807 0.3431 0.4238 0.3307 0.2861 0.2856 0.4057 0.4218 0.3069 0.3735 0.2651 0.2362 0.2803 0.2138 0.2766 0.2779 0.2030 0.2032 0.2298 0.2024 0.2311 0.1930 0.1899 0.1812 0.1785 0.2276 0.1690 0.1725 0.1707 0.1578 0.1649 0.1883 0.1925 0.1840 0.1900 0.1341 0.1543 0.1375 0.1675 0.1830 0.1332 0.2103 0.1312 0.1566 0.1270],[1.7818 1.2158 0.8059 0.6094 0.5037 0.4492 0.4075 0.3823 0.3560 0.3371 0.3176 0.3092 0.2955 0.2833 0.2726 0.2622 0.2530 0.2415 0.2318 0.2266 0.2227 0.2132 0.2052 0.1982 0.1912 0.1890 0.1838 0.1777 0.1752 0.1739 0.1693 0.1618 0.1599 0.1555 0.1551 0.1512 0.1477 0.1472 0.1447 0.1407 0.1410 0.1388 0.1363 0.1305 0.1307 0.1264 0.1259 0.1245 0.1220 0.1216]
