train_acc,valid_acc,test_acc,train_loss,valid_loss,train_aug_loss
0.9845631122589111,0.9645726680755615,0.9399538040161133,[2.5229 0.7751 0.4061 0.3640 0.3138 0.2898 0.3520 0.3579 0.4042 0.2423 0.2934 0.2724 0.3768 0.3274 0.3122 0.2373 0.2404 0.2476 0.2504 0.2596 0.2075 0.2284 0.2627 0.2301 0.2072 0.1690 0.2014 0.1475 0.2319 0.1691 0.2430 0.1693 0.2024 0.1814 0.1874 0.1521 0.1717 0.1415 0.1161 0.1612 0.1588 0.1462 0.1729 0.1178 0.1311 0.1532 0.1304 0.1351 0.1876 0.1191 0.1172 0.0978 0.0931 0.1055 0.1076 0.1020 0.1246 0.1776 0.1065 0.1204 0.1184 0.1044 0.1030 0.0755 0.1146 0.0817 0.1057 0.1382 0.0977 0.0736 0.1024 0.1184 0.1503 0.0927 0.0924 0.1053 0.0935 0.0792 0.1117 0.0776 0.1057 0.1003 0.0818 0.0670 0.0734 0.0911 0.0987 0.0989 0.0951 0.0715 0.0588 0.0623 0.1207 0.0625 0.1129 0.0648 0.0704 0.0869 0.1043 0.0794],[2.1223 0.6821 0.3997 0.3652 0.3073 0.2928 0.3342 0.3353 0.3699 0.2491 0.2819 0.2729 0.3477 0.3131 0.3098 0.2419 0.2452 0.2490 0.2540 0.2737 0.2231 0.2378 0.2765 0.2440 0.2221 0.1962 0.2157 0.1847 0.2466 0.1916 0.2573 0.1958 0.2246 0.2047 0.2136 0.1827 0.1988 0.1753 0.1501 0.1914 0.1906 0.1817 0.2018 0.1558 0.1718 0.1841 0.1679 0.1735 0.2192 0.1611 0.1588 0.1379 0.1421 0.1463 0.1550 0.1498 0.1669 0.2113 0.1505 0.1693 0.1650 0.1497 0.1493 0.1250 0.1675 0.1287 0.1599 0.1827 0.1489 0.1261 0.1520 0.1656 0.2008 0.1435 0.1460 0.1543 0.1536 0.1371 0.1671 0.1353 0.1646 0.1605 0.1408 0.1259 0.1366 0.1553 0.1616 0.1583 0.1582 0.1337 0.1224 0.1259 0.1867 0.1258 0.1780 0.1284 0.1367 0.1587 0.1745 0.1437],[1.7809 1.1876 0.8141 0.6522 0.5690 0.5330 0.4892 0.4678 0.4466 0.4253 0.4119 0.3943 0.3786 0.3733 0.3603 0.3498 0.3415 0.3354 0.3268 0.3211 0.3157 0.3076 0.2997 0.2935 0.2866 0.2822 0.2750 0.2709 0.2684 0.2616 0.2580 0.2519 0.2512 0.2427 0.2381 0.2343 0.2310 0.2259 0.2273 0.2206 0.2175 0.2177 0.2103 0.2098 0.2064 0.2084 0.2061 0.1975 0.1970 0.1971 0.1924 0.1927 0.1888 0.1878 0.1859 0.1851 0.1812 0.1808 0.1819 0.1796 0.1778 0.1759 0.1749 0.1730 0.1708 0.1699 0.1690 0.1676 0.1671 0.1656 0.1642 0.1625 0.1621 0.1637 0.1615 0.1595 0.1558 0.1581 0.1562 0.1532 0.1577 0.1546 0.1516 0.1504 0.1505 0.1468 0.1498 0.1471 0.1463 0.1452 0.1475 0.1483 0.1455 0.1428 0.1412 0.1424 0.1403 0.1436 0.1407 0.1409]
