train_acc,valid_acc,test_acc,train_loss,valid_loss,train_aug_loss
0.968588650226593,0.9559659361839294,0.9521548748016357,[1.8672 1.8937 1.6442 0.7635 0.4218 0.3690 0.3508 0.3191 0.2850 0.2821 0.2526 0.4229 0.2469 0.2342 0.1929 0.3025 0.2198 0.2194 0.2348 0.2074 0.1944 0.2584 0.2214 0.1472 0.2447 0.2500 0.2597 0.1854 0.1852 0.1823 0.1501 0.2753 0.1922 0.1898 0.1808 0.1771 0.2015 0.1240 0.1403 0.1335 0.1345 0.2211 0.2274 0.1472 0.2075 0.1472 0.1247 0.1306 0.1530 0.2046 0.1738 0.1438 0.1108 0.1401 0.1699 0.1749 0.1520 0.1418 0.1339 0.1806 0.1601 0.1577 0.1368 0.1446 0.1335 0.1417 0.1663 0.1720 0.1858 0.1725 0.1472 0.1458 0.1372 0.1595 0.1350 0.1608 0.1678 0.1654 0.1648 0.1649 0.1478 0.1716 0.1377 0.1588 0.1537 0.1653 0.1415 0.1327 0.1399 0.1731 0.1559 0.1455 0.1515 0.1596 0.1346 0.1620 0.1156 0.1515 0.1529 0.1322],[1.7935 1.6223 1.4424 0.7183 0.4562 0.3730 0.3322 0.3119 0.2867 0.2844 0.2566 0.3980 0.2543 0.2387 0.2125 0.3009 0.2345 0.2332 0.2359 0.2143 0.2058 0.2597 0.2311 0.1740 0.2547 0.2595 0.2655 0.2015 0.2034 0.2008 0.1729 0.2833 0.2118 0.2087 0.2007 0.1987 0.2237 0.1531 0.1659 0.1608 0.1634 0.2439 0.2457 0.1699 0.2269 0.1760 0.1572 0.1647 0.1820 0.2285 0.2012 0.1759 0.1488 0.1725 0.1953 0.2051 0.1792 0.1749 0.1684 0.2088 0.1902 0.1909 0.1701 0.1771 0.1649 0.1748 0.1960 0.2029 0.2146 0.2047 0.1792 0.1787 0.1708 0.1942 0.1700 0.1917 0.1992 0.1996 0.1970 0.1982 0.1826 0.2044 0.1724 0.1944 0.1873 0.1995 0.1774 0.1701 0.1745 0.2065 0.1890 0.1799 0.1878 0.1939 0.1700 0.1976 0.1528 0.1873 0.1876 0.1687],[1.8820 1.6750 1.2894 0.9952 0.7773 0.6466 0.5731 0.5210 0.4836 0.4552 0.4319 0.4120 0.3951 0.3799 0.3679 0.3603 0.3469 0.3436 0.3302 0.3228 0.3155 0.3113 0.3088 0.3024 0.2970 0.2946 0.2860 0.2868 0.2813 0.2763 0.2729 0.2675 0.2661 0.2652 0.2611 0.2580 0.2560 0.2558 0.2526 0.2479 0.2509 0.2501 0.2446 0.2414 0.2417 0.2375 0.2372 0.2360 0.2347 0.2353 0.2327 0.2302 0.2288 0.2297 0.2291 0.2257 0.2225 0.2244 0.2218 0.2191 0.2252 0.2201 0.2202 0.2197 0.2171 0.2160 0.2183 0.2134 0.2164 0.2130 0.2115 0.2140 0.2133 0.2129 0.2134 0.2094 0.2102 0.2084 0.2079 0.2115 0.2076 0.2081 0.2053 0.2042 0.2099 0.2071 0.2056 0.2072 0.2060 0.2013 0.2037 0.2073 0.2024 0.2014 0.2031 0.2018 0.2033 0.2021 0.2020 0.2033]
