train_acc,valid_acc,test_acc,train_loss,valid_loss,train_aug_loss
0.9705836176872253,0.9492694735527039,0.9521548748016357,[3.0840 0.7738 0.4949 0.3906 0.4986 0.3114 0.4690 0.3948 0.3333 0.2733 0.2474 0.2627 0.2570 0.2284 0.3442 0.2422 0.2292 0.3611 0.2414 0.4261 0.2375 0.1983 0.3193 0.2501 0.2051 0.3434 0.2363 0.3276 0.2196 0.2365 0.3113 0.2243 0.2925 0.1749 0.1651 0.2355 0.1745 0.1890 0.2074 0.1653 0.1888 0.1932 0.1218 0.1825 0.1588 0.1436 0.1986 0.1734 0.1759 0.1556],[3.6065 0.7218 0.5906 0.4802 0.4751 0.4137 0.4503 0.3947 0.3326 0.2891 0.2738 0.2785 0.2855 0.2688 0.3457 0.2570 0.2505 0.3789 0.2688 0.4153 0.2527 0.2374 0.3238 0.2791 0.2489 0.3630 0.2644 0.3523 0.2513 0.2616 0.3295 0.2587 0.3142 0.2170 0.2031 0.2625 0.2145 0.2199 0.2365 0.1976 0.2377 0.2311 0.1746 0.2175 0.2008 0.1914 0.2350 0.2170 0.2179 0.1982],[1.5862 0.8777 0.6678 0.5733 0.5208 0.4815 0.4569 0.4320 0.4139 0.4022 0.3838 0.3681 0.3608 0.3524 0.3431 0.3346 0.3282 0.3222 0.3130 0.3130 0.3062 0.2983 0.2955 0.2892 0.2832 0.2773 0.2759 0.2729 0.2669 0.2629 0.2602 0.2526 0.2500 0.2496 0.2454 0.2444 0.2385 0.2330 0.2325 0.2305 0.2268 0.2252 0.2195 0.2224 0.2169 0.2158 0.2134 0.2105 0.2092 0.2039]
