train_acc,valid_acc,test_acc,train_loss,valid_loss,train_aug_loss
0.9814387559890747,0.9624594449996948,0.9612855911254883,[2.1877 1.1115 0.6620 0.4549 0.3627 0.3855 0.3332 0.3442 0.3581 0.3932 0.3182 0.4092 0.2453 0.3679 0.3772 0.2700 0.3029 0.3541 0.2369 0.2740 0.2075 0.2228 0.1969 0.2287 0.2943 0.1780 0.1704 0.1865 0.2316 0.1198 0.1626 0.1826 0.1435 0.1696 0.1894 0.1945 0.1579 0.1604 0.1503 0.0996 0.1490 0.0965 0.1057 0.0853 0.1005 0.0795 0.1320 0.0899 0.1113 0.0741],[1.9903 1.0439 0.7654 0.4523 0.3834 0.4079 0.3678 0.3383 0.3627 0.3875 0.3245 0.3932 0.2695 0.3513 0.3627 0.2841 0.3112 0.3520 0.2634 0.2963 0.2373 0.2564 0.2303 0.2523 0.3162 0.2108 0.2116 0.2176 0.2449 0.1585 0.1968 0.2186 0.1735 0.2049 0.2234 0.2339 0.2050 0.2067 0.1963 0.1473 0.1978 0.1475 0.1571 0.1405 0.1514 0.1353 0.1876 0.1545 0.1758 0.1315],[1.8165 1.4288 0.9930 0.7443 0.6112 0.5342 0.4825 0.4393 0.4041 0.3748 0.3505 0.3312 0.3104 0.3008 0.2819 0.2735 0.2629 0.2551 0.2469 0.2347 0.2342 0.2232 0.2150 0.2070 0.2058 0.1983 0.1937 0.1895 0.1851 0.1833 0.1766 0.1771 0.1704 0.1663 0.1629 0.1640 0.1552 0.1535 0.1505 0.1517 0.1491 0.1438 0.1425 0.1390 0.1363 0.1365 0.1326 0.1306 0.1262 0.1271]
