train_acc,valid_acc,test_acc,train_loss,valid_loss,train_aug_loss
0.981458306312561,0.9575892686843872,0.9618334770202637,[1.9191 1.6972 0.6608 0.5298 0.4053 0.3764 0.3946 0.4016 0.2569 0.2884 0.2690 0.2420 0.4995 0.3306 0.2787 0.2083 0.3313 0.2386 0.3456 0.2684 0.2046 0.2102 0.1792 0.1999 0.1910 0.1411 0.1697 0.1613 0.1437 0.1213 0.1095 0.1319 0.1833 0.1429 0.1153 0.1017 0.1277 0.0947 0.1082 0.1294 0.1668 0.1001 0.0926 0.1287 0.0925 0.1054 0.0738 0.0767 0.0947 0.0814],[1.7753 1.5386 0.7387 0.5360 0.4554 0.4163 0.4136 0.4124 0.3033 0.3130 0.3185 0.3081 0.4902 0.3457 0.3037 0.2374 0.3638 0.2810 0.3484 0.2859 0.2421 0.2582 0.2640 0.2557 0.2360 0.2076 0.2193 0.2047 0.1982 0.2110 0.1689 0.1857 0.2268 0.2003 0.1745 0.1588 0.1831 0.1573 0.1662 0.1887 0.2252 0.1606 0.1546 0.1992 0.1510 0.1674 0.1458 0.1531 0.1677 0.1482],[1.8553 1.5753 1.0943 0.8061 0.6545 0.5574 0.5023 0.4603 0.4295 0.4016 0.3777 0.3584 0.3385 0.3289 0.3190 0.2976 0.2959 0.2759 0.2640 0.2570 0.2438 0.2349 0.2223 0.2157 0.2135 0.2052 0.1981 0.1982 0.1925 0.1881 0.1798 0.1780 0.1727 0.1694 0.1651 0.1602 0.1617 0.1544 0.1545 0.1504 0.1466 0.1448 0.1415 0.1422 0.1370 0.1358 0.1322 0.1284 0.1292 0.1260]
