train_acc,valid_acc,test_acc,train_loss,valid_loss,train_aug_loss
0.9797371029853821,0.963676929473877,0.9614682197570801,[2.8004 0.8789 0.4249 0.3790 0.3085 0.3870 0.2722 0.2766 0.3157 0.3252 0.2330 0.2977 0.2189 0.2751 0.2427 0.3343 0.2140 0.1919 0.2236 0.2406 0.1836 0.1408 0.2134 0.1370 0.1466 0.1788 0.1526 0.1641 0.1576 0.1636 0.1445 0.1339 0.1797 0.1081 0.1898 0.1305 0.1004 0.0920 0.0874 0.1026 0.1269 0.1275 0.1236 0.0879 0.0784 0.0723 0.1351 0.1037 0.1066 0.0692],[2.5789 0.7919 0.4508 0.4012 0.3377 0.3910 0.2951 0.2993 0.3245 0.3356 0.2563 0.3142 0.2460 0.2793 0.2618 0.3307 0.2400 0.2173 0.2414 0.2635 0.2152 0.1888 0.2388 0.1720 0.1823 0.2064 0.1837 0.1950 0.1874 0.1995 0.1794 0.1735 0.2103 0.1513 0.2315 0.1828 0.1496 0.1424 0.1353 0.1528 0.1762 0.1807 0.1778 0.1405 0.1393 0.1278 0.1966 0.1626 0.1657 0.1261],[1.8189 1.2499 0.8093 0.6219 0.5267 0.4687 0.4253 0.3967 0.3779 0.3513 0.3325 0.3221 0.3094 0.2925 0.2745 0.2733 0.2608 0.2561 0.2411 0.2383 0.2251 0.2225 0.2123 0.2077 0.2035 0.1991 0.1913 0.1889 0.1812 0.1788 0.1722 0.1720 0.1642 0.1614 0.1597 0.1569 0.1545 0.1486 0.1505 0.1470 0.1444 0.1408 0.1381 0.1319 0.1331 0.1300 0.1324 0.1269 0.1254 0.1237]
