train_acc,valid_acc,test_acc,train_loss,valid_loss,train_aug_loss
0.9938040971755981,0.9682250022888184,0.9422633051872253,[4.5458 0.6192 0.3772 0.3026 0.4190 0.2512 0.3680 0.2744 0.2342 0.2267 0.3150 0.2872 0.3068 0.2478 0.1933 0.2381 0.2743 0.3172 0.1554 0.2762 0.1873 0.1639 0.1692 0.1522 0.1411 0.1433 0.1557 0.1177 0.1138 0.1509 0.0947 0.0946 0.1461 0.1634 0.1539 0.1074 0.0955 0.1467 0.1364 0.1101 0.0889 0.0786 0.0785 0.1315 0.1180 0.1135 0.0809 0.0767 0.1423 0.1312 0.0716 0.0625 0.1187 0.0747 0.0632 0.1123 0.0817 0.0915 0.0894 0.0516 0.0518 0.0431 0.0730 0.0593 0.0666 0.0521 0.0596 0.0655 0.0475 0.0407 0.0630 0.0553 0.0513 0.0563 0.0816 0.0451 0.0525 0.0539 0.0633 0.0329 0.0327 0.0521 0.0371 0.0375 0.0310 0.0380 0.0382 0.0368 0.0356 0.0536 0.0323 0.0307 0.0253 0.0500 0.0278 0.0428 0.0369 0.0640 0.0328 0.0221],[3.9551 0.6308 0.4048 0.3342 0.4266 0.2883 0.3613 0.2920 0.2633 0.2393 0.3334 0.2900 0.3214 0.2678 0.2214 0.2586 0.2806 0.3301 0.1901 0.2920 0.2239 0.2053 0.2054 0.1878 0.1805 0.1750 0.1964 0.1599 0.1618 0.1898 0.1416 0.1466 0.1935 0.2106 0.2046 0.1591 0.1442 0.1900 0.1837 0.1643 0.1500 0.1372 0.1418 0.1896 0.1727 0.1692 0.1399 0.1343 0.2082 0.1919 0.1379 0.1282 0.1836 0.1467 0.1364 0.1812 0.1562 0.1556 0.1653 0.1306 0.1250 0.1168 0.1529 0.1328 0.1437 0.1376 0.1355 0.1519 0.1228 0.1203 0.1445 0.1429 0.1352 0.1475 0.1763 0.1366 0.1419 0.1413 0.1619 0.1207 0.1210 0.1443 0.1285 0.1211 0.1166 0.1261 0.1373 0.1290 0.1350 0.1460 0.1251 0.1251 0.1135 0.1394 0.1246 0.1450 0.1382 0.1754 0.1365 0.1134],[1.7926 1.1754 0.7526 0.5750 0.4830 0.4293 0.3931 0.3653 0.3462 0.3240 0.3096 0.2936 0.2807 0.2685 0.2565 0.2469 0.2433 0.2343 0.2241 0.2191 0.2099 0.2064 0.1988 0.1931 0.1900 0.1849 0.1792 0.1772 0.1720 0.1668 0.1629 0.1607 0.1569 0.1592 0.1561 0.1536 0.1485 0.1455 0.1431 0.1413 0.1387 0.1354 0.1336 0.1348 0.1316 0.1317 0.1254 0.1267 0.1251 0.1218 0.1194 0.1174 0.1161 0.1144 0.1139 0.1135 0.1127 0.1130 0.1093 0.1086 0.1061 0.1056 0.1047 0.1042 0.1017 0.1029 0.1043 0.0979 0.0982 0.0967 0.0974 0.0951 0.0927 0.0936 0.0941 0.0904 0.0898 0.0909 0.0881 0.0882 0.0878 0.0868 0.0867 0.0852 0.0858 0.0828 0.0824 0.0834 0.0815 0.0822 0.0786 0.0836 0.0797 0.0800 0.0780 0.0788 0.0750 0.0781 0.0773 0.0757]
