train_acc,valid_acc,test_acc,train_loss,valid_loss,train_aug_loss
0.9816245436668396,0.9573863744735718,0.9620160460472107,[1.9219 1.0746 0.5885 0.4114 0.3335 0.3282 0.3069 0.3380 0.2591 0.2806 0.2499 0.3209 0.3472 0.3290 0.2794 0.3171 0.2668 0.3241 0.2212 0.1731 0.1593 0.1883 0.2886 0.2768 0.1991 0.2036 0.1310 0.2205 0.1695 0.1300 0.1254 0.1312 0.1193 0.1278 0.1857 0.1604 0.1691 0.1750 0.0978 0.1475 0.1264 0.1237 0.0921 0.1261 0.0762 0.0958 0.1134 0.1114 0.1014 0.0881],[1.7938 0.9782 0.6227 0.4373 0.3671 0.3488 0.3671 0.3729 0.3020 0.3082 0.2845 0.3563 0.3649 0.3400 0.3078 0.3406 0.3000 0.3515 0.2682 0.2165 0.2085 0.2401 0.3304 0.3127 0.2421 0.2575 0.1897 0.2736 0.2205 0.1974 0.1880 0.1954 0.1934 0.1918 0.2564 0.2317 0.2394 0.2382 0.1720 0.2208 0.2001 0.2026 0.1667 0.2017 0.1567 0.1769 0.1977 0.2025 0.1837 0.1824],[1.8197 1.4240 0.9635 0.7236 0.5876 0.5100 0.4599 0.4211 0.3930 0.3659 0.3416 0.3291 0.3141 0.2982 0.2913 0.2735 0.2642 0.2569 0.2513 0.2381 0.2357 0.2274 0.2175 0.2117 0.2126 0.2031 0.1967 0.1927 0.1865 0.1819 0.1810 0.1732 0.1709 0.1699 0.1650 0.1598 0.1584 0.1534 0.1523 0.1489 0.1455 0.1408 0.1397 0.1382 0.1332 0.1345 0.1313 0.1295 0.1260 0.1264]
