train_acc,valid_acc,test_acc,train_loss,valid_loss,train_aug_loss
0.9701826572418213,0.951298713684082,0.9594594836235046,[3.9388 0.5810 0.3656 0.4196 0.3713 0.4276 0.4700 0.3576 0.2633 0.2745 0.3121 0.4348 0.2790 0.2468 0.2436 0.2438 0.2975 0.2427 0.2751 0.2261 0.3013 0.2172 0.3039 0.1657 0.2455 0.2597 0.1767 0.1861 0.2892 0.2592 0.1795 0.1738 0.3144 0.1334 0.2132 0.1570 0.1902 0.2603 0.3855 0.2120 0.1639 0.2322 0.1598 0.1482 0.1780 0.1883 0.1200 0.1387 0.1345 0.2359],[4.6569 0.5964 0.4272 0.4674 0.3763 0.4494 0.4270 0.3506 0.2886 0.2843 0.3122 0.4309 0.2963 0.2960 0.2853 0.2666 0.2967 0.2654 0.2982 0.2573 0.3169 0.2432 0.3191 0.2012 0.2680 0.2743 0.2084 0.2281 0.3150 0.2876 0.2234 0.2113 0.3312 0.1904 0.2535 0.2045 0.2269 0.2866 0.3818 0.2479 0.2031 0.2762 0.2054 0.2001 0.2271 0.2205 0.1739 0.1893 0.1872 0.2651],[1.6311 0.9591 0.7363 0.6246 0.5489 0.5044 0.4711 0.4512 0.4245 0.4066 0.3941 0.3835 0.3692 0.3622 0.3537 0.3426 0.3301 0.3246 0.3156 0.3120 0.3024 0.3009 0.2882 0.2815 0.2738 0.2699 0.2665 0.2629 0.2587 0.2521 0.2494 0.2477 0.2427 0.2380 0.2362 0.2369 0.2320 0.2268 0.2245 0.2252 0.2272 0.2203 0.2174 0.2186 0.2159 0.2120 0.2071 0.2084 0.2040 0.2031]
