train_acc,valid_acc,test_acc,train_loss,valid_loss,train_aug_loss
0.9853671789169312,0.9631252288818359,0.9457274675369263,[3.0073 0.9326 0.5996 0.5509 0.4401 0.4165 0.4151 0.3098 0.3967 0.3308 0.3573 0.2524 0.3082 0.2800 0.3189 0.2640 0.2355 0.2206 0.2224 0.2505 0.2072 0.2076 0.1886 0.2221 0.2100 0.1999 0.2027 0.2483 0.2582 0.1717 0.1551 0.1337 0.2381 0.1463 0.1545 0.1545 0.1634 0.1510 0.1390 0.1173 0.1079 0.1943 0.1510 0.1260 0.1391 0.1007 0.1194 0.1012 0.0911 0.0999 0.1192 0.1257 0.0822 0.0893 0.1343 0.0903 0.0870 0.0878 0.1059 0.0868 0.1022 0.1512 0.0843 0.1112 0.1184 0.0933 0.0915 0.0855 0.0784 0.0735 0.0729 0.0768 0.0854 0.0936 0.0909 0.0770 0.0740 0.0954 0.0665 0.0666 0.0586 0.0969 0.0691 0.0900 0.0761 0.0644 0.0696 0.0634 0.0913 0.0696 0.0973 0.0791 0.0729 0.0587 0.0808 0.0679 0.0923 0.0563 0.0550 0.0559],[2.7557 1.0967 0.7919 0.7364 0.5859 0.5503 0.5903 0.4190 0.5206 0.4165 0.5039 0.3047 0.3753 0.3834 0.4228 0.3593 0.3270 0.2957 0.2931 0.3481 0.2913 0.2774 0.2493 0.3043 0.2796 0.2681 0.2924 0.3514 0.3232 0.2274 0.2064 0.1935 0.3170 0.2065 0.2209 0.2171 0.2273 0.2161 0.2118 0.1748 0.1649 0.2883 0.2188 0.1831 0.2115 0.1632 0.1844 0.1677 0.1561 0.1673 0.2035 0.2020 0.1502 0.1561 0.2228 0.1496 0.1603 0.1566 0.1833 0.1582 0.1944 0.2561 0.1582 0.1983 0.2149 0.1812 0.1721 0.1664 0.1520 0.1489 0.1491 0.1501 0.1647 0.1795 0.1677 0.1615 0.1516 0.1869 0.1327 0.1410 0.1255 0.1790 0.1414 0.1865 0.1544 0.1383 0.1508 0.1366 0.1735 0.1510 0.1886 0.1687 0.1443 0.1336 0.1700 0.1523 0.1879 0.1359 0.1316 0.1363],[1.7521 1.1604 0.8142 0.6500 0.5715 0.5171 0.4800 0.4529 0.4319 0.4155 0.4013 0.3835 0.3724 0.3642 0.3553 0.3443 0.3334 0.3309 0.3161 0.3140 0.3018 0.2991 0.2935 0.2857 0.2773 0.2760 0.2679 0.2615 0.2619 0.2547 0.2485 0.2460 0.2428 0.2401 0.2360 0.2319 0.2293 0.2271 0.2213 0.2210 0.2155 0.2156 0.2115 0.2086 0.2054 0.2049 0.2027 0.1991 0.2009 0.1955 0.1935 0.1926 0.1912 0.1907 0.1888 0.1850 0.1823 0.1820 0.1857 0.1810 0.1768 0.1768 0.1765 0.1744 0.1710 0.1724 0.1701 0.1710 0.1673 0.1683 0.1652 0.1656 0.1636 0.1663 0.1619 0.1616 0.1578 0.1612 0.1602 0.1566 0.1570 0.1535 0.1542 0.1549 0.1548 0.1526 0.1540 0.1509 0.1492 0.1494 0.1504 0.1508 0.1493 0.1504 0.1470 0.1479 0.1434 0.1478 0.1432 0.1412]
