train_acc,test_acc,train_loss,train_aug_loss
0.962401807308197,0.9076212644577026,[2.2798 0.6208 0.4933 0.4473 0.3799 0.3709 0.3481 0.3789 0.2867 0.5188 0.2802 0.2433 0.2666 0.2865 0.3560 0.2077 0.2004 0.3388 0.2413 0.2352 0.1881 0.1948 0.1629 0.1992 0.2856 0.1309 0.1326 0.2239 0.1546 0.2223 0.1355 0.1472 0.1979 0.1582 0.1379 0.1818 0.1215 0.1539 0.0994 0.1244 0.1043 0.1225 0.1269 0.0935 0.1458 0.1481 0.0890 0.0967 0.1278 0.1047 0.0929 0.1148 0.0796 0.1108 0.0901 0.1391 0.1383 0.0931 0.1100 0.0753 0.0803 0.0818 0.1001 0.0812 0.0764 0.0698 0.0855 0.1045 0.0984 0.0770 0.0768 0.0776 0.1048 0.0824 0.0766 0.1128 0.0752 0.0731 0.0776 0.1099 0.0836 0.0685 0.1038 0.0606 0.0750 0.0561 0.0590 0.0951 0.0884 0.0963 0.0757 0.0784 0.0762 0.0661 0.1120 0.0719 0.0631 0.0723 0.0772 0.1068],[1.7275 1.1088 0.7903 0.6384 0.5596 0.5095 0.4647 0.4467 0.4173 0.3951 0.3824 0.3649 0.3533 0.3358 0.3272 0.3188 0.3054 0.3004 0.2960 0.2881 0.2807 0.2737 0.2704 0.2618 0.2583 0.2533 0.2499 0.2447 0.2414 0.2382 0.2336 0.2304 0.2265 0.2259 0.2205 0.2178 0.2125 0.2097 0.2107 0.2063 0.2070 0.2034 0.2030 0.2021 0.1954 0.1953 0.1934 0.1900 0.1876 0.1883 0.1855 0.1811 0.1841 0.1824 0.1821 0.1788 0.1786 0.1748 0.1756 0.1760 0.1723 0.1716 0.1731 0.1688 0.1679 0.1667 0.1648 0.1673 0.1621 0.1645 0.1622 0.1587 0.1591 0.1585 0.1598 0.1572 0.1583 0.1562 0.1578 0.1551 0.1543 0.1542 0.1524 0.1526 0.1512 0.1505 0.1481 0.1484 0.1495 0.1459 0.1460 0.1467 0.1440 0.1467 0.1446 0.1452 0.1449 0.1405 0.1423 0.1426]
