train_acc,valid_acc,test_acc,train_loss,valid_loss,train_aug_loss
0.9862000942230225,0.9654857516288757,0.9341801404953003,[4.4055 0.4465 0.2927 0.2546 0.2270 0.2830 0.1981 0.2067 0.1457 0.1601 0.1301 0.1878 0.2050 0.1279 0.1237 0.1043 0.1467 0.0871 0.1300 0.1078 0.1148 0.1196 0.0967 0.1110 0.0745 0.0948 0.1014 0.0538 0.0561 0.0903 0.0544 0.0801 0.0912 0.0680 0.0450 0.0622 0.0617 0.0584 0.0586 0.0533 0.0391 0.0616 0.0514 0.0445 0.0674 0.1050 0.0346 0.0315 0.0269 0.0551 0.0258 0.0635 0.0658 0.0225 0.0395 0.0276 0.0321 0.0480 0.0211 0.0621 0.0259 0.0224 0.0540 0.0244 0.1006 0.0321 0.0465 0.0337 0.0244 0.0230 0.0371 0.0424 0.0208 0.0293 0.0247 0.0180 0.0138 0.0159 0.0334 0.0273 0.0261 0.0166 0.0145 0.0198 0.0125 0.0150 0.0112 0.0231 0.0114 0.0119 0.0381 0.0181 0.0249 0.0138 0.0075 0.0093 0.0120 0.0135 0.0125 0.0091],[3.8964 0.4232 0.2944 0.2600 0.2442 0.2924 0.2143 0.2337 0.1868 0.2075 0.1642 0.2254 0.2440 0.1789 0.1737 0.1578 0.1903 0.1463 0.1901 0.1707 0.1818 0.1901 0.1670 0.1727 0.1434 0.1714 0.1753 0.1318 0.1409 0.1667 0.1346 0.1615 0.1741 0.1496 0.1229 0.1438 0.1452 0.1509 0.1415 0.1469 0.1254 0.1535 0.1543 0.1402 0.1648 0.2133 0.1277 0.1241 0.1305 0.1577 0.1329 0.1912 0.1919 0.1252 0.1529 0.1361 0.1517 0.1760 0.1348 0.1822 0.1336 0.1321 0.1766 0.1422 0.2431 0.1599 0.1704 0.1670 0.1508 0.1528 0.1715 0.1870 0.1435 0.1708 0.1514 0.1587 0.1456 0.1451 0.1769 0.1612 0.1664 0.1471 0.1492 0.1560 0.1541 0.1600 0.1393 0.1892 0.1443 0.1461 0.1943 0.1757 0.1920 0.1690 0.1500 0.1548 0.1674 0.1691 0.1753 0.1600],[1.5987 0.6507 0.4258 0.3548 0.3151 0.2836 0.2616 0.2465 0.2327 0.2158 0.2075 0.1978 0.1895 0.1804 0.1773 0.1679 0.1648 0.1638 0.1539 0.1490 0.1459 0.1423 0.1385 0.1355 0.1296 0.1296 0.1255 0.1203 0.1207 0.1167 0.1163 0.1134 0.1111 0.1105 0.1078 0.1026 0.1026 0.1010 0.0986 0.0965 0.0965 0.0920 0.0912 0.0878 0.0898 0.0889 0.0868 0.0848 0.0852 0.0826 0.0805 0.0786 0.0787 0.0774 0.0757 0.0777 0.0741 0.0713 0.0733 0.0712 0.0700 0.0696 0.0683 0.0682 0.0663 0.0658 0.0659 0.0632 0.0640 0.0620 0.0632 0.0615 0.0597 0.0589 0.0594 0.0601 0.0578 0.0579 0.0565 0.0545 0.0575 0.0546 0.0549 0.0539 0.0515 0.0526 0.0523 0.0513 0.0521 0.0506 0.0517 0.0516 0.0503 0.0485 0.0500 0.0464 0.0477 0.0490 0.0454 0.0464]
