train_acc,valid_acc,test_acc,train_loss,valid_loss,train_aug_loss
0.9657917618751526,0.9565746784210205,0.9501460790634155,[1.9659 1.8730 0.8315 0.6524 0.4410 0.3511 0.3515 0.3021 0.2888 0.2580 0.3685 0.2553 0.3158 0.2400 0.2350 0.2038 0.2077 0.1843 0.2212 0.2678 0.1891 0.2000 0.2249 0.2438 0.1674 0.1525 0.1699 0.1458 0.1799 0.2463 0.1891 0.1898 0.1489 0.1641 0.1801 0.2612 0.2073 0.1943 0.1662 0.1560 0.2505 0.2207 0.1667 0.1528 0.1507 0.1468 0.1621 0.1899 0.1502 0.2057 0.1898 0.1586 0.1928 0.2115 0.1423 0.1748 0.1231 0.1273 0.1721 0.1405 0.1993 0.1622 0.1756 0.1458 0.1716 0.1788 0.1726 0.1373 0.1244 0.1546 0.1659 0.2053 0.2172 0.1361 0.1841 0.1418 0.2069 0.1136 0.1402 0.1579 0.1699 0.1566 0.1629 0.1788 0.1501 0.1682 0.1440 0.1391 0.1476 0.1766 0.1715 0.1579 0.1475 0.1637 0.1794 0.1624 0.1548 0.1516 0.1730 0.1618],[1.9128 1.6473 0.8201 0.6184 0.4452 0.3476 0.3522 0.2987 0.2917 0.2670 0.3526 0.2605 0.3088 0.2449 0.2434 0.2115 0.2169 0.2035 0.2364 0.2688 0.2066 0.2140 0.2384 0.2547 0.1898 0.1774 0.1911 0.1727 0.2019 0.2638 0.2115 0.2082 0.1797 0.1916 0.2020 0.2792 0.2325 0.2170 0.1985 0.1878 0.2712 0.2432 0.1967 0.1852 0.1808 0.1784 0.1912 0.2154 0.1786 0.2303 0.2192 0.1901 0.2231 0.2391 0.1760 0.2043 0.1573 0.1656 0.2060 0.1760 0.2285 0.1957 0.2092 0.1804 0.2062 0.2111 0.2053 0.1747 0.1623 0.1895 0.2011 0.2380 0.2465 0.1748 0.2187 0.1788 0.2405 0.1535 0.1775 0.1933 0.2055 0.1955 0.1999 0.2148 0.1889 0.2044 0.1842 0.1780 0.1862 0.2113 0.2085 0.1961 0.1863 0.2009 0.2162 0.2001 0.1937 0.1903 0.2105 0.2003],[1.8775 1.6601 1.3099 0.9855 0.7563 0.6396 0.5599 0.5095 0.4791 0.4437 0.4270 0.4044 0.3890 0.3776 0.3594 0.3536 0.3404 0.3316 0.3274 0.3156 0.3108 0.3069 0.3032 0.2991 0.2912 0.2903 0.2826 0.2763 0.2734 0.2724 0.2698 0.2650 0.2585 0.2573 0.2576 0.2594 0.2517 0.2474 0.2477 0.2435 0.2421 0.2429 0.2410 0.2413 0.2373 0.2326 0.2351 0.2356 0.2301 0.2315 0.2275 0.2273 0.2270 0.2247 0.2263 0.2283 0.2244 0.2217 0.2204 0.2176 0.2159 0.2150 0.2183 0.2152 0.2153 0.2160 0.2121 0.2134 0.2138 0.2124 0.2107 0.2084 0.2106 0.2111 0.2096 0.2073 0.2092 0.2105 0.2098 0.2057 0.2062 0.2047 0.2064 0.2053 0.2042 0.2044 0.2040 0.2064 0.2058 0.2052 0.2053 0.2014 0.2016 0.2015 0.2018 0.1979 0.2005 0.2011 0.2011 0.2000]
