train_acc,valid_acc,test_acc,train_loss,valid_loss,train_aug_loss
0.9806075096130371,0.9622564911842346,0.9627465009689331,[3.2060 1.0898 0.4602 0.3869 0.3602 0.3521 0.3857 0.3397 0.3879 0.2668 0.2466 0.2959 0.2328 0.3192 0.2993 0.3277 0.2436 0.2232 0.2839 0.1531 0.2755 0.2611 0.1677 0.2704 0.2002 0.1665 0.1726 0.1808 0.1616 0.1309 0.1455 0.1691 0.1851 0.1459 0.1856 0.1024 0.1172 0.1486 0.0890 0.1184 0.0962 0.1185 0.0754 0.1594 0.1339 0.0853 0.0905 0.1040 0.1153 0.1264],[2.7133 1.0066 0.4961 0.4067 0.3821 0.3603 0.3748 0.3563 0.3811 0.3184 0.2885 0.3175 0.2516 0.3214 0.3023 0.3225 0.2520 0.2446 0.2963 0.1855 0.2863 0.2809 0.1959 0.2858 0.2222 0.2012 0.2016 0.2256 0.1908 0.1685 0.1843 0.2109 0.2298 0.1871 0.2386 0.1477 0.1806 0.1973 0.1363 0.1739 0.1573 0.1691 0.1338 0.2142 0.1936 0.1341 0.1488 0.1713 0.1780 0.2021],[1.8175 1.3442 0.8632 0.6628 0.5675 0.4995 0.4555 0.4218 0.3918 0.3684 0.3404 0.3217 0.3018 0.2908 0.2793 0.2673 0.2602 0.2469 0.2415 0.2321 0.2293 0.2205 0.2155 0.2100 0.2002 0.2012 0.1936 0.1896 0.1806 0.1798 0.1752 0.1721 0.1684 0.1634 0.1627 0.1559 0.1553 0.1520 0.1517 0.1464 0.1433 0.1420 0.1401 0.1389 0.1347 0.1334 0.1326 0.1313 0.1247 0.1256]
