train_acc,valid_acc,test_acc,train_loss,valid_loss,train_aug_loss
0.9847567677497864,0.967494547367096,0.9390877485275269,[4.8659 0.5555 0.2681 0.2194 0.1928 0.2387 0.1829 0.2350 0.1306 0.1526 0.1932 0.1681 0.2211 0.1698 0.1077 0.1830 0.1264 0.1110 0.1298 0.1042 0.1379 0.1476 0.0912 0.0895 0.1255 0.0870 0.1189 0.1230 0.1045 0.0878 0.0598 0.0514 0.0573 0.0960 0.1040 0.0502 0.0440 0.0814 0.0711 0.0619 0.0536 0.0873 0.0437 0.0468 0.0583 0.0498 0.0343 0.0434 0.0603 0.0378 0.0599 0.0488 0.0372 0.1184 0.0375 0.0368 0.0365 0.0304 0.0258 0.0443 0.0372 0.0616 0.0352 0.0405 0.0281 0.0252 0.0210 0.0217 0.0655 0.0314 0.0524 0.0258 0.0153 0.0208 0.0381 0.0155 0.0180 0.0356 0.0329 0.0261 0.0143 0.0201 0.0236 0.0249 0.0140 0.0157 0.0187 0.0115 0.0326 0.0283 0.0129 0.0153 0.0091 0.0181 0.0115 0.0269 0.0144 0.0090 0.0184 0.0097],[4.3649 0.5166 0.2688 0.2613 0.2129 0.2520 0.2054 0.2472 0.1598 0.1704 0.2257 0.1962 0.2561 0.2040 0.1449 0.2293 0.1702 0.1530 0.1782 0.1508 0.1871 0.2042 0.1457 0.1386 0.1946 0.1435 0.1905 0.1837 0.1607 0.1485 0.1203 0.1135 0.1294 0.1689 0.1826 0.1244 0.1154 0.1670 0.1525 0.1416 0.1301 0.1694 0.1148 0.1270 0.1488 0.1400 0.1174 0.1297 0.1579 0.1254 0.1642 0.1447 0.1301 0.2102 0.1366 0.1401 0.1219 0.1300 0.1215 0.1512 0.1472 0.1847 0.1355 0.1478 0.1266 0.1270 0.1302 0.1155 0.1943 0.1516 0.2027 0.1313 0.1159 0.1298 0.1716 0.1271 0.1386 0.1588 0.1709 0.1458 0.1315 0.1341 0.1413 0.1499 0.1372 0.1251 0.1443 0.1343 0.1630 0.1716 0.1284 0.1428 0.1193 0.1443 0.1353 0.1715 0.1344 0.1291 0.1563 0.1369],[1.6825 0.7295 0.4683 0.3835 0.3338 0.2974 0.2800 0.2625 0.2417 0.2312 0.2215 0.2085 0.1994 0.1881 0.1838 0.1777 0.1711 0.1644 0.1595 0.1568 0.1498 0.1484 0.1441 0.1410 0.1371 0.1319 0.1289 0.1288 0.1228 0.1217 0.1182 0.1177 0.1156 0.1121 0.1097 0.1117 0.1047 0.1030 0.1017 0.0993 0.0973 0.0943 0.0958 0.0921 0.0931 0.0921 0.0896 0.0858 0.0856 0.0853 0.0821 0.0829 0.0803 0.0807 0.0770 0.0777 0.0764 0.0753 0.0746 0.0714 0.0707 0.0715 0.0685 0.0679 0.0681 0.0668 0.0662 0.0668 0.0632 0.0617 0.0638 0.0641 0.0617 0.0607 0.0618 0.0601 0.0571 0.0579 0.0577 0.0590 0.0559 0.0557 0.0554 0.0571 0.0546 0.0547 0.0541 0.0521 0.0514 0.0507 0.0511 0.0493 0.0486 0.0511 0.0491 0.0480 0.0478 0.0490 0.0467 0.0469]
