train_acc,valid_acc,test_acc,train_loss,valid_loss,train_aug_loss
0.9671510457992554,0.9533278942108154,0.9537984132766724,[5.7891 0.5932 0.3946 0.3423 0.5408 0.2538 0.5071 0.3987 0.3213 0.3191 0.6767 0.4437 0.5013 0.3547 0.2527 0.3345 0.3010 0.4117 0.2669 0.3319 0.3173 0.4091 0.2250 0.2885 0.3547 0.3011 0.2017 0.2387 0.2918 0.1713 0.2424 0.2542 0.2162 0.3501 0.4116 0.2772 0.5115 0.1402 0.2599 0.1375 0.2054 0.2386 0.1621 0.1549 0.1323 0.2620 0.1673 0.1666 0.1747 0.2309],[6.9651 0.5986 0.4263 0.3780 0.5141 0.2820 0.4641 0.3752 0.3199 0.3277 0.6035 0.4094 0.4631 0.3556 0.2915 0.3367 0.3076 0.4001 0.2881 0.3362 0.3255 0.4266 0.2517 0.2950 0.3638 0.3130 0.2265 0.2586 0.3140 0.2138 0.2620 0.2767 0.2505 0.3635 0.4164 0.3006 0.4700 0.1831 0.2846 0.1797 0.2414 0.2712 0.2076 0.1978 0.1762 0.2784 0.2142 0.2103 0.2239 0.2664],[1.5330 0.8702 0.6791 0.5741 0.5231 0.4843 0.4565 0.4333 0.4209 0.4075 0.3916 0.3799 0.3671 0.3605 0.3455 0.3354 0.3272 0.3190 0.3120 0.3081 0.3018 0.3007 0.2918 0.2879 0.2839 0.2774 0.2724 0.2695 0.2645 0.2616 0.2594 0.2548 0.2489 0.2476 0.2433 0.2412 0.2379 0.2312 0.2286 0.2260 0.2253 0.2189 0.2162 0.2162 0.2135 0.2103 0.2069 0.2045 0.2054 0.2011]
