train_acc,valid_acc,test_acc,train_loss,valid_loss,train_aug_loss
0.9869129657745361,0.9678597450256348,0.9428406357765198,[2.7783 1.0122 0.4801 0.5406 0.4148 0.3479 0.3375 0.3549 0.2676 0.2905 0.2368 0.3107 0.3238 0.2406 0.2135 0.2696 0.2059 0.2821 0.2428 0.2274 0.1970 0.2019 0.1766 0.1998 0.1745 0.1459 0.1573 0.1426 0.1435 0.1789 0.1454 0.0985 0.1480 0.1446 0.1135 0.1416 0.1028 0.1127 0.1155 0.1094 0.0924 0.1082 0.1390 0.0704 0.0787 0.1813 0.0859 0.1157 0.0706 0.0660 0.0718 0.1051 0.0518 0.0639 0.0611 0.0778 0.0952 0.0738 0.0504 0.1102 0.0450 0.0585 0.0559 0.0569 0.0675 0.0711 0.0935 0.0632 0.0579 0.0500 0.0494 0.0395 0.0598 0.0521 0.0379 0.0666 0.0497 0.0502 0.0563 0.0465 0.0676 0.0628 0.0384 0.0386 0.0332 0.0649 0.0624 0.0425 0.0675 0.0356 0.0407 0.0335 0.0339 0.0336 0.0550 0.0381 0.0339 0.0402 0.0331 0.0278],[2.4184 0.9925 0.5123 0.5053 0.4037 0.3543 0.3487 0.3284 0.2866 0.2995 0.2629 0.3209 0.3310 0.2489 0.2378 0.2900 0.2287 0.2847 0.2521 0.2390 0.2174 0.2196 0.1977 0.2209 0.2010 0.1793 0.1851 0.1748 0.1875 0.2137 0.1840 0.1526 0.1909 0.1873 0.1604 0.1879 0.1544 0.1658 0.1637 0.1588 0.1506 0.1613 0.1891 0.1337 0.1448 0.2343 0.1486 0.1845 0.1407 0.1287 0.1382 0.1763 0.1146 0.1314 0.1257 0.1407 0.1643 0.1470 0.1165 0.1812 0.1165 0.1268 0.1376 0.1262 0.1455 0.1556 0.1678 0.1547 0.1428 0.1399 0.1283 0.1219 0.1431 0.1424 0.1228 0.1549 0.1396 0.1405 0.1528 0.1311 0.1579 0.1550 0.1247 0.1253 0.1249 0.1659 0.1625 0.1421 0.1682 0.1282 0.1344 0.1220 0.1220 0.1351 0.1629 0.1416 0.1386 0.1476 0.1375 0.1339],[1.8029 1.3199 0.8523 0.6142 0.5125 0.4485 0.4127 0.3783 0.3550 0.3356 0.3196 0.3024 0.2831 0.2775 0.2694 0.2619 0.2502 0.2402 0.2347 0.2262 0.2167 0.2102 0.2053 0.1990 0.1946 0.1893 0.1851 0.1792 0.1739 0.1746 0.1679 0.1656 0.1599 0.1543 0.1546 0.1526 0.1486 0.1460 0.1433 0.1423 0.1371 0.1352 0.1328 0.1296 0.1304 0.1268 0.1228 0.1224 0.1220 0.1178 0.1169 0.1164 0.1137 0.1119 0.1126 0.1111 0.1079 0.1067 0.1060 0.1053 0.1046 0.1045 0.1012 0.1003 0.0993 0.0971 0.0988 0.0984 0.0946 0.0966 0.0915 0.0949 0.0923 0.0904 0.0888 0.0927 0.0883 0.0871 0.0871 0.0887 0.0849 0.0856 0.0845 0.0829 0.0813 0.0827 0.0816 0.0800 0.0787 0.0807 0.0822 0.0796 0.0797 0.0749 0.0781 0.0746 0.0753 0.0752 0.0747 0.0756]
