train_acc,valid_acc,test_acc,train_loss,valid_loss,train_aug_loss
0.9581442475318909,0.9452110528945923,0.95306795835495,[1.9588 1.6750 0.9732 0.7222 0.5444 0.4671 0.5000 0.2982 0.3967 0.2752 0.3640 0.2591 0.2939 0.2566 0.2859 0.2569 0.2370 0.2025 0.2618 0.1878 0.2248 0.2278 0.2667 0.1767 0.1868 0.1995 0.2244 0.2173 0.1766 0.2172 0.2165 0.1608 0.1918 0.1605 0.1327 0.1980 0.2247 0.2169 0.1941 0.1679 0.1990 0.1550 0.1562 0.1347 0.1719 0.1640 0.1643 0.2130 0.1797 0.1384 0.2141 0.1393 0.1328 0.1610 0.1739 0.1729 0.1543 0.1713 0.1835 0.1657 0.2023 0.1613 0.1675 0.1783 0.1397 0.1707 0.1629 0.1668 0.1750 0.1410 0.1627 0.1670 0.1787 0.1520 0.1665 0.1816 0.1810 0.1417 0.1344 0.1456 0.1620 0.1482 0.1547 0.1599 0.1462 0.1588 0.1576 0.1575 0.1677 0.1303 0.1283 0.1474 0.1507 0.1556 0.1580 0.1496 0.1645 0.1335 0.1694 0.1623],[1.9161 1.4993 0.9161 0.6940 0.5139 0.4517 0.4896 0.3201 0.3880 0.2927 0.3602 0.2748 0.3092 0.2738 0.3021 0.2824 0.2598 0.2302 0.2857 0.2227 0.2471 0.2642 0.2883 0.2137 0.2201 0.2325 0.2549 0.2472 0.2171 0.2505 0.2541 0.2055 0.2273 0.2049 0.1842 0.2411 0.2674 0.2528 0.2368 0.2123 0.2458 0.2022 0.2028 0.1832 0.2194 0.2140 0.2110 0.2615 0.2270 0.1918 0.2568 0.1909 0.1844 0.2101 0.2240 0.2237 0.2035 0.2233 0.2316 0.2191 0.2524 0.2125 0.2192 0.2287 0.1950 0.2233 0.2150 0.2216 0.2297 0.1968 0.2145 0.2199 0.2326 0.2068 0.2241 0.2331 0.2337 0.1976 0.1928 0.2013 0.2175 0.2043 0.2115 0.2181 0.2031 0.2143 0.2136 0.2120 0.2219 0.1873 0.1842 0.2033 0.2070 0.2109 0.2151 0.2053 0.2193 0.1916 0.2262 0.2188],[1.8813 1.6378 1.2759 1.0041 0.8116 0.6637 0.5854 0.5250 0.4927 0.4627 0.4313 0.4134 0.3993 0.3819 0.3691 0.3572 0.3498 0.3377 0.3312 0.3250 0.3165 0.3103 0.3059 0.3007 0.2952 0.2913 0.2883 0.2863 0.2784 0.2774 0.2723 0.2677 0.2641 0.2623 0.2583 0.2554 0.2531 0.2503 0.2497 0.2491 0.2472 0.2437 0.2408 0.2428 0.2373 0.2378 0.2344 0.2365 0.2337 0.2322 0.2290 0.2283 0.2296 0.2267 0.2248 0.2238 0.2267 0.2239 0.2220 0.2193 0.2218 0.2178 0.2219 0.2197 0.2150 0.2148 0.2157 0.2136 0.2093 0.2113 0.2120 0.2124 0.2085 0.2116 0.2091 0.2095 0.2093 0.2084 0.2082 0.2066 0.2065 0.2047 0.2035 0.2053 0.2053 0.2047 0.2059 0.2022 0.2045 0.2037 0.2040 0.2038 0.2013 0.2008 0.2019 0.2012 0.2018 0.2006 0.2000 0.1990]
