train_acc,valid_acc,test_acc,train_loss,valid_loss,train_aug_loss
0.9651951789855957,0.9504870176315308,0.9521548748016357,[2.0963 1.7549 1.9768 1.0192 0.4221 0.6554 0.4514 0.3453 0.3804 0.3265 0.4537 0.2594 0.2908 0.3089 0.2148 0.3043 0.1677 0.2493 0.1686 0.1993 0.2570 0.2667 0.2586 0.2795 0.3155 0.1938 0.1969 0.1864 0.2599 0.2135 0.2401 0.2009 0.2603 0.2102 0.2857 0.2064 0.2092 0.2242 0.1833 0.1589 0.2165 0.1203 0.1951 0.1689 0.1786 0.2282 0.1378 0.1685 0.2026 0.1788 0.1748 0.1446 0.1756 0.1947 0.1343 0.1925 0.1661 0.1604 0.1478 0.1679 0.1620 0.1949 0.1636 0.1520 0.1380 0.1462 0.1621 0.1926 0.1651 0.1685 0.1463 0.1706 0.1942 0.1885 0.1953 0.1782 0.1452 0.1785 0.1681 0.1481 0.1396 0.1600 0.1493 0.1687 0.1575 0.1888 0.1787 0.1437 0.1673 0.1641 0.1650 0.1616 0.1572 0.1701 0.1484 0.1483 0.1813 0.1828 0.1559 0.1594],[2.1122 1.5490 1.6844 0.8819 0.4384 0.6472 0.4523 0.3752 0.4041 0.3526 0.4656 0.2859 0.3025 0.3281 0.2453 0.3516 0.2177 0.2914 0.2266 0.2434 0.2847 0.2999 0.2957 0.3235 0.3384 0.2375 0.2379 0.2299 0.3037 0.2533 0.2824 0.2431 0.3090 0.2590 0.3293 0.2574 0.2556 0.2743 0.2339 0.2133 0.2627 0.1786 0.2494 0.2268 0.2261 0.2833 0.1921 0.2225 0.2545 0.2353 0.2305 0.1984 0.2303 0.2521 0.1936 0.2492 0.2232 0.2200 0.2044 0.2236 0.2179 0.2512 0.2215 0.2085 0.1952 0.2076 0.2183 0.2525 0.2224 0.2260 0.2052 0.2306 0.2543 0.2484 0.2577 0.2374 0.2053 0.2364 0.2264 0.2087 0.1985 0.2194 0.2101 0.2309 0.2207 0.2497 0.2402 0.2070 0.2292 0.2258 0.2270 0.2251 0.2181 0.2323 0.2101 0.2097 0.2442 0.2457 0.2190 0.2222],[1.8795 1.6539 1.3173 1.0362 0.7989 0.6573 0.5811 0.5283 0.4903 0.4584 0.4305 0.4156 0.3995 0.3793 0.3706 0.3599 0.3481 0.3392 0.3340 0.3260 0.3166 0.3112 0.3053 0.3030 0.2959 0.2936 0.2852 0.2853 0.2831 0.2758 0.2724 0.2696 0.2655 0.2662 0.2598 0.2572 0.2579 0.2572 0.2527 0.2501 0.2505 0.2459 0.2449 0.2429 0.2413 0.2424 0.2389 0.2385 0.2363 0.2364 0.2335 0.2311 0.2274 0.2304 0.2277 0.2277 0.2232 0.2244 0.2235 0.2209 0.2218 0.2196 0.2168 0.2205 0.2188 0.2168 0.2167 0.2164 0.2169 0.2151 0.2158 0.2117 0.2145 0.2115 0.2100 0.2130 0.2114 0.2115 0.2081 0.2082 0.2070 0.2050 0.2089 0.2066 0.2065 0.2053 0.2064 0.2089 0.2068 0.2049 0.2070 0.2049 0.2027 0.2047 0.2047 0.2044 0.2019 0.2027 0.2016 0.2026]
