train_acc,valid_acc,test_acc,train_loss,valid_loss,train_aug_loss
0.9811649322509766,0.960024356842041,0.9569028615951538,[2.4034 1.2057 0.5111 0.4190 0.3573 0.3222 0.4157 0.4025 0.2941 0.2709 0.2884 0.3510 0.3714 0.2937 0.3092 0.2838 0.2673 0.3182 0.2342 0.1846 0.1969 0.1784 0.2523 0.1567 0.2184 0.2292 0.1934 0.1464 0.1931 0.2218 0.1557 0.1905 0.1862 0.1748 0.1075 0.1104 0.2503 0.1244 0.1194 0.1074 0.1357 0.0802 0.0894 0.0849 0.0795 0.1637 0.0975 0.1166 0.1048 0.0818],[2.2815 1.0706 0.5368 0.4491 0.3856 0.3648 0.4204 0.3977 0.3061 0.3201 0.2997 0.3514 0.3808 0.3049 0.3169 0.3024 0.3011 0.3409 0.2712 0.2247 0.2277 0.2160 0.2875 0.2029 0.2525 0.2642 0.2440 0.1949 0.2359 0.2671 0.2033 0.2279 0.2430 0.2253 0.1602 0.1688 0.3049 0.1789 0.1819 0.1657 0.2093 0.1440 0.1564 0.1481 0.1522 0.2374 0.1635 0.1839 0.1765 0.1648],[1.8083 1.3671 0.8837 0.6588 0.5530 0.4841 0.4410 0.4060 0.3784 0.3628 0.3412 0.3258 0.3133 0.3001 0.2867 0.2777 0.2664 0.2570 0.2439 0.2373 0.2339 0.2185 0.2160 0.2079 0.2006 0.1975 0.1945 0.1868 0.1838 0.1791 0.1763 0.1738 0.1694 0.1643 0.1617 0.1573 0.1528 0.1530 0.1499 0.1454 0.1432 0.1409 0.1412 0.1378 0.1362 0.1335 0.1294 0.1302 0.1247 0.1238]
