train_acc,valid_acc,test_acc,train_loss,valid_loss,train_aug_loss
0.9908294081687927,0.9696859121322632,0.9416859149932861,[2.3160 1.1441 0.7206 0.5571 0.4677 0.4457 0.3188 0.3509 0.4683 0.3513 0.3430 0.3429 0.2452 0.2458 0.2489 0.2614 0.2532 0.1998 0.2041 0.1897 0.1603 0.1593 0.1549 0.1358 0.1685 0.1839 0.1418 0.1319 0.1357 0.1448 0.1912 0.1173 0.1303 0.1103 0.1201 0.0898 0.1398 0.1025 0.1190 0.0909 0.0965 0.0879 0.0788 0.1182 0.1010 0.0654 0.0703 0.0803 0.0905 0.0793 0.0731 0.0771 0.0512 0.0838 0.0877 0.1074 0.0640 0.0712 0.0924 0.0463 0.0624 0.0943 0.0421 0.0610 0.0453 0.0649 0.0490 0.0634 0.0538 0.0434 0.0410 0.0600 0.0368 0.0492 0.0568 0.0454 0.0520 0.0318 0.0582 0.0340 0.0528 0.0543 0.0582 0.0470 0.0317 0.0389 0.0371 0.0523 0.0275 0.0607 0.0299 0.0312 0.0575 0.0694 0.0271 0.0341 0.0538 0.0339 0.0386 0.0394],[2.0328 1.0567 0.7206 0.5629 0.4627 0.4642 0.3805 0.3822 0.4238 0.3342 0.3507 0.3915 0.2746 0.2734 0.2863 0.2841 0.2778 0.2285 0.2398 0.2307 0.2190 0.1980 0.1910 0.1919 0.2106 0.2391 0.1891 0.1729 0.1831 0.1835 0.2228 0.1587 0.1715 0.1527 0.1630 0.1402 0.1809 0.1531 0.1669 0.1428 0.1445 0.1410 0.1316 0.1637 0.1503 0.1167 0.1224 0.1401 0.1498 0.1385 0.1287 0.1405 0.1221 0.1410 0.1526 0.1770 0.1262 0.1334 0.1533 0.1149 0.1238 0.1608 0.1163 0.1301 0.1179 0.1353 0.1234 0.1381 0.1391 0.1260 0.1141 0.1388 0.1061 0.1301 0.1364 0.1180 0.1261 0.1087 0.1485 0.1375 0.1332 0.1349 0.1434 0.1315 0.1163 0.1273 0.1298 0.1376 0.1167 0.1549 0.1165 0.1189 0.1518 0.1677 0.1239 0.1221 0.1444 0.1233 0.1368 0.1279],[1.8063 1.4699 1.0276 0.7915 0.6429 0.5459 0.4904 0.4499 0.4164 0.3885 0.3691 0.3511 0.3315 0.3182 0.3049 0.2907 0.2767 0.2656 0.2495 0.2423 0.2349 0.2237 0.2204 0.2058 0.2026 0.1953 0.1932 0.1836 0.1817 0.1784 0.1740 0.1674 0.1656 0.1628 0.1582 0.1608 0.1559 0.1500 0.1476 0.1465 0.1418 0.1417 0.1409 0.1354 0.1341 0.1344 0.1327 0.1282 0.1251 0.1240 0.1203 0.1210 0.1172 0.1165 0.1167 0.1180 0.1124 0.1113 0.1129 0.1119 0.1074 0.1061 0.1039 0.1028 0.1013 0.1027 0.0979 0.0990 0.0989 0.0951 0.0966 0.0939 0.0951 0.0946 0.0919 0.0950 0.0892 0.0928 0.0914 0.0887 0.0886 0.0889 0.0857 0.0866 0.0851 0.0874 0.0837 0.0843 0.0824 0.0831 0.0796 0.0806 0.0800 0.0798 0.0771 0.0787 0.0766 0.0795 0.0758 0.0775]
