train_acc,valid_acc,test_acc,train_loss,valid_loss,train_aug_loss
0.9838062524795532,0.9634770154953003,0.9399538040161133,[3.6882 0.8904 0.6038 0.3270 0.4356 0.3735 0.3390 0.3005 0.3071 0.3356 0.4086 0.2994 0.2556 0.2637 0.4210 0.2574 0.2365 0.2457 0.2685 0.2295 0.2172 0.2157 0.1872 0.1781 0.2562 0.1719 0.1684 0.2665 0.2042 0.2017 0.1867 0.2414 0.1720 0.2450 0.1930 0.1153 0.1752 0.1818 0.2128 0.1622 0.1356 0.1353 0.1966 0.1386 0.1828 0.1984 0.1441 0.1454 0.1493 0.1442 0.1643 0.1316 0.1526 0.1032 0.1393 0.1160 0.1653 0.2701 0.1246 0.1561 0.1085 0.1534 0.1153 0.0950 0.1236 0.1225 0.0903 0.1945 0.0811 0.0940 0.1054 0.0828 0.0772 0.0742 0.0849 0.0813 0.1057 0.1171 0.1086 0.0855 0.0905 0.1592 0.0791 0.0778 0.0616 0.1340 0.1102 0.0858 0.0805 0.0743 0.0866 0.1083 0.0814 0.0776 0.0642 0.0905 0.0687 0.0907 0.1440 0.0893],[3.1564 0.8188 0.5675 0.3407 0.4397 0.3726 0.3257 0.3036 0.3192 0.3254 0.3955 0.3043 0.2567 0.2779 0.3839 0.2689 0.2428 0.2519 0.2707 0.2395 0.2409 0.2411 0.2204 0.1998 0.2678 0.2061 0.1930 0.2854 0.2307 0.2295 0.2140 0.2586 0.2009 0.2670 0.2332 0.1520 0.1986 0.2108 0.2359 0.1959 0.1697 0.1729 0.2390 0.1798 0.2162 0.2366 0.1857 0.1835 0.1899 0.1872 0.1979 0.1747 0.1964 0.1464 0.1840 0.1615 0.2084 0.3163 0.1692 0.2053 0.1592 0.2034 0.1665 0.1393 0.1745 0.1707 0.1363 0.2503 0.1376 0.1462 0.1604 0.1384 0.1295 0.1254 0.1374 0.1369 0.1628 0.1772 0.1618 0.1417 0.1490 0.2265 0.1391 0.1386 0.1168 0.2021 0.1744 0.1449 0.1406 0.1389 0.1520 0.1717 0.1484 0.1377 0.1289 0.1546 0.1293 0.1587 0.2172 0.1551],[1.7957 1.2377 0.8435 0.6765 0.5897 0.5359 0.4932 0.4659 0.4407 0.4178 0.4041 0.3869 0.3764 0.3686 0.3565 0.3513 0.3425 0.3303 0.3243 0.3174 0.3100 0.3034 0.2994 0.2930 0.2896 0.2829 0.2740 0.2712 0.2651 0.2676 0.2574 0.2536 0.2471 0.2476 0.2462 0.2416 0.2362 0.2323 0.2299 0.2312 0.2254 0.2237 0.2177 0.2155 0.2115 0.2139 0.2117 0.2051 0.2048 0.2008 0.1978 0.1977 0.1953 0.1957 0.1923 0.1912 0.1915 0.1844 0.1849 0.1871 0.1812 0.1789 0.1796 0.1798 0.1737 0.1755 0.1759 0.1731 0.1701 0.1698 0.1664 0.1660 0.1650 0.1648 0.1652 0.1654 0.1603 0.1619 0.1604 0.1558 0.1585 0.1530 0.1556 0.1528 0.1524 0.1533 0.1537 0.1507 0.1479 0.1482 0.1458 0.1474 0.1516 0.1467 0.1463 0.1448 0.1422 0.1463 0.1430 0.1422]
