train_acc,valid_acc,test_acc,train_loss,valid_loss,train_aug_loss
0.9732435941696167,0.958198070526123,0.9612855911254883,[2.9701 0.9082 0.5224 0.4225 0.3498 0.4231 0.3372 0.4791 0.3914 0.3012 0.3037 0.2673 0.2879 0.3153 0.4047 0.3386 0.4086 0.2507 0.2674 0.2144 0.2432 0.2297 0.2117 0.1783 0.2225 0.1802 0.1916 0.2214 0.1388 0.1473 0.2209 0.1734 0.1637 0.1850 0.1635 0.2352 0.1881 0.1127 0.2266 0.1595 0.1483 0.1020 0.1125 0.1273 0.1557 0.0970 0.1623 0.1087 0.1118 0.1041],[2.5986 0.8614 0.5615 0.4436 0.3684 0.3987 0.3658 0.4526 0.3827 0.3029 0.3003 0.2751 0.2872 0.3175 0.3819 0.3258 0.3760 0.2556 0.2833 0.2304 0.2541 0.2535 0.2857 0.2014 0.2456 0.2000 0.2165 0.2382 0.1784 0.1806 0.2417 0.2103 0.2012 0.2048 0.1942 0.2547 0.2194 0.1532 0.2513 0.1916 0.1792 0.1518 0.1622 0.1672 0.1968 0.1428 0.1938 0.1502 0.1559 0.1454],[1.8332 1.3837 0.9508 0.7561 0.6465 0.5846 0.5397 0.5035 0.4742 0.4497 0.4296 0.4140 0.3970 0.3819 0.3694 0.3591 0.3506 0.3420 0.3304 0.3195 0.3136 0.3055 0.3009 0.2985 0.2828 0.2803 0.2824 0.2748 0.2731 0.2629 0.2614 0.2557 0.2528 0.2491 0.2418 0.2386 0.2391 0.2346 0.2321 0.2311 0.2254 0.2222 0.2204 0.2159 0.2127 0.2119 0.2126 0.2056 0.2060 0.2059]
