train_acc,valid_acc,test_acc,train_loss,valid_loss,train_aug_loss
0.9873090386390686,0.9645726680755615,0.9385104179382324,[4.4078 0.5207 0.2772 0.2842 0.2977 0.3019 0.2806 0.3110 0.2619 0.1589 0.1454 0.1651 0.1584 0.1147 0.1482 0.1969 0.1641 0.1808 0.1194 0.1615 0.1246 0.1806 0.1153 0.1313 0.1845 0.0885 0.1343 0.1518 0.1236 0.1198 0.1001 0.1018 0.0933 0.1231 0.0950 0.1225 0.0922 0.0970 0.0844 0.0912 0.0769 0.0955 0.0692 0.0666 0.1255 0.0584 0.0814 0.0609 0.0733 0.0492 0.0925 0.0581 0.0528 0.0789 0.0893 0.0485 0.0769 0.0762 0.0742 0.0520 0.0549 0.0463 0.0755 0.0445 0.0699 0.0433 0.0836 0.0376 0.0644 0.0561 0.0641 0.0460 0.0574 0.0426 0.0926 0.0371 0.0367 0.0606 0.0281 0.0450 0.0513 0.0405 0.0534 0.0567 0.0529 0.0470 0.0663 0.0498 0.0440 0.0595 0.0751 0.0459 0.0449 0.0444 0.0525 0.0364 0.0646 0.0635 0.0418 0.0301],[3.9815 0.5084 0.2794 0.2864 0.3037 0.2939 0.2881 0.3076 0.2854 0.1853 0.1744 0.1920 0.1917 0.1529 0.1799 0.2332 0.2039 0.2140 0.1586 0.2045 0.1702 0.2230 0.1590 0.1831 0.2334 0.1387 0.1928 0.2200 0.1798 0.1767 0.1551 0.1578 0.1497 0.1767 0.1551 0.1832 0.1584 0.1635 0.1497 0.1545 0.1434 0.1633 0.1351 0.1338 0.2063 0.1301 0.1556 0.1318 0.1511 0.1251 0.1753 0.1344 0.1333 0.1665 0.1730 0.1357 0.1663 0.1580 0.1578 0.1377 0.1384 0.1267 0.1693 0.1265 0.1608 0.1251 0.1836 0.1210 0.1515 0.1457 0.1618 0.1392 0.1481 0.1348 0.1967 0.1237 0.1266 0.1722 0.1211 0.1456 0.1567 0.1322 0.1606 0.1743 0.1644 0.1611 0.1946 0.1525 0.1589 0.1789 0.2059 0.1583 0.1521 0.1547 0.1699 0.1422 0.1880 0.2000 0.1594 0.1355],[1.6940 0.8303 0.5713 0.4780 0.4230 0.3907 0.3651 0.3523 0.3321 0.3206 0.3051 0.2923 0.2755 0.2674 0.2610 0.2570 0.2467 0.2392 0.2378 0.2297 0.2276 0.2208 0.2162 0.2146 0.2044 0.2064 0.1993 0.2002 0.1928 0.1930 0.1891 0.1862 0.1849 0.1831 0.1818 0.1801 0.1745 0.1730 0.1726 0.1689 0.1662 0.1657 0.1654 0.1636 0.1597 0.1613 0.1564 0.1560 0.1513 0.1535 0.1496 0.1485 0.1465 0.1442 0.1447 0.1416 0.1433 0.1397 0.1414 0.1368 0.1347 0.1376 0.1333 0.1349 0.1314 0.1336 0.1286 0.1267 0.1300 0.1248 0.1237 0.1257 0.1257 0.1240 0.1242 0.1221 0.1217 0.1188 0.1179 0.1193 0.1177 0.1175 0.1171 0.1152 0.1141 0.1121 0.1121 0.1122 0.1120 0.1099 0.1108 0.1104 0.1102 0.1076 0.1085 0.1072 0.1049 0.1034 0.1036 0.1062]
