train_acc,valid_acc,test_acc,train_loss,valid_loss,train_aug_loss
0.9828645586967468,0.9671292901039124,0.9350461959838867,[3.6784 0.4035 0.2579 0.2565 0.2883 0.2300 0.2456 0.2287 0.1890 0.1444 0.2104 0.1622 0.1444 0.1338 0.1328 0.1235 0.1486 0.1485 0.1001 0.1289 0.1094 0.1543 0.1705 0.1502 0.1178 0.1067 0.1321 0.1055 0.1275 0.0692 0.0861 0.0930 0.1087 0.0931 0.1033 0.0966 0.1059 0.0882 0.1130 0.0704 0.0747 0.0948 0.0533 0.1185 0.0759 0.0620 0.0497 0.0592 0.0485 0.0662 0.0487 0.0874 0.0815 0.0557 0.0770 0.0635 0.0468 0.0754 0.0502 0.0506 0.0592 0.0836 0.0713 0.0395 0.0490 0.0395 0.0833 0.0640 0.0533 0.0464 0.0367 0.0426 0.0780 0.0439 0.0686 0.0856 0.0382 0.0314 0.0334 0.0436 0.0397 0.0494 0.0382 0.0363 0.0482 0.0611 0.0386 0.0566 0.0321 0.0488 0.0523 0.0375 0.0618 0.0562 0.0656 0.0455 0.0338 0.0351 0.0294 0.0426],[3.3100 0.4355 0.2896 0.2637 0.3144 0.2475 0.2520 0.2428 0.2078 0.1670 0.2217 0.1862 0.1689 0.1623 0.1621 0.1581 0.1711 0.1684 0.1384 0.1667 0.1476 0.1937 0.1989 0.1796 0.1514 0.1420 0.1731 0.1448 0.1661 0.1114 0.1333 0.1389 0.1470 0.1406 0.1426 0.1487 0.1557 0.1447 0.1636 0.1194 0.1234 0.1433 0.1028 0.1727 0.1229 0.1169 0.1095 0.1155 0.1077 0.1248 0.1087 0.1579 0.1427 0.1159 0.1455 0.1282 0.1131 0.1442 0.1124 0.1254 0.1242 0.1616 0.1415 0.1075 0.1234 0.1081 0.1613 0.1364 0.1242 0.1206 0.1075 0.1260 0.1611 0.1178 0.1596 0.1730 0.1164 0.1066 0.1141 0.1247 0.1234 0.1346 0.1198 0.1241 0.1308 0.1531 0.1220 0.1550 0.1129 0.1386 0.1432 0.1283 0.1596 0.1537 0.1596 0.1408 0.1198 0.1136 0.1125 0.1345],[1.6330 0.7536 0.5294 0.4617 0.4071 0.3835 0.3622 0.3394 0.3208 0.3086 0.2914 0.2828 0.2720 0.2643 0.2575 0.2517 0.2423 0.2367 0.2349 0.2289 0.2229 0.2220 0.2157 0.2118 0.2072 0.2034 0.1990 0.1998 0.1963 0.1939 0.1891 0.1863 0.1845 0.1843 0.1795 0.1753 0.1717 0.1737 0.1695 0.1676 0.1658 0.1646 0.1623 0.1562 0.1614 0.1550 0.1556 0.1528 0.1505 0.1498 0.1472 0.1474 0.1448 0.1470 0.1412 0.1416 0.1386 0.1378 0.1362 0.1362 0.1354 0.1319 0.1323 0.1332 0.1302 0.1272 0.1294 0.1235 0.1276 0.1270 0.1232 0.1206 0.1204 0.1204 0.1182 0.1217 0.1157 0.1183 0.1167 0.1160 0.1162 0.1114 0.1141 0.1127 0.1131 0.1122 0.1107 0.1071 0.1098 0.1094 0.1092 0.1096 0.1059 0.1073 0.1061 0.1063 0.1055 0.1034 0.1041 0.1057]
