train_acc,valid_acc,test_acc,train_loss,valid_loss,train_aug_loss
0.9852231740951538,0.9665814638137817,0.943129301071167,[5.8533 0.7651 0.5103 0.3915 0.3628 0.3578 0.2919 0.3920 0.3991 0.2415 0.3331 0.3119 0.2495 0.2220 0.2136 0.2375 0.2479 0.1953 0.2331 0.2580 0.2662 0.1937 0.2576 0.1815 0.1537 0.2545 0.1746 0.1443 0.1382 0.1370 0.1803 0.2021 0.1320 0.1085 0.2014 0.1393 0.1228 0.1150 0.1330 0.1454 0.1069 0.1490 0.1135 0.1096 0.1360 0.1296 0.1290 0.1198 0.1305 0.1214 0.1290 0.0930 0.1045 0.0892 0.1593 0.1178 0.1179 0.1262 0.1011 0.0968 0.0993 0.0957 0.0764 0.1078 0.0682 0.0992 0.0709 0.0886 0.0789 0.1055 0.0990 0.0660 0.0908 0.1016 0.0706 0.0663 0.1405 0.0786 0.0789 0.0634 0.0893 0.1043 0.0676 0.0944 0.0892 0.0546 0.0562 0.0600 0.0820 0.0848 0.0710 0.0795 0.0678 0.1081 0.0958 0.0704 0.1042 0.0621 0.0659 0.0770],[5.1104 0.7744 0.5385 0.4248 0.3747 0.3794 0.3185 0.3956 0.3870 0.2529 0.3232 0.3044 0.2675 0.2500 0.2395 0.2500 0.2704 0.2328 0.2553 0.2777 0.2815 0.2269 0.2714 0.2121 0.1787 0.2608 0.1949 0.1721 0.1683 0.1692 0.2068 0.2297 0.1651 0.1470 0.2309 0.1745 0.1633 0.1466 0.1765 0.1774 0.1515 0.1882 0.1584 0.1496 0.1796 0.1686 0.1700 0.1619 0.1701 0.1680 0.1842 0.1425 0.1494 0.1396 0.2079 0.1714 0.1692 0.1826 0.1529 0.1467 0.1545 0.1420 0.1249 0.1612 0.1252 0.1480 0.1206 0.1398 0.1270 0.1673 0.1552 0.1203 0.1463 0.1638 0.1272 0.1228 0.2070 0.1396 0.1424 0.1218 0.1484 0.1560 0.1251 0.1529 0.1542 0.1130 0.1142 0.1225 0.1461 0.1525 0.1317 0.1463 0.1287 0.1756 0.1611 0.1341 0.1702 0.1273 0.1308 0.1435],[1.7988 1.2759 0.8975 0.7115 0.6055 0.5479 0.4957 0.4698 0.4312 0.4090 0.3906 0.3720 0.3592 0.3430 0.3378 0.3273 0.3145 0.3103 0.3022 0.2934 0.2899 0.2817 0.2805 0.2674 0.2667 0.2602 0.2592 0.2507 0.2469 0.2432 0.2424 0.2348 0.2344 0.2319 0.2246 0.2247 0.2188 0.2177 0.2120 0.2135 0.2115 0.2065 0.2062 0.2038 0.2031 0.2014 0.1963 0.1929 0.1938 0.1950 0.1914 0.1853 0.1865 0.1849 0.1841 0.1830 0.1830 0.1779 0.1788 0.1785 0.1774 0.1730 0.1725 0.1686 0.1711 0.1671 0.1689 0.1645 0.1668 0.1649 0.1657 0.1610 0.1617 0.1606 0.1586 0.1602 0.1565 0.1572 0.1548 0.1557 0.1554 0.1561 0.1542 0.1558 0.1519 0.1538 0.1489 0.1484 0.1488 0.1467 0.1459 0.1462 0.1476 0.1443 0.1450 0.1469 0.1421 0.1428 0.1413 0.1427]
