train_acc,valid_acc,test_acc,train_loss,valid_loss,train_aug_loss
0.9643052816390991,0.9527191519737244,0.9512417912483215,[1.9763 1.6187 1.0127 0.7395 0.4675 0.5274 0.4408 0.3386 0.3976 0.5014 0.3795 0.2787 0.3241 0.3142 0.3510 0.3793 0.5220 0.2055 0.2609 0.2517 0.2047 0.2232 0.1563 0.3031 0.3924 0.1559 0.3373 0.2656 0.1511 0.2262 0.1890 0.2258 0.1279 0.2333 0.2027 0.2648 0.2579 0.1564 0.2264 0.1813 0.2591 0.2512 0.2259 0.2306 0.1718 0.2081 0.2053 0.1891 0.1514 0.1855 0.2017 0.1933 0.1855 0.2238 0.2059 0.2150 0.1854 0.2020 0.1967 0.1592 0.2102 0.2011 0.1510 0.2380 0.2110 0.1878 0.1779 0.2558 0.1824 0.2271 0.1926 0.2048 0.1767 0.1801 0.2021 0.1577 0.1794 0.1689 0.1753 0.1684 0.1821 0.2303 0.1713 0.1757 0.1597 0.1873 0.1899 0.1829 0.1997 0.1796 0.1783 0.1514 0.1889 0.1762 0.1528 0.1665 0.1688 0.2107 0.1703 0.1876],[1.9060 1.4900 0.9619 0.6837 0.4702 0.5105 0.4129 0.3265 0.3737 0.4636 0.3630 0.2833 0.3153 0.3106 0.3384 0.3792 0.4710 0.2234 0.2780 0.2659 0.2267 0.2492 0.1914 0.3187 0.4070 0.1977 0.3580 0.2942 0.1871 0.2622 0.2252 0.2582 0.1766 0.2660 0.2428 0.2996 0.2937 0.1943 0.2635 0.2250 0.3020 0.2953 0.2661 0.2691 0.2153 0.2530 0.2501 0.2338 0.1967 0.2317 0.2492 0.2380 0.2313 0.2691 0.2515 0.2643 0.2343 0.2508 0.2428 0.2056 0.2591 0.2498 0.2001 0.2894 0.2594 0.2314 0.2266 0.3072 0.2311 0.2794 0.2415 0.2571 0.2245 0.2322 0.2542 0.2096 0.2331 0.2213 0.2263 0.2208 0.2348 0.2836 0.2216 0.2273 0.2109 0.2385 0.2417 0.2361 0.2545 0.2340 0.2307 0.2042 0.2424 0.2302 0.2058 0.2200 0.2234 0.2684 0.2265 0.2448],[1.8813 1.6829 1.3742 1.0456 0.8139 0.6651 0.5876 0.5360 0.5015 0.4687 0.4468 0.4197 0.4098 0.3954 0.3771 0.3679 0.3549 0.3477 0.3349 0.3277 0.3198 0.3133 0.3064 0.3013 0.2972 0.2908 0.2885 0.2789 0.2777 0.2745 0.2695 0.2684 0.2636 0.2649 0.2598 0.2580 0.2530 0.2524 0.2515 0.2486 0.2461 0.2461 0.2409 0.2404 0.2366 0.2383 0.2339 0.2379 0.2306 0.2312 0.2298 0.2276 0.2295 0.2214 0.2249 0.2237 0.2207 0.2247 0.2204 0.2194 0.2173 0.2171 0.2189 0.2192 0.2140 0.2147 0.2134 0.2114 0.2144 0.2085 0.2116 0.2118 0.2118 0.2090 0.2098 0.2074 0.2053 0.2046 0.2071 0.2074 0.2054 0.2055 0.2051 0.2039 0.2050 0.1999 0.2030 0.2014 0.2036 0.2014 0.2008 0.2005 0.2019 0.1995 0.2019 0.1992 0.1973 0.1998 0.1985 0.2016]
