train_acc,valid_acc,test_acc,train_loss,valid_loss,train_aug_loss
0.9839910864830017,0.9660335779190063,0.9364895820617676,[4.8267 0.3748 0.2219 0.2740 0.1751 0.2122 0.1968 0.1641 0.1358 0.1713 0.1630 0.1552 0.1620 0.1151 0.1621 0.1224 0.1448 0.0696 0.0822 0.0715 0.1143 0.0703 0.0860 0.0779 0.0712 0.0682 0.0547 0.0515 0.0746 0.0970 0.0633 0.0786 0.0706 0.0876 0.0877 0.0546 0.0465 0.0932 0.0538 0.0547 0.0485 0.0501 0.0373 0.0392 0.0513 0.0273 0.0325 0.0432 0.0547 0.0429 0.0399 0.0232 0.0475 0.0264 0.0350 0.0276 0.0352 0.0266 0.0411 0.0453 0.0463 0.0555 0.0605 0.0234 0.0223 0.0231 0.0197 0.0344 0.0216 0.0170 0.0305 0.0238 0.0171 0.0266 0.0195 0.0241 0.0254 0.0112 0.0265 0.0137 0.0262 0.0205 0.0229 0.0146 0.0159 0.0177 0.0369 0.0102 0.0088 0.0101 0.0199 0.0105 0.0086 0.0089 0.0314 0.0143 0.0131 0.0100 0.0067 0.0084],[4.2482 0.3706 0.2510 0.2812 0.1987 0.2292 0.2218 0.1868 0.1728 0.2103 0.2027 0.1875 0.2068 0.1579 0.2020 0.1686 0.1829 0.1192 0.1276 0.1230 0.1682 0.1344 0.1379 0.1446 0.1283 0.1319 0.1158 0.1165 0.1398 0.1563 0.1332 0.1412 0.1378 0.1633 0.1648 0.1249 0.1244 0.1734 0.1369 0.1365 0.1281 0.1361 0.1251 0.1367 0.1435 0.1209 0.1194 0.1374 0.1472 0.1386 0.1340 0.1210 0.1546 0.1237 0.1348 0.1249 0.1356 0.1240 0.1572 0.1492 0.1540 0.1708 0.1770 0.1338 0.1272 0.1349 0.1319 0.1662 0.1368 0.1402 0.1521 0.1411 0.1322 0.1545 0.1447 0.1566 0.1643 0.1283 0.1588 0.1458 0.1693 0.1694 0.1712 0.1540 0.1566 0.1605 0.2017 0.1510 0.1431 0.1464 0.1691 0.1435 0.1472 0.1532 0.1944 0.1644 0.1760 0.1538 0.1474 0.1596],[1.6484 0.6870 0.4436 0.3654 0.3205 0.2897 0.2625 0.2476 0.2306 0.2163 0.2086 0.1973 0.1909 0.1810 0.1774 0.1711 0.1661 0.1601 0.1545 0.1524 0.1434 0.1441 0.1416 0.1368 0.1338 0.1308 0.1291 0.1232 0.1208 0.1212 0.1157 0.1140 0.1128 0.1104 0.1059 0.1038 0.1027 0.1008 0.0991 0.0977 0.0968 0.0952 0.0930 0.0920 0.0901 0.0869 0.0852 0.0832 0.0849 0.0816 0.0824 0.0768 0.0779 0.0764 0.0757 0.0761 0.0738 0.0732 0.0709 0.0712 0.0707 0.0678 0.0686 0.0676 0.0678 0.0642 0.0657 0.0623 0.0625 0.0638 0.0621 0.0601 0.0621 0.0595 0.0593 0.0577 0.0560 0.0575 0.0573 0.0565 0.0538 0.0547 0.0551 0.0533 0.0531 0.0515 0.0536 0.0520 0.0522 0.0506 0.0496 0.0494 0.0491 0.0463 0.0478 0.0486 0.0446 0.0465 0.0485 0.0454]
