train_acc,valid_acc,test_acc,train_loss,valid_loss,train_aug_loss
0.9845983386039734,0.9685901999473572,0.9350461959838867,[5.1620 0.5315 0.2558 0.2183 0.2308 0.2170 0.1784 0.2076 0.1758 0.1251 0.1585 0.1068 0.1297 0.0988 0.0985 0.1139 0.1321 0.1019 0.1474 0.0862 0.1076 0.0644 0.1154 0.0858 0.0923 0.0785 0.0726 0.0595 0.0825 0.0758 0.0504 0.0984 0.0504 0.1085 0.0641 0.0861 0.0394 0.0751 0.0786 0.0442 0.0504 0.0405 0.0551 0.0510 0.0592 0.0424 0.0439 0.0330 0.0553 0.0300 0.0366 0.0341 0.0540 0.0449 0.0339 0.0334 0.0256 0.0301 0.0220 0.0208 0.0253 0.0348 0.0251 0.0265 0.0317 0.0273 0.0416 0.0230 0.0279 0.0339 0.0445 0.0407 0.0446 0.0209 0.0234 0.0172 0.0203 0.0241 0.0172 0.0798 0.0477 0.0139 0.0590 0.0423 0.0114 0.0117 0.0173 0.0232 0.0247 0.0089 0.0129 0.0109 0.0303 0.0081 0.0147 0.0101 0.0067 0.0404 0.0095 0.0087],[4.4901 0.4904 0.2467 0.2197 0.2364 0.2335 0.2073 0.2233 0.1992 0.1709 0.2050 0.1447 0.1710 0.1426 0.1454 0.1540 0.1737 0.1527 0.2005 0.1409 0.1637 0.1189 0.1704 0.1494 0.1530 0.1410 0.1381 0.1246 0.1535 0.1466 0.1140 0.1750 0.1220 0.1776 0.1453 0.1698 0.1164 0.1593 0.1626 0.1344 0.1333 0.1281 0.1618 0.1453 0.1453 0.1358 0.1362 0.1199 0.1472 0.1231 0.1357 0.1353 0.1598 0.1637 0.1404 0.1386 0.1403 0.1421 0.1253 0.1310 0.1433 0.1495 0.1342 0.1344 0.1532 0.1451 0.1692 0.1481 0.1629 0.1699 0.1766 0.1705 0.1804 0.1427 0.1527 0.1440 0.1532 0.1685 0.1506 0.2349 0.1945 0.1431 0.2278 0.1945 0.1262 0.1401 0.1725 0.1691 0.1629 0.1389 0.1627 0.1472 0.1847 0.1401 0.1550 0.1572 0.1421 0.2071 0.1593 0.1651],[1.6526 0.7511 0.4643 0.3787 0.3310 0.2962 0.2708 0.2542 0.2337 0.2249 0.2123 0.2018 0.1961 0.1857 0.1817 0.1732 0.1688 0.1611 0.1590 0.1556 0.1492 0.1470 0.1427 0.1376 0.1376 0.1325 0.1283 0.1247 0.1231 0.1224 0.1180 0.1164 0.1125 0.1115 0.1085 0.1033 0.1050 0.1023 0.1007 0.0997 0.0986 0.0939 0.0938 0.0944 0.0911 0.0886 0.0864 0.0861 0.0861 0.0833 0.0846 0.0790 0.0794 0.0785 0.0796 0.0746 0.0759 0.0742 0.0733 0.0726 0.0690 0.0719 0.0695 0.0691 0.0661 0.0681 0.0674 0.0651 0.0641 0.0641 0.0648 0.0614 0.0591 0.0609 0.0613 0.0586 0.0593 0.0594 0.0567 0.0567 0.0579 0.0555 0.0550 0.0544 0.0541 0.0535 0.0540 0.0550 0.0531 0.0516 0.0509 0.0515 0.0495 0.0491 0.0470 0.0483 0.0481 0.0482 0.0476 0.0462]
