train_acc,valid_acc,test_acc,train_loss,valid_loss,train_aug_loss
0.9944025874137878,0.9667640328407288,0.9445727467536926,[1.9480 1.1999 0.6240 0.3892 0.3223 0.3265 0.4246 0.2825 0.3549 0.4339 0.4871 0.2930 0.3896 0.3588 0.2341 0.2451 0.3051 0.3195 0.1936 0.2380 0.1705 0.2146 0.1961 0.1647 0.1637 0.1735 0.1455 0.2203 0.1495 0.1672 0.1629 0.1515 0.1012 0.1120 0.1426 0.1055 0.1289 0.0943 0.0815 0.1565 0.1164 0.1134 0.0714 0.1164 0.1103 0.0995 0.1199 0.0801 0.1007 0.0581 0.0634 0.1323 0.1294 0.0706 0.0588 0.0980 0.0874 0.0709 0.1055 0.0660 0.1012 0.0693 0.0537 0.0554 0.0446 0.0980 0.0567 0.0572 0.0436 0.0497 0.0619 0.0733 0.0534 0.0469 0.0831 0.0434 0.0710 0.0448 0.0605 0.0415 0.0446 0.0364 0.0567 0.0364 0.0627 0.0459 0.0419 0.0503 0.0267 0.0328 0.0465 0.0646 0.0288 0.0344 0.0727 0.0422 0.0501 0.0282 0.0401 0.0213],[1.8510 1.0306 0.6375 0.4457 0.3669 0.3568 0.4453 0.3163 0.3629 0.4234 0.4649 0.3175 0.4124 0.3660 0.2709 0.2779 0.3496 0.3447 0.2399 0.2645 0.2260 0.2497 0.2464 0.2176 0.2090 0.2115 0.1867 0.2589 0.1920 0.2113 0.2143 0.2059 0.1493 0.1648 0.2012 0.1597 0.1866 0.1506 0.1408 0.2133 0.1817 0.1807 0.1449 0.1775 0.1785 0.1631 0.1914 0.1472 0.1741 0.1227 0.1417 0.2188 0.2134 0.1529 0.1341 0.1803 0.1786 0.1698 0.2009 0.1570 0.1885 0.1613 0.1405 0.1479 0.1248 0.1927 0.1576 0.1472 0.1284 0.1320 0.1526 0.1723 0.1505 0.1385 0.1948 0.1439 0.1739 0.1392 0.1701 0.1506 0.1377 0.1245 0.1632 0.1353 0.1763 0.1482 0.1499 0.1694 0.1298 0.1323 0.1674 0.1926 0.1329 0.1346 0.1830 0.1546 0.1699 0.1443 0.1489 0.1206],[1.8045 1.3890 0.9131 0.6499 0.5328 0.4690 0.4316 0.3935 0.3662 0.3499 0.3375 0.3232 0.3069 0.2913 0.2814 0.2715 0.2643 0.2484 0.2451 0.2367 0.2270 0.2245 0.2147 0.2077 0.1981 0.1962 0.1902 0.1862 0.1778 0.1755 0.1717 0.1667 0.1631 0.1557 0.1573 0.1542 0.1473 0.1436 0.1433 0.1375 0.1360 0.1336 0.1362 0.1310 0.1303 0.1291 0.1239 0.1217 0.1229 0.1210 0.1172 0.1147 0.1148 0.1126 0.1149 0.1088 0.1095 0.1088 0.1096 0.1036 0.1041 0.1027 0.1019 0.1017 0.0990 0.0977 0.0984 0.0950 0.0931 0.0941 0.0953 0.0954 0.0900 0.0894 0.0900 0.0888 0.0891 0.0873 0.0860 0.0861 0.0874 0.0842 0.0845 0.0852 0.0840 0.0810 0.0823 0.0792 0.0803 0.0809 0.0809 0.0747 0.0774 0.0777 0.0770 0.0745 0.0748 0.0740 0.0727 0.0739]
