train_acc,valid_acc,test_acc,train_loss,valid_loss,train_aug_loss
0.9663295745849609,0.9496753215789795,0.9510591626167297,[4.5684 1.1502 0.4159 0.4493 0.6195 0.4756 0.4248 0.3277 0.3465 0.4436 0.3210 0.4538 0.3191 0.5676 0.4287 0.4886 0.3644 0.2755 0.3536 0.4022 0.5054 0.2219 0.3309 0.2451 0.2482 0.3009 0.2078 0.2524 0.2504 0.2130 0.2427 0.1537 0.2209 0.2898 0.2412 0.2253 0.2301 0.2718 0.2079 0.1418 0.1469 0.1355 0.2581 0.1823 0.2119 0.2181 0.1604 0.1401 0.1593 0.1466],[5.5236 1.0546 0.4442 0.4603 0.5794 0.4593 0.4139 0.3422 0.3326 0.4410 0.3307 0.4382 0.3291 0.5303 0.4086 0.4586 0.3581 0.2915 0.3902 0.4000 0.4466 0.2468 0.3315 0.2724 0.2773 0.3121 0.2428 0.2809 0.2754 0.2462 0.2716 0.1933 0.2563 0.3027 0.2813 0.2489 0.2621 0.2831 0.2398 0.1880 0.1896 0.1792 0.2891 0.2261 0.2294 0.2597 0.1986 0.1919 0.2034 0.2017],[1.5967 0.9551 0.7561 0.6440 0.5809 0.5423 0.5089 0.4701 0.4497 0.4199 0.4008 0.3892 0.3694 0.3613 0.3509 0.3468 0.3355 0.3309 0.3224 0.3182 0.3116 0.3076 0.3014 0.2935 0.2867 0.2842 0.2779 0.2753 0.2723 0.2690 0.2628 0.2583 0.2541 0.2487 0.2446 0.2434 0.2413 0.2404 0.2328 0.2324 0.2293 0.2257 0.2225 0.2194 0.2195 0.2126 0.2133 0.2083 0.2111 0.2073]
