train_acc,valid_acc,test_acc,train_loss,valid_loss,train_aug_loss
0.9706716537475586,0.9504870176315308,0.9541636109352112,[4.2800 1.0848 0.5378 0.4051 0.3481 0.3244 0.3480 0.3618 0.2826 0.3801 0.2364 0.2472 0.2175 0.2605 0.1908 0.2766 0.2113 0.2257 0.2057 0.2072 0.1801 0.1867 0.1772 0.2655 0.1581 0.1726 0.1983 0.1504 0.2362 0.1808 0.1871 0.1992 0.1281 0.1630 0.2228 0.1456 0.1227 0.1056 0.2280 0.1170 0.1209 0.1478 0.1417 0.1491 0.0985 0.1249 0.1291 0.1059 0.1010 0.1494],[3.6873 0.9563 0.5916 0.4329 0.3709 0.3586 0.3526 0.3613 0.3116 0.4012 0.2635 0.2728 0.2563 0.2978 0.2251 0.2927 0.2487 0.2459 0.2349 0.2339 0.2269 0.2296 0.2170 0.2955 0.1959 0.2113 0.2349 0.1970 0.2692 0.2312 0.2179 0.2384 0.1771 0.2022 0.2646 0.1857 0.1603 0.1554 0.2672 0.1663 0.1766 0.1940 0.1873 0.1990 0.1569 0.1746 0.1792 0.1550 0.1545 0.1989],[1.8164 1.3530 0.9300 0.7281 0.6323 0.5679 0.5197 0.4901 0.4475 0.4361 0.4033 0.3929 0.3765 0.3639 0.3514 0.3429 0.3338 0.3247 0.3157 0.3095 0.2974 0.2927 0.2865 0.2820 0.2753 0.2737 0.2683 0.2587 0.2603 0.2516 0.2545 0.2435 0.2406 0.2404 0.2376 0.2349 0.2252 0.2246 0.2256 0.2202 0.2176 0.2179 0.2129 0.2049 0.2077 0.2046 0.2044 0.2020 0.1973 0.1982]
