train_acc,valid_acc,test_acc,train_loss,valid_loss,train_aug_loss
0.9829613566398621,0.9636595845222473,0.9304272532463074,[3.9055 0.8810 0.6217 0.5859 0.5790 0.5253 0.4194 0.3681 0.3872 0.2953 0.2924 0.3333 0.3019 0.2668 0.2644 0.2437 0.2147 0.2530 0.3081 0.2342 0.2436 0.2563 0.1910 0.1654 0.1897 0.1750 0.1527 0.1945 0.1490 0.1666 0.1237 0.2065 0.1427 0.1897 0.1565 0.1643 0.1093 0.1172 0.1121 0.1214 0.1089 0.1125 0.1269 0.1762 0.1217 0.1274 0.1176 0.0946 0.1690 0.1267 0.1015 0.0984 0.1317 0.1093 0.1032 0.1358 0.0782 0.1260 0.0857 0.1156 0.0780 0.0758 0.0841 0.1042 0.0889 0.0773 0.0865 0.1090 0.0765 0.0683 0.0830 0.0845 0.0692 0.0639 0.0879 0.0764 0.0770 0.0786 0.0724 0.0577 0.0826 0.0731 0.0919 0.0995 0.0753 0.0817 0.0806 0.0636 0.0777 0.0841 0.0677 0.0877 0.0585 0.0574 0.0562 0.0915 0.0588 0.0825 0.0763 0.0584],[3.3238 0.8442 0.6441 0.5957 0.5515 0.5126 0.4416 0.4052 0.3928 0.3125 0.3462 0.3331 0.3314 0.2969 0.3150 0.2702 0.2481 0.2688 0.3138 0.2606 0.2562 0.2703 0.2199 0.2020 0.2152 0.2134 0.1870 0.2210 0.1924 0.1931 0.1616 0.2396 0.1810 0.2254 0.1950 0.2056 0.1544 0.1701 0.1468 0.1638 0.1538 0.1624 0.1733 0.2198 0.1708 0.1787 0.1610 0.1371 0.2233 0.1797 0.1481 0.1482 0.1804 0.1608 0.1625 0.1939 0.1326 0.1795 0.1354 0.1709 0.1309 0.1285 0.1412 0.1627 0.1447 0.1325 0.1378 0.1671 0.1301 0.1248 0.1480 0.1408 0.1263 0.1276 0.1492 0.1409 0.1422 0.1429 0.1371 0.1240 0.1446 0.1388 0.1604 0.1639 0.1373 0.1534 0.1527 0.1264 0.1474 0.1524 0.1333 0.1569 0.1205 0.1205 0.1207 0.1640 0.1244 0.1641 0.1495 0.1246],[1.8267 1.4397 1.0455 0.8561 0.7067 0.6100 0.5569 0.5197 0.4787 0.4590 0.4484 0.4264 0.4082 0.3879 0.3764 0.3637 0.3523 0.3371 0.3331 0.3223 0.3109 0.3076 0.3008 0.2934 0.2824 0.2725 0.2674 0.2636 0.2591 0.2541 0.2503 0.2431 0.2426 0.2394 0.2351 0.2272 0.2248 0.2220 0.2232 0.2201 0.2152 0.2134 0.2087 0.2071 0.2040 0.2023 0.2012 0.2001 0.1949 0.1987 0.1929 0.1905 0.1925 0.1875 0.1877 0.1877 0.1849 0.1851 0.1798 0.1767 0.1827 0.1800 0.1780 0.1750 0.1758 0.1722 0.1727 0.1692 0.1702 0.1683 0.1676 0.1668 0.1634 0.1650 0.1625 0.1603 0.1604 0.1631 0.1579 0.1589 0.1594 0.1584 0.1574 0.1550 0.1556 0.1541 0.1510 0.1525 0.1504 0.1484 0.1478 0.1498 0.1496 0.1495 0.1477 0.1449 0.1454 0.1452 0.1452 0.1461]
