train_acc,valid_acc,test_acc,train_loss,valid_loss,train_aug_loss
0.9628188014030457,0.9529221057891846,0.9523374438285828,[3.0618 0.9030 0.4998 0.3780 0.3333 0.3636 0.3399 0.3142 0.2853 0.3059 0.3114 0.3382 0.3099 0.3773 0.2637 0.3038 0.2318 0.3230 0.2205 0.2830 0.2043 0.2826 0.2035 0.2906 0.2009 0.2787 0.2057 0.1812 0.2500 0.1406 0.1582 0.1611 0.2403 0.1903 0.1709 0.1575 0.1358 0.1389 0.2139 0.1662 0.1434 0.1459 0.1509 0.1505 0.1624 0.1741 0.1241 0.1312 0.1569 0.1374],[2.6980 0.8137 0.5162 0.4071 0.3591 0.3816 0.3692 0.3425 0.3078 0.3357 0.3112 0.3520 0.3215 0.3550 0.2893 0.3171 0.2659 0.3262 0.2512 0.3125 0.2211 0.2988 0.2264 0.3057 0.2321 0.2943 0.2432 0.2103 0.2725 0.1732 0.1977 0.2067 0.2745 0.2275 0.2096 0.1987 0.1725 0.1899 0.2656 0.2065 0.1917 0.1856 0.2040 0.1930 0.2211 0.2097 0.1726 0.1790 0.2068 0.1900],[1.7948 1.3077 0.9069 0.7331 0.6333 0.5746 0.5287 0.4901 0.4647 0.4475 0.4267 0.4052 0.3996 0.3855 0.3714 0.3677 0.3523 0.3501 0.3357 0.3275 0.3222 0.3098 0.3007 0.2974 0.2899 0.2876 0.2804 0.2733 0.2728 0.2654 0.2597 0.2552 0.2511 0.2486 0.2416 0.2401 0.2386 0.2348 0.2305 0.2290 0.2217 0.2211 0.2159 0.2147 0.2154 0.2131 0.2094 0.2085 0.2064 0.2036]
