train_acc,valid_acc,test_acc,train_loss,valid_loss,train_aug_loss
0.9923695921897888,0.9685901999473572,0.9416859149932861,[2.8094 0.3453 0.2718 0.2079 0.1978 0.2255 0.2369 0.1708 0.2465 0.1904 0.1634 0.1525 0.1530 0.2286 0.1551 0.1685 0.1382 0.1586 0.2159 0.1419 0.1430 0.1232 0.1237 0.1494 0.1345 0.0909 0.0951 0.0772 0.0686 0.1346 0.1152 0.1030 0.0900 0.1061 0.0886 0.0799 0.0724 0.1008 0.1160 0.1016 0.1093 0.0878 0.0723 0.0652 0.0728 0.0616 0.0611 0.0508 0.0929 0.1405 0.0638 0.0523 0.0618 0.0796 0.0699 0.0484 0.1062 0.1775 0.0581 0.0430 0.0445 0.0900 0.0568 0.0589 0.0377 0.0396 0.0450 0.0617 0.0777 0.0396 0.0502 0.0489 0.0747 0.0772 0.0720 0.0688 0.0488 0.0455 0.0499 0.0773 0.0777 0.0534 0.0435 0.0382 0.0491 0.0443 0.0259 0.0459 0.0453 0.0386 0.0236 0.0334 0.0556 0.0474 0.0721 0.0337 0.0357 0.0714 0.0427 0.0318],[2.6397 0.3574 0.2784 0.2305 0.2311 0.2355 0.2444 0.1971 0.2728 0.2230 0.1986 0.1817 0.1781 0.2472 0.1908 0.1991 0.1868 0.1948 0.2527 0.1805 0.1877 0.1811 0.1696 0.1954 0.1789 0.1429 0.1579 0.1352 0.1330 0.1930 0.1683 0.1661 0.1548 0.1641 0.1447 0.1476 0.1383 0.1696 0.1794 0.1670 0.1801 0.1540 0.1415 0.1367 0.1457 0.1292 0.1380 0.1343 0.1680 0.2192 0.1394 0.1291 0.1392 0.1579 0.1492 0.1290 0.1982 0.2698 0.1381 0.1255 0.1259 0.1788 0.1444 0.1442 0.1196 0.1304 0.1319 0.1545 0.1684 0.1254 0.1375 0.1478 0.1686 0.1782 0.1729 0.1689 0.1371 0.1417 0.1471 0.1823 0.1761 0.1534 0.1409 0.1401 0.1547 0.1518 0.1168 0.1652 0.1422 0.1383 0.1231 0.1333 0.1616 0.1601 0.1949 0.1419 0.1431 0.1912 0.1488 0.1419],[1.6272 0.7507 0.5336 0.4530 0.4108 0.3781 0.3525 0.3334 0.3210 0.3022 0.2949 0.2799 0.2717 0.2591 0.2553 0.2460 0.2396 0.2351 0.2301 0.2257 0.2208 0.2171 0.2087 0.2078 0.2056 0.1958 0.1991 0.1940 0.1936 0.1864 0.1852 0.1840 0.1825 0.1813 0.1794 0.1732 0.1745 0.1668 0.1694 0.1682 0.1633 0.1610 0.1605 0.1592 0.1583 0.1560 0.1540 0.1509 0.1537 0.1537 0.1483 0.1491 0.1428 0.1437 0.1404 0.1425 0.1400 0.1368 0.1390 0.1345 0.1356 0.1346 0.1340 0.1323 0.1324 0.1295 0.1292 0.1286 0.1284 0.1263 0.1242 0.1252 0.1220 0.1222 0.1201 0.1188 0.1200 0.1173 0.1194 0.1159 0.1168 0.1141 0.1154 0.1140 0.1108 0.1134 0.1116 0.1118 0.1112 0.1097 0.1061 0.1094 0.1084 0.1062 0.1064 0.1049 0.1059 0.1050 0.1046 0.1033]
