train_acc,valid_acc,test_acc,train_loss,valid_loss,train_aug_loss
0.972021222114563,0.9584009647369385,0.956720232963562,[3.8181 1.0544 0.6817 0.5115 0.5291 0.3765 0.5013 0.4249 0.3992 0.3320 0.3698 0.4815 0.3379 0.2938 0.2436 0.4035 0.3578 0.2407 0.3204 0.3403 0.3220 0.2670 0.3555 0.2395 0.2262 0.2166 0.1965 0.1776 0.1988 0.1421 0.2415 0.1789 0.1353 0.1385 0.1386 0.1415 0.1413 0.1604 0.1278 0.1553 0.1509 0.1366 0.1427 0.1163 0.1611 0.1119 0.1129 0.1472 0.1541 0.1393],[3.3465 1.0435 0.6969 0.5466 0.5929 0.3980 0.4967 0.4346 0.3913 0.3354 0.3669 0.4719 0.3910 0.3122 0.2790 0.3819 0.3797 0.2606 0.3229 0.3617 0.3492 0.2872 0.3699 0.2684 0.2520 0.2423 0.2285 0.2121 0.2282 0.1810 0.2691 0.2098 0.1760 0.1766 0.1831 0.1748 0.1822 0.1968 0.1682 0.1876 0.1807 0.1918 0.1832 0.1602 0.1993 0.1569 0.1568 0.1920 0.2055 0.1806],[1.8182 1.4427 1.0657 0.8366 0.6963 0.6219 0.5593 0.5247 0.4920 0.4623 0.4432 0.4182 0.4076 0.3976 0.3740 0.3627 0.3517 0.3438 0.3334 0.3247 0.3177 0.3084 0.3013 0.2989 0.2902 0.2834 0.2752 0.2748 0.2656 0.2581 0.2573 0.2536 0.2503 0.2433 0.2412 0.2359 0.2340 0.2323 0.2260 0.2229 0.2217 0.2183 0.2189 0.2132 0.2105 0.2101 0.2084 0.2062 0.2056 0.2023]
