train_acc,valid_acc,test_acc,train_loss,valid_loss,train_aug_loss
0.9843416213989258,0.9715224504470825,0.9471709132194519,[2.4411 1.3726 0.9379 0.6078 0.7214 0.4577 0.4753 0.2865 0.3321 0.2719 0.3366 0.3025 0.2850 0.2447 0.2481 0.2310 0.2571 0.2722 0.2364 0.2244 0.2432 0.2195 0.2108 0.2096 0.2001 0.1714 0.2006 0.2238 0.1493 0.2044 0.1374 0.1737 0.1501 0.1383 0.1536 0.1411 0.1598 0.1119 0.1311 0.1221 0.1446 0.1212 0.1326 0.1230 0.0990 0.1086 0.1287 0.1193 0.1125 0.0998 0.1439 0.1076 0.1038 0.0921 0.1232 0.1091 0.0968 0.1691 0.0983 0.1064 0.1141 0.0979 0.0897 0.1059 0.1086 0.0936 0.1095 0.1003 0.0788 0.0702 0.1052 0.0828 0.0674 0.1038 0.0902 0.0683 0.0805 0.0979 0.0744 0.1009 0.0651 0.0797 0.0658 0.1181 0.0981 0.0627 0.0688 0.0712 0.1090 0.0600 0.1249 0.0582 0.0769 0.0630 0.0733 0.0622 0.0741 0.0692 0.0756 0.0548],[2.2663 1.4412 1.1155 0.7758 0.9005 0.5465 0.5767 0.3143 0.3992 0.3199 0.4094 0.3443 0.3251 0.2788 0.2886 0.2682 0.3089 0.3370 0.2788 0.2825 0.3213 0.2487 0.2542 0.2704 0.2374 0.2150 0.2563 0.2891 0.1700 0.2753 0.1611 0.2144 0.1929 0.1644 0.1920 0.1712 0.1982 0.1319 0.1670 0.1689 0.1838 0.1552 0.1672 0.1673 0.1205 0.1413 0.1707 0.1643 0.1464 0.1335 0.1947 0.1416 0.1423 0.1249 0.1784 0.1519 0.1364 0.2491 0.1428 0.1452 0.1720 0.1471 0.1256 0.1507 0.1503 0.1391 0.1600 0.1507 0.1139 0.1089 0.1676 0.1228 0.1035 0.1547 0.1400 0.1020 0.1176 0.1434 0.1164 0.1542 0.1015 0.1221 0.1035 0.1622 0.1509 0.1004 0.1037 0.1136 0.1688 0.0957 0.2000 0.0938 0.1340 0.1071 0.1266 0.1075 0.1240 0.1234 0.1346 0.0971],[1.7816 1.2930 0.9122 0.7225 0.6207 0.5593 0.5178 0.4830 0.4618 0.4358 0.4169 0.3938 0.3869 0.3717 0.3599 0.3459 0.3398 0.3234 0.3123 0.3070 0.2961 0.2897 0.2790 0.2791 0.2721 0.2648 0.2635 0.2588 0.2530 0.2473 0.2444 0.2419 0.2376 0.2370 0.2347 0.2308 0.2291 0.2231 0.2206 0.2150 0.2169 0.2122 0.2145 0.2099 0.2091 0.2058 0.2031 0.2018 0.2000 0.1967 0.1971 0.1927 0.1925 0.1889 0.1898 0.1867 0.1841 0.1829 0.1865 0.1790 0.1800 0.1801 0.1761 0.1752 0.1745 0.1757 0.1732 0.1710 0.1734 0.1696 0.1686 0.1663 0.1672 0.1640 0.1617 0.1661 0.1650 0.1590 0.1594 0.1603 0.1580 0.1604 0.1584 0.1575 0.1550 0.1547 0.1547 0.1544 0.1562 0.1510 0.1538 0.1522 0.1494 0.1484 0.1485 0.1460 0.1486 0.1454 0.1443 0.1463]
