train_acc,valid_acc,test_acc,train_loss,valid_loss,train_aug_loss
0.9926159977912903,0.974616527557373,0.9408198595046997,[5.7736 0.5291 0.3203 0.1885 0.2711 0.2408 0.1977 0.1747 0.1580 0.1873 0.1425 0.1793 0.1131 0.1484 0.1155 0.0912 0.1050 0.1280 0.1153 0.1166 0.1098 0.1231 0.0922 0.0642 0.0640 0.1282 0.1004 0.1349 0.1499 0.1024 0.0665 0.1060 0.0727 0.0795 0.0564 0.0806 0.0558 0.0614 0.1201 0.0408 0.0710 0.0499 0.0461 0.0333 0.0463 0.0327 0.0378 0.0431 0.0393 0.0431 0.0424 0.0974 0.0327 0.0497 0.0243 0.0245 0.0257 0.0301 0.0359 0.0596 0.0329 0.0481 0.0195 0.0289 0.0836 0.0215 0.0317 0.0231 0.0452 0.0156 0.0166 0.0333 0.0719 0.0141 0.0162 0.0440 0.0173 0.0414 0.0328 0.0256 0.0190 0.0208 0.0299 0.0203 0.0264 0.0151 0.0092 0.0120 0.0135 0.0154 0.0171 0.0176 0.0118 0.0170 0.0113 0.0129 0.0083 0.0080 0.0084 0.0204],[4.9162 0.5049 0.3424 0.2359 0.2936 0.2643 0.2220 0.2058 0.1987 0.2316 0.1852 0.2137 0.1587 0.1949 0.1535 0.1463 0.1572 0.1715 0.1623 0.1665 0.1606 0.1718 0.1455 0.1137 0.1208 0.1893 0.1609 0.2061 0.2234 0.1696 0.1333 0.1690 0.1415 0.1536 0.1271 0.1578 0.1273 0.1411 0.2088 0.1201 0.1504 0.1247 0.1219 0.1129 0.1246 0.1166 0.1106 0.1247 0.1208 0.1234 0.1239 0.2171 0.1209 0.1515 0.1107 0.1087 0.1209 0.1209 0.1357 0.1836 0.1319 0.1715 0.1145 0.1364 0.2105 0.1259 0.1382 0.1319 0.1575 0.1196 0.1197 0.1477 0.2098 0.1236 0.1198 0.1722 0.1286 0.1647 0.1616 0.1545 0.1253 0.1324 0.1568 0.1479 0.1427 0.1376 0.1195 0.1229 0.1306 0.1244 0.1373 0.1488 0.1310 0.1485 0.1407 0.1292 0.1235 0.1338 0.1279 0.1512],[1.7005 0.7430 0.4695 0.3842 0.3332 0.3082 0.2784 0.2645 0.2428 0.2316 0.2176 0.2092 0.2003 0.1926 0.1877 0.1778 0.1705 0.1690 0.1641 0.1560 0.1553 0.1498 0.1474 0.1428 0.1379 0.1335 0.1321 0.1293 0.1272 0.1233 0.1211 0.1188 0.1187 0.1156 0.1120 0.1091 0.1078 0.1059 0.1045 0.1022 0.1004 0.0969 0.0982 0.0929 0.0937 0.0916 0.0915 0.0849 0.0881 0.0869 0.0861 0.0837 0.0838 0.0812 0.0777 0.0780 0.0792 0.0745 0.0753 0.0737 0.0744 0.0699 0.0721 0.0718 0.0683 0.0684 0.0676 0.0649 0.0654 0.0632 0.0642 0.0623 0.0617 0.0618 0.0601 0.0604 0.0583 0.0583 0.0554 0.0581 0.0541 0.0561 0.0567 0.0567 0.0519 0.0553 0.0543 0.0520 0.0519 0.0543 0.0502 0.0514 0.0524 0.0499 0.0499 0.0465 0.0474 0.0484 0.0465 0.0471]
