train_acc,valid_acc,test_acc,train_loss,valid_loss,train_aug_loss
0.9710041284561157,0.9569805264472961,0.9548940658569336,[4.2639 0.8693 0.9252 0.3200 0.5451 0.6582 0.3243 0.4480 0.2557 0.4797 0.2277 0.3252 0.2952 0.2516 0.3386 0.2833 0.2547 0.2660 0.2561 0.3757 0.3495 0.2178 0.4867 0.5952 0.4192 0.2900 0.2273 0.1546 0.3962 0.2405 0.2436 0.1981 0.2013 0.1511 0.1803 0.2218 0.2904 0.1936 0.1231 0.2547 0.1880 0.2689 0.1556 0.2060 0.1999 0.1563 0.2075 0.2655 0.2182 0.1933],[5.1557 1.1294 1.2870 0.3964 0.7136 0.5840 0.3187 0.4206 0.2738 0.4715 0.2784 0.3187 0.3014 0.2582 0.3361 0.2945 0.2749 0.2674 0.2694 0.3673 0.3447 0.2415 0.4386 0.5526 0.3925 0.3140 0.2410 0.1888 0.3736 0.2509 0.2596 0.2373 0.2274 0.1833 0.2132 0.2480 0.3052 0.2173 0.1670 0.2688 0.2222 0.2879 0.1854 0.2395 0.2271 0.1941 0.2466 0.2849 0.2362 0.2265],[1.5607 0.9144 0.7095 0.6024 0.5351 0.4938 0.4662 0.4374 0.4184 0.3976 0.3944 0.3768 0.3689 0.3556 0.3507 0.3374 0.3303 0.3249 0.3206 0.3088 0.3039 0.2992 0.2973 0.2884 0.2871 0.2771 0.2769 0.2751 0.2662 0.2596 0.2568 0.2551 0.2569 0.2486 0.2454 0.2436 0.2408 0.2362 0.2324 0.2318 0.2255 0.2238 0.2246 0.2206 0.2183 0.2166 0.2125 0.2108 0.2120 0.2092]
