train_acc,valid_acc,test_acc,train_loss,valid_loss,train_aug_loss
0.9685690999031067,0.9553571343421936,0.9561724066734314,[2.3217 1.3418 0.6627 0.5293 0.3799 0.4043 0.4748 0.4644 0.4089 0.2992 0.3628 0.2873 0.2606 0.3169 0.3519 0.2968 0.3433 0.2960 0.3338 0.2280 0.2323 0.2074 0.2891 0.3284 0.2303 0.3177 0.2447 0.2662 0.2391 0.1754 0.1982 0.2830 0.2323 0.1441 0.1809 0.2140 0.1832 0.1753 0.1692 0.1567 0.1434 0.2875 0.1320 0.1349 0.1159 0.1394 0.1691 0.1417 0.1194 0.1756],[2.1126 1.2001 0.6908 0.5644 0.4259 0.4102 0.4588 0.4420 0.4100 0.3185 0.3651 0.3209 0.3295 0.3027 0.3479 0.2946 0.3597 0.3103 0.3302 0.2645 0.2575 0.2370 0.2973 0.3293 0.2467 0.3137 0.2605 0.2799 0.2549 0.2218 0.2282 0.2923 0.2618 0.1756 0.2121 0.2364 0.2085 0.2175 0.2096 0.1967 0.1777 0.3104 0.1736 0.1702 0.1577 0.1890 0.2105 0.1789 0.1627 0.2105],[1.8278 1.5011 1.0626 0.8358 0.6988 0.6273 0.5767 0.5439 0.5057 0.4861 0.4609 0.4443 0.4291 0.4129 0.3903 0.3801 0.3698 0.3632 0.3476 0.3406 0.3370 0.3303 0.3220 0.3096 0.3090 0.3024 0.2982 0.2879 0.2832 0.2767 0.2722 0.2685 0.2625 0.2589 0.2563 0.2529 0.2445 0.2410 0.2383 0.2385 0.2326 0.2304 0.2288 0.2282 0.2234 0.2209 0.2153 0.2135 0.2137 0.2120]
