train_acc,valid_acc,test_acc,train_loss,valid_loss,train_aug_loss
0.9721287488937378,0.9559659361839294,0.9563549757003784,[2.1982 1.0936 0.5575 0.4630 0.3621 0.4521 0.4847 0.3437 0.3322 0.3230 0.4388 0.2811 0.3465 0.3947 0.3925 0.3868 0.2757 0.2290 0.2308 0.3112 0.2536 0.2465 0.2972 0.1890 0.2139 0.2104 0.2516 0.1958 0.1786 0.1896 0.2099 0.2564 0.1670 0.2620 0.1925 0.1286 0.2169 0.2338 0.1465 0.1913 0.1677 0.1647 0.1622 0.1921 0.1423 0.1106 0.1286 0.2166 0.1582 0.1481],[1.9232 0.9764 0.5882 0.5021 0.3856 0.4691 0.4602 0.3659 0.3412 0.3455 0.4178 0.3099 0.3533 0.3940 0.3873 0.3808 0.2909 0.2491 0.2698 0.3254 0.2655 0.2731 0.3182 0.2351 0.2351 0.2431 0.2741 0.2447 0.2136 0.2231 0.2382 0.2781 0.2104 0.2891 0.2207 0.1767 0.2466 0.2691 0.1894 0.2323 0.2080 0.2009 0.1979 0.2286 0.1891 0.1605 0.1749 0.2526 0.2058 0.1882],[1.8267 1.4447 0.9963 0.7901 0.6708 0.5968 0.5469 0.5072 0.4768 0.4510 0.4280 0.4076 0.3971 0.3879 0.3686 0.3678 0.3563 0.3424 0.3365 0.3329 0.3192 0.3104 0.3085 0.3001 0.3000 0.2897 0.2842 0.2769 0.2758 0.2702 0.2696 0.2651 0.2566 0.2593 0.2524 0.2487 0.2429 0.2387 0.2360 0.2299 0.2301 0.2316 0.2246 0.2222 0.2222 0.2145 0.2137 0.2125 0.2099 0.2069]
