train_acc,test_acc,train_loss,train_aug_loss
0.9801751971244812,0.9281178116798401,[1.8679 0.7445 0.5031 0.4491 0.4019 0.4707 0.3132 0.3619 0.4879 0.3660 0.4576 0.2891 0.2904 0.3844 0.2779 0.2539 0.2462 0.2777 0.1715 0.2085 0.1896 0.2238 0.2263 0.2358 0.1652 0.2967 0.1620 0.1734 0.2217 0.1959 0.2003 0.1615 0.1603 0.1293 0.1283 0.1708 0.1540 0.1616 0.1607 0.1248 0.0930 0.1236 0.1660 0.1517 0.1212 0.1394 0.1171 0.1397 0.0937 0.1129 0.1421 0.1076 0.1039 0.1047 0.1182 0.0748 0.1221 0.0876 0.1001 0.0811 0.0815 0.0898 0.0877 0.1149 0.0810 0.0864 0.0753 0.0988 0.0666 0.1218 0.1509 0.0722 0.0761 0.0653 0.0628 0.0591 0.0905 0.0934 0.0663 0.0633 0.0734 0.0726 0.0801 0.0944 0.0730 0.1330 0.0683 0.0871 0.0735 0.1154 0.0802 0.0691 0.0766 0.0653 0.0639 0.0946 0.0549 0.0766 0.0683 0.0638],[1.7751 1.2116 0.8771 0.7081 0.6252 0.5664 0.5122 0.4763 0.4502 0.4319 0.4104 0.3927 0.3734 0.3599 0.3465 0.3389 0.3313 0.3179 0.3134 0.3038 0.2906 0.2854 0.2800 0.2732 0.2678 0.2619 0.2589 0.2512 0.2462 0.2453 0.2399 0.2429 0.2333 0.2306 0.2253 0.2231 0.2201 0.2171 0.2126 0.2117 0.2096 0.2071 0.2052 0.2040 0.2004 0.1976 0.1947 0.1920 0.1910 0.1906 0.1896 0.1859 0.1847 0.1827 0.1851 0.1798 0.1837 0.1759 0.1774 0.1790 0.1739 0.1736 0.1734 0.1709 0.1701 0.1654 0.1679 0.1649 0.1662 0.1655 0.1626 0.1621 0.1608 0.1589 0.1601 0.1596 0.1554 0.1550 0.1559 0.1563 0.1550 0.1536 0.1505 0.1513 0.1501 0.1517 0.1497 0.1498 0.1461 0.1479 0.1470 0.1466 0.1466 0.1448 0.1442 0.1430 0.1416 0.1437 0.1403 0.1417]
