train_acc,valid_acc,test_acc,train_loss,valid_loss,train_aug_loss
0.9540760517120361,0.9429789185523987,0.939919650554657,[1.9754 1.2840 1.1934 0.5044 0.3963 0.3610 0.3160 0.5837 0.2972 0.3175 0.2838 0.2745 0.2438 0.2907 0.2584 0.2524 0.3761 0.3136 0.3376 0.2101 0.2694 0.2876 0.3386 0.2607 0.2221 0.2427 0.2053 0.1918 0.2199 0.2300 0.1958 0.1552 0.2031 0.1763 0.1904 0.2106 0.2265 0.3384 0.2221 0.1785 0.1869 0.1981 0.2741 0.2058 0.2220 0.2566 0.1745 0.1894 0.1875 0.1739 0.2377 0.1967 0.1451 0.1567 0.1536 0.1674 0.2126 0.2158 0.1961 0.2114 0.1617 0.1845 0.1662 0.1916 0.1968 0.1857 0.1913 0.1576 0.2002 0.1676 0.1820 0.1888 0.2257 0.1701 0.1630 0.1765 0.1761 0.1620 0.1706 0.1782 0.1781 0.2108 0.1673 0.1456 0.1834 0.1866 0.1767 0.1538 0.2100 0.1640 0.1820 0.1780 0.1835 0.1583 0.1656 0.1453 0.1971 0.1685 0.1654 0.2027],[1.9749 1.1621 1.0184 0.4878 0.3870 0.3698 0.3479 0.5259 0.3492 0.3001 0.2823 0.2784 0.2583 0.2929 0.2641 0.2571 0.3622 0.3011 0.3295 0.2244 0.2685 0.2911 0.3365 0.2694 0.2423 0.2534 0.2214 0.2139 0.2331 0.2433 0.2158 0.1872 0.2254 0.1983 0.2186 0.2280 0.2416 0.3529 0.2444 0.2054 0.2102 0.2234 0.2936 0.2291 0.2476 0.2838 0.2033 0.2204 0.2177 0.2043 0.2603 0.2260 0.1800 0.1922 0.1866 0.2025 0.2442 0.2453 0.2263 0.2440 0.1999 0.2152 0.2027 0.2248 0.2290 0.2203 0.2247 0.1942 0.2363 0.2068 0.2165 0.2240 0.2589 0.2116 0.1998 0.2123 0.2127 0.2006 0.2077 0.2136 0.2157 0.2476 0.2053 0.1847 0.2185 0.2262 0.2144 0.1919 0.2452 0.2030 0.2214 0.2183 0.2205 0.1965 0.2023 0.1856 0.2355 0.2071 0.2047 0.2409],[1.8761 1.5952 1.1938 0.9075 0.7386 0.6280 0.5628 0.5123 0.4774 0.4500 0.4252 0.4074 0.3899 0.3785 0.3701 0.3540 0.3450 0.3369 0.3266 0.3230 0.3172 0.3110 0.3019 0.2989 0.2928 0.2870 0.2840 0.2813 0.2771 0.2754 0.2703 0.2668 0.2635 0.2610 0.2611 0.2592 0.2537 0.2501 0.2493 0.2466 0.2474 0.2420 0.2418 0.2405 0.2395 0.2363 0.2355 0.2318 0.2307 0.2306 0.2295 0.2292 0.2282 0.2285 0.2283 0.2213 0.2196 0.2207 0.2187 0.2173 0.2183 0.2179 0.2146 0.2169 0.2159 0.2114 0.2107 0.2129 0.2132 0.2090 0.2098 0.2124 0.2077 0.2071 0.2093 0.2077 0.2072 0.2094 0.2061 0.2065 0.2042 0.2064 0.2063 0.2041 0.2028 0.2037 0.2014 0.2035 0.2016 0.2013 0.2009 0.1985 0.2011 0.2004 0.1991 0.2016 0.2001 0.2004 0.1994 0.1996]
