train_acc,valid_acc,test_acc,train_loss,valid_loss,train_aug_loss
0.9928095936775208,0.9663988351821899,0.9465935230255127,[4.9051 0.5633 0.3268 0.2278 0.1918 0.2364 0.1639 0.2122 0.2167 0.1539 0.1642 0.1711 0.2086 0.2039 0.1494 0.1294 0.1380 0.1344 0.0986 0.1631 0.0957 0.1377 0.1108 0.1054 0.0885 0.0638 0.0552 0.0670 0.0863 0.0921 0.0542 0.0653 0.0542 0.0782 0.0613 0.0431 0.0549 0.0536 0.0606 0.0679 0.0332 0.0441 0.0765 0.0413 0.0422 0.0610 0.0324 0.0773 0.0452 0.0246 0.0366 0.0312 0.0548 0.0268 0.0343 0.0364 0.0301 0.0373 0.0215 0.0748 0.0254 0.0405 0.0311 0.0261 0.0603 0.0301 0.0579 0.0207 0.0449 0.0272 0.0283 0.0270 0.0200 0.0388 0.0180 0.0345 0.0158 0.0414 0.0143 0.0157 0.0185 0.0184 0.0122 0.0102 0.0387 0.0145 0.0345 0.0343 0.0117 0.0251 0.0133 0.0120 0.0159 0.0110 0.0134 0.0118 0.0082 0.0273 0.0084 0.0228],[4.4218 0.5326 0.3494 0.2600 0.2192 0.2609 0.1960 0.2379 0.2539 0.2007 0.2093 0.2108 0.2420 0.2451 0.2027 0.1892 0.1926 0.1997 0.1586 0.2201 0.1690 0.2034 0.1847 0.1796 0.1625 0.1398 0.1446 0.1481 0.1664 0.1773 0.1419 0.1518 0.1390 0.1777 0.1570 0.1387 0.1512 0.1472 0.1544 0.1677 0.1321 0.1481 0.1886 0.1439 0.1448 0.1772 0.1409 0.2023 0.1671 0.1281 0.1596 0.1472 0.1845 0.1513 0.1552 0.1639 0.1565 0.1636 0.1482 0.2172 0.1571 0.1761 0.1634 0.1594 0.2057 0.1746 0.2016 0.1569 0.2041 0.1673 0.1689 0.1889 0.1579 0.2018 0.1503 0.1819 0.1559 0.1998 0.1466 0.1545 0.1648 0.1627 0.1512 0.1287 0.2096 0.1672 0.2154 0.2021 0.1549 0.1846 0.1644 0.1620 0.1828 0.1773 0.1693 0.1709 0.1493 0.2196 0.1633 0.1846],[1.6942 0.7436 0.4688 0.3796 0.3377 0.3019 0.2764 0.2587 0.2464 0.2324 0.2225 0.2121 0.2021 0.1959 0.1905 0.1795 0.1732 0.1679 0.1656 0.1569 0.1554 0.1511 0.1448 0.1429 0.1378 0.1355 0.1297 0.1283 0.1263 0.1219 0.1205 0.1173 0.1147 0.1127 0.1117 0.1082 0.1064 0.1048 0.1025 0.1004 0.0986 0.0974 0.0952 0.0936 0.0901 0.0900 0.0902 0.0874 0.0837 0.0860 0.0828 0.0837 0.0819 0.0798 0.0780 0.0767 0.0758 0.0737 0.0730 0.0730 0.0706 0.0723 0.0695 0.0656 0.0704 0.0659 0.0669 0.0649 0.0657 0.0632 0.0643 0.0619 0.0605 0.0590 0.0607 0.0620 0.0609 0.0585 0.0579 0.0556 0.0567 0.0555 0.0564 0.0556 0.0539 0.0547 0.0536 0.0534 0.0532 0.0497 0.0496 0.0492 0.0504 0.0489 0.0495 0.0484 0.0491 0.0480 0.0470 0.0474]
