train_acc,valid_acc,test_acc,train_loss,valid_loss,train_aug_loss
0.9765001535415649,0.9571834206581116,0.957998514175415,[2.5297 1.1554 0.6530 0.3865 0.4396 0.3233 0.3411 0.3048 0.2847 0.3587 0.3004 0.3273 0.2705 0.3155 0.2729 0.2347 0.3519 0.2206 0.2001 0.1678 0.1745 0.3498 0.2142 0.1416 0.1511 0.1248 0.1825 0.1464 0.1320 0.1371 0.1297 0.1725 0.1410 0.1402 0.1793 0.1488 0.1214 0.1928 0.1316 0.1183 0.1566 0.0908 0.0947 0.1102 0.1030 0.0867 0.1223 0.0995 0.0808 0.1000],[2.2187 1.0782 0.6621 0.4181 0.4325 0.3271 0.3247 0.3072 0.2890 0.3490 0.3178 0.3339 0.2869 0.3232 0.2922 0.2451 0.3495 0.2600 0.2418 0.2110 0.2186 0.3643 0.2445 0.1831 0.1903 0.1708 0.2274 0.1814 0.1797 0.1839 0.1736 0.2234 0.1918 0.1929 0.2226 0.1992 0.1731 0.2384 0.1871 0.1783 0.2044 0.1474 0.1519 0.1693 0.1700 0.1482 0.1907 0.1634 0.1436 0.1625],[1.8162 1.3853 0.9383 0.7289 0.5981 0.5186 0.4605 0.4143 0.3877 0.3629 0.3434 0.3275 0.3096 0.2995 0.2803 0.2731 0.2571 0.2505 0.2432 0.2357 0.2291 0.2247 0.2113 0.2073 0.1992 0.1961 0.1915 0.1860 0.1764 0.1812 0.1719 0.1701 0.1646 0.1632 0.1600 0.1570 0.1511 0.1502 0.1499 0.1403 0.1401 0.1363 0.1405 0.1380 0.1354 0.1341 0.1303 0.1292 0.1251 0.1265]
