train_acc,valid_acc,test_acc,train_loss,valid_loss,train_aug_loss
0.9832494258880615,0.9686017036437988,0.9463048577308655,[2.7613 0.9849 0.6686 0.4789 0.5807 0.4431 0.4684 0.3481 0.4533 0.4521 0.2694 0.2546 0.2787 0.3546 0.2511 0.2490 0.2318 0.2334 0.2087 0.2339 0.2487 0.1845 0.2139 0.2274 0.1723 0.2132 0.1984 0.1732 0.1817 0.1740 0.1646 0.1515 0.1597 0.1722 0.1825 0.1316 0.1388 0.1273 0.1517 0.1338 0.1238 0.1269 0.2016 0.2229 0.1229 0.0964 0.1513 0.1322 0.0963 0.1001 0.1391 0.2024 0.0879 0.0996 0.1566 0.1045 0.0931 0.0956 0.0785 0.0879 0.1064 0.1177 0.0894 0.0834 0.0969 0.0965 0.0817 0.0935 0.0764 0.0881 0.0831 0.0733 0.0981 0.0931 0.0803 0.0864 0.0694 0.1178 0.0736 0.0763 0.0653 0.0705 0.1262 0.0600 0.0819 0.0657 0.0621 0.0850 0.1270 0.0658 0.0752 0.0995 0.1079 0.0690 0.0691 0.0573 0.1005 0.0623 0.0646 0.1084],[2.4286 1.1317 0.8012 0.5885 0.6848 0.5183 0.5726 0.4314 0.5785 0.5813 0.3325 0.2953 0.3420 0.4419 0.3186 0.3166 0.2883 0.3095 0.2586 0.2945 0.3364 0.2455 0.2943 0.2934 0.2199 0.2693 0.2726 0.2207 0.2419 0.2423 0.2234 0.2125 0.2123 0.2184 0.2506 0.1781 0.1886 0.1761 0.2140 0.1929 0.1720 0.1721 0.2940 0.2860 0.1851 0.1343 0.2203 0.2063 0.1391 0.1574 0.2174 0.2971 0.1324 0.1617 0.2424 0.1485 0.1437 0.1452 0.1252 0.1505 0.1607 0.1757 0.1389 0.1451 0.1591 0.1599 0.1362 0.1422 0.1255 0.1596 0.1473 0.1305 0.1637 0.1565 0.1294 0.1569 0.1132 0.1957 0.1282 0.1361 0.1102 0.1263 0.2031 0.1119 0.1464 0.1103 0.1205 0.1566 0.2066 0.1152 0.1434 0.1767 0.1829 0.1295 0.1299 0.1026 0.1722 0.1150 0.1222 0.1872],[1.7962 1.3413 0.9366 0.7231 0.6272 0.5618 0.5157 0.4750 0.4434 0.4239 0.3991 0.3804 0.3737 0.3527 0.3462 0.3352 0.3235 0.3234 0.3163 0.3057 0.2920 0.2899 0.2825 0.2793 0.2737 0.2684 0.2629 0.2618 0.2528 0.2530 0.2452 0.2426 0.2421 0.2385 0.2347 0.2299 0.2283 0.2249 0.2193 0.2170 0.2148 0.2138 0.2122 0.2071 0.2016 0.2029 0.1963 0.2039 0.1958 0.1967 0.1928 0.1892 0.1900 0.1876 0.1877 0.1845 0.1848 0.1852 0.1829 0.1779 0.1788 0.1772 0.1735 0.1757 0.1743 0.1716 0.1721 0.1707 0.1697 0.1671 0.1694 0.1659 0.1686 0.1636 0.1604 0.1611 0.1626 0.1625 0.1583 0.1598 0.1559 0.1556 0.1568 0.1546 0.1514 0.1516 0.1536 0.1516 0.1545 0.1507 0.1480 0.1491 0.1467 0.1471 0.1482 0.1507 0.1453 0.1462 0.1454 0.1435]
