train_acc,valid_acc,test_acc,train_loss,valid_loss,train_aug_loss
0.9774585366249084,0.9594155550003052,0.9572680592536926,[2.8747 0.8571 0.4212 0.3449 0.3747 0.3051 0.2640 0.3865 0.2710 0.3604 0.2431 0.2222 0.3219 0.3197 0.2661 0.2334 0.1622 0.2108 0.1673 0.1628 0.2367 0.1457 0.1308 0.2176 0.1460 0.1196 0.1322 0.1396 0.1072 0.1301 0.1246 0.1473 0.1197 0.1662 0.2202 0.0903 0.1412 0.0965 0.1028 0.1518 0.0898 0.0845 0.1458 0.0965 0.0799 0.1598 0.0715 0.1190 0.0892 0.1120],[2.5723 0.8773 0.4707 0.3655 0.4026 0.3372 0.2979 0.3733 0.2760 0.3619 0.2671 0.2666 0.3280 0.3259 0.2865 0.2476 0.2055 0.2503 0.2151 0.2057 0.2578 0.1878 0.1789 0.2406 0.1853 0.1612 0.1711 0.1776 0.1523 0.1730 0.1729 0.1873 0.1761 0.2135 0.2577 0.1460 0.1834 0.1554 0.1571 0.2058 0.1415 0.1355 0.1953 0.1544 0.1401 0.2178 0.1376 0.1836 0.1525 0.1837],[1.8359 1.2564 0.8097 0.5993 0.5092 0.4494 0.4215 0.3886 0.3603 0.3453 0.3301 0.3129 0.2971 0.2849 0.2727 0.2657 0.2502 0.2461 0.2347 0.2275 0.2195 0.2164 0.2074 0.2021 0.2008 0.1902 0.1880 0.1860 0.1786 0.1755 0.1692 0.1669 0.1617 0.1614 0.1564 0.1561 0.1549 0.1477 0.1477 0.1452 0.1443 0.1395 0.1377 0.1368 0.1334 0.1307 0.1284 0.1271 0.1277 0.1236]
