train_acc,valid_acc,test_acc,train_loss,valid_loss,train_aug_loss
0.968588650226593,0.9561688303947449,0.9558071494102478,[1.9708 1.6593 1.1439 0.7017 0.4380 0.6294 0.4463 0.4866 0.5209 0.4109 0.3226 0.2556 0.3696 0.3692 0.2355 0.3387 0.1989 0.1996 0.2278 0.2089 0.3148 0.2250 0.1866 0.2856 0.1635 0.2073 0.2721 0.2614 0.3290 0.1793 0.1794 0.1626 0.2532 0.1854 0.1327 0.1785 0.1545 0.2318 0.1782 0.1738 0.1367 0.2045 0.1858 0.1790 0.1550 0.1997 0.1558 0.2007 0.1416 0.1586 0.1455 0.1481 0.1784 0.1999 0.1899 0.2080 0.1226 0.1928 0.1615 0.1891 0.1956 0.1496 0.1409 0.1925 0.1515 0.1165 0.1244 0.1722 0.1265 0.1548 0.1223 0.1428 0.2066 0.2403 0.1484 0.1723 0.1380 0.1433 0.1901 0.1476 0.1009 0.1646 0.1486 0.1113 0.1540 0.1561 0.1532 0.1409 0.1515 0.1265 0.1490 0.1377 0.1569 0.1365 0.1892 0.1390 0.1299 0.1500 0.1395 0.1771],[1.8855 1.7218 1.0572 0.7247 0.4537 0.5725 0.4211 0.4532 0.4711 0.3965 0.3123 0.2582 0.3475 0.3531 0.2603 0.3215 0.2115 0.2219 0.2317 0.2198 0.3156 0.2371 0.2090 0.2953 0.1950 0.2278 0.2832 0.2738 0.3320 0.2032 0.2003 0.1895 0.2753 0.2072 0.1629 0.2054 0.1882 0.2522 0.2056 0.2028 0.1686 0.2336 0.2113 0.2075 0.1916 0.2297 0.1899 0.2295 0.1772 0.1939 0.1800 0.1852 0.2132 0.2299 0.2255 0.2402 0.1616 0.2269 0.1953 0.2226 0.2275 0.1888 0.1824 0.2309 0.1907 0.1564 0.1644 0.2123 0.1672 0.1929 0.1639 0.1813 0.2460 0.2779 0.1897 0.2124 0.1809 0.1877 0.2294 0.1912 0.1468 0.2049 0.1900 0.1559 0.1972 0.2023 0.1967 0.1855 0.1958 0.1715 0.1937 0.1842 0.2048 0.1843 0.2339 0.1864 0.1753 0.1966 0.1857 0.2239],[1.8809 1.6722 1.3482 1.0620 0.8450 0.6902 0.6172 0.5488 0.5015 0.4718 0.4492 0.4261 0.4076 0.3878 0.3750 0.3627 0.3548 0.3391 0.3294 0.3229 0.3150 0.3056 0.3048 0.3009 0.2953 0.2892 0.2848 0.2768 0.2746 0.2694 0.2705 0.2669 0.2599 0.2594 0.2550 0.2512 0.2520 0.2458 0.2460 0.2419 0.2427 0.2353 0.2370 0.2380 0.2311 0.2286 0.2287 0.2239 0.2252 0.2240 0.2215 0.2220 0.2195 0.2163 0.2164 0.2118 0.2099 0.2123 0.2096 0.2106 0.2099 0.2117 0.2071 0.2052 0.2043 0.2044 0.2016 0.2003 0.2036 0.2004 0.1975 0.1983 0.1983 0.1951 0.1949 0.1960 0.1948 0.1958 0.1916 0.1925 0.1919 0.1883 0.1922 0.1888 0.1883 0.1877 0.1875 0.1841 0.1884 0.1878 0.1847 0.1831 0.1833 0.1827 0.1846 0.1826 0.1815 0.1806 0.1842 0.1827]
