train_acc,valid_acc,test_acc,train_loss,valid_loss,train_aug_loss
0.9503501057624817,0.9427759647369385,0.938823938369751,[1.7767 1.7139 1.9523 0.7750 0.5171 0.4181 0.3870 0.3365 0.3573 0.2739 0.2237 0.3272 0.2514 0.3701 0.2148 0.2599 0.2321 0.2459 0.2104 0.2655 0.1819 0.2560 0.2739 0.1643 0.1833 0.2388 0.2742 0.2039 0.2082 0.1718 0.1942 0.1752 0.1722 0.2010 0.2565 0.1589 0.1774 0.1796 0.2160 0.2160 0.2026 0.1706 0.1786 0.1676 0.2029 0.2124 0.1694 0.1754 0.2086 0.1932 0.1863 0.1538 0.1701 0.1587 0.1846 0.1935 0.1460 0.2496 0.1737 0.1812 0.1487 0.1954 0.1662 0.1960 0.1595 0.1891 0.1801 0.2150 0.1775 0.1676 0.2169 0.1840 0.1970 0.1758 0.1646 0.1594 0.1803 0.1694 0.1680 0.1665 0.1549 0.1768 0.1746 0.1988 0.1748 0.1469 0.1655 0.1946 0.1629 0.1686 0.1856 0.1747 0.1631 0.1600 0.1568 0.1831 0.1681 0.1637 0.1597 0.1681],[1.7828 1.5353 1.6861 0.7385 0.5196 0.4229 0.4056 0.3474 0.3588 0.3099 0.2642 0.3361 0.2677 0.3787 0.2411 0.2796 0.2499 0.2698 0.2386 0.2858 0.2149 0.2873 0.3077 0.2045 0.2187 0.2626 0.3033 0.2382 0.2407 0.2049 0.2276 0.2197 0.2125 0.2423 0.2931 0.2000 0.2171 0.2255 0.2549 0.2555 0.2438 0.2082 0.2169 0.2112 0.2403 0.2481 0.2090 0.2188 0.2485 0.2388 0.2290 0.1970 0.2138 0.2013 0.2249 0.2396 0.1866 0.2947 0.2147 0.2255 0.1916 0.2429 0.2102 0.2412 0.2046 0.2332 0.2265 0.2649 0.2254 0.2127 0.2655 0.2317 0.2422 0.2219 0.2091 0.2066 0.2264 0.2157 0.2152 0.2128 0.2020 0.2232 0.2226 0.2478 0.2224 0.1944 0.2140 0.2438 0.2107 0.2162 0.2342 0.2224 0.2113 0.2084 0.2036 0.2329 0.2173 0.2149 0.2085 0.2163],[1.8753 1.6865 1.3428 1.0307 0.7990 0.6628 0.5941 0.5311 0.4975 0.4642 0.4382 0.4180 0.4000 0.3855 0.3775 0.3687 0.3555 0.3447 0.3357 0.3297 0.3177 0.3169 0.3109 0.3046 0.2976 0.2960 0.2900 0.2870 0.2844 0.2776 0.2722 0.2733 0.2693 0.2660 0.2634 0.2642 0.2596 0.2557 0.2565 0.2524 0.2526 0.2483 0.2474 0.2441 0.2453 0.2396 0.2402 0.2365 0.2369 0.2332 0.2323 0.2320 0.2308 0.2301 0.2310 0.2272 0.2284 0.2277 0.2248 0.2244 0.2212 0.2225 0.2199 0.2170 0.2178 0.2194 0.2194 0.2169 0.2140 0.2130 0.2158 0.2129 0.2138 0.2112 0.2131 0.2132 0.2128 0.2117 0.2092 0.2090 0.2086 0.2085 0.2088 0.2078 0.2093 0.2061 0.2042 0.2075 0.2086 0.2070 0.2040 0.2045 0.2044 0.2054 0.2036 0.2035 0.2022 0.2045 0.2024 0.2061]
