train_acc,valid_acc,test_acc,train_loss,valid_loss,train_aug_loss
0.9865433573722839,0.9651205539703369,0.9385104179382324,[3.4983 0.4252 0.2510 0.3273 0.2332 0.1508 0.2000 0.1236 0.1281 0.1286 0.1576 0.1381 0.1032 0.1270 0.1188 0.0991 0.1064 0.1280 0.1311 0.1149 0.0758 0.0619 0.1165 0.1024 0.0735 0.1163 0.0614 0.1042 0.0545 0.0668 0.1012 0.1046 0.1215 0.0437 0.0735 0.0415 0.1273 0.0508 0.0726 0.0418 0.0441 0.0339 0.1032 0.0580 0.0713 0.0784 0.0480 0.0251 0.0345 0.0975 0.0383 0.0261 0.0299 0.0439 0.0793 0.0396 0.0525 0.0350 0.0243 0.0388 0.0203 0.0180 0.0297 0.0298 0.0220 0.0535 0.0290 0.0216 0.0239 0.0256 0.0221 0.0320 0.0450 0.0209 0.0635 0.0123 0.0242 0.0483 0.0171 0.0155 0.0226 0.0377 0.0165 0.0263 0.0097 0.0356 0.0327 0.0273 0.0148 0.0177 0.0188 0.0212 0.0180 0.0127 0.0266 0.0165 0.0093 0.0303 0.0165 0.0179],[3.1830 0.4629 0.2935 0.3520 0.2771 0.1933 0.2406 0.1920 0.1759 0.1913 0.2118 0.2019 0.1608 0.1787 0.1801 0.1711 0.1698 0.1981 0.2096 0.1807 0.1504 0.1449 0.1986 0.1718 0.1626 0.1911 0.1454 0.1878 0.1448 0.1477 0.1954 0.2042 0.2145 0.1277 0.1611 0.1411 0.2339 0.1510 0.1845 0.1479 0.1598 0.1451 0.2206 0.1704 0.1860 0.1939 0.1606 0.1299 0.1553 0.2271 0.1587 0.1406 0.1459 0.1704 0.2052 0.1650 0.1873 0.1635 0.1588 0.1682 0.1468 0.1412 0.1635 0.1542 0.1567 0.2173 0.1604 0.1545 0.1578 0.1757 0.1557 0.1750 0.1991 0.1578 0.2229 0.1468 0.1835 0.2188 0.1802 0.1605 0.1736 0.2098 0.1835 0.1884 0.1574 0.2077 0.2044 0.1979 0.1760 0.1741 0.1875 0.1959 0.1847 0.1670 0.1952 0.1943 0.1688 0.2158 0.1942 0.1827],[1.6593 0.6637 0.4290 0.3530 0.3083 0.2798 0.2583 0.2427 0.2251 0.2160 0.2039 0.1944 0.1840 0.1786 0.1743 0.1655 0.1599 0.1591 0.1502 0.1478 0.1411 0.1415 0.1371 0.1351 0.1292 0.1315 0.1219 0.1220 0.1182 0.1166 0.1140 0.1115 0.1096 0.1085 0.1048 0.1008 0.1019 0.0995 0.0976 0.0946 0.0932 0.0942 0.0876 0.0905 0.0877 0.0846 0.0856 0.0838 0.0827 0.0812 0.0818 0.0774 0.0784 0.0766 0.0769 0.0742 0.0734 0.0724 0.0701 0.0699 0.0684 0.0669 0.0679 0.0683 0.0650 0.0663 0.0634 0.0622 0.0632 0.0621 0.0611 0.0598 0.0612 0.0589 0.0584 0.0561 0.0578 0.0552 0.0551 0.0569 0.0539 0.0531 0.0535 0.0527 0.0524 0.0534 0.0530 0.0512 0.0505 0.0518 0.0491 0.0478 0.0491 0.0493 0.0477 0.0462 0.0458 0.0471 0.0452 0.0456]
