train_acc,valid_acc,test_acc,train_loss,valid_loss,train_aug_loss
0.9688233733177185,0.9573863744735718,0.956720232963562,[1.9605 2.0067 1.7951 1.0027 0.8856 0.5228 0.4868 0.3456 0.6061 0.2249 0.2631 0.2012 0.3058 0.2728 0.3449 0.2287 0.3493 0.1919 0.2449 0.2846 0.2586 0.2536 0.2272 0.1778 0.1827 0.2462 0.2338 0.2383 0.1711 0.1737 0.2426 0.2285 0.2587 0.1554 0.2306 0.2163 0.1592 0.1580 0.2206 0.1731 0.2302 0.2140 0.1706 0.1996 0.1425 0.1944 0.1161 0.2025 0.1362 0.2118 0.1774 0.1388 0.2268 0.1388 0.1363 0.1595 0.1944 0.1351 0.1395 0.1333 0.1228 0.1443 0.1951 0.1318 0.2167 0.1391 0.1672 0.1218 0.1393 0.1323 0.1518 0.1385 0.1671 0.1009 0.1288 0.2148 0.1713 0.1912 0.1242 0.1018 0.1169 0.1665 0.1690 0.1342 0.1375 0.1314 0.1922 0.1266 0.1537 0.1809 0.1093 0.1329 0.1141 0.1094 0.1077 0.1243 0.1490 0.1499 0.1070 0.1574],[2.0235 1.7074 1.5141 0.8975 0.7830 0.5135 0.4556 0.3482 0.5751 0.2565 0.2739 0.2303 0.3096 0.2850 0.3354 0.2418 0.3543 0.2155 0.2566 0.2953 0.2722 0.2702 0.2454 0.2011 0.2079 0.2634 0.2516 0.2568 0.1979 0.2017 0.2653 0.2544 0.2796 0.1889 0.2592 0.2445 0.1896 0.1916 0.2534 0.2035 0.2579 0.2494 0.2054 0.2377 0.1825 0.2283 0.1518 0.2381 0.1734 0.2451 0.2141 0.1777 0.2637 0.1753 0.1747 0.2003 0.2332 0.1752 0.1785 0.1726 0.1625 0.1865 0.2400 0.1747 0.2595 0.1810 0.2078 0.1627 0.1823 0.1754 0.1972 0.1830 0.2161 0.1468 0.1741 0.2612 0.2160 0.2379 0.1695 0.1491 0.1623 0.2125 0.2157 0.1779 0.1849 0.1780 0.2399 0.1745 0.2009 0.2310 0.1584 0.1812 0.1626 0.1566 0.1576 0.1718 0.1962 0.1983 0.1547 0.2050],[1.8819 1.6374 1.2805 0.9915 0.7995 0.6635 0.5831 0.5405 0.4946 0.4572 0.4343 0.4063 0.3968 0.3781 0.3686 0.3574 0.3413 0.3374 0.3295 0.3186 0.3130 0.3072 0.3003 0.2960 0.2905 0.2873 0.2774 0.2787 0.2732 0.2693 0.2657 0.2607 0.2581 0.2546 0.2535 0.2529 0.2518 0.2447 0.2455 0.2407 0.2400 0.2372 0.2366 0.2286 0.2307 0.2294 0.2285 0.2255 0.2236 0.2225 0.2222 0.2198 0.2199 0.2137 0.2173 0.2127 0.2132 0.2094 0.2115 0.2083 0.2067 0.2080 0.2064 0.2032 0.2021 0.2004 0.1998 0.1999 0.2011 0.1970 0.1985 0.1952 0.1997 0.1974 0.1963 0.1921 0.1948 0.1918 0.1906 0.1905 0.1941 0.1900 0.1919 0.1883 0.1863 0.1872 0.1850 0.1868 0.1852 0.1866 0.1856 0.1822 0.1821 0.1838 0.1814 0.1839 0.1824 0.1785 0.1820 0.1798]
