train_acc,valid_acc,test_acc,train_loss,valid_loss,train_aug_loss
0.9759427309036255,0.9555600881576538,0.9616508483886719,[3.3268 1.1382 0.4646 0.3989 0.3567 0.3375 0.3413 0.2941 0.4015 0.2935 0.3131 0.3334 0.3078 0.3703 0.2712 0.2911 0.2715 0.2856 0.2237 0.2645 0.1810 0.2022 0.2706 0.1755 0.1896 0.2080 0.1822 0.1483 0.1765 0.1712 0.2059 0.1660 0.1896 0.1355 0.1337 0.1529 0.1288 0.2206 0.1351 0.1432 0.1398 0.1396 0.1324 0.1547 0.1400 0.1210 0.1163 0.1562 0.1374 0.1094],[2.8499 0.9682 0.5041 0.4393 0.4069 0.3645 0.3541 0.3111 0.3919 0.2956 0.3212 0.3413 0.3241 0.3658 0.2935 0.2994 0.2960 0.3153 0.2540 0.2919 0.2300 0.2428 0.2856 0.2067 0.2195 0.2350 0.2141 0.1895 0.2085 0.2053 0.2373 0.2149 0.2326 0.1875 0.1814 0.1915 0.1787 0.2576 0.1938 0.1973 0.1919 0.1983 0.1788 0.2086 0.1999 0.1757 0.1742 0.2091 0.1948 0.1650],[1.8277 1.4204 0.9631 0.7351 0.6375 0.5673 0.5330 0.4954 0.4662 0.4543 0.4284 0.4030 0.3957 0.3823 0.3706 0.3569 0.3495 0.3390 0.3314 0.3162 0.3107 0.3056 0.2962 0.2927 0.2869 0.2830 0.2730 0.2691 0.2612 0.2611 0.2586 0.2500 0.2489 0.2420 0.2429 0.2351 0.2320 0.2295 0.2284 0.2239 0.2227 0.2180 0.2173 0.2135 0.2129 0.2101 0.2076 0.2050 0.2062 0.2016]
