train_acc,valid_acc,test_acc,train_loss,valid_loss,train_aug_loss
0.9934080839157104,0.9685901999473572,0.943129301071167,[2.0328 1.2551 0.5780 0.3606 0.3821 0.4111 0.3597 0.3216 0.2689 0.3271 0.2399 0.2907 0.3493 0.3376 0.2176 0.3118 0.1692 0.1950 0.2423 0.1759 0.1530 0.1620 0.1341 0.1818 0.2824 0.2398 0.1259 0.1174 0.1473 0.1555 0.1669 0.1578 0.1346 0.1577 0.0884 0.0925 0.0951 0.0944 0.1222 0.0780 0.0906 0.1159 0.1515 0.1104 0.0804 0.1163 0.1107 0.1128 0.0944 0.0936 0.0862 0.0621 0.0879 0.0713 0.0662 0.0873 0.0857 0.0738 0.0663 0.0589 0.0742 0.0727 0.0621 0.0812 0.0515 0.0446 0.0453 0.0441 0.0522 0.0575 0.0398 0.0420 0.0741 0.1003 0.0399 0.0526 0.0386 0.0419 0.0626 0.0512 0.0350 0.1000 0.0572 0.0391 0.0431 0.0543 0.0501 0.0476 0.0400 0.0312 0.0346 0.0351 0.0352 0.0255 0.0465 0.0513 0.0371 0.0334 0.0324 0.0345],[1.8533 1.1584 0.5741 0.3803 0.4021 0.4581 0.3653 0.3400 0.2856 0.3376 0.2669 0.3060 0.3381 0.3405 0.2422 0.3103 0.2001 0.2198 0.2502 0.2090 0.1921 0.1982 0.1664 0.2141 0.2915 0.2698 0.1683 0.1580 0.1855 0.1885 0.2047 0.1883 0.1752 0.2004 0.1431 0.1434 0.1483 0.1543 0.1716 0.1411 0.1493 0.1697 0.1975 0.1670 0.1406 0.1649 0.1577 0.1723 0.1475 0.1521 0.1451 0.1227 0.1514 0.1365 0.1368 0.1457 0.1486 0.1403 0.1354 0.1191 0.1437 0.1492 0.1279 0.1470 0.1251 0.1195 0.1157 0.1183 0.1249 0.1340 0.1162 0.1197 0.1482 0.1799 0.1162 0.1295 0.1101 0.1205 0.1517 0.1292 0.1145 0.1767 0.1361 0.1183 0.1214 0.1337 0.1322 0.1318 0.1214 0.1117 0.1177 0.1169 0.1234 0.1085 0.1322 0.1367 0.1278 0.1229 0.1237 0.1220],[1.8226 1.3665 0.8661 0.6406 0.5464 0.4874 0.4495 0.4135 0.3906 0.3599 0.3385 0.3279 0.3055 0.2982 0.2832 0.2698 0.2586 0.2522 0.2395 0.2300 0.2277 0.2190 0.2075 0.2013 0.1982 0.1910 0.1829 0.1843 0.1767 0.1732 0.1703 0.1704 0.1623 0.1607 0.1523 0.1517 0.1509 0.1474 0.1448 0.1422 0.1434 0.1360 0.1331 0.1330 0.1322 0.1309 0.1269 0.1266 0.1234 0.1233 0.1189 0.1189 0.1149 0.1172 0.1170 0.1130 0.1132 0.1106 0.1079 0.1092 0.1056 0.1030 0.1025 0.1005 0.1028 0.1013 0.1023 0.0983 0.0955 0.0965 0.0946 0.0951 0.0933 0.0937 0.0930 0.0914 0.0913 0.0905 0.0875 0.0873 0.0874 0.0854 0.0865 0.0864 0.0863 0.0847 0.0814 0.0810 0.0831 0.0802 0.0797 0.0790 0.0780 0.0792 0.0768 0.0778 0.0782 0.0743 0.0762 0.0751]
