train_acc,valid_acc,test_acc,train_loss,valid_loss,train_aug_loss
0.9570783376693726,0.9429789185523987,0.944667637348175,[1.8905 1.8469 1.3971 0.8022 0.6208 0.5769 0.3524 0.4001 0.3028 0.3431 0.2622 0.2748 0.2823 0.2238 0.2194 0.3982 0.3105 0.3853 0.2713 0.2153 0.2523 0.1664 0.2716 0.2837 0.1887 0.1726 0.2157 0.1926 0.2738 0.2289 0.1709 0.1804 0.2748 0.1616 0.2353 0.1807 0.2243 0.2405 0.2018 0.1918 0.1900 0.1753 0.2139 0.2384 0.1830 0.1793 0.1720 0.2079 0.1837 0.2378 0.2292 0.2081 0.2645 0.1955 0.2422 0.1821 0.1525 0.1909 0.1822 0.1888 0.2257 0.2026 0.2059 0.1540 0.1869 0.1801 0.1852 0.1771 0.2062 0.1784 0.1815 0.1494 0.1571 0.1735 0.1959 0.2013 0.1813 0.1968 0.1821 0.1425 0.1920 0.1924 0.1661 0.1851 0.1752 0.1732 0.1718 0.1535 0.1433 0.1344 0.1601 0.1757 0.2050 0.1859 0.2068 0.2015 0.1929 0.2006 0.1615 0.1705],[1.9066 1.5994 1.2408 0.7557 0.5840 0.5253 0.3418 0.3799 0.3275 0.3273 0.2581 0.2711 0.2747 0.2303 0.2226 0.3887 0.3128 0.3924 0.2733 0.2267 0.2579 0.1872 0.2852 0.2881 0.2058 0.1914 0.2298 0.2122 0.2878 0.2497 0.1938 0.2040 0.2907 0.1858 0.2588 0.2071 0.2428 0.2621 0.2248 0.2147 0.2168 0.2015 0.2411 0.2637 0.2075 0.2041 0.1993 0.2386 0.2116 0.2643 0.2603 0.2379 0.2956 0.2269 0.2754 0.2154 0.1856 0.2255 0.2157 0.2230 0.2602 0.2357 0.2401 0.1893 0.2222 0.2149 0.2202 0.2149 0.2399 0.2148 0.2174 0.1857 0.1920 0.2101 0.2313 0.2368 0.2179 0.2351 0.2196 0.1805 0.2287 0.2309 0.2022 0.2215 0.2139 0.2111 0.2114 0.1920 0.1830 0.1740 0.2008 0.2156 0.2433 0.2242 0.2451 0.2414 0.2342 0.2404 0.2010 0.2107],[1.8979 1.7056 1.3895 1.0802 0.8372 0.6901 0.6015 0.5389 0.5031 0.4651 0.4395 0.4253 0.4023 0.3854 0.3695 0.3583 0.3515 0.3449 0.3340 0.3262 0.3213 0.3165 0.3104 0.2989 0.2968 0.2971 0.2869 0.2818 0.2813 0.2756 0.2702 0.2697 0.2653 0.2652 0.2608 0.2602 0.2570 0.2507 0.2532 0.2468 0.2442 0.2421 0.2433 0.2375 0.2430 0.2390 0.2385 0.2338 0.2291 0.2319 0.2303 0.2297 0.2259 0.2252 0.2284 0.2245 0.2244 0.2178 0.2213 0.2174 0.2192 0.2156 0.2184 0.2161 0.2139 0.2150 0.2153 0.2135 0.2112 0.2097 0.2132 0.2133 0.2104 0.2062 0.2098 0.2093 0.2073 0.2064 0.2050 0.2078 0.2035 0.2043 0.2041 0.2071 0.2036 0.2044 0.2039 0.2002 0.2009 0.2027 0.1990 0.2007 0.2027 0.2028 0.1994 0.1981 0.1994 0.1986 0.1975 0.1989]
