train_acc,valid_acc,test_acc,train_loss,valid_loss,train_aug_loss
0.9683148264884949,0.9541395902633667,0.956720232963562,[2.2650 0.5434 0.3539 0.3433 0.3977 0.4566 0.4621 0.3667 0.4319 0.2955 0.3036 0.2510 0.2738 0.2442 0.2435 0.2323 0.2979 0.2644 0.1938 0.2470 0.2647 0.2136 0.3008 0.2198 0.2783 0.2082 0.2274 0.2024 0.1947 0.2237 0.1615 0.1704 0.2108 0.1364 0.1725 0.2227 0.1750 0.1572 0.1978 0.1616 0.1867 0.1388 0.1910 0.1648 0.1733 0.2107 0.1447 0.1207 0.1560 0.1774],[2.3441 0.5817 0.4078 0.4118 0.3766 0.4484 0.4445 0.3590 0.4016 0.3120 0.3041 0.2878 0.2858 0.2911 0.2532 0.2560 0.2972 0.2768 0.2126 0.2647 0.2663 0.2400 0.3004 0.2379 0.3048 0.2333 0.2446 0.2213 0.2164 0.2416 0.1918 0.2070 0.2336 0.1664 0.2000 0.2440 0.2005 0.1971 0.2254 0.1950 0.2102 0.1762 0.2201 0.1987 0.2021 0.2355 0.1852 0.1625 0.1938 0.2164],[1.4749 0.8298 0.6427 0.5660 0.5174 0.4818 0.4556 0.4317 0.4207 0.4002 0.3850 0.3755 0.3665 0.3522 0.3437 0.3363 0.3293 0.3248 0.3096 0.3107 0.2983 0.2945 0.2893 0.2852 0.2752 0.2706 0.2711 0.2636 0.2661 0.2593 0.2551 0.2503 0.2474 0.2442 0.2394 0.2390 0.2325 0.2288 0.2270 0.2251 0.2206 0.2190 0.2183 0.2152 0.2132 0.2106 0.2100 0.2054 0.2025 0.2032]
