train_acc,valid_acc,test_acc,train_loss,valid_loss,train_aug_loss
0.9845917820930481,0.9653158187866211,0.9413972496986389,[2.3804 1.5271 0.8956 0.8564 0.4801 0.4977 0.4973 0.4322 0.3669 0.3789 0.3587 0.2844 0.3773 0.2612 0.2745 0.2598 0.2562 0.2575 0.2183 0.2468 0.2378 0.1969 0.1916 0.2051 0.2259 0.1925 0.1896 0.2879 0.1861 0.1827 0.1487 0.1602 0.1578 0.1849 0.1324 0.2156 0.1259 0.1422 0.1254 0.1382 0.1119 0.1147 0.1237 0.1620 0.1028 0.1047 0.1047 0.0928 0.1206 0.1424 0.1472 0.1232 0.0958 0.1105 0.0869 0.1176 0.1118 0.0981 0.0988 0.0885 0.0813 0.0840 0.1017 0.1240 0.1144 0.0823 0.1803 0.0961 0.1433 0.0788 0.0779 0.0851 0.0666 0.0754 0.1697 0.0776 0.1158 0.0611 0.0720 0.0643 0.0831 0.1227 0.0622 0.0624 0.0676 0.0777 0.0812 0.0705 0.0682 0.0721 0.1298 0.0577 0.0781 0.0797 0.0671 0.0756 0.0927 0.0585 0.0663 0.0701],[2.1344 1.7108 1.0398 1.0103 0.5602 0.5861 0.6070 0.5255 0.4525 0.4818 0.4507 0.3334 0.5071 0.3352 0.3625 0.3362 0.3533 0.3330 0.3038 0.3466 0.3415 0.2860 0.2824 0.2982 0.3350 0.2690 0.2841 0.4492 0.2563 0.2731 0.2213 0.2283 0.2355 0.2869 0.1982 0.3278 0.1978 0.2153 0.1967 0.2321 0.1864 0.1895 0.2096 0.2618 0.1646 0.1791 0.1732 0.1557 0.2019 0.2306 0.2541 0.2238 0.1774 0.2148 0.1536 0.2068 0.2014 0.1826 0.1809 0.1661 0.1535 0.1599 0.1811 0.2215 0.2079 0.1491 0.2758 0.1917 0.2551 0.1528 0.1498 0.1647 0.1385 0.1469 0.2800 0.1578 0.2111 0.1337 0.1560 0.1247 0.1637 0.2342 0.1400 0.1264 0.1453 0.1601 0.1672 0.1490 0.1548 0.1534 0.2389 0.1318 0.1617 0.1706 0.1498 0.1646 0.1939 0.1399 0.1498 0.1654],[1.8404 1.4735 1.0377 0.8389 0.7307 0.6465 0.5933 0.5492 0.5165 0.4817 0.4659 0.4392 0.4228 0.3983 0.3837 0.3660 0.3548 0.3434 0.3325 0.3198 0.3085 0.3028 0.2993 0.2885 0.2834 0.2804 0.2743 0.2653 0.2636 0.2597 0.2532 0.2492 0.2490 0.2431 0.2372 0.2347 0.2294 0.2300 0.2216 0.2223 0.2168 0.2155 0.2110 0.2100 0.2067 0.2076 0.2008 0.2022 0.1985 0.1954 0.1948 0.1941 0.1934 0.1895 0.1867 0.1852 0.1844 0.1836 0.1805 0.1829 0.1790 0.1775 0.1761 0.1764 0.1748 0.1723 0.1749 0.1732 0.1682 0.1677 0.1647 0.1648 0.1677 0.1670 0.1628 0.1612 0.1611 0.1625 0.1603 0.1606 0.1586 0.1583 0.1567 0.1563 0.1550 0.1538 0.1540 0.1525 0.1493 0.1496 0.1491 0.1502 0.1497 0.1465 0.1476 0.1459 0.1465 0.1446 0.1447 0.1439]
