train_acc,valid_acc,test_acc,train_loss,valid_loss,train_aug_loss
0.9746224880218506,0.9553571343421936,0.957815945148468,[2.7556 0.6745 0.3541 0.5768 0.4523 0.5159 0.2679 0.5249 0.4741 0.3146 0.2506 0.2308 0.2303 0.2344 0.2940 0.3424 0.1989 0.1768 0.2176 0.3515 0.4445 0.2145 0.3208 0.1479 0.1537 0.2833 0.2229 0.2006 0.1531 0.1588 0.2559 0.1518 0.1232 0.2525 0.1739 0.1332 0.1238 0.1827 0.2331 0.1063 0.1543 0.1556 0.1341 0.1440 0.1690 0.1221 0.1385 0.1824 0.1623 0.1284],[3.2315 0.6539 0.4050 0.5364 0.4787 0.4875 0.3113 0.4978 0.4557 0.3568 0.3187 0.2532 0.2586 0.2514 0.3264 0.3387 0.2355 0.2262 0.2346 0.3578 0.4031 0.2390 0.3271 0.2020 0.2129 0.3002 0.2556 0.2256 0.2051 0.1983 0.2691 0.1948 0.1595 0.2697 0.2016 0.1767 0.1702 0.2191 0.2555 0.1525 0.1897 0.1903 0.1677 0.1861 0.2099 0.1677 0.1854 0.2251 0.2021 0.1702],[1.5249 0.8187 0.6208 0.5344 0.4909 0.4538 0.4278 0.4040 0.3969 0.3766 0.3703 0.3548 0.3474 0.3381 0.3307 0.3251 0.3133 0.3042 0.3007 0.2954 0.2883 0.2860 0.2839 0.2756 0.2712 0.2670 0.2638 0.2594 0.2558 0.2515 0.2483 0.2472 0.2398 0.2381 0.2370 0.2338 0.2321 0.2249 0.2258 0.2188 0.2167 0.2166 0.2136 0.2116 0.2107 0.2059 0.2042 0.2023 0.2009 0.1989]
