train_acc,valid_acc,test_acc,train_loss,valid_loss,train_aug_loss
0.967131495475769,0.9527191519737244,0.9539809823036194,[5.3349 0.7974 0.6872 0.4538 0.3875 0.3711 0.3760 0.3034 0.3423 0.3395 0.3190 0.2641 0.3676 0.3026 0.2506 0.4244 0.3639 0.2781 0.2808 0.4515 0.3540 0.2299 0.2065 0.3132 0.2132 0.2839 0.3480 0.3739 0.2098 0.2146 0.2127 0.1730 0.1669 0.2486 0.1571 0.1436 0.2154 0.2383 0.2715 0.1754 0.1829 0.3417 0.1951 0.1516 0.1454 0.2774 0.2298 0.3654 0.1332 0.1726],[6.4367 0.7772 0.8420 0.4720 0.4086 0.4146 0.3919 0.3616 0.3488 0.3411 0.3656 0.2804 0.3574 0.3171 0.3037 0.4115 0.3842 0.2876 0.3635 0.4169 0.3636 0.2616 0.2415 0.3168 0.2456 0.2993 0.3430 0.3696 0.2301 0.2533 0.2422 0.2069 0.2006 0.2815 0.1911 0.1817 0.2459 0.2576 0.2807 0.2192 0.2246 0.3345 0.2371 0.1933 0.1824 0.2951 0.2499 0.3498 0.1779 0.2092],[1.5916 0.9178 0.7283 0.6273 0.5617 0.5130 0.4750 0.4512 0.4349 0.4161 0.3996 0.3889 0.3785 0.3694 0.3600 0.3502 0.3409 0.3326 0.3278 0.3188 0.3138 0.3077 0.2985 0.2962 0.2916 0.2861 0.2783 0.2799 0.2722 0.2651 0.2657 0.2589 0.2534 0.2548 0.2485 0.2463 0.2415 0.2367 0.2363 0.2314 0.2282 0.2248 0.2260 0.2234 0.2197 0.2191 0.2176 0.2144 0.2166 0.2086]
