train_acc,test_acc,train_loss,train_aug_loss
0.9783376455307007,0.9252309203147888,[4.1801 0.7679 0.4346 0.4272 0.3316 0.3214 0.3965 0.3543 0.3686 0.3132 0.3189 0.3195 0.2289 0.2904 0.2540 0.2431 0.2049 0.2046 0.2030 0.1823 0.2199 0.1560 0.1374 0.1322 0.1470 0.1763 0.2177 0.1826 0.2066 0.1253 0.1448 0.1018 0.1564 0.1815 0.1278 0.1233 0.1360 0.1413 0.1424 0.0893 0.1266 0.1285 0.0998 0.1581 0.1455 0.0895 0.1272 0.0999 0.1192 0.1301 0.1239 0.1343 0.0955 0.0902 0.0758 0.1188 0.0953 0.0909 0.0969 0.0967 0.0986 0.0849 0.1008 0.0996 0.0799 0.0930 0.0678 0.1325 0.0594 0.0830 0.0760 0.1032 0.0682 0.0871 0.0783 0.1046 0.0662 0.0671 0.0957 0.1343 0.0908 0.0971 0.0571 0.0628 0.0712 0.0826 0.0757 0.0694 0.0760 0.0745 0.0758 0.0719 0.0534 0.0585 0.0951 0.0769 0.0458 0.1203 0.0749 0.0725],[1.7428 1.1074 0.7637 0.6226 0.5613 0.5092 0.4744 0.4427 0.4167 0.4013 0.3852 0.3708 0.3539 0.3376 0.3315 0.3192 0.3079 0.2992 0.2940 0.2887 0.2783 0.2712 0.2650 0.2615 0.2542 0.2505 0.2440 0.2419 0.2375 0.2336 0.2282 0.2255 0.2202 0.2207 0.2164 0.2125 0.2106 0.2088 0.2045 0.2040 0.2010 0.1984 0.1962 0.1961 0.1934 0.1904 0.1869 0.1889 0.1870 0.1867 0.1846 0.1799 0.1779 0.1770 0.1772 0.1756 0.1721 0.1735 0.1721 0.1703 0.1684 0.1686 0.1686 0.1656 0.1654 0.1613 0.1626 0.1620 0.1584 0.1604 0.1601 0.1608 0.1580 0.1578 0.1540 0.1529 0.1535 0.1542 0.1546 0.1518 0.1516 0.1499 0.1484 0.1500 0.1482 0.1487 0.1456 0.1472 0.1458 0.1450 0.1426 0.1436 0.1452 0.1445 0.1416 0.1397 0.1377 0.1404 0.1416 0.1409]
