train_acc,valid_acc,test_acc,train_loss,valid_loss,train_aug_loss
0.9723830223083496,0.9614447951316833,0.9541636109352112,[3.4689 0.8825 0.4582 0.4603 0.3531 0.3626 0.3649 0.2969 0.3718 0.2752 0.3933 0.3564 0.2989 0.2707 0.2599 0.2449 0.2494 0.1958 0.2324 0.2239 0.1786 0.2808 0.1844 0.2225 0.2215 0.1741 0.2366 0.1560 0.2247 0.1759 0.1709 0.1899 0.1508 0.1420 0.1253 0.1539 0.1419 0.1427 0.1602 0.1895 0.1436 0.1587 0.1161 0.1448 0.1096 0.1408 0.1339 0.1116 0.1480 0.1071],[3.1156 0.8920 0.4771 0.4255 0.3664 0.3639 0.3547 0.3031 0.3667 0.2849 0.3841 0.3538 0.3245 0.3105 0.2614 0.2774 0.2543 0.2268 0.2479 0.2435 0.2195 0.3047 0.2127 0.2518 0.2496 0.2117 0.2607 0.1944 0.2454 0.2076 0.1997 0.2182 0.1868 0.1818 0.1801 0.1981 0.1803 0.1868 0.1976 0.2337 0.1819 0.2051 0.1583 0.1865 0.1500 0.1877 0.1766 0.1584 0.1926 0.1477],[1.7963 1.2897 0.9118 0.7341 0.6276 0.5624 0.5207 0.4859 0.4600 0.4352 0.4177 0.3972 0.3825 0.3743 0.3601 0.3531 0.3344 0.3277 0.3244 0.3086 0.3085 0.3005 0.2911 0.2870 0.2835 0.2740 0.2736 0.2655 0.2617 0.2585 0.2570 0.2549 0.2466 0.2435 0.2360 0.2373 0.2333 0.2288 0.2285 0.2248 0.2220 0.2185 0.2155 0.2124 0.2118 0.2077 0.2077 0.2031 0.2057 0.2022]
