train_acc,valid_acc,test_acc,train_loss,valid_loss,train_aug_loss
0.9915422797203064,0.9667640328407288,0.9408198595046997,[3.4627 0.6919 0.3701 0.2873 0.2205 0.3030 0.2439 0.2363 0.2250 0.2790 0.1790 0.1589 0.1869 0.2326 0.1528 0.1504 0.1500 0.1349 0.1268 0.1293 0.1714 0.1102 0.1212 0.1515 0.2116 0.1581 0.1182 0.0997 0.0887 0.1633 0.0848 0.0943 0.0980 0.0826 0.0890 0.0780 0.1158 0.1678 0.0956 0.0592 0.0780 0.0973 0.1208 0.0603 0.0933 0.0934 0.1012 0.0865 0.0667 0.1232 0.0513 0.0831 0.1040 0.0970 0.0794 0.0555 0.0604 0.0638 0.0572 0.1050 0.1150 0.0575 0.0462 0.0564 0.0580 0.0429 0.0523 0.0517 0.0730 0.0421 0.0531 0.0470 0.0639 0.0793 0.0382 0.0508 0.0950 0.0560 0.0784 0.0288 0.0749 0.0372 0.0379 0.0522 0.0386 0.0371 0.0379 0.0572 0.0433 0.0734 0.0460 0.0275 0.0559 0.0280 0.0500 0.0502 0.0246 0.0558 0.0745 0.0237],[3.0900 0.6253 0.3626 0.2888 0.2467 0.2968 0.2532 0.2426 0.2425 0.2832 0.2006 0.1899 0.2061 0.2462 0.1883 0.1813 0.1760 0.1770 0.1582 0.1709 0.2097 0.1491 0.1670 0.1872 0.2375 0.2028 0.1675 0.1436 0.1431 0.2072 0.1386 0.1448 0.1511 0.1349 0.1417 0.1441 0.1750 0.2194 0.1566 0.1180 0.1351 0.1564 0.1817 0.1227 0.1577 0.1596 0.1673 0.1483 0.1341 0.1934 0.1186 0.1586 0.1761 0.1674 0.1465 0.1282 0.1304 0.1390 0.1342 0.1902 0.2026 0.1335 0.1234 0.1355 0.1409 0.1153 0.1286 0.1299 0.1583 0.1222 0.1346 0.1340 0.1510 0.1745 0.1213 0.1384 0.1909 0.1443 0.1802 0.1110 0.1690 0.1226 0.1215 0.1472 0.1298 0.1264 0.1259 0.1451 0.1390 0.1742 0.1420 0.1125 0.1568 0.1185 0.1434 0.1472 0.1186 0.1626 0.2038 0.1220],[1.6930 0.8112 0.5685 0.4725 0.4261 0.3951 0.3757 0.3573 0.3341 0.3224 0.3093 0.2992 0.2904 0.2772 0.2682 0.2641 0.2565 0.2505 0.2435 0.2398 0.2342 0.2312 0.2258 0.2257 0.2158 0.2148 0.2089 0.2091 0.2044 0.2014 0.1984 0.1948 0.1928 0.1880 0.1869 0.1837 0.1843 0.1777 0.1773 0.1749 0.1707 0.1689 0.1673 0.1653 0.1651 0.1595 0.1609 0.1592 0.1561 0.1550 0.1552 0.1539 0.1521 0.1502 0.1476 0.1445 0.1446 0.1441 0.1442 0.1418 0.1405 0.1359 0.1373 0.1342 0.1337 0.1349 0.1328 0.1317 0.1311 0.1318 0.1299 0.1281 0.1268 0.1220 0.1259 0.1232 0.1219 0.1212 0.1238 0.1232 0.1222 0.1207 0.1159 0.1179 0.1165 0.1154 0.1157 0.1159 0.1137 0.1132 0.1128 0.1114 0.1109 0.1101 0.1112 0.1107 0.1081 0.1079 0.1063 0.1058]
