train_acc,valid_acc,test_acc,train_loss,valid_loss,train_aug_loss
0.9644421935081482,0.9488636255264282,0.944667637348175,[4.7338 0.5608 0.4205 0.3259 0.5364 0.2981 0.4302 0.4147 0.7927 0.2992 0.2890 0.3721 0.3786 0.2603 0.3744 0.1966 0.3249 0.3277 0.3010 0.2129 0.2212 0.3189 0.2452 0.2454 0.1991 0.1799 0.2167 0.2137 0.2957 0.2056 0.2518 0.3204 0.1728 0.1524 0.2594 0.1409 0.2973 0.1808 0.1520 0.2033 0.1594 0.1584 0.1935 0.1510 0.1885 0.2491 0.2203 0.1637 0.2059 0.1442],[5.7598 0.5999 0.4693 0.3563 0.5215 0.3323 0.4225 0.3821 0.7193 0.3151 0.3197 0.3582 0.3710 0.3017 0.3757 0.2344 0.3162 0.3233 0.3020 0.2584 0.2454 0.3229 0.2595 0.2615 0.2209 0.2120 0.2451 0.2440 0.2939 0.2298 0.2712 0.3322 0.2189 0.1845 0.2979 0.1844 0.3209 0.2138 0.1858 0.2358 0.1980 0.2000 0.2269 0.1982 0.2300 0.2816 0.2545 0.2056 0.2450 0.1915],[1.6151 0.9238 0.7219 0.6024 0.5439 0.4953 0.4703 0.4456 0.4257 0.4089 0.3876 0.3832 0.3669 0.3574 0.3485 0.3400 0.3289 0.3181 0.3141 0.3028 0.3003 0.2950 0.2841 0.2806 0.2764 0.2717 0.2652 0.2607 0.2578 0.2506 0.2490 0.2422 0.2454 0.2390 0.2361 0.2314 0.2287 0.2299 0.2243 0.2230 0.2209 0.2161 0.2169 0.2141 0.2119 0.2084 0.2041 0.2038 0.2022 0.2040]
