train_acc,valid_acc,test_acc,train_loss,valid_loss,train_aug_loss
0.9679040908813477,0.953125,0.9541636109352112,[4.7001 0.5838 0.5373 0.4576 0.3183 0.4147 0.2872 0.3364 0.2812 0.2239 0.4462 0.3048 0.2157 0.2614 0.2066 0.4054 0.2581 0.2086 0.2828 0.1730 0.2710 0.2718 0.3601 0.2630 0.1478 0.2051 0.2595 0.2097 0.2372 0.1737 0.2128 0.2367 0.2443 0.1562 0.1293 0.2247 0.1828 0.1859 0.1527 0.1823 0.2172 0.1453 0.1276 0.1700 0.3072 0.2583 0.1335 0.1480 0.1194 0.1267],[5.5114 0.6745 0.6249 0.5916 0.3557 0.4063 0.3017 0.3606 0.2905 0.2718 0.4137 0.3153 0.2471 0.2772 0.2500 0.4075 0.2754 0.2374 0.2942 0.2009 0.2896 0.2906 0.3490 0.2896 0.2003 0.2373 0.2719 0.2518 0.2649 0.2071 0.2419 0.2613 0.2754 0.1896 0.1669 0.2617 0.2158 0.2246 0.1900 0.2214 0.2590 0.1824 0.1745 0.2060 0.3329 0.2895 0.1690 0.1787 0.1598 0.1679],[1.5931 0.8853 0.6714 0.5658 0.5131 0.4722 0.4446 0.4157 0.4022 0.3846 0.3742 0.3646 0.3493 0.3422 0.3344 0.3246 0.3220 0.3097 0.3020 0.2979 0.2928 0.2875 0.2839 0.2794 0.2676 0.2688 0.2670 0.2662 0.2599 0.2557 0.2515 0.2475 0.2430 0.2376 0.2378 0.2307 0.2282 0.2268 0.2260 0.2223 0.2214 0.2157 0.2158 0.2102 0.2105 0.2078 0.2068 0.2061 0.2011 0.2042]
