train_acc,valid_acc,test_acc,train_loss,valid_loss,train_aug_loss
0.9714441895484924,0.9571834206581116,0.960189938545227,[3.7051 0.9539 0.3838 0.3854 0.3608 0.3628 0.3127 0.4542 0.3574 0.2608 0.3802 0.3114 0.2868 0.3558 0.2563 0.2263 0.2892 0.3344 0.3684 0.2055 0.2922 0.2110 0.3072 0.2082 0.2753 0.2247 0.3455 0.1810 0.1740 0.6026 0.1555 0.2121 0.2372 0.2977 0.1547 0.1633 0.2860 0.2156 0.3175 0.1226 0.2095 0.2433 0.2363 0.1970 0.3204 0.1566 0.1884 0.2516 0.1817 0.1525],[4.3518 0.8528 0.4355 0.4528 0.4452 0.3527 0.3452 0.4473 0.3467 0.2746 0.3592 0.3295 0.2960 0.3400 0.3308 0.2500 0.3054 0.3364 0.3529 0.2303 0.2908 0.2296 0.3200 0.2273 0.2955 0.2454 0.3351 0.2193 0.2119 0.5861 0.2068 0.2442 0.2533 0.3132 0.1929 0.2018 0.2852 0.2440 0.3202 0.1662 0.2330 0.2660 0.2563 0.2292 0.3148 0.1869 0.2236 0.2741 0.2196 0.1876],[1.5343 0.8704 0.6780 0.5848 0.5275 0.4858 0.4612 0.4319 0.4142 0.4001 0.3833 0.3767 0.3643 0.3579 0.3466 0.3359 0.3281 0.3229 0.3141 0.3101 0.3004 0.2972 0.2937 0.2880 0.2792 0.2760 0.2725 0.2657 0.2647 0.2540 0.2537 0.2502 0.2493 0.2447 0.2419 0.2391 0.2339 0.2323 0.2306 0.2282 0.2259 0.2224 0.2212 0.2228 0.2159 0.2176 0.2129 0.2088 0.2102 0.2033]
