train_acc,valid_acc,test_acc,train_loss,valid_loss,train_aug_loss
0.9825340509414673,0.9579951167106628,0.9623813033103943,[2.8638 0.9238 0.4556 0.3916 0.3827 0.3174 0.3740 0.2953 0.2976 0.2839 0.2908 0.2904 0.2971 0.2126 0.2524 0.2387 0.2727 0.2380 0.2200 0.1688 0.1980 0.2661 0.1450 0.2040 0.1652 0.1305 0.1608 0.1866 0.1614 0.1168 0.0906 0.1245 0.1399 0.2101 0.1011 0.0961 0.1424 0.1143 0.1034 0.0935 0.1349 0.0746 0.1480 0.0851 0.1159 0.0860 0.0907 0.0890 0.1047 0.0761],[2.4986 0.8069 0.5351 0.3887 0.3941 0.3274 0.3765 0.3034 0.3034 0.3212 0.3145 0.3154 0.3377 0.2388 0.2822 0.2736 0.2976 0.2643 0.2594 0.2096 0.2361 0.2820 0.2014 0.2339 0.2212 0.1936 0.2190 0.2278 0.2061 0.1825 0.1530 0.1864 0.2021 0.2619 0.1585 0.1620 0.2079 0.1798 0.1717 0.1685 0.2078 0.1427 0.2289 0.1609 0.1948 0.1626 0.1663 0.1772 0.1880 0.1579],[1.7884 1.2651 0.8406 0.6303 0.5354 0.4775 0.4289 0.3933 0.3671 0.3471 0.3269 0.3075 0.2901 0.2795 0.2680 0.2529 0.2477 0.2376 0.2300 0.2217 0.2179 0.2131 0.2075 0.1985 0.1956 0.1905 0.1831 0.1802 0.1750 0.1724 0.1673 0.1633 0.1615 0.1605 0.1565 0.1508 0.1485 0.1459 0.1448 0.1418 0.1390 0.1399 0.1385 0.1304 0.1317 0.1300 0.1258 0.1283 0.1235 0.1246]
