train_acc,valid_acc,test_acc,train_loss,valid_loss,train_aug_loss
0.9844927191734314,0.9691380858421326,0.937644362449646,[3.4692 0.3950 0.2810 0.2212 0.1808 0.2308 0.2091 0.1915 0.1463 0.2280 0.1548 0.1386 0.2075 0.1471 0.2339 0.1206 0.0864 0.1162 0.1067 0.1755 0.1207 0.0669 0.0743 0.0819 0.0768 0.0758 0.0683 0.0652 0.1400 0.0583 0.0554 0.0716 0.0719 0.0544 0.0681 0.0534 0.0577 0.0495 0.0707 0.0765 0.0640 0.0888 0.0825 0.0546 0.0856 0.0377 0.0422 0.0314 0.0390 0.0306 0.0741 0.0384 0.0301 0.0481 0.0437 0.0468 0.0376 0.0333 0.0218 0.0337 0.0424 0.0226 0.0293 0.0466 0.0273 0.0204 0.0313 0.0247 0.0236 0.0444 0.0459 0.0244 0.0314 0.0129 0.0210 0.0167 0.0143 0.0250 0.0621 0.0111 0.0820 0.0217 0.0120 0.0161 0.0408 0.0105 0.0175 0.0133 0.0262 0.0157 0.0124 0.0336 0.0180 0.0151 0.0154 0.0156 0.0105 0.0221 0.0067 0.0092],[3.2201 0.3789 0.2784 0.2181 0.1929 0.2305 0.2182 0.1969 0.1615 0.2216 0.1702 0.1565 0.2068 0.1688 0.2433 0.1578 0.1319 0.1520 0.1361 0.2005 0.1539 0.1217 0.1284 0.1259 0.1213 0.1254 0.1263 0.1197 0.1852 0.1195 0.1264 0.1353 0.1289 0.1187 0.1223 0.1251 0.1273 0.1106 0.1360 0.1478 0.1365 0.1534 0.1492 0.1268 0.1580 0.1128 0.1171 0.1162 0.1166 0.1166 0.1527 0.1274 0.1140 0.1363 0.1364 0.1329 0.1258 0.1208 0.1144 0.1274 0.1489 0.1126 0.1189 0.1459 0.1326 0.1111 0.1215 0.1268 0.1216 0.1532 0.1570 0.1229 0.1351 0.1174 0.1272 0.1213 0.1195 0.1404 0.1896 0.1215 0.2090 0.1282 0.1192 0.1332 0.1666 0.1270 0.1420 0.1255 0.1502 0.1291 0.1142 0.1555 0.1461 0.1350 0.1307 0.1453 0.1148 0.1563 0.1329 0.1328],[1.6883 0.7107 0.4627 0.3779 0.3312 0.2970 0.2772 0.2612 0.2457 0.2355 0.2214 0.2106 0.2044 0.1939 0.1881 0.1826 0.1776 0.1691 0.1681 0.1596 0.1569 0.1526 0.1485 0.1426 0.1430 0.1385 0.1363 0.1311 0.1279 0.1247 0.1252 0.1187 0.1182 0.1133 0.1135 0.1107 0.1085 0.1077 0.1045 0.1024 0.1020 0.0987 0.0967 0.0950 0.0915 0.0938 0.0879 0.0890 0.0860 0.0872 0.0855 0.0831 0.0830 0.0784 0.0790 0.0786 0.0771 0.0757 0.0750 0.0716 0.0739 0.0711 0.0715 0.0689 0.0683 0.0679 0.0669 0.0655 0.0662 0.0630 0.0648 0.0622 0.0631 0.0640 0.0618 0.0607 0.0605 0.0587 0.0587 0.0558 0.0591 0.0569 0.0538 0.0543 0.0539 0.0551 0.0520 0.0527 0.0529 0.0524 0.0512 0.0516 0.0491 0.0493 0.0505 0.0490 0.0497 0.0484 0.0482 0.0461]
