train_acc,test_acc,train_loss,train_aug_loss
0.9808563590049744,0.931581974029541,[2.7816 0.5915 0.4168 0.3789 0.3711 0.4159 0.3360 0.4044 0.3615 0.2321 0.3432 0.3814 0.2748 0.2615 0.2270 0.2469 0.2306 0.3340 0.2433 0.2288 0.1834 0.2222 0.1629 0.2036 0.1671 0.1744 0.1654 0.1943 0.1642 0.1392 0.1408 0.1439 0.1464 0.1478 0.1365 0.1176 0.1161 0.1487 0.1114 0.0928 0.1418 0.1265 0.1182 0.1557 0.1203 0.1095 0.1302 0.1116 0.1009 0.1047 0.1003 0.1188 0.1012 0.0886 0.1181 0.1280 0.1015 0.0897 0.0863 0.0977 0.0951 0.1113 0.1204 0.0649 0.0822 0.1234 0.1515 0.1550 0.0839 0.1053 0.1145 0.0632 0.0709 0.0682 0.1052 0.0914 0.0822 0.0900 0.0733 0.0915 0.0673 0.0709 0.0907 0.0781 0.0710 0.0698 0.0569 0.0753 0.0772 0.0735 0.0729 0.0927 0.0599 0.0785 0.0592 0.0570 0.0727 0.0722 0.0761 0.0705],[1.7675 1.1428 0.7786 0.6378 0.5731 0.5167 0.4792 0.4488 0.4298 0.4116 0.3925 0.3809 0.3651 0.3518 0.3386 0.3335 0.3198 0.3121 0.3014 0.2919 0.2844 0.2788 0.2662 0.2664 0.2598 0.2537 0.2502 0.2459 0.2413 0.2356 0.2347 0.2297 0.2219 0.2236 0.2200 0.2165 0.2143 0.2135 0.2087 0.2066 0.2062 0.2021 0.2006 0.1968 0.1941 0.1927 0.1897 0.1899 0.1876 0.1852 0.1860 0.1833 0.1836 0.1792 0.1746 0.1784 0.1749 0.1769 0.1747 0.1733 0.1714 0.1697 0.1718 0.1681 0.1678 0.1629 0.1630 0.1664 0.1659 0.1613 0.1630 0.1602 0.1579 0.1578 0.1558 0.1549 0.1560 0.1540 0.1547 0.1519 0.1525 0.1536 0.1509 0.1502 0.1486 0.1482 0.1482 0.1481 0.1462 0.1443 0.1431 0.1431 0.1434 0.1415 0.1430 0.1408 0.1433 0.1369 0.1423 0.1385]
