train_acc,valid_acc,test_acc,train_loss,valid_loss,train_aug_loss
0.9755808711051941,0.9569805264472961,0.955441951751709,[2.6844 1.0906 0.5294 0.4328 0.4381 0.3487 0.3336 0.3319 0.3466 0.3791 0.2700 0.2650 0.2763 0.2669 0.2969 0.2789 0.2355 0.2449 0.2103 0.1773 0.2070 0.2254 0.1845 0.1634 0.1927 0.2071 0.1887 0.1657 0.1529 0.2006 0.1401 0.1967 0.1724 0.1580 0.1684 0.1815 0.1650 0.1404 0.1317 0.1433 0.2043 0.1496 0.1496 0.2117 0.1474 0.0854 0.1350 0.1062 0.0901 0.1125],[2.4879 1.0517 0.5300 0.4527 0.4518 0.3671 0.3801 0.3477 0.3509 0.3743 0.3210 0.2869 0.3047 0.3081 0.3141 0.2884 0.2570 0.2694 0.2402 0.2146 0.2432 0.2530 0.2190 0.2136 0.2447 0.2350 0.2252 0.2242 0.1919 0.2346 0.1830 0.2304 0.2075 0.1997 0.2064 0.2287 0.2112 0.1820 0.1762 0.1916 0.2517 0.1874 0.1905 0.2524 0.2004 0.1517 0.1823 0.1579 0.1467 0.1625],[1.8145 1.4516 1.0146 0.7853 0.6651 0.5899 0.5399 0.4937 0.4661 0.4465 0.4244 0.4093 0.3937 0.3812 0.3656 0.3491 0.3384 0.3313 0.3199 0.3155 0.2998 0.2942 0.2893 0.2840 0.2789 0.2728 0.2685 0.2633 0.2650 0.2506 0.2548 0.2466 0.2428 0.2426 0.2360 0.2299 0.2311 0.2286 0.2252 0.2190 0.2170 0.2154 0.2126 0.2115 0.2055 0.2077 0.2051 0.2009 0.1993 0.1946]
