train_acc,valid_acc,test_acc,train_loss,valid_loss,train_aug_loss
0.9910142421722412,0.9660335779190063,0.9301385879516602,[3.6240 0.4801 0.2981 0.2076 0.3267 0.2656 0.2783 0.2351 0.2000 0.1554 0.1499 0.1862 0.1913 0.1482 0.2492 0.1449 0.1133 0.1234 0.1628 0.1286 0.1480 0.0997 0.1117 0.1096 0.0744 0.1269 0.1644 0.0881 0.1318 0.1312 0.0801 0.0685 0.0786 0.0969 0.1182 0.1292 0.0913 0.0872 0.1178 0.0768 0.0856 0.0680 0.0927 0.0683 0.0829 0.0572 0.0636 0.0714 0.1083 0.0859 0.0914 0.0740 0.0544 0.0865 0.0783 0.1024 0.0791 0.0464 0.0527 0.0696 0.0588 0.0486 0.0709 0.0612 0.0557 0.0429 0.0575 0.0948 0.0477 0.0402 0.0554 0.0595 0.0426 0.0627 0.0642 0.0437 0.0587 0.0486 0.0682 0.0393 0.0408 0.0282 0.0512 0.0675 0.0412 0.0411 0.0484 0.0572 0.0436 0.0544 0.0369 0.0420 0.0440 0.0369 0.0272 0.0522 0.0280 0.0325 0.0247 0.0224],[3.2752 0.4566 0.3036 0.2388 0.3263 0.2940 0.2968 0.2735 0.2358 0.2027 0.1903 0.2342 0.2332 0.2014 0.2896 0.1969 0.1597 0.1781 0.2219 0.1900 0.2094 0.1601 0.1752 0.1780 0.1390 0.2030 0.2329 0.1619 0.2014 0.2122 0.1562 0.1463 0.1549 0.1767 0.2031 0.2193 0.1671 0.1676 0.1995 0.1636 0.1738 0.1578 0.1806 0.1559 0.1803 0.1448 0.1567 0.1702 0.2154 0.1767 0.1929 0.1806 0.1595 0.1764 0.1743 0.2062 0.1830 0.1457 0.1583 0.1707 0.1644 0.1451 0.1806 0.1623 0.1610 0.1498 0.1625 0.2075 0.1541 0.1409 0.1601 0.1735 0.1482 0.1801 0.1854 0.1585 0.1888 0.1649 0.1915 0.1562 0.1578 0.1336 0.1726 0.1914 0.1652 0.1673 0.1715 0.1821 0.1626 0.1854 0.1634 0.1669 0.1688 0.1605 0.1545 0.1819 0.1530 0.1649 0.1496 0.1398],[1.7106 0.8758 0.5613 0.4756 0.4192 0.3896 0.3631 0.3423 0.3276 0.3095 0.2955 0.2875 0.2744 0.2637 0.2559 0.2534 0.2442 0.2336 0.2309 0.2251 0.2248 0.2203 0.2130 0.2083 0.2063 0.2057 0.2023 0.1969 0.1931 0.1898 0.1895 0.1834 0.1834 0.1792 0.1767 0.1725 0.1722 0.1687 0.1695 0.1696 0.1651 0.1620 0.1603 0.1578 0.1573 0.1560 0.1511 0.1517 0.1492 0.1513 0.1490 0.1453 0.1451 0.1425 0.1397 0.1428 0.1399 0.1377 0.1378 0.1353 0.1353 0.1330 0.1306 0.1302 0.1276 0.1262 0.1279 0.1271 0.1269 0.1253 0.1221 0.1237 0.1243 0.1190 0.1187 0.1194 0.1197 0.1140 0.1147 0.1145 0.1180 0.1141 0.1144 0.1121 0.1127 0.1113 0.1106 0.1131 0.1118 0.1114 0.1089 0.1060 0.1070 0.1072 0.1052 0.1042 0.1052 0.1044 0.1011 0.1049]
