train_acc,valid_acc,test_acc,train_loss,valid_loss,train_aug_loss
0.9810671210289001,0.9673295617103577,0.968772828578949,[1.9509 1.6070 0.9086 0.5696 0.4855 0.4228 0.3644 0.4001 0.3650 0.3475 0.3185 0.2887 0.2955 0.2713 0.3278 0.2775 0.2648 0.2282 0.2510 0.2678 0.2418 0.1905 0.2193 0.2167 0.2288 0.1719 0.1709 0.1830 0.2717 0.1397 0.1750 0.1405 0.1937 0.1496 0.1109 0.1311 0.1104 0.1204 0.1020 0.1237 0.1351 0.0869 0.1116 0.0994 0.1091 0.0957 0.0833 0.0707 0.0889 0.0668],[1.7811 1.4332 0.9562 0.5816 0.5086 0.4584 0.3611 0.4046 0.3878 0.3641 0.3422 0.3172 0.3502 0.2670 0.3311 0.2977 0.2850 0.2441 0.2871 0.2710 0.2508 0.2098 0.2539 0.2352 0.2588 0.2020 0.2088 0.2168 0.2684 0.1793 0.2122 0.1780 0.2356 0.1810 0.1591 0.1755 0.1634 0.1638 0.1485 0.1734 0.1731 0.1511 0.1599 0.1509 0.1638 0.1560 0.1373 0.1294 0.1417 0.1338],[1.8332 1.6195 1.2209 0.9046 0.7162 0.6002 0.5257 0.4860 0.4475 0.4301 0.4053 0.3851 0.3627 0.3427 0.3295 0.3125 0.2967 0.2854 0.2745 0.2642 0.2573 0.2444 0.2402 0.2286 0.2256 0.2205 0.2059 0.2034 0.1988 0.1917 0.1869 0.1844 0.1778 0.1769 0.1682 0.1634 0.1628 0.1605 0.1539 0.1493 0.1486 0.1433 0.1458 0.1407 0.1391 0.1381 0.1323 0.1288 0.1293 0.1264]
