train_acc,test_acc,train_loss,train_aug_loss
0.9801751971244812,0.9272517561912537,[2.8787 0.8409 0.5058 0.4509 0.3580 0.3555 0.3488 0.3564 0.3426 0.3789 0.3855 0.3286 0.2513 0.3339 0.2980 0.1975 0.2295 0.2510 0.2583 0.2249 0.2158 0.2229 0.1726 0.1849 0.2574 0.2514 0.1631 0.2089 0.1551 0.1696 0.1580 0.1881 0.1484 0.1507 0.1759 0.1218 0.1468 0.1163 0.1300 0.1542 0.1892 0.1706 0.1414 0.1565 0.1246 0.1019 0.1495 0.1142 0.1375 0.1099 0.1042 0.0827 0.1199 0.0998 0.0960 0.1029 0.1120 0.1057 0.1950 0.1421 0.0932 0.1004 0.0938 0.1147 0.1027 0.0934 0.1335 0.0701 0.0768 0.0679 0.0985 0.0899 0.1061 0.1065 0.0839 0.1204 0.0979 0.0959 0.0944 0.0723 0.0787 0.0882 0.0997 0.0862 0.0809 0.0784 0.0930 0.1049 0.0851 0.0799 0.0697 0.0779 0.0699 0.0862 0.0715 0.0825 0.0638 0.0811 0.0672 0.0646],[1.7773 1.2347 0.8770 0.7019 0.6192 0.5586 0.5154 0.4903 0.4523 0.4269 0.4058 0.3787 0.3656 0.3506 0.3407 0.3253 0.3170 0.3080 0.3014 0.2917 0.2879 0.2799 0.2739 0.2698 0.2617 0.2590 0.2560 0.2534 0.2482 0.2415 0.2374 0.2364 0.2309 0.2297 0.2244 0.2222 0.2178 0.2180 0.2146 0.2125 0.2091 0.2047 0.2056 0.2026 0.2008 0.1978 0.1967 0.1924 0.1934 0.1900 0.1878 0.1870 0.1865 0.1851 0.1868 0.1845 0.1813 0.1823 0.1766 0.1775 0.1768 0.1733 0.1737 0.1740 0.1710 0.1693 0.1708 0.1670 0.1666 0.1657 0.1649 0.1642 0.1598 0.1584 0.1622 0.1599 0.1607 0.1586 0.1561 0.1544 0.1555 0.1551 0.1545 0.1523 0.1555 0.1507 0.1523 0.1522 0.1499 0.1489 0.1494 0.1453 0.1498 0.1464 0.1480 0.1466 0.1454 0.1474 0.1431 0.1449]
