train_acc,valid_acc,test_acc,train_loss,valid_loss,train_aug_loss
0.9780355095863342,0.961850643157959,0.9632943868637085,[3.3231 1.1000 0.5155 0.3957 0.3682 0.3139 0.4818 0.3946 0.3366 0.3214 0.3243 0.3078 0.2246 0.3461 0.2646 0.2574 0.2227 0.2130 0.2192 0.2846 0.2142 0.2659 0.2319 0.1614 0.1694 0.2267 0.2102 0.2599 0.1313 0.1658 0.1486 0.1326 0.1725 0.1571 0.1659 0.2074 0.1949 0.1364 0.1389 0.1901 0.1672 0.1048 0.0926 0.1366 0.1573 0.1068 0.0889 0.1432 0.1469 0.1328],[2.9351 0.9723 0.4994 0.3791 0.3607 0.3299 0.4538 0.3763 0.3238 0.2978 0.3176 0.3109 0.2453 0.3393 0.2644 0.2648 0.2452 0.2209 0.2281 0.2809 0.2240 0.2639 0.2469 0.1843 0.1835 0.2389 0.2231 0.2601 0.1626 0.1911 0.1815 0.1575 0.1901 0.1743 0.1925 0.2283 0.2133 0.1595 0.1674 0.2201 0.1976 0.1452 0.1314 0.1765 0.1883 0.1439 0.1295 0.1756 0.1810 0.1727],[1.8279 1.3956 0.9597 0.7412 0.6396 0.5784 0.5363 0.4952 0.4731 0.4503 0.4272 0.4039 0.3912 0.3790 0.3677 0.3596 0.3454 0.3369 0.3245 0.3173 0.3081 0.3027 0.2976 0.2943 0.2819 0.2836 0.2802 0.2694 0.2625 0.2583 0.2571 0.2532 0.2515 0.2438 0.2428 0.2416 0.2369 0.2314 0.2307 0.2310 0.2263 0.2259 0.2180 0.2152 0.2151 0.2151 0.2097 0.2069 0.2048 0.2010]
