train_acc,valid_acc,test_acc,train_loss,valid_loss,train_aug_loss
0.9705249667167664,0.9553571343421936,0.9561724066734314,[6.2271 0.6081 0.9483 0.4560 0.5533 0.4772 0.3618 0.2823 0.2355 0.3092 0.2658 0.4559 0.3131 0.2632 0.2260 0.2736 0.2743 0.3355 0.1836 0.1979 0.1877 0.2028 0.1914 0.4328 0.1891 0.1845 0.1756 0.2825 0.1781 0.3575 0.1543 0.1518 0.1736 0.1400 0.2655 0.1244 0.2235 0.3977 0.1394 0.2607 0.1606 0.1492 0.2100 0.1972 0.1404 0.1794 0.1227 0.2394 0.1186 0.2281],[7.4207 0.6124 0.8779 0.4236 0.5201 0.5088 0.3509 0.2963 0.2683 0.3288 0.2808 0.4386 0.3222 0.2835 0.2746 0.2812 0.2849 0.3357 0.2248 0.2313 0.2262 0.2397 0.2193 0.4201 0.2216 0.2189 0.2369 0.2922 0.2130 0.3502 0.1881 0.1908 0.2056 0.1884 0.2834 0.1683 0.2573 0.3837 0.1769 0.2911 0.1971 0.1950 0.2448 0.2332 0.1865 0.2228 0.1693 0.2808 0.1701 0.2665],[1.5874 0.8801 0.6696 0.5719 0.5153 0.4845 0.4502 0.4279 0.4106 0.3957 0.3792 0.3696 0.3589 0.3476 0.3381 0.3312 0.3214 0.3122 0.3109 0.3049 0.2991 0.2947 0.2898 0.2847 0.2808 0.2749 0.2704 0.2688 0.2637 0.2614 0.2589 0.2550 0.2447 0.2459 0.2388 0.2382 0.2351 0.2322 0.2267 0.2233 0.2191 0.2220 0.2183 0.2151 0.2129 0.2120 0.2084 0.2058 0.2023 0.2029]
