train_acc,valid_acc,test_acc,train_loss,valid_loss,train_aug_loss
0.9834924340248108,0.9622564911842346,0.9642074704170227,[4.8753 0.8895 0.4158 0.4493 0.3758 0.2746 0.3142 0.3750 0.2889 0.2260 0.1926 0.2740 0.1987 0.2448 0.2867 0.2157 0.2391 0.2579 0.1791 0.1823 0.1498 0.2755 0.1694 0.1816 0.1696 0.1229 0.1373 0.1304 0.1741 0.1763 0.1441 0.1468 0.1318 0.1194 0.1043 0.1307 0.1681 0.1243 0.1012 0.1194 0.0899 0.1246 0.0915 0.1759 0.0791 0.0653 0.0840 0.0871 0.0881 0.0836],[4.2404 0.8585 0.4355 0.4196 0.3441 0.3080 0.2932 0.3698 0.2974 0.2540 0.2278 0.2796 0.2419 0.2542 0.2874 0.2366 0.2573 0.2783 0.2102 0.2189 0.1908 0.2927 0.1975 0.2115 0.2171 0.1643 0.1836 0.1805 0.2178 0.2144 0.1949 0.1963 0.1810 0.1732 0.1543 0.1765 0.2200 0.1842 0.1608 0.1917 0.1508 0.1926 0.1566 0.2447 0.1513 0.1340 0.1518 0.1532 0.1541 0.1529],[1.7861 1.2333 0.8110 0.6122 0.5083 0.4407 0.4047 0.3763 0.3542 0.3337 0.3112 0.2951 0.2853 0.2719 0.2638 0.2536 0.2460 0.2352 0.2344 0.2266 0.2218 0.2146 0.2096 0.2010 0.1969 0.1936 0.1887 0.1833 0.1772 0.1769 0.1693 0.1661 0.1654 0.1598 0.1602 0.1553 0.1507 0.1520 0.1483 0.1464 0.1434 0.1415 0.1373 0.1346 0.1324 0.1322 0.1291 0.1279 0.1257 0.1268]
