train_acc,valid_acc,test_acc,train_loss,valid_loss,train_aug_loss
0.9525406956672668,0.9399350881576538,0.9448502659797668,[1.8563 1.6559 1.9507 1.0150 0.7621 0.3728 0.3789 0.4306 0.3992 0.3339 0.2287 0.2814 0.2434 0.2301 0.2872 0.1957 0.2798 0.3114 0.2287 0.2062 0.2660 0.1659 0.2550 0.2370 0.2093 0.1977 0.2152 0.2042 0.2059 0.2584 0.2171 0.2600 0.2489 0.2089 0.1902 0.2221 0.2893 0.1781 0.2472 0.2664 0.1936 0.2362 0.1984 0.1819 0.2084 0.1990 0.1833 0.2324 0.2341 0.2245 0.2878 0.2737 0.2184 0.1961 0.1786 0.2415 0.1829 0.1645 0.1840 0.2166 0.2086 0.1532 0.1914 0.1810 0.1933 0.1663 0.2147 0.1434 0.2018 0.2171 0.1780 0.2136 0.1926 0.2326 0.1965 0.1777 0.2063 0.1499 0.1724 0.2031 0.1875 0.1911 0.1922 0.1932 0.1958 0.1922 0.1774 0.2108 0.1814 0.2013 0.1766 0.1969 0.2220 0.1939 0.1979 0.1831 0.1952 0.1938 0.1966 0.1797],[1.8827 1.5381 1.6266 0.8727 0.6954 0.3912 0.3795 0.4127 0.3823 0.3366 0.2564 0.2987 0.2589 0.2501 0.2968 0.2233 0.2961 0.3166 0.2471 0.2241 0.2807 0.1991 0.2647 0.2558 0.2334 0.2214 0.2353 0.2262 0.2333 0.2809 0.2461 0.2840 0.2739 0.2416 0.2205 0.2513 0.3126 0.2117 0.2772 0.2931 0.2223 0.2637 0.2282 0.2155 0.2432 0.2359 0.2215 0.2667 0.2691 0.2564 0.3150 0.3062 0.2533 0.2320 0.2162 0.2818 0.2205 0.2024 0.2222 0.2568 0.2465 0.1936 0.2321 0.2194 0.2297 0.2082 0.2521 0.1839 0.2394 0.2573 0.2202 0.2534 0.2312 0.2719 0.2359 0.2191 0.2470 0.1932 0.2152 0.2457 0.2263 0.2316 0.2353 0.2332 0.2386 0.2338 0.2202 0.2501 0.2237 0.2414 0.2202 0.2374 0.2640 0.2371 0.2401 0.2264 0.2365 0.2361 0.2396 0.2232],[1.8955 1.7068 1.4189 1.1007 0.8476 0.6919 0.5952 0.5367 0.5024 0.4705 0.4345 0.4192 0.4009 0.3829 0.3713 0.3577 0.3471 0.3406 0.3272 0.3257 0.3138 0.3100 0.3036 0.3011 0.2938 0.2876 0.2828 0.2818 0.2781 0.2766 0.2659 0.2692 0.2628 0.2610 0.2615 0.2584 0.2550 0.2532 0.2487 0.2449 0.2464 0.2418 0.2430 0.2401 0.2385 0.2376 0.2359 0.2346 0.2362 0.2322 0.2296 0.2304 0.2269 0.2287 0.2286 0.2221 0.2192 0.2202 0.2189 0.2180 0.2165 0.2190 0.2175 0.2171 0.2199 0.2157 0.2125 0.2147 0.2145 0.2121 0.2117 0.2117 0.2107 0.2111 0.2101 0.2091 0.2071 0.2086 0.2079 0.2072 0.2095 0.2056 0.2072 0.2063 0.2052 0.2057 0.2015 0.2024 0.2033 0.2033 0.2031 0.2021 0.2033 0.1997 0.2020 0.2010 0.1989 0.2021 0.2023 0.1997]
