train_acc,valid_acc,test_acc,train_loss,valid_loss,train_aug_loss
0.9587212204933167,0.9508928656578064,0.9499634504318237,[1.9817 1.7033 0.8088 0.5986 0.3839 0.4388 0.4630 0.4473 0.3923 0.3728 0.2257 0.4590 0.2450 0.5571 0.2147 0.2429 0.2180 0.2083 0.2763 0.2147 0.2405 0.2082 0.1994 0.1443 0.1675 0.1653 0.1577 0.1622 0.1773 0.1621 0.2122 0.2420 0.2076 0.1901 0.2252 0.2162 0.2796 0.1385 0.1823 0.2072 0.2014 0.2127 0.1961 0.2330 0.1816 0.1643 0.2118 0.1540 0.1557 0.1780 0.1353 0.1577 0.2268 0.1624 0.1488 0.1460 0.1693 0.1781 0.1697 0.1626 0.1382 0.1733 0.1688 0.1629 0.1478 0.1471 0.1453 0.1873 0.1473 0.1485 0.1462 0.1881 0.1342 0.1435 0.1510 0.1582 0.1451 0.1439 0.1791 0.1544 0.1607 0.1672 0.1605 0.1558 0.1651 0.1504 0.1596 0.1272 0.1492 0.1364 0.1557 0.1451 0.1515 0.1379 0.1708 0.1690 0.1626 0.1705 0.1462 0.1467],[1.9867 1.4691 0.7789 0.5670 0.3835 0.4155 0.4385 0.4235 0.3837 0.3781 0.2501 0.4452 0.2550 0.5372 0.2298 0.2499 0.2414 0.2284 0.2956 0.2418 0.2564 0.2240 0.2253 0.1971 0.1989 0.2040 0.2000 0.1961 0.2043 0.1994 0.2425 0.2753 0.2415 0.2293 0.2637 0.2521 0.3117 0.1746 0.2221 0.2446 0.2465 0.2542 0.2393 0.2707 0.2278 0.2072 0.2555 0.1978 0.2003 0.2195 0.1787 0.1974 0.2739 0.2111 0.1910 0.1931 0.2154 0.2243 0.2165 0.2038 0.1860 0.2165 0.2181 0.2097 0.1937 0.1930 0.1917 0.2378 0.1950 0.1939 0.1950 0.2396 0.1835 0.1928 0.2009 0.2092 0.1947 0.1928 0.2303 0.2017 0.2118 0.2208 0.2092 0.2063 0.2145 0.2020 0.2115 0.1777 0.2003 0.1865 0.2084 0.1964 0.2056 0.1901 0.2264 0.2229 0.2159 0.2253 0.2001 0.2002],[1.8727 1.6204 1.2377 0.9274 0.7427 0.6303 0.5655 0.5136 0.4874 0.4493 0.4265 0.4110 0.3925 0.3770 0.3631 0.3534 0.3480 0.3369 0.3327 0.3226 0.3193 0.3098 0.3047 0.2954 0.2963 0.2887 0.2841 0.2806 0.2804 0.2720 0.2702 0.2662 0.2638 0.2620 0.2572 0.2547 0.2535 0.2510 0.2492 0.2506 0.2454 0.2454 0.2429 0.2419 0.2381 0.2397 0.2339 0.2338 0.2303 0.2364 0.2315 0.2264 0.2273 0.2251 0.2276 0.2205 0.2238 0.2209 0.2206 0.2189 0.2200 0.2193 0.2174 0.2133 0.2140 0.2162 0.2147 0.2159 0.2119 0.2128 0.2097 0.2124 0.2103 0.2098 0.2100 0.2073 0.2079 0.2078 0.2092 0.2084 0.2068 0.2073 0.2063 0.2028 0.2063 0.2037 0.2015 0.2014 0.2030 0.2032 0.2004 0.2008 0.2028 0.2018 0.2025 0.2003 0.1991 0.2009 0.2023 0.2010]
