train_acc,valid_acc,test_acc,train_loss,valid_loss,train_aug_loss
0.9799893498420715,0.9649507403373718,0.9379330277442932,[4.0671 0.7563 0.6568 0.4820 0.5153 0.3018 0.4448 0.3074 0.3397 0.3165 0.3145 0.2775 0.3379 0.2941 0.2315 0.2170 0.1946 0.2673 0.2081 0.2284 0.2463 0.2112 0.2519 0.1571 0.1793 0.1372 0.1961 0.1514 0.1725 0.1557 0.1774 0.1310 0.1789 0.1249 0.1376 0.1646 0.1266 0.1899 0.1190 0.1828 0.1077 0.1602 0.1659 0.1561 0.1360 0.1323 0.0884 0.0986 0.1274 0.0919 0.1317 0.0892 0.1456 0.0920 0.0921 0.1102 0.1036 0.0924 0.1063 0.1101 0.1267 0.0868 0.0869 0.0974 0.0743 0.1068 0.0869 0.1081 0.0852 0.0870 0.1476 0.0748 0.0928 0.1461 0.0847 0.0660 0.0698 0.0939 0.0976 0.0627 0.0691 0.0948 0.0908 0.0994 0.1153 0.0683 0.0763 0.0872 0.1332 0.1110 0.0624 0.0634 0.0837 0.0923 0.0725 0.0661 0.0964 0.0671 0.0762 0.0583],[3.7641 0.8839 0.7950 0.6075 0.6185 0.3458 0.5765 0.3491 0.4342 0.4179 0.3907 0.2940 0.4349 0.3899 0.2906 0.2849 0.2525 0.2911 0.2504 0.3137 0.3298 0.2973 0.3325 0.2187 0.2384 0.1885 0.2786 0.2030 0.2206 0.2084 0.2620 0.1960 0.2298 0.1650 0.1937 0.2504 0.1957 0.2782 0.1724 0.2612 0.1600 0.2330 0.2522 0.2248 0.2065 0.1958 0.1441 0.1638 0.2070 0.1484 0.2120 0.1555 0.2258 0.1511 0.1494 0.1839 0.1804 0.1617 0.1792 0.1577 0.2138 0.1501 0.1512 0.1686 0.1265 0.1849 0.1624 0.1924 0.1543 0.1609 0.2642 0.1465 0.1658 0.2340 0.1521 0.1290 0.1391 0.1692 0.1741 0.1280 0.1344 0.1797 0.1789 0.1758 0.1986 0.1443 0.1488 0.1691 0.2295 0.1905 0.1290 0.1428 0.1729 0.1863 0.1515 0.1399 0.1831 0.1462 0.1570 0.1327],[1.7572 1.1273 0.7589 0.6157 0.5488 0.5005 0.4713 0.4366 0.4243 0.4020 0.3886 0.3783 0.3622 0.3512 0.3421 0.3310 0.3235 0.3156 0.3054 0.2996 0.2926 0.2870 0.2805 0.2792 0.2692 0.2680 0.2579 0.2527 0.2534 0.2509 0.2443 0.2379 0.2399 0.2362 0.2293 0.2292 0.2291 0.2228 0.2200 0.2173 0.2151 0.2100 0.2097 0.2109 0.2095 0.2063 0.2003 0.1995 0.1975 0.1936 0.1942 0.1903 0.1905 0.1906 0.1835 0.1873 0.1856 0.1817 0.1833 0.1796 0.1797 0.1779 0.1768 0.1751 0.1747 0.1724 0.1724 0.1687 0.1701 0.1708 0.1656 0.1661 0.1659 0.1626 0.1636 0.1646 0.1602 0.1629 0.1582 0.1614 0.1583 0.1569 0.1564 0.1563 0.1566 0.1552 0.1532 0.1522 0.1545 0.1511 0.1491 0.1493 0.1501 0.1478 0.1485 0.1480 0.1482 0.1463 0.1436 0.1473]
