train_acc,valid_acc,test_acc,train_loss,valid_loss,train_aug_loss
0.9683050513267517,0.9545454382896423,0.9574506878852844,[4.4917 0.7031 0.4975 0.4220 0.3924 0.3315 0.3350 0.2378 0.2620 0.4072 0.5573 0.2259 0.5165 0.2299 0.2983 0.2063 0.2337 0.3507 0.2959 0.2366 0.2132 0.2231 0.2589 0.1650 0.2694 0.2842 0.2114 0.2941 0.2281 0.1851 0.1970 0.2485 0.2159 0.1739 0.2764 0.2231 0.2246 0.1484 0.1306 0.1793 0.2612 0.1864 0.1652 0.1885 0.1673 0.1770 0.2106 0.2102 0.1643 0.1270],[5.4202 0.8076 0.4645 0.4028 0.4053 0.3511 0.3481 0.2628 0.3013 0.4050 0.5038 0.2622 0.4713 0.2580 0.2871 0.2380 0.2620 0.3356 0.3070 0.2604 0.2354 0.2677 0.2760 0.2006 0.2809 0.2911 0.2425 0.3077 0.2674 0.2302 0.2326 0.2859 0.2389 0.2077 0.2938 0.2567 0.2591 0.1910 0.1666 0.2130 0.2811 0.2222 0.2035 0.2223 0.2021 0.2093 0.2466 0.2304 0.2043 0.1781],[1.6149 0.8927 0.6868 0.5870 0.5332 0.4969 0.4689 0.4444 0.4223 0.4055 0.3892 0.3751 0.3624 0.3509 0.3431 0.3348 0.3263 0.3204 0.3171 0.3054 0.3047 0.2987 0.2956 0.2927 0.2810 0.2800 0.2722 0.2715 0.2636 0.2610 0.2571 0.2534 0.2521 0.2458 0.2437 0.2426 0.2414 0.2386 0.2291 0.2297 0.2285 0.2245 0.2261 0.2206 0.2146 0.2145 0.2112 0.2072 0.2070 0.2066]
