train_acc,valid_acc,test_acc,train_loss,valid_loss,train_aug_loss
0.9913398623466492,0.9696859121322632,0.9411085247993469,[3.8349 0.4473 0.2556 0.2590 0.2264 0.3045 0.2689 0.2661 0.2185 0.1675 0.2192 0.1902 0.1617 0.1919 0.1448 0.1614 0.2046 0.1648 0.1849 0.1446 0.1431 0.1800 0.1221 0.1368 0.1588 0.1179 0.0863 0.0931 0.0857 0.1216 0.0901 0.0935 0.1291 0.1080 0.1275 0.0705 0.0958 0.1238 0.0825 0.1074 0.1284 0.0650 0.0507 0.1208 0.1057 0.0536 0.0790 0.0728 0.0654 0.0597 0.0746 0.0774 0.0667 0.0625 0.0734 0.0489 0.0543 0.0817 0.1067 0.0574 0.0608 0.0665 0.0444 0.0545 0.0586 0.1252 0.0731 0.1108 0.1329 0.0832 0.0428 0.0604 0.0484 0.0554 0.0416 0.0319 0.0478 0.0419 0.0454 0.0287 0.0495 0.0431 0.0454 0.0539 0.0628 0.0391 0.0572 0.0274 0.0591 0.0470 0.0585 0.0333 0.0364 0.0592 0.0567 0.0416 0.0338 0.0345 0.0250 0.0350],[3.4675 0.4136 0.2704 0.2471 0.2383 0.3187 0.2635 0.2993 0.2402 0.1896 0.2270 0.2064 0.1787 0.2187 0.1781 0.1904 0.2327 0.1916 0.2174 0.1785 0.1752 0.2156 0.1549 0.1790 0.1998 0.1666 0.1290 0.1335 0.1342 0.1657 0.1516 0.1436 0.1797 0.1583 0.1894 0.1195 0.1541 0.1869 0.1404 0.1673 0.1907 0.1230 0.1114 0.1885 0.1838 0.1122 0.1460 0.1407 0.1276 0.1192 0.1469 0.1457 0.1350 0.1228 0.1397 0.1168 0.1173 0.1550 0.1995 0.1311 0.1410 0.1386 0.1221 0.1342 0.1398 0.2288 0.1570 0.2097 0.2215 0.1702 0.1209 0.1407 0.1386 0.1508 0.1236 0.1111 0.1353 0.1201 0.1252 0.1053 0.1535 0.1211 0.1329 0.1421 0.1723 0.1257 0.1516 0.1069 0.1614 0.1349 0.1624 0.1152 0.1294 0.1533 0.1571 0.1394 0.1276 0.1284 0.1103 0.1301],[1.6960 0.8066 0.5567 0.4728 0.4214 0.3957 0.3671 0.3426 0.3304 0.3153 0.3016 0.2859 0.2774 0.2688 0.2644 0.2560 0.2478 0.2386 0.2348 0.2325 0.2293 0.2222 0.2193 0.2131 0.2101 0.2069 0.2059 0.1993 0.1961 0.1926 0.1935 0.1886 0.1881 0.1838 0.1827 0.1777 0.1737 0.1729 0.1731 0.1708 0.1660 0.1675 0.1631 0.1632 0.1589 0.1602 0.1560 0.1571 0.1522 0.1536 0.1513 0.1493 0.1461 0.1446 0.1413 0.1443 0.1418 0.1414 0.1395 0.1382 0.1377 0.1364 0.1358 0.1349 0.1326 0.1308 0.1313 0.1289 0.1251 0.1268 0.1238 0.1273 0.1250 0.1236 0.1220 0.1206 0.1228 0.1186 0.1210 0.1180 0.1170 0.1176 0.1155 0.1167 0.1136 0.1144 0.1145 0.1121 0.1121 0.1132 0.1078 0.1079 0.1079 0.1103 0.1087 0.1083 0.1065 0.1068 0.1053 0.1051]
