train_acc,valid_acc,test_acc,train_loss,valid_loss,train_aug_loss
0.9615474939346313,0.9500811696052551,0.9474068880081177,[1.9869 1.5386 1.0957 0.7128 0.4482 0.3781 0.3266 0.3553 0.3547 0.4496 0.2680 0.4246 0.3370 0.2875 0.3041 0.2832 0.2259 0.2078 0.2940 0.2765 0.2254 0.1889 0.1753 0.1538 0.1611 0.2168 0.2094 0.2373 0.2217 0.1356 0.1355 0.1571 0.1833 0.1648 0.1521 0.1546 0.1491 0.1497 0.2062 0.1792 0.2008 0.1494 0.2078 0.2091 0.1519 0.1406 0.1439 0.1305 0.2345 0.1496 0.1512 0.1562 0.1669 0.1500 0.1762 0.1505 0.1740 0.1333 0.1487 0.1527 0.1680 0.1315 0.1496 0.1694 0.1908 0.1732 0.1367 0.1445 0.1335 0.1406 0.1595 0.1498 0.1337 0.1220 0.1499 0.1697 0.1568 0.1562 0.1419 0.1714 0.1275 0.1559 0.1460 0.1179 0.1433 0.1754 0.1647 0.1698 0.1466 0.1297 0.1200 0.1383 0.1302 0.1457 0.1255 0.1524 0.1206 0.1241 0.1242 0.1260],[1.8818 1.4289 1.0231 0.6761 0.4563 0.3788 0.3243 0.3432 0.3414 0.4208 0.2746 0.3992 0.3393 0.2923 0.3013 0.2897 0.2474 0.2304 0.2986 0.2856 0.2439 0.2201 0.2072 0.1845 0.1874 0.2384 0.2315 0.2594 0.2453 0.1761 0.1686 0.1837 0.2124 0.1975 0.1867 0.1873 0.1791 0.1832 0.2374 0.2097 0.2270 0.1786 0.2418 0.2405 0.1890 0.1742 0.1835 0.1655 0.2652 0.1838 0.1860 0.1926 0.2026 0.1852 0.2088 0.1913 0.2127 0.1727 0.1896 0.1915 0.2062 0.1734 0.1894 0.2068 0.2274 0.2141 0.1788 0.1850 0.1733 0.1811 0.2013 0.1926 0.1772 0.1646 0.1918 0.2085 0.1967 0.1999 0.1864 0.2126 0.1709 0.1993 0.1861 0.1630 0.1876 0.2215 0.2087 0.2158 0.1916 0.1739 0.1639 0.1868 0.1789 0.1937 0.1706 0.1990 0.1676 0.1722 0.1731 0.1740],[1.8799 1.6638 1.3204 1.0362 0.7989 0.6764 0.5964 0.5482 0.5096 0.4705 0.4446 0.4250 0.4069 0.3922 0.3776 0.3670 0.3577 0.3437 0.3387 0.3259 0.3195 0.3127 0.3075 0.2976 0.2924 0.2921 0.2887 0.2780 0.2761 0.2732 0.2700 0.2666 0.2631 0.2612 0.2558 0.2544 0.2527 0.2509 0.2473 0.2453 0.2437 0.2404 0.2348 0.2347 0.2330 0.2300 0.2319 0.2303 0.2264 0.2266 0.2256 0.2241 0.2216 0.2205 0.2161 0.2151 0.2134 0.2125 0.2113 0.2126 0.2108 0.2072 0.2075 0.2070 0.2075 0.2054 0.2043 0.2029 0.2006 0.2005 0.1999 0.1993 0.2012 0.1947 0.1953 0.1955 0.1989 0.1956 0.1947 0.1936 0.1941 0.1932 0.1891 0.1924 0.1888 0.1903 0.1901 0.1913 0.1879 0.1887 0.1883 0.1858 0.1867 0.1879 0.1851 0.1834 0.1856 0.1859 0.1832 0.1855]
