train_acc,valid_acc,test_acc,train_loss,valid_loss,train_aug_loss
0.9719820618629456,0.9590097665786743,0.9605551362037659,[1.8962 2.2137 1.9018 0.6914 0.5340 0.4000 0.3180 0.3313 0.2695 0.2512 0.3164 0.2429 0.2267 0.2229 0.1886 0.2785 0.2119 0.2119 0.2493 0.1709 0.1990 0.1864 0.2291 0.1881 0.2643 0.1820 0.1752 0.1471 0.2838 0.1377 0.2199 0.1745 0.2076 0.1698 0.1897 0.1300 0.1914 0.1449 0.1981 0.2051 0.1764 0.1615 0.1981 0.1333 0.1715 0.1240 0.1359 0.1509 0.2115 0.1174 0.1450 0.1951 0.1280 0.1853 0.1169 0.1379 0.1016 0.1791 0.0946 0.1417 0.2146 0.1449 0.1842 0.1227 0.1116 0.1978 0.1223 0.1200 0.1187 0.1252 0.1515 0.1392 0.1166 0.1275 0.1364 0.1107 0.1546 0.1349 0.1432 0.1129 0.1427 0.1284 0.1218 0.1447 0.1470 0.1680 0.1422 0.1512 0.1403 0.1757 0.1089 0.1432 0.1355 0.1412 0.1537 0.1344 0.1194 0.1362 0.1486 0.1525],[1.9211 1.8716 1.5887 0.6466 0.5127 0.3923 0.3240 0.3228 0.2781 0.2712 0.3199 0.2601 0.2522 0.2408 0.2206 0.2899 0.2294 0.2305 0.2657 0.1970 0.2185 0.2099 0.2481 0.2129 0.2817 0.2054 0.1999 0.1803 0.3019 0.1942 0.2450 0.2050 0.2366 0.2008 0.2215 0.1642 0.2193 0.1772 0.2259 0.2370 0.2080 0.1940 0.2311 0.1678 0.2053 0.1591 0.1760 0.1913 0.2454 0.1515 0.1785 0.2324 0.1663 0.2235 0.1549 0.1792 0.1382 0.2177 0.1361 0.1819 0.2539 0.1867 0.2276 0.1616 0.1528 0.2410 0.1632 0.1598 0.1616 0.1680 0.1947 0.1845 0.1586 0.1710 0.1812 0.1537 0.2025 0.1828 0.1871 0.1565 0.1877 0.1729 0.1675 0.1901 0.1940 0.2151 0.1894 0.1980 0.1879 0.2226 0.1546 0.1912 0.1837 0.1882 0.2025 0.1810 0.1681 0.1827 0.1965 0.2032],[1.8727 1.6454 1.2642 0.9677 0.7644 0.6365 0.5663 0.5200 0.4763 0.4481 0.4307 0.4090 0.3906 0.3730 0.3616 0.3547 0.3467 0.3350 0.3277 0.3178 0.3097 0.3045 0.2995 0.2954 0.2866 0.2849 0.2851 0.2757 0.2739 0.2719 0.2648 0.2652 0.2572 0.2573 0.2570 0.2552 0.2497 0.2475 0.2455 0.2401 0.2407 0.2377 0.2317 0.2298 0.2311 0.2290 0.2263 0.2255 0.2285 0.2251 0.2233 0.2184 0.2190 0.2154 0.2173 0.2156 0.2115 0.2117 0.2110 0.2112 0.2103 0.2083 0.2072 0.2058 0.2028 0.2052 0.2059 0.2028 0.1991 0.1998 0.1989 0.1970 0.1957 0.1964 0.1954 0.1951 0.1993 0.1917 0.1917 0.1945 0.1922 0.1892 0.1893 0.1882 0.1888 0.1848 0.1886 0.1882 0.1874 0.1872 0.1877 0.1850 0.1841 0.1839 0.1840 0.1843 0.1820 0.1827 0.1822 0.1834]
