train_acc,valid_acc,test_acc,train_loss,valid_loss,train_aug_loss
0.9906445741653442,0.970051109790802,0.9468821883201599,[2.6898 0.3983 0.2963 0.2682 0.2274 0.2042 0.2321 0.3022 0.2007 0.1653 0.1391 0.1702 0.1408 0.1758 0.1192 0.1845 0.1355 0.1441 0.0919 0.1837 0.1172 0.0934 0.1581 0.0999 0.1491 0.1227 0.1628 0.0864 0.1379 0.0970 0.0930 0.1273 0.1651 0.0732 0.1096 0.0665 0.0594 0.0540 0.0745 0.1249 0.0776 0.0576 0.1144 0.0596 0.0493 0.0681 0.0704 0.0918 0.0484 0.0774 0.0582 0.0696 0.0458 0.0846 0.0997 0.0713 0.1051 0.0617 0.0935 0.0726 0.0702 0.0494 0.0978 0.0667 0.0709 0.0543 0.0848 0.0360 0.0715 0.0417 0.0476 0.0292 0.0332 0.0333 0.0492 0.0439 0.0381 0.0383 0.0621 0.0362 0.0299 0.0529 0.0286 0.0555 0.0683 0.0333 0.0401 0.0338 0.0377 0.0281 0.0414 0.0340 0.0389 0.0272 0.0403 0.0434 0.0754 0.0371 0.0320 0.0259],[2.2498 0.3986 0.2904 0.2928 0.2453 0.2210 0.2556 0.3126 0.2202 0.1982 0.1884 0.1986 0.1737 0.2130 0.1578 0.2146 0.1759 0.1801 0.1331 0.2216 0.1624 0.1350 0.2006 0.1462 0.1930 0.1696 0.2149 0.1385 0.1957 0.1598 0.1516 0.1871 0.2214 0.1344 0.1724 0.1348 0.1212 0.1177 0.1420 0.1873 0.1430 0.1240 0.1887 0.1269 0.1191 0.1403 0.1381 0.1580 0.1188 0.1497 0.1327 0.1404 0.1185 0.1628 0.1802 0.1544 0.1920 0.1519 0.1792 0.1570 0.1622 0.1336 0.1904 0.1505 0.1532 0.1417 0.1778 0.1206 0.1620 0.1235 0.1354 0.1037 0.1201 0.1180 0.1483 0.1375 0.1324 0.1325 0.1625 0.1222 0.1182 0.1513 0.1164 0.1515 0.1733 0.1205 0.1359 0.1221 0.1311 0.1268 0.1343 0.1319 0.1399 0.1207 0.1468 0.1548 0.1983 0.1410 0.1401 0.1241],[1.6366 0.7405 0.5293 0.4607 0.4078 0.3786 0.3552 0.3382 0.3216 0.3038 0.2916 0.2800 0.2674 0.2634 0.2574 0.2455 0.2413 0.2363 0.2297 0.2261 0.2217 0.2162 0.2119 0.2107 0.2040 0.2003 0.1970 0.1940 0.1898 0.1877 0.1857 0.1845 0.1794 0.1801 0.1734 0.1720 0.1693 0.1694 0.1674 0.1632 0.1644 0.1609 0.1604 0.1568 0.1571 0.1546 0.1526 0.1519 0.1461 0.1480 0.1448 0.1466 0.1439 0.1429 0.1440 0.1394 0.1393 0.1367 0.1354 0.1364 0.1342 0.1329 0.1286 0.1327 0.1292 0.1264 0.1281 0.1258 0.1257 0.1238 0.1239 0.1205 0.1207 0.1202 0.1193 0.1209 0.1185 0.1159 0.1153 0.1152 0.1158 0.1149 0.1134 0.1128 0.1097 0.1127 0.1111 0.1089 0.1075 0.1098 0.1082 0.1064 0.1089 0.1064 0.1068 0.1037 0.1071 0.1086 0.1035 0.1043]
