train_acc,valid_acc,test_acc,train_loss,valid_loss,train_aug_loss
0.9891571998596191,0.9695032835006714,0.945438802242279,[5.5082 0.4021 0.3135 0.1993 0.2117 0.2114 0.1647 0.1502 0.1196 0.1244 0.1236 0.2524 0.1188 0.1692 0.1527 0.0946 0.0811 0.0835 0.1354 0.0902 0.1703 0.0734 0.1085 0.0846 0.0895 0.0865 0.0702 0.0798 0.0558 0.0904 0.0657 0.0804 0.0575 0.0549 0.0864 0.0456 0.0486 0.0350 0.0603 0.0732 0.0689 0.0512 0.0474 0.0373 0.0887 0.0660 0.0577 0.0399 0.0551 0.0389 0.0381 0.0332 0.0355 0.0908 0.0296 0.0300 0.0503 0.0300 0.0291 0.0251 0.0813 0.0260 0.0215 0.0363 0.0349 0.0620 0.0573 0.0266 0.0312 0.0193 0.0231 0.0118 0.0344 0.0143 0.0198 0.0186 0.0161 0.0259 0.0138 0.0130 0.0137 0.0314 0.0158 0.0182 0.0263 0.0453 0.0246 0.0320 0.0420 0.0207 0.0205 0.0174 0.0169 0.0108 0.0163 0.0254 0.0198 0.0236 0.0256 0.0151],[4.9436 0.3900 0.3278 0.2194 0.2237 0.2296 0.1893 0.1741 0.1488 0.1597 0.1572 0.2913 0.1583 0.2039 0.1984 0.1391 0.1320 0.1289 0.1894 0.1472 0.2267 0.1290 0.1612 0.1411 0.1540 0.1444 0.1326 0.1439 0.1181 0.1517 0.1262 0.1553 0.1268 0.1230 0.1593 0.1146 0.1220 0.1052 0.1375 0.1527 0.1553 0.1388 0.1298 0.1186 0.1793 0.1554 0.1530 0.1265 0.1583 0.1328 0.1348 0.1314 0.1318 0.2048 0.1279 0.1331 0.1625 0.1374 0.1356 0.1254 0.2091 0.1384 0.1244 0.1497 0.1455 0.1826 0.1892 0.1465 0.1505 0.1271 0.1429 0.1238 0.1662 0.1215 0.1496 0.1271 0.1256 0.1493 0.1371 0.1330 0.1328 0.1754 0.1384 0.1473 0.1668 0.2115 0.1681 0.1764 0.2064 0.1754 0.1650 0.1551 0.1691 0.1458 0.1716 0.1831 0.1525 0.1805 0.1931 0.1663],[1.6146 0.6740 0.4412 0.3621 0.3191 0.2909 0.2668 0.2508 0.2298 0.2179 0.2085 0.1987 0.1908 0.1815 0.1773 0.1705 0.1631 0.1594 0.1556 0.1506 0.1446 0.1417 0.1359 0.1328 0.1294 0.1288 0.1258 0.1215 0.1196 0.1191 0.1114 0.1096 0.1113 0.1082 0.1058 0.1015 0.1016 0.0997 0.0972 0.0937 0.0917 0.0922 0.0890 0.0903 0.0888 0.0877 0.0858 0.0831 0.0833 0.0805 0.0807 0.0784 0.0776 0.0772 0.0760 0.0741 0.0732 0.0718 0.0721 0.0681 0.0695 0.0665 0.0660 0.0680 0.0668 0.0641 0.0635 0.0645 0.0615 0.0621 0.0608 0.0599 0.0607 0.0587 0.0599 0.0591 0.0567 0.0568 0.0559 0.0538 0.0556 0.0530 0.0550 0.0527 0.0530 0.0515 0.0511 0.0517 0.0513 0.0478 0.0481 0.0494 0.0489 0.0477 0.0479 0.0462 0.0484 0.0456 0.0457 0.0461]
