train_acc,valid_acc,test_acc,train_loss,valid_loss,train_aug_loss
0.9891660213470459,0.9689554572105408,0.9379330277442932,[5.2520 0.4749 0.3263 0.2804 0.2032 0.2883 0.2525 0.1823 0.2583 0.1830 0.2769 0.2573 0.1825 0.1692 0.1892 0.1578 0.1634 0.1695 0.1650 0.1506 0.1519 0.1382 0.1044 0.1180 0.0886 0.1457 0.1501 0.1666 0.1247 0.1033 0.1302 0.0972 0.0994 0.1288 0.1152 0.1278 0.1507 0.0751 0.0742 0.0971 0.0736 0.1028 0.0705 0.0870 0.1198 0.1090 0.0696 0.0897 0.1306 0.0493 0.0923 0.0757 0.1262 0.0712 0.0947 0.1359 0.1614 0.0838 0.0688 0.0777 0.0625 0.0514 0.0566 0.0652 0.0459 0.0609 0.0583 0.1056 0.0679 0.0560 0.0456 0.0380 0.0706 0.0496 0.0649 0.0453 0.0554 0.0322 0.1159 0.0318 0.0953 0.0284 0.0534 0.0396 0.0472 0.0368 0.0475 0.0615 0.0338 0.0394 0.0441 0.0462 0.0476 0.0439 0.0417 0.0377 0.0272 0.0530 0.0283 0.0274],[4.6039 0.4877 0.3595 0.2954 0.2298 0.3040 0.2665 0.2150 0.2633 0.2176 0.2924 0.2812 0.2161 0.2077 0.2201 0.2010 0.1959 0.2030 0.2128 0.1894 0.1952 0.1739 0.1558 0.1670 0.1444 0.1929 0.2077 0.2264 0.1764 0.1594 0.1882 0.1566 0.1580 0.1862 0.1744 0.1829 0.2071 0.1406 0.1434 0.1656 0.1403 0.1673 0.1379 0.1558 0.1922 0.1832 0.1391 0.1620 0.2009 0.1242 0.1695 0.1562 0.2097 0.1472 0.1763 0.2200 0.2553 0.1690 0.1497 0.1628 0.1439 0.1347 0.1403 0.1504 0.1311 0.1461 0.1464 0.1958 0.1652 0.1397 0.1274 0.1198 0.1641 0.1396 0.1628 0.1368 0.1495 0.1152 0.2246 0.1245 0.2061 0.1192 0.1529 0.1358 0.1483 0.1400 0.1542 0.1635 0.1318 0.1366 0.1548 0.1450 0.1523 0.1496 0.1404 0.1465 0.1282 0.1651 0.1297 0.1343],[1.6775 0.8074 0.5510 0.4702 0.4195 0.3864 0.3678 0.3433 0.3312 0.3115 0.2990 0.2841 0.2751 0.2689 0.2614 0.2506 0.2467 0.2395 0.2362 0.2298 0.2252 0.2189 0.2159 0.2112 0.2096 0.2083 0.2018 0.1975 0.1949 0.1892 0.1917 0.1877 0.1825 0.1836 0.1795 0.1747 0.1754 0.1723 0.1687 0.1672 0.1655 0.1652 0.1618 0.1610 0.1590 0.1565 0.1539 0.1536 0.1529 0.1502 0.1469 0.1484 0.1456 0.1452 0.1426 0.1403 0.1397 0.1386 0.1379 0.1366 0.1343 0.1338 0.1342 0.1346 0.1305 0.1293 0.1290 0.1319 0.1249 0.1267 0.1253 0.1229 0.1237 0.1224 0.1179 0.1205 0.1211 0.1178 0.1203 0.1172 0.1159 0.1171 0.1166 0.1136 0.1128 0.1151 0.1118 0.1120 0.1126 0.1103 0.1097 0.1103 0.1086 0.1087 0.1082 0.1055 0.1040 0.1062 0.1054 0.1050]
