train_acc,valid_acc,test_acc,train_loss,valid_loss,train_aug_loss
0.9869680404663086,0.9737130403518677,0.9425519704818726,[2.3195 0.9903 0.7168 0.7498 0.4993 0.4285 0.3688 0.3540 0.2974 0.3058 0.2973 0.3248 0.3897 0.2349 0.3221 0.2208 0.2432 0.2363 0.2187 0.2682 0.1938 0.2168 0.2800 0.2067 0.1551 0.1992 0.1473 0.2124 0.1953 0.1658 0.2062 0.1715 0.1668 0.1455 0.1302 0.1601 0.1306 0.1158 0.1307 0.1203 0.1884 0.1119 0.1036 0.1227 0.1782 0.1270 0.1500 0.1010 0.1253 0.1139 0.1370 0.0995 0.1137 0.1493 0.1139 0.0920 0.0864 0.0878 0.0857 0.0837 0.1094 0.1065 0.0970 0.1013 0.1035 0.0718 0.0851 0.0799 0.0788 0.0848 0.1017 0.0957 0.0836 0.0755 0.0881 0.0764 0.0642 0.0825 0.0691 0.0751 0.0666 0.0842 0.0744 0.0821 0.0783 0.0632 0.0610 0.0617 0.0779 0.0628 0.0671 0.0547 0.0689 0.0625 0.0597 0.0564 0.0694 0.0880 0.0595 0.0595],[2.0292 1.1237 0.8927 0.9465 0.6144 0.5177 0.4553 0.4257 0.3487 0.3610 0.3702 0.4126 0.5256 0.2672 0.4237 0.2496 0.3141 0.2974 0.2783 0.3476 0.2361 0.2808 0.3441 0.2456 0.1813 0.2348 0.1872 0.2870 0.2442 0.2389 0.2810 0.2203 0.2222 0.1882 0.1850 0.2173 0.1806 0.1725 0.1813 0.1614 0.2564 0.1652 0.1470 0.1860 0.2689 0.1822 0.2107 0.1466 0.1774 0.1729 0.2143 0.1536 0.1678 0.2284 0.1630 0.1493 0.1337 0.1413 0.1328 0.1360 0.1715 0.1679 0.1594 0.1662 0.1731 0.1174 0.1448 0.1386 0.1419 0.1401 0.1634 0.1516 0.1436 0.1368 0.1564 0.1408 0.1155 0.1460 0.1303 0.1353 0.1281 0.1525 0.1374 0.1501 0.1380 0.1230 0.1180 0.1177 0.1376 0.1187 0.1298 0.1083 0.1338 0.1269 0.1174 0.1129 0.1354 0.1674 0.1211 0.1183],[1.8035 1.3267 0.9456 0.7175 0.6200 0.5553 0.5123 0.4760 0.4512 0.4364 0.4183 0.3998 0.3852 0.3750 0.3593 0.3461 0.3337 0.3264 0.3136 0.3080 0.2997 0.2922 0.2903 0.2809 0.2760 0.2693 0.2636 0.2609 0.2532 0.2525 0.2462 0.2439 0.2397 0.2358 0.2307 0.2323 0.2273 0.2238 0.2226 0.2149 0.2152 0.2130 0.2125 0.2038 0.2049 0.2048 0.2033 0.1988 0.1988 0.1940 0.1931 0.1933 0.1910 0.1882 0.1892 0.1861 0.1833 0.1847 0.1817 0.1815 0.1784 0.1788 0.1766 0.1763 0.1745 0.1723 0.1718 0.1691 0.1680 0.1671 0.1667 0.1673 0.1648 0.1667 0.1620 0.1623 0.1601 0.1619 0.1585 0.1600 0.1564 0.1566 0.1584 0.1557 0.1570 0.1540 0.1517 0.1531 0.1531 0.1509 0.1516 0.1487 0.1493 0.1460 0.1491 0.1460 0.1468 0.1465 0.1461 0.1452]
