train_acc,test_acc,train_loss,train_aug_loss
0.9706548452377319,0.9131062626838684,[4.3759 0.9334 0.4792 0.4957 0.3899 0.4345 0.3495 0.4375 0.4014 0.2651 0.3300 0.3005 0.3254 0.2363 0.3119 0.2392 0.2397 0.2413 0.1816 0.1784 0.2007 0.2007 0.2229 0.2062 0.2341 0.1764 0.1917 0.2010 0.1219 0.1454 0.1472 0.2074 0.1207 0.1331 0.1442 0.1437 0.1265 0.1306 0.0970 0.1511 0.1067 0.1128 0.1284 0.1222 0.1043 0.0896 0.1114 0.1278 0.1221 0.1408 0.0844 0.1238 0.1042 0.1112 0.1243 0.0946 0.0912 0.1129 0.0724 0.0739 0.0755 0.0814 0.0726 0.0860 0.0834 0.0844 0.0890 0.0761 0.0722 0.1040 0.0662 0.0756 0.0741 0.0612 0.0858 0.0703 0.0813 0.0855 0.0774 0.0812 0.0608 0.0621 0.0634 0.0801 0.0730 0.0830 0.0634 0.0655 0.0723 0.0826 0.0558 0.0513 0.0643 0.0601 0.0723 0.0541 0.0577 0.0476 0.0610 0.0883],[1.7878 1.2699 0.8624 0.6902 0.5982 0.5388 0.4947 0.4589 0.4317 0.4107 0.3901 0.3801 0.3650 0.3507 0.3389 0.3288 0.3208 0.3092 0.3006 0.2926 0.2864 0.2805 0.2717 0.2728 0.2641 0.2554 0.2515 0.2498 0.2438 0.2394 0.2364 0.2302 0.2263 0.2241 0.2216 0.2247 0.2174 0.2128 0.2083 0.2090 0.2056 0.2040 0.2026 0.1989 0.1962 0.1947 0.1909 0.1914 0.1893 0.1895 0.1843 0.1850 0.1845 0.1819 0.1795 0.1780 0.1749 0.1748 0.1731 0.1739 0.1728 0.1738 0.1684 0.1706 0.1655 0.1660 0.1635 0.1669 0.1603 0.1631 0.1624 0.1578 0.1606 0.1588 0.1585 0.1579 0.1575 0.1552 0.1565 0.1516 0.1523 0.1521 0.1517 0.1538 0.1491 0.1496 0.1510 0.1479 0.1487 0.1469 0.1474 0.1441 0.1440 0.1430 0.1441 0.1432 0.1428 0.1430 0.1415 0.1429]
