train_acc,valid_acc,test_acc,train_loss,valid_loss,train_aug_loss
0.9887787699699402,0.9707815647125244,0.937644362449646,[3.7454 0.4655 0.2783 0.2929 0.2835 0.2508 0.1866 0.2290 0.1883 0.1465 0.1817 0.1552 0.2082 0.1627 0.1586 0.1238 0.1755 0.1405 0.1439 0.1513 0.1576 0.1358 0.1179 0.1301 0.1362 0.1712 0.1463 0.1224 0.1918 0.1172 0.0833 0.0815 0.1234 0.0760 0.1419 0.0932 0.0815 0.0898 0.0802 0.0967 0.0976 0.1115 0.1063 0.0651 0.0820 0.0880 0.0634 0.0602 0.0699 0.1390 0.0796 0.0746 0.0542 0.0719 0.0609 0.0895 0.0680 0.0478 0.0527 0.0800 0.0760 0.0843 0.0823 0.0389 0.0605 0.0581 0.0829 0.0397 0.0537 0.0454 0.0409 0.0396 0.0735 0.0657 0.0421 0.0791 0.0482 0.0684 0.0752 0.0424 0.0551 0.0563 0.0339 0.0425 0.0606 0.0391 0.0332 0.0470 0.0628 0.0453 0.0356 0.0399 0.0300 0.0478 0.0552 0.0324 0.0801 0.0533 0.0426 0.0558],[3.3526 0.4328 0.2455 0.2713 0.2592 0.2336 0.1815 0.2174 0.1885 0.1608 0.1770 0.1588 0.2120 0.1666 0.1655 0.1382 0.1844 0.1536 0.1592 0.1664 0.1703 0.1508 0.1335 0.1487 0.1593 0.1910 0.1704 0.1497 0.2105 0.1476 0.1136 0.1142 0.1534 0.1044 0.1720 0.1287 0.1166 0.1230 0.1193 0.1331 0.1349 0.1446 0.1502 0.1058 0.1254 0.1307 0.1015 0.1016 0.1108 0.1857 0.1250 0.1199 0.1068 0.1167 0.1079 0.1393 0.1178 0.0983 0.1035 0.1344 0.1296 0.1390 0.1304 0.0903 0.1200 0.1180 0.1437 0.0938 0.1154 0.1045 0.0984 0.1011 0.1387 0.1291 0.1077 0.1564 0.1143 0.1329 0.1452 0.1026 0.1230 0.1229 0.0952 0.1031 0.1269 0.1005 0.0997 0.1135 0.1411 0.1133 0.0961 0.1116 0.0981 0.1213 0.1289 0.1010 0.1619 0.1288 0.1138 0.1293],[1.6905 0.8151 0.5599 0.4733 0.4269 0.3956 0.3664 0.3483 0.3345 0.3156 0.3062 0.2944 0.2850 0.2728 0.2688 0.2594 0.2548 0.2487 0.2413 0.2360 0.2334 0.2264 0.2231 0.2192 0.2190 0.2132 0.2121 0.2055 0.1995 0.1989 0.1966 0.1944 0.1901 0.1893 0.1857 0.1842 0.1807 0.1766 0.1753 0.1741 0.1720 0.1706 0.1662 0.1639 0.1638 0.1587 0.1619 0.1610 0.1577 0.1523 0.1537 0.1503 0.1499 0.1513 0.1467 0.1476 0.1482 0.1463 0.1456 0.1420 0.1391 0.1389 0.1369 0.1356 0.1331 0.1332 0.1339 0.1301 0.1313 0.1320 0.1291 0.1268 0.1271 0.1247 0.1272 0.1235 0.1240 0.1227 0.1241 0.1197 0.1227 0.1192 0.1168 0.1187 0.1155 0.1164 0.1157 0.1133 0.1128 0.1138 0.1127 0.1099 0.1103 0.1108 0.1080 0.1078 0.1104 0.1072 0.1070 0.1065]
