train_acc,valid_acc,test_acc,train_loss,valid_loss,train_aug_loss
0.9757960438728333,0.9644886255264282,0.9625639319419861,[2.0466 1.2407 0.6346 0.4953 0.3942 0.3872 0.4007 0.3556 0.3457 0.3941 0.4461 0.3039 0.3121 0.2788 0.2813 0.2719 0.3850 0.2611 0.2251 0.2181 0.2450 0.2404 0.2652 0.1600 0.2169 0.1755 0.1739 0.1614 0.2304 0.1741 0.1498 0.1294 0.1699 0.1286 0.1393 0.1330 0.1344 0.1361 0.1318 0.1620 0.1415 0.1262 0.1359 0.1249 0.1036 0.1264 0.1318 0.1129 0.0967 0.1249],[1.8930 1.1107 0.6798 0.5386 0.4519 0.3848 0.4275 0.4282 0.3460 0.3925 0.4158 0.3089 0.3410 0.3121 0.2943 0.2853 0.3604 0.2805 0.2420 0.2373 0.2519 0.2601 0.2807 0.2051 0.2396 0.2066 0.1966 0.1932 0.2627 0.2084 0.1857 0.1718 0.2004 0.1755 0.1804 0.1829 0.1754 0.1836 0.1728 0.2036 0.1869 0.1698 0.1804 0.1732 0.1491 0.1741 0.1814 0.1555 0.1479 0.1717],[1.8338 1.5395 1.0797 0.8484 0.7155 0.6285 0.5786 0.5387 0.5091 0.4832 0.4589 0.4375 0.4173 0.4040 0.3859 0.3739 0.3660 0.3499 0.3370 0.3289 0.3171 0.3035 0.3056 0.2906 0.2849 0.2824 0.2742 0.2667 0.2598 0.2629 0.2578 0.2508 0.2464 0.2374 0.2374 0.2362 0.2353 0.2295 0.2294 0.2234 0.2224 0.2241 0.2197 0.2170 0.2112 0.2134 0.2066 0.2101 0.1998 0.2019]
