train_acc,valid_acc,test_acc,train_loss,valid_loss,train_aug_loss
0.9722461104393005,0.9496753215789795,0.9536157846450806,[2.6684 0.8321 0.4740 0.4614 0.4020 0.3424 0.3871 0.3220 0.3703 0.3746 0.3679 0.3889 0.3044 0.3839 0.3270 0.3449 0.3519 0.2913 0.2476 0.2345 0.2077 0.2635 0.2271 0.1979 0.2454 0.2480 0.2243 0.2127 0.2014 0.2369 0.1730 0.1675 0.1800 0.2041 0.1581 0.1418 0.1627 0.1226 0.1216 0.1636 0.1521 0.1704 0.1498 0.1530 0.1253 0.1017 0.1040 0.1424 0.1644 0.1392],[2.4336 0.8356 0.5092 0.4768 0.4004 0.3688 0.3874 0.3399 0.3881 0.3707 0.3746 0.3967 0.3261 0.4099 0.3428 0.3704 0.3599 0.3237 0.2922 0.2867 0.2556 0.3002 0.2538 0.2316 0.2816 0.2865 0.2637 0.2601 0.2532 0.2800 0.2262 0.2255 0.2425 0.2528 0.2102 0.2015 0.2241 0.1910 0.1837 0.2228 0.2027 0.2333 0.2059 0.2157 0.1870 0.1754 0.1734 0.2042 0.2351 0.2083],[1.7980 1.3264 0.9359 0.7376 0.6357 0.5777 0.5311 0.4911 0.4644 0.4438 0.4262 0.4079 0.3868 0.3828 0.3639 0.3583 0.3431 0.3347 0.3239 0.3171 0.3087 0.2963 0.2936 0.2912 0.2843 0.2755 0.2727 0.2705 0.2578 0.2580 0.2524 0.2536 0.2430 0.2437 0.2386 0.2373 0.2329 0.2296 0.2272 0.2249 0.2199 0.2201 0.2130 0.2137 0.2110 0.2056 0.2044 0.2069 0.2033 0.2007]
