train_acc,valid_acc,test_acc,train_loss,valid_loss,train_aug_loss
0.9836412668228149,0.9631252288818359,0.9474595785140991,[2.9405 0.9022 0.4776 0.4269 0.5621 0.5404 0.3372 0.3156 0.3004 0.2951 0.3933 0.2887 0.3126 0.2497 0.2526 0.2577 0.2963 0.3011 0.1884 0.2493 0.2012 0.2324 0.2656 0.2282 0.2512 0.2209 0.1697 0.1734 0.1380 0.1963 0.1563 0.1250 0.1421 0.1373 0.1513 0.1754 0.2190 0.1024 0.1496 0.1247 0.1174 0.1105 0.1457 0.1616 0.0968 0.1022 0.0986 0.0966 0.1438 0.1210 0.1199 0.1040 0.1136 0.1034 0.1132 0.1141 0.1308 0.1212 0.1125 0.1214 0.0993 0.1103 0.0849 0.0927 0.0848 0.1259 0.0929 0.0916 0.0952 0.1620 0.0887 0.1133 0.0836 0.1203 0.0963 0.1068 0.0649 0.1258 0.1093 0.1159 0.0645 0.1453 0.0604 0.1038 0.0664 0.1148 0.0830 0.0696 0.0980 0.0654 0.0626 0.0710 0.0546 0.0816 0.0886 0.0970 0.0867 0.0772 0.0684 0.0628],[2.5646 0.9994 0.5215 0.4773 0.7347 0.6883 0.4051 0.3530 0.3837 0.3773 0.5193 0.3729 0.3843 0.2843 0.3168 0.2918 0.3830 0.4040 0.2389 0.3095 0.2638 0.3032 0.3387 0.3056 0.3319 0.2891 0.2376 0.2546 0.1862 0.2794 0.2176 0.1843 0.1867 0.2015 0.2166 0.2346 0.3095 0.1590 0.2278 0.1925 0.1881 0.1743 0.2091 0.2292 0.1546 0.1647 0.1710 0.1639 0.2236 0.1878 0.1910 0.1713 0.1853 0.1735 0.1910 0.1947 0.2059 0.2053 0.1800 0.2056 0.1811 0.1739 0.1591 0.1685 0.1540 0.2258 0.1737 0.1588 0.1750 0.2517 0.1637 0.1994 0.1662 0.2061 0.1765 0.1957 0.1396 0.2077 0.2026 0.2100 0.1358 0.2411 0.1309 0.1862 0.1424 0.1993 0.1593 0.1489 0.1879 0.1450 0.1398 0.1541 0.1335 0.1673 0.1825 0.1864 0.1841 0.1691 0.1527 0.1452],[1.7872 1.2101 0.8591 0.6717 0.5887 0.5234 0.4860 0.4566 0.4358 0.4180 0.3991 0.3880 0.3745 0.3636 0.3490 0.3377 0.3247 0.3164 0.3117 0.3073 0.2983 0.2874 0.2834 0.2789 0.2721 0.2693 0.2581 0.2575 0.2565 0.2497 0.2430 0.2374 0.2361 0.2328 0.2289 0.2256 0.2231 0.2195 0.2168 0.2128 0.2127 0.2103 0.2070 0.2060 0.2032 0.1991 0.2019 0.1981 0.1929 0.1920 0.1923 0.1903 0.1895 0.1880 0.1849 0.1845 0.1836 0.1796 0.1798 0.1775 0.1755 0.1772 0.1740 0.1741 0.1727 0.1711 0.1736 0.1706 0.1681 0.1658 0.1668 0.1660 0.1606 0.1630 0.1618 0.1599 0.1612 0.1573 0.1573 0.1569 0.1568 0.1573 0.1542 0.1549 0.1539 0.1520 0.1491 0.1512 0.1512 0.1490 0.1465 0.1500 0.1441 0.1475 0.1456 0.1443 0.1455 0.1452 0.1430 0.1432]
