train_acc,valid_acc,test_acc,train_loss,valid_loss,train_aug_loss
0.9865344762802124,0.9689667820930481,0.9465935230255127,[3.0995 0.8202 0.4866 0.5352 0.3098 0.3934 0.6071 0.3601 0.2202 0.3245 0.2233 0.2677 0.2512 0.2635 0.1891 0.2146 0.2698 0.1679 0.1721 0.2562 0.1687 0.2188 0.2086 0.2953 0.2540 0.1987 0.1494 0.1696 0.1252 0.1577 0.1382 0.2215 0.1316 0.1235 0.1270 0.2151 0.2000 0.1250 0.1147 0.1079 0.1236 0.1028 0.1191 0.1133 0.1264 0.1111 0.1365 0.0885 0.1150 0.0977 0.1230 0.1348 0.0894 0.0880 0.0835 0.0915 0.1425 0.0864 0.1460 0.0989 0.0834 0.0993 0.1028 0.0915 0.1050 0.0891 0.1307 0.0679 0.0953 0.1519 0.0716 0.0637 0.0824 0.1362 0.0817 0.0859 0.0629 0.0812 0.0731 0.0603 0.0982 0.0930 0.0691 0.0651 0.0528 0.0598 0.0883 0.0791 0.0682 0.0498 0.1068 0.0562 0.1027 0.0697 0.0707 0.0987 0.0543 0.0752 0.0823 0.0773],[2.6624 0.9551 0.5948 0.6851 0.3968 0.4689 0.6749 0.4561 0.2733 0.3760 0.2476 0.2631 0.3178 0.3422 0.2310 0.2834 0.3131 0.2143 0.2275 0.3539 0.2182 0.2682 0.2791 0.3725 0.3371 0.2451 0.2094 0.2290 0.1731 0.2405 0.1904 0.2823 0.1808 0.1764 0.1716 0.3047 0.3000 0.1813 0.1627 0.1478 0.1987 0.1597 0.1823 0.1608 0.1817 0.1692 0.2237 0.1334 0.1898 0.1484 0.2006 0.2079 0.1528 0.1457 0.1377 0.1560 0.2222 0.1442 0.2271 0.1603 0.1408 0.1686 0.1838 0.1599 0.1680 0.1627 0.2106 0.1175 0.1725 0.2690 0.1390 0.1222 0.1555 0.2392 0.1518 0.1345 0.1154 0.1572 0.1423 0.1207 0.1739 0.1662 0.1382 0.1264 0.1102 0.1154 0.1777 0.1480 0.1410 0.1017 0.1988 0.1188 0.1818 0.1441 0.1484 0.1877 0.1136 0.1626 0.1703 0.1608],[1.7549 1.0708 0.7151 0.5903 0.5191 0.4809 0.4505 0.4256 0.4026 0.3788 0.3647 0.3534 0.3397 0.3350 0.3211 0.3122 0.3065 0.2994 0.2957 0.2822 0.2790 0.2729 0.2680 0.2626 0.2582 0.2546 0.2527 0.2446 0.2406 0.2375 0.2355 0.2280 0.2266 0.2274 0.2209 0.2216 0.2155 0.2170 0.2121 0.2069 0.2078 0.2067 0.2054 0.2014 0.2025 0.1965 0.1957 0.1962 0.1914 0.1853 0.1895 0.1890 0.1824 0.1856 0.1805 0.1805 0.1818 0.1795 0.1765 0.1776 0.1745 0.1740 0.1707 0.1687 0.1706 0.1707 0.1658 0.1654 0.1654 0.1654 0.1645 0.1634 0.1635 0.1608 0.1598 0.1607 0.1583 0.1542 0.1555 0.1531 0.1561 0.1547 0.1548 0.1549 0.1522 0.1530 0.1496 0.1498 0.1466 0.1490 0.1456 0.1454 0.1446 0.1454 0.1460 0.1443 0.1440 0.1441 0.1410 0.1445]
