train_acc,valid_acc,test_acc,train_loss,valid_loss,train_aug_loss
0.9848007559776306,0.9645726680755615,0.9405311942100525,[2.1646 0.9059 0.5114 0.4449 0.4190 0.5130 0.3512 0.3660 0.3272 0.3240 0.3453 0.4097 0.3163 0.2557 0.3303 0.2590 0.2872 0.2427 0.2021 0.2384 0.2267 0.2396 0.1796 0.2766 0.1894 0.2575 0.2747 0.1511 0.2073 0.1425 0.1877 0.1667 0.2023 0.1367 0.2033 0.1245 0.1245 0.1254 0.1848 0.1726 0.1378 0.1239 0.1420 0.1413 0.1526 0.1073 0.1321 0.1643 0.1373 0.1162 0.0999 0.1176 0.1106 0.0784 0.0890 0.0894 0.1239 0.0861 0.0999 0.0814 0.1207 0.0822 0.0712 0.1029 0.0890 0.0748 0.1036 0.0848 0.0877 0.1074 0.0739 0.1235 0.0740 0.0699 0.0764 0.0713 0.0853 0.0932 0.0623 0.0951 0.0954 0.0765 0.0688 0.0753 0.0555 0.1027 0.0791 0.0825 0.0816 0.0757 0.0674 0.0705 0.0696 0.0566 0.0504 0.0522 0.0561 0.0818 0.0750 0.0646],[1.9214 0.9387 0.5707 0.4693 0.4113 0.4973 0.3521 0.3569 0.3538 0.3472 0.3360 0.3995 0.3301 0.3096 0.3401 0.2724 0.3154 0.2812 0.2582 0.2479 0.2482 0.2644 0.2049 0.3021 0.2193 0.2845 0.2902 0.1825 0.2225 0.1785 0.2249 0.2019 0.2297 0.1730 0.2392 0.1630 0.1663 0.1655 0.2240 0.2195 0.1736 0.1711 0.1826 0.1814 0.1935 0.1604 0.1879 0.2122 0.1840 0.1652 0.1475 0.1637 0.1568 0.1317 0.1435 0.1433 0.1789 0.1375 0.1529 0.1332 0.1731 0.1405 0.1242 0.1528 0.1424 0.1344 0.1557 0.1401 0.1474 0.1585 0.1283 0.1825 0.1351 0.1267 0.1383 0.1312 0.1504 0.1581 0.1232 0.1548 0.1542 0.1347 0.1306 0.1380 0.1175 0.1669 0.1368 0.1466 0.1475 0.1362 0.1351 0.1340 0.1347 0.1239 0.1208 0.1153 0.1227 0.1586 0.1447 0.1295],[1.8063 1.3062 0.9431 0.7478 0.6477 0.5852 0.5410 0.5014 0.4751 0.4548 0.4372 0.4161 0.4008 0.3898 0.3763 0.3632 0.3508 0.3364 0.3272 0.3184 0.3064 0.2995 0.2974 0.2875 0.2807 0.2718 0.2676 0.2630 0.2567 0.2508 0.2482 0.2429 0.2327 0.2350 0.2340 0.2296 0.2272 0.2252 0.2192 0.2161 0.2135 0.2095 0.2093 0.2087 0.2034 0.2027 0.2011 0.1993 0.1955 0.1975 0.1929 0.1905 0.1890 0.1893 0.1839 0.1800 0.1845 0.1804 0.1771 0.1774 0.1757 0.1758 0.1712 0.1723 0.1752 0.1693 0.1721 0.1665 0.1703 0.1659 0.1659 0.1625 0.1628 0.1613 0.1628 0.1619 0.1607 0.1548 0.1587 0.1571 0.1575 0.1559 0.1515 0.1544 0.1532 0.1553 0.1516 0.1497 0.1520 0.1503 0.1521 0.1473 0.1463 0.1448 0.1481 0.1423 0.1448 0.1452 0.1429 0.1423]
