train_acc,valid_acc,test_acc,train_loss,valid_loss,train_aug_loss
0.9828205108642578,0.959094226360321,0.9405311942100525,[2.8912 1.0208 0.4593 0.4362 0.3933 0.3446 0.3274 0.3138 0.3540 0.2769 0.2982 0.2937 0.4001 0.2680 0.2505 0.2730 0.2659 0.2473 0.3047 0.2006 0.2594 0.2387 0.3213 0.2874 0.3005 0.2585 0.1995 0.2558 0.1673 0.1846 0.2084 0.1955 0.1640 0.1762 0.2086 0.1953 0.2503 0.1282 0.1973 0.1521 0.2831 0.1425 0.1465 0.1824 0.1602 0.2081 0.1531 0.1484 0.1981 0.1688 0.1226 0.1403 0.1173 0.1375 0.1153 0.1630 0.0986 0.1195 0.1553 0.1098 0.1260 0.0964 0.1101 0.0907 0.1276 0.1149 0.0907 0.1008 0.0791 0.0984 0.0794 0.1181 0.1094 0.0970 0.0985 0.0815 0.0834 0.1040 0.1129 0.0911 0.0999 0.1303 0.1013 0.0851 0.1051 0.0928 0.0850 0.0717 0.1003 0.0645 0.1214 0.0743 0.1563 0.0890 0.0662 0.0943 0.0987 0.0815 0.0719 0.0840],[2.5004 0.9388 0.4733 0.4381 0.4252 0.3555 0.3390 0.3259 0.3646 0.2844 0.3084 0.3191 0.3863 0.2982 0.2774 0.2910 0.2878 0.2667 0.3315 0.2359 0.2738 0.2543 0.3253 0.3034 0.3174 0.2785 0.2219 0.2785 0.2071 0.2286 0.2361 0.2270 0.2027 0.2158 0.2403 0.2282 0.2794 0.1688 0.2312 0.1931 0.3068 0.1855 0.1851 0.2267 0.2013 0.2513 0.1939 0.1966 0.2428 0.2083 0.1753 0.1862 0.1653 0.1858 0.1714 0.2103 0.1536 0.1715 0.2090 0.1666 0.1774 0.1534 0.1647 0.1466 0.1828 0.1644 0.1458 0.1568 0.1404 0.1600 0.1460 0.1734 0.1759 0.1570 0.1551 0.1391 0.1418 0.1664 0.1710 0.1563 0.1573 0.1905 0.1619 0.1462 0.1725 0.1585 0.1446 0.1351 0.1662 0.1301 0.1962 0.1380 0.2303 0.1621 0.1321 0.1681 0.1709 0.1578 0.1434 0.1579],[1.8067 1.2775 0.8619 0.6986 0.5993 0.5425 0.5021 0.4723 0.4535 0.4308 0.4200 0.4029 0.3946 0.3763 0.3661 0.3557 0.3525 0.3382 0.3351 0.3243 0.3212 0.3075 0.3070 0.2984 0.2957 0.2893 0.2803 0.2810 0.2719 0.2698 0.2634 0.2577 0.2560 0.2496 0.2436 0.2411 0.2356 0.2343 0.2305 0.2293 0.2234 0.2193 0.2194 0.2160 0.2102 0.2095 0.2048 0.2069 0.2007 0.2001 0.2030 0.1966 0.1926 0.1922 0.1910 0.1913 0.1870 0.1845 0.1851 0.1823 0.1822 0.1783 0.1796 0.1759 0.1765 0.1742 0.1739 0.1719 0.1722 0.1716 0.1691 0.1662 0.1647 0.1680 0.1627 0.1617 0.1614 0.1614 0.1582 0.1579 0.1575 0.1568 0.1536 0.1572 0.1529 0.1534 0.1558 0.1525 0.1502 0.1484 0.1484 0.1485 0.1485 0.1459 0.1469 0.1449 0.1481 0.1442 0.1434 0.1425]
