train_acc,valid_acc,test_acc,train_loss,valid_loss,train_aug_loss
0.9677965044975281,0.9521104097366333,0.95306795835495,[3.5416 0.9610 0.8648 0.3134 0.8742 0.2926 0.5841 0.3446 0.3015 0.5375 0.4054 0.2757 0.6013 0.3504 0.3268 0.2598 0.4000 0.4034 0.2088 0.3467 0.4302 0.2307 0.2083 0.2648 0.2062 0.2643 0.2288 0.2277 0.2790 0.1447 0.2828 0.2952 0.1799 0.2001 0.2514 0.2560 0.2021 0.1565 0.1479 0.3986 0.2588 0.1571 0.2215 0.1663 0.1789 0.2030 0.2276 0.2022 0.1748 0.2017],[4.1132 1.2418 0.7563 0.3474 1.1728 0.3368 0.5266 0.3494 0.3161 0.4803 0.3896 0.3455 0.5408 0.3412 0.3149 0.2731 0.3906 0.3791 0.2346 0.3367 0.4026 0.2525 0.2537 0.2721 0.2337 0.2788 0.2455 0.2621 0.2942 0.1814 0.3017 0.3053 0.2087 0.2204 0.2659 0.2673 0.2295 0.2037 0.1832 0.3779 0.2682 0.2006 0.2519 0.2055 0.2133 0.2395 0.2543 0.2330 0.2114 0.2328],[1.6103 0.9346 0.7290 0.6173 0.5533 0.5156 0.4771 0.4489 0.4314 0.4112 0.3989 0.3856 0.3657 0.3532 0.3471 0.3380 0.3242 0.3185 0.3149 0.3084 0.3023 0.2962 0.2908 0.2874 0.2788 0.2769 0.2720 0.2674 0.2626 0.2587 0.2496 0.2506 0.2453 0.2442 0.2420 0.2389 0.2348 0.2353 0.2258 0.2277 0.2275 0.2233 0.2183 0.2201 0.2204 0.2160 0.2112 0.2103 0.2067 0.2029]
