train_acc,valid_acc,test_acc,train_loss,valid_loss,train_aug_loss
0.9829613566398621,0.9600073099136353,0.9344688057899475,[5.9008 0.5399 0.2794 0.3442 0.3085 0.2078 0.1629 0.1482 0.1793 0.1564 0.1457 0.1359 0.1065 0.1475 0.1181 0.1318 0.1102 0.0883 0.1299 0.1392 0.0904 0.0691 0.1415 0.1181 0.1158 0.0669 0.0934 0.0550 0.0593 0.1035 0.1085 0.0825 0.1162 0.0556 0.0662 0.0985 0.0629 0.0682 0.0630 0.0595 0.0580 0.0540 0.0916 0.0899 0.0571 0.0568 0.0542 0.0847 0.0315 0.0456 0.0324 0.0383 0.0404 0.0406 0.0949 0.0477 0.0488 0.0277 0.0734 0.0387 0.0285 0.0241 0.0217 0.0189 0.0215 0.0440 0.0261 0.0632 0.0916 0.0162 0.0246 0.0243 0.0342 0.0194 0.0215 0.0409 0.0162 0.0185 0.0197 0.0276 0.0190 0.0443 0.0273 0.0197 0.0117 0.0109 0.0096 0.0109 0.0160 0.0106 0.0405 0.0097 0.0105 0.0239 0.0146 0.0127 0.0091 0.0151 0.0292 0.0184],[5.0308 0.5401 0.3140 0.3881 0.3592 0.2576 0.2249 0.2030 0.2337 0.2211 0.1996 0.2023 0.1715 0.2210 0.1836 0.2138 0.1865 0.1682 0.1993 0.2113 0.1680 0.1418 0.2171 0.2053 0.1991 0.1549 0.1835 0.1345 0.1411 0.1965 0.2064 0.1688 0.2200 0.1564 0.1600 0.2020 0.1563 0.1637 0.1649 0.1568 0.1595 0.1573 0.2127 0.2042 0.1646 0.1799 0.1665 0.2054 0.1488 0.1526 0.1463 0.1531 0.1561 0.1512 0.2269 0.1663 0.1859 0.1514 0.2254 0.1614 0.1481 0.1503 0.1571 0.1452 0.1464 0.1892 0.1656 0.2210 0.2618 0.1449 0.1634 0.1767 0.1813 0.1611 0.1492 0.1891 0.1414 0.1624 0.1586 0.1893 0.1614 0.2107 0.1837 0.1795 0.1700 0.1608 0.1482 0.1550 0.1756 0.1649 0.2162 0.1533 0.1536 0.1894 0.1650 0.1657 0.1613 0.1856 0.2115 0.1760],[1.6791 0.7336 0.4685 0.3878 0.3400 0.3061 0.2828 0.2648 0.2469 0.2319 0.2222 0.2102 0.2024 0.1904 0.1862 0.1763 0.1722 0.1678 0.1623 0.1581 0.1512 0.1486 0.1454 0.1418 0.1394 0.1355 0.1324 0.1275 0.1259 0.1223 0.1193 0.1226 0.1147 0.1132 0.1125 0.1113 0.1060 0.1058 0.1030 0.1011 0.0990 0.0992 0.0965 0.0968 0.0915 0.0916 0.0896 0.0883 0.0869 0.0853 0.0832 0.0837 0.0816 0.0798 0.0789 0.0803 0.0801 0.0769 0.0756 0.0730 0.0714 0.0707 0.0710 0.0712 0.0694 0.0670 0.0664 0.0654 0.0669 0.0640 0.0667 0.0620 0.0641 0.0617 0.0626 0.0580 0.0596 0.0611 0.0590 0.0553 0.0564 0.0552 0.0549 0.0565 0.0534 0.0538 0.0557 0.0498 0.0524 0.0525 0.0508 0.0535 0.0489 0.0494 0.0483 0.0484 0.0491 0.0482 0.0477 0.0459]
