train_acc,valid_acc,test_acc,train_loss,valid_loss,train_aug_loss
0.9858341217041016,0.9649507403373718,0.9457274675369263,[3.0441 0.7422 0.5483 0.6408 0.4516 0.3855 0.3636 0.3711 0.3777 0.2436 0.3202 0.2359 0.3517 0.2209 0.2659 0.2783 0.2197 0.2260 0.2571 0.2172 0.1728 0.3269 0.1760 0.2338 0.2323 0.1823 0.1733 0.1480 0.2224 0.1752 0.1733 0.1727 0.1442 0.2601 0.1461 0.1230 0.1166 0.2147 0.1291 0.1084 0.1326 0.1049 0.1316 0.1261 0.2045 0.1084 0.0941 0.1729 0.1016 0.1100 0.0950 0.0977 0.1075 0.0999 0.0846 0.1841 0.0946 0.1071 0.1057 0.1240 0.0864 0.1562 0.0758 0.0855 0.0899 0.0913 0.1634 0.0912 0.0717 0.0846 0.1034 0.0697 0.0876 0.1242 0.1095 0.0796 0.1154 0.1153 0.0722 0.0795 0.0811 0.0890 0.0888 0.0980 0.0615 0.0740 0.0939 0.0989 0.0591 0.0759 0.0728 0.0665 0.0583 0.0691 0.0605 0.0588 0.1002 0.1207 0.0957 0.0627],[2.6841 0.9018 0.7128 0.7926 0.5901 0.4641 0.4422 0.4462 0.4660 0.2875 0.3801 0.2597 0.4291 0.2399 0.3251 0.3316 0.2635 0.2883 0.2939 0.2673 0.2059 0.3787 0.1990 0.2893 0.2913 0.2255 0.2223 0.1818 0.2650 0.2108 0.2183 0.2309 0.1902 0.3724 0.2145 0.1606 0.1465 0.2984 0.1738 0.1454 0.1872 0.1470 0.1968 0.1755 0.2908 0.1620 0.1397 0.2646 0.1555 0.1638 0.1454 0.1535 0.1611 0.1577 0.1325 0.2803 0.1541 0.1693 0.1817 0.1973 0.1357 0.2341 0.1292 0.1443 0.1602 0.1527 0.2397 0.1555 0.1222 0.1461 0.1625 0.1220 0.1453 0.2036 0.1776 0.1401 0.1858 0.2050 0.1290 0.1494 0.1461 0.1554 0.1656 0.1741 0.1205 0.1385 0.1843 0.1821 0.1193 0.1496 0.1460 0.1270 0.1274 0.1415 0.1337 0.1280 0.1874 0.1939 0.1891 0.1261],[1.7566 1.1364 0.8068 0.6575 0.5826 0.5353 0.4988 0.4656 0.4391 0.4123 0.3965 0.3804 0.3693 0.3595 0.3467 0.3348 0.3258 0.3128 0.3108 0.3045 0.2981 0.2886 0.2837 0.2774 0.2753 0.2661 0.2615 0.2595 0.2531 0.2511 0.2472 0.2433 0.2413 0.2351 0.2319 0.2299 0.2276 0.2240 0.2209 0.2167 0.2144 0.2140 0.2119 0.2054 0.2060 0.2036 0.2015 0.2014 0.1978 0.1967 0.1982 0.1912 0.1947 0.1924 0.1871 0.1870 0.1819 0.1847 0.1817 0.1818 0.1786 0.1749 0.1780 0.1751 0.1748 0.1737 0.1691 0.1700 0.1698 0.1705 0.1674 0.1655 0.1655 0.1655 0.1637 0.1633 0.1585 0.1579 0.1598 0.1587 0.1592 0.1556 0.1559 0.1545 0.1544 0.1539 0.1550 0.1528 0.1547 0.1475 0.1489 0.1511 0.1488 0.1472 0.1440 0.1441 0.1490 0.1452 0.1413 0.1427]
