train_acc,valid_acc,test_acc,train_loss,valid_loss,train_aug_loss
0.9878546595573425,0.9707815647125244,0.9341801404953003,[3.2312 0.3801 0.2738 0.2549 0.2007 0.2032 0.1818 0.2601 0.1609 0.1815 0.1852 0.1777 0.2005 0.1208 0.1703 0.1479 0.1042 0.1368 0.1543 0.1448 0.1316 0.0902 0.1382 0.1424 0.1739 0.0693 0.1208 0.1073 0.1469 0.1440 0.0948 0.0840 0.0797 0.0551 0.0712 0.0907 0.0907 0.0922 0.1413 0.0796 0.0536 0.0616 0.0825 0.0817 0.0871 0.0452 0.0655 0.0579 0.0775 0.0648 0.0969 0.0547 0.0987 0.1111 0.0477 0.0679 0.0461 0.0650 0.0712 0.0653 0.0553 0.0639 0.0664 0.0386 0.0406 0.0351 0.0689 0.0604 0.0391 0.0889 0.0381 0.0957 0.0392 0.0319 0.0277 0.0396 0.1299 0.0702 0.0984 0.0538 0.0367 0.0706 0.0530 0.0357 0.0261 0.0316 0.0326 0.0324 0.0488 0.0308 0.0387 0.0567 0.0559 0.0350 0.0498 0.0563 0.0524 0.0393 0.0305 0.0361],[2.7880 0.3599 0.2774 0.2655 0.2290 0.2064 0.1938 0.2575 0.1665 0.1937 0.1916 0.1854 0.2059 0.1404 0.1890 0.1709 0.1343 0.1650 0.1784 0.1724 0.1531 0.1313 0.1709 0.1758 0.1949 0.1168 0.1647 0.1430 0.1749 0.1858 0.1424 0.1259 0.1353 0.1100 0.1201 0.1394 0.1417 0.1390 0.1937 0.1317 0.1128 0.1193 0.1406 0.1336 0.1403 0.1028 0.1231 0.1162 0.1400 0.1242 0.1558 0.1171 0.1631 0.1744 0.1112 0.1398 0.1094 0.1359 0.1530 0.1352 0.1275 0.1356 0.1335 0.1025 0.1080 0.1078 0.1465 0.1330 0.1067 0.1627 0.1133 0.1717 0.1162 0.1037 0.1088 0.1174 0.2144 0.1537 0.1892 0.1365 0.1181 0.1590 0.1360 0.1160 0.1033 0.1135 0.1153 0.1193 0.1398 0.1192 0.1232 0.1418 0.1550 0.1221 0.1409 0.1547 0.1436 0.1387 0.1175 0.1260],[1.6679 0.7713 0.5322 0.4515 0.4055 0.3739 0.3556 0.3373 0.3173 0.3029 0.2951 0.2813 0.2745 0.2624 0.2515 0.2466 0.2378 0.2354 0.2272 0.2249 0.2171 0.2145 0.2102 0.2061 0.2024 0.1978 0.1976 0.1912 0.1894 0.1877 0.1846 0.1796 0.1769 0.1791 0.1744 0.1698 0.1716 0.1656 0.1667 0.1639 0.1622 0.1572 0.1593 0.1567 0.1564 0.1512 0.1494 0.1489 0.1491 0.1450 0.1462 0.1440 0.1414 0.1374 0.1393 0.1390 0.1332 0.1335 0.1335 0.1311 0.1328 0.1291 0.1285 0.1277 0.1267 0.1247 0.1256 0.1225 0.1238 0.1215 0.1239 0.1206 0.1190 0.1173 0.1181 0.1143 0.1169 0.1197 0.1129 0.1142 0.1139 0.1123 0.1136 0.1126 0.1098 0.1118 0.1101 0.1062 0.1081 0.1081 0.1090 0.1072 0.1040 0.1066 0.1064 0.1035 0.1037 0.1039 0.1013 0.1029]
