train_acc,valid_acc,test_acc,train_loss,valid_loss,train_aug_loss
0.9657330513000488,0.9537337422370911,0.955624520778656,[1.9062 1.6031 1.3399 1.0869 0.5355 0.3463 0.4447 0.3717 0.4318 0.3630 0.2654 0.2746 0.2148 0.2791 0.3464 0.2122 0.2074 0.2212 0.3688 0.2239 0.2959 0.1968 0.1835 0.3031 0.2721 0.2852 0.2105 0.2522 0.1549 0.2084 0.2336 0.2134 0.1920 0.2191 0.2949 0.2205 0.2801 0.2637 0.1310 0.1197 0.1369 0.2143 0.1532 0.1545 0.1949 0.1566 0.1617 0.2577 0.1782 0.2921 0.1741 0.1933 0.1203 0.1721 0.1664 0.1971 0.1575 0.1173 0.1994 0.2014 0.1440 0.1940 0.2398 0.1609 0.1718 0.1440 0.1787 0.2169 0.1397 0.2110 0.1772 0.2266 0.1718 0.1638 0.1077 0.1474 0.1365 0.1447 0.1353 0.1130 0.1914 0.1674 0.1743 0.1571 0.1693 0.1627 0.1419 0.1680 0.2029 0.1399 0.1733 0.1997 0.1699 0.1184 0.1852 0.1681 0.1534 0.1999 0.1202 0.1372],[1.9454 1.4637 1.1609 0.9472 0.5293 0.3755 0.4146 0.3649 0.4260 0.3640 0.2808 0.2877 0.2390 0.2900 0.3431 0.2432 0.2352 0.2411 0.3743 0.2478 0.3087 0.2236 0.2131 0.3211 0.2886 0.3072 0.2380 0.2818 0.2002 0.2370 0.2604 0.2470 0.2314 0.2556 0.3293 0.2564 0.3054 0.2928 0.1780 0.1695 0.1845 0.2501 0.1983 0.2010 0.2402 0.2083 0.2088 0.2971 0.2201 0.3331 0.2149 0.2382 0.1754 0.2237 0.2183 0.2472 0.2043 0.1672 0.2486 0.2473 0.1941 0.2448 0.2845 0.2095 0.2265 0.1957 0.2259 0.2687 0.1985 0.2611 0.2307 0.2715 0.2249 0.2177 0.1639 0.2037 0.1951 0.2027 0.1950 0.1708 0.2463 0.2232 0.2245 0.2123 0.2285 0.2183 0.1998 0.2229 0.2604 0.1988 0.2307 0.2554 0.2248 0.1748 0.2418 0.2244 0.2136 0.2570 0.1790 0.1960],[1.8896 1.6879 1.3336 1.0359 0.7924 0.6492 0.5780 0.5303 0.4850 0.4567 0.4310 0.4146 0.3922 0.3759 0.3669 0.3559 0.3458 0.3363 0.3281 0.3208 0.3192 0.3095 0.2997 0.2984 0.2895 0.2854 0.2839 0.2784 0.2725 0.2703 0.2648 0.2666 0.2588 0.2517 0.2548 0.2511 0.2453 0.2462 0.2425 0.2411 0.2383 0.2387 0.2336 0.2310 0.2304 0.2285 0.2250 0.2256 0.2251 0.2202 0.2230 0.2194 0.2167 0.2162 0.2123 0.2130 0.2141 0.2106 0.2109 0.2078 0.2048 0.2067 0.2058 0.2039 0.2031 0.2009 0.2023 0.2007 0.1990 0.2015 0.2029 0.1975 0.1963 0.1955 0.1927 0.1951 0.1944 0.1938 0.1911 0.1925 0.1888 0.1900 0.1911 0.1896 0.1901 0.1862 0.1864 0.1870 0.1873 0.1827 0.1847 0.1849 0.1861 0.1833 0.1841 0.1849 0.1838 0.1818 0.1807 0.1795]
