train_acc,valid_acc,test_acc,train_loss,valid_loss,train_aug_loss
0.9864641427993774,0.9647552967071533,0.9341801404953003,[2.7594 0.3858 0.3357 0.2147 0.2475 0.2153 0.2054 0.1562 0.1978 0.2144 0.1624 0.1490 0.1685 0.1735 0.0911 0.1527 0.1470 0.0962 0.1113 0.0914 0.1037 0.0929 0.0942 0.0759 0.0823 0.1133 0.0811 0.0661 0.1339 0.0776 0.0876 0.1035 0.0447 0.0803 0.1273 0.0537 0.0631 0.1015 0.1241 0.0810 0.0559 0.1383 0.0315 0.0314 0.0712 0.0371 0.0356 0.0557 0.0439 0.0443 0.0816 0.0916 0.0328 0.0401 0.0284 0.0440 0.0270 0.0253 0.0352 0.0374 0.0398 0.0244 0.0344 0.0706 0.0188 0.0222 0.0170 0.0208 0.0258 0.0211 0.0203 0.0372 0.0233 0.0160 0.0113 0.0169 0.0204 0.0121 0.0408 0.0166 0.0455 0.0141 0.0468 0.0220 0.0161 0.0194 0.0210 0.0161 0.0301 0.0142 0.0110 0.0143 0.0152 0.0154 0.0329 0.0204 0.0149 0.0161 0.0289 0.0132],[2.5986 0.3874 0.3578 0.2449 0.2722 0.2497 0.2504 0.2052 0.2364 0.2546 0.2188 0.2129 0.2295 0.2394 0.1719 0.2138 0.2124 0.1727 0.1851 0.1655 0.1755 0.1702 0.1720 0.1585 0.1608 0.2005 0.1618 0.1547 0.2306 0.1678 0.1796 0.2060 0.1343 0.1812 0.2363 0.1453 0.1566 0.2096 0.2316 0.1944 0.1571 0.2512 0.1361 0.1369 0.1901 0.1472 0.1456 0.1808 0.1773 0.1689 0.2092 0.2354 0.1481 0.1623 0.1579 0.1815 0.1519 0.1618 0.1619 0.1892 0.1762 0.1562 0.1641 0.2294 0.1488 0.1505 0.1504 0.1635 0.1802 0.1677 0.1577 0.1940 0.1666 0.1602 0.1462 0.1594 0.1673 0.1461 0.2068 0.1660 0.2174 0.1710 0.2232 0.1847 0.1757 0.1646 0.1996 0.1710 0.2095 0.1749 0.1658 0.1611 0.1647 0.1671 0.2102 0.1770 0.1867 0.1881 0.2063 0.1718],[1.6205 0.6584 0.4410 0.3648 0.3184 0.2893 0.2717 0.2483 0.2395 0.2213 0.2120 0.2058 0.1959 0.1878 0.1801 0.1748 0.1678 0.1622 0.1564 0.1543 0.1466 0.1455 0.1414 0.1343 0.1341 0.1308 0.1251 0.1233 0.1218 0.1188 0.1135 0.1146 0.1107 0.1078 0.1055 0.1031 0.1061 0.1004 0.0996 0.0962 0.0954 0.0950 0.0905 0.0894 0.0872 0.0867 0.0841 0.0847 0.0830 0.0838 0.0820 0.0810 0.0776 0.0741 0.0758 0.0744 0.0721 0.0720 0.0743 0.0720 0.0708 0.0689 0.0693 0.0659 0.0654 0.0628 0.0652 0.0622 0.0635 0.0618 0.0634 0.0601 0.0585 0.0598 0.0584 0.0566 0.0554 0.0583 0.0549 0.0558 0.0545 0.0535 0.0522 0.0538 0.0517 0.0523 0.0539 0.0512 0.0511 0.0512 0.0498 0.0495 0.0479 0.0482 0.0476 0.0474 0.0445 0.0445 0.0481 0.0451]
