train_acc,valid_acc,test_acc,train_loss,valid_loss,train_aug_loss
0.9769793748855591,0.9602272510528564,0.9616508483886719,[2.0817 1.4270 0.6556 0.3944 0.3466 0.3991 0.3822 0.4215 0.3179 0.3146 0.2729 0.3851 0.2802 0.2096 0.3405 0.1823 0.2207 0.2986 0.1798 0.1705 0.1705 0.2237 0.1508 0.1918 0.1545 0.1300 0.1648 0.1737 0.1453 0.1305 0.1542 0.1598 0.1091 0.1073 0.1408 0.0905 0.1044 0.1311 0.1122 0.1086 0.0943 0.0841 0.0982 0.1089 0.1295 0.0754 0.0887 0.0876 0.1379 0.0772],[1.9807 1.3064 0.7794 0.4630 0.3896 0.4147 0.4431 0.4216 0.3311 0.3472 0.2883 0.4063 0.3226 0.2819 0.3722 0.2226 0.2856 0.3171 0.2350 0.2151 0.2109 0.2765 0.1929 0.2386 0.1974 0.1813 0.1957 0.2202 0.2018 0.1866 0.2017 0.2081 0.1611 0.1727 0.1892 0.1561 0.1584 0.1826 0.1685 0.1655 0.1538 0.1400 0.1621 0.1682 0.1927 0.1474 0.1497 0.1485 0.1996 0.1433],[1.8154 1.3314 0.8993 0.6758 0.5672 0.4884 0.4426 0.4078 0.3815 0.3555 0.3368 0.3236 0.3096 0.2994 0.2859 0.2771 0.2714 0.2622 0.2488 0.2434 0.2363 0.2287 0.2182 0.2134 0.2051 0.2000 0.1919 0.1911 0.1877 0.1805 0.1752 0.1719 0.1742 0.1660 0.1634 0.1574 0.1547 0.1523 0.1484 0.1466 0.1424 0.1426 0.1381 0.1374 0.1334 0.1327 0.1307 0.1282 0.1288 0.1235]
