train_acc,valid_acc,test_acc,train_loss,valid_loss,train_aug_loss
0.9881098866462708,0.9654857516288757,0.9442840814590454,[3.6935 0.4388 0.4174 0.2447 0.2404 0.2318 0.1569 0.2422 0.1336 0.1522 0.1963 0.1532 0.1018 0.1588 0.1273 0.1431 0.2370 0.1322 0.1522 0.1082 0.0985 0.1029 0.0862 0.1229 0.1165 0.0902 0.0717 0.0701 0.0710 0.0617 0.0904 0.0707 0.0552 0.1100 0.0913 0.0550 0.0637 0.0854 0.0987 0.0380 0.0487 0.1031 0.0464 0.0603 0.0458 0.0557 0.0581 0.0608 0.0521 0.0956 0.0479 0.0302 0.0413 0.0281 0.0395 0.0311 0.0328 0.0283 0.0302 0.0426 0.0416 0.0248 0.0552 0.0545 0.0230 0.0370 0.0273 0.0494 0.0303 0.0257 0.0256 0.0569 0.0307 0.0175 0.0357 0.0158 0.0349 0.0180 0.0427 0.0823 0.0134 0.0362 0.0126 0.0471 0.0163 0.0442 0.0121 0.0337 0.0343 0.0424 0.0300 0.0108 0.0149 0.0138 0.0228 0.0086 0.0215 0.0190 0.0080 0.0195],[3.3145 0.4299 0.4103 0.2531 0.2513 0.2361 0.1795 0.2619 0.1667 0.1933 0.2190 0.1919 0.1465 0.2092 0.1703 0.1882 0.2717 0.1848 0.2065 0.1594 0.1537 0.1649 0.1489 0.1824 0.1865 0.1606 0.1375 0.1350 0.1440 0.1324 0.1603 0.1415 0.1313 0.1831 0.1715 0.1350 0.1537 0.1747 0.1836 0.1217 0.1472 0.1960 0.1346 0.1514 0.1460 0.1535 0.1698 0.1586 0.1526 0.1978 0.1436 0.1286 0.1470 0.1287 0.1357 0.1388 0.1377 0.1447 0.1473 0.1552 0.1588 0.1443 0.1786 0.1805 0.1313 0.1645 0.1567 0.1878 0.1490 0.1609 0.1577 0.1850 0.1554 0.1385 0.1696 0.1479 0.1792 0.1608 0.1924 0.2535 0.1553 0.1849 0.1508 0.2149 0.1543 0.1922 0.1365 0.1974 0.1970 0.2056 0.1725 0.1518 0.1748 0.1724 0.1733 0.1440 0.1837 0.1763 0.1448 0.1618],[1.6776 0.7103 0.4684 0.3838 0.3323 0.3064 0.2817 0.2642 0.2427 0.2256 0.2184 0.2100 0.1983 0.1918 0.1820 0.1778 0.1702 0.1655 0.1624 0.1575 0.1522 0.1510 0.1479 0.1407 0.1382 0.1364 0.1321 0.1266 0.1276 0.1220 0.1220 0.1207 0.1157 0.1142 0.1110 0.1111 0.1052 0.1036 0.1048 0.1024 0.0998 0.0991 0.0962 0.0937 0.0907 0.0899 0.0911 0.0881 0.0868 0.0847 0.0843 0.0829 0.0816 0.0807 0.0766 0.0778 0.0747 0.0773 0.0725 0.0750 0.0694 0.0747 0.0720 0.0692 0.0687 0.0678 0.0676 0.0645 0.0656 0.0633 0.0636 0.0630 0.0628 0.0617 0.0615 0.0603 0.0612 0.0592 0.0580 0.0582 0.0562 0.0575 0.0556 0.0554 0.0549 0.0546 0.0525 0.0515 0.0552 0.0513 0.0522 0.0520 0.0493 0.0510 0.0494 0.0483 0.0472 0.0491 0.0480 0.0484]
