train_acc,valid_acc,test_acc,train_loss,valid_loss,train_aug_loss
0.9801274538040161,0.9616508483886719,0.9385104179382324,[3.6327 0.8149 0.5845 0.3654 0.3656 0.3934 0.3068 0.3504 0.2616 0.2466 0.3775 0.3064 0.3020 0.3254 0.2319 0.2572 0.2647 0.2911 0.3359 0.2313 0.2396 0.1999 0.3545 0.2534 0.2700 0.2885 0.1907 0.2551 0.2367 0.2182 0.2155 0.1365 0.2788 0.1408 0.1909 0.1577 0.2140 0.1972 0.1333 0.1739 0.1789 0.1986 0.1844 0.1339 0.1161 0.1981 0.1393 0.2171 0.1032 0.1208 0.1352 0.1256 0.1988 0.1242 0.1131 0.1731 0.1364 0.0993 0.1564 0.1437 0.1265 0.1318 0.1005 0.1274 0.1463 0.1085 0.1492 0.1041 0.1046 0.0943 0.1022 0.0880 0.1464 0.1157 0.1085 0.0833 0.0963 0.1127 0.0963 0.0915 0.1174 0.1043 0.0871 0.0791 0.0872 0.0777 0.0769 0.0801 0.1068 0.0834 0.0736 0.1116 0.0789 0.0890 0.0921 0.0767 0.0686 0.0799 0.0810 0.1457],[3.0081 0.7556 0.5412 0.3666 0.3776 0.3789 0.3143 0.3267 0.2768 0.2624 0.3516 0.3073 0.2892 0.3211 0.2495 0.2557 0.2640 0.2785 0.3167 0.2338 0.2460 0.2152 0.3396 0.2611 0.2694 0.2886 0.2176 0.2673 0.2408 0.2352 0.2333 0.1788 0.2796 0.1681 0.2083 0.1935 0.2364 0.2182 0.1659 0.1993 0.2072 0.2210 0.2109 0.1712 0.1598 0.2160 0.1739 0.2449 0.1452 0.1628 0.1723 0.1640 0.2388 0.1574 0.1572 0.2162 0.1775 0.1483 0.1994 0.1995 0.1741 0.1799 0.1438 0.1852 0.1954 0.1650 0.2009 0.1640 0.1670 0.1534 0.1559 0.1432 0.1958 0.1718 0.1616 0.1395 0.1553 0.1712 0.1560 0.1478 0.1794 0.1636 0.1466 0.1347 0.1508 0.1366 0.1418 0.1490 0.1723 0.1439 0.1408 0.1796 0.1469 0.1555 0.1604 0.1413 0.1392 0.1510 0.1514 0.2136],[1.7989 1.2320 0.8392 0.6732 0.5779 0.5256 0.4893 0.4656 0.4462 0.4278 0.4082 0.3957 0.3834 0.3698 0.3643 0.3546 0.3425 0.3390 0.3352 0.3229 0.3139 0.3090 0.3033 0.3004 0.2892 0.2881 0.2802 0.2754 0.2690 0.2677 0.2613 0.2568 0.2508 0.2473 0.2447 0.2405 0.2376 0.2381 0.2268 0.2301 0.2253 0.2215 0.2224 0.2184 0.2145 0.2132 0.2088 0.2065 0.2050 0.2028 0.1981 0.2021 0.1971 0.1976 0.1946 0.1887 0.1900 0.1896 0.1870 0.1853 0.1851 0.1832 0.1804 0.1777 0.1787 0.1744 0.1749 0.1721 0.1740 0.1722 0.1699 0.1717 0.1675 0.1676 0.1659 0.1634 0.1634 0.1652 0.1637 0.1617 0.1602 0.1584 0.1610 0.1590 0.1566 0.1557 0.1523 0.1557 0.1544 0.1517 0.1529 0.1478 0.1508 0.1490 0.1465 0.1447 0.1486 0.1466 0.1467 0.1442]
