train_acc,valid_acc,test_acc,train_loss,valid_loss,train_aug_loss
0.990873396396637,0.9691380858421326,0.9353348612785339,[4.9286 0.5793 0.3009 0.1994 0.2431 0.1647 0.2070 0.1789 0.1623 0.1281 0.1471 0.1780 0.1037 0.1867 0.1534 0.0891 0.0859 0.1510 0.0694 0.0738 0.1601 0.1821 0.0948 0.1450 0.0803 0.1114 0.0639 0.0778 0.0542 0.0787 0.0927 0.0621 0.0591 0.0712 0.0750 0.0362 0.0863 0.0663 0.0772 0.0488 0.0637 0.0549 0.0573 0.0876 0.0640 0.0387 0.0513 0.0538 0.0303 0.0468 0.0324 0.0284 0.0311 0.0282 0.0340 0.0317 0.0435 0.0231 0.0460 0.0506 0.0256 0.0232 0.0165 0.0563 0.0232 0.0415 0.0342 0.0236 0.0205 0.0271 0.0221 0.0477 0.0112 0.0194 0.0126 0.0405 0.0354 0.0118 0.0159 0.0190 0.0403 0.0110 0.0214 0.0245 0.0181 0.0249 0.0290 0.0136 0.0130 0.0210 0.0149 0.0117 0.0152 0.0187 0.0240 0.0194 0.0412 0.0168 0.0110 0.0108],[4.3413 0.5600 0.3011 0.2216 0.2555 0.1895 0.2154 0.2171 0.1948 0.1619 0.1871 0.2016 0.1506 0.2153 0.1874 0.1354 0.1330 0.1989 0.1267 0.1299 0.2107 0.2312 0.1508 0.2039 0.1371 0.1761 0.1294 0.1405 0.1216 0.1481 0.1670 0.1246 0.1314 0.1398 0.1435 0.1138 0.1613 0.1429 0.1578 0.1242 0.1544 0.1364 0.1495 0.1710 0.1447 0.1244 0.1356 0.1347 0.1105 0.1382 0.1204 0.1157 0.1250 0.1161 0.1252 0.1211 0.1449 0.1158 0.1485 0.1611 0.1284 0.1249 0.1286 0.1761 0.1200 0.1582 0.1436 0.1403 0.1242 0.1356 0.1439 0.1728 0.1153 0.1333 0.1221 0.1763 0.1639 0.1314 0.1343 0.1370 0.1821 0.1238 0.1559 0.1560 0.1391 0.1516 0.1718 0.1318 0.1334 0.1473 0.1490 0.1414 0.1522 0.1650 0.1647 0.1448 0.1937 0.1452 0.1424 0.1337],[1.6578 0.6844 0.4456 0.3671 0.3307 0.2994 0.2749 0.2558 0.2390 0.2265 0.2143 0.2027 0.1932 0.1870 0.1799 0.1712 0.1649 0.1604 0.1539 0.1506 0.1472 0.1424 0.1400 0.1368 0.1279 0.1270 0.1249 0.1213 0.1199 0.1184 0.1118 0.1098 0.1067 0.1073 0.1047 0.1019 0.1012 0.0994 0.0965 0.0932 0.0937 0.0892 0.0897 0.0865 0.0863 0.0837 0.0861 0.0850 0.0822 0.0793 0.0762 0.0776 0.0771 0.0727 0.0773 0.0738 0.0729 0.0713 0.0713 0.0699 0.0691 0.0667 0.0674 0.0665 0.0656 0.0634 0.0631 0.0629 0.0602 0.0621 0.0603 0.0606 0.0566 0.0585 0.0577 0.0556 0.0576 0.0548 0.0555 0.0538 0.0547 0.0546 0.0526 0.0530 0.0518 0.0502 0.0504 0.0504 0.0525 0.0512 0.0474 0.0493 0.0469 0.0449 0.0462 0.0476 0.0482 0.0447 0.0437 0.0454]
