train_acc,valid_acc,test_acc,train_loss,valid_loss,train_aug_loss
0.9655179381370544,0.9537337422370911,0.953250527381897,[1.8590 1.4917 1.4688 1.0543 0.6213 0.9511 0.3568 0.3302 0.3541 0.3440 0.3463 0.2427 0.2753 0.3069 0.2030 0.2194 0.2909 0.2059 0.1897 0.1736 0.2162 0.2137 0.2030 0.1681 0.2202 0.1791 0.1921 0.1915 0.1896 0.1667 0.2000 0.1663 0.1698 0.1837 0.1827 0.1529 0.1664 0.1477 0.2343 0.1540 0.1938 0.2140 0.1723 0.1880 0.1664 0.1384 0.1710 0.1549 0.1652 0.1580 0.1139 0.1632 0.1343 0.1529 0.1762 0.1565 0.1642 0.1528 0.1675 0.1552 0.1830 0.1540 0.1744 0.1613 0.1762 0.1505 0.1614 0.1468 0.1688 0.1791 0.1659 0.1476 0.1631 0.1619 0.1570 0.1548 0.1506 0.1417 0.1421 0.1751 0.1530 0.1550 0.1673 0.1746 0.1484 0.1582 0.1566 0.1483 0.1473 0.1640 0.1595 0.1731 0.1440 0.1665 0.1482 0.1673 0.1427 0.1603 0.1670 0.1565],[1.9183 1.4004 1.2805 0.9523 0.6049 0.8120 0.3851 0.3385 0.3507 0.3344 0.3431 0.2629 0.2817 0.3064 0.2291 0.2349 0.2885 0.2272 0.2146 0.2047 0.2293 0.2299 0.2178 0.1959 0.2380 0.2044 0.2128 0.2087 0.2145 0.1938 0.2225 0.1911 0.1955 0.2127 0.2105 0.1830 0.1932 0.1816 0.2587 0.1832 0.2181 0.2372 0.1978 0.2132 0.1948 0.1713 0.2017 0.1872 0.1952 0.1891 0.1548 0.1929 0.1717 0.1856 0.2042 0.1874 0.1957 0.1857 0.1971 0.1869 0.2130 0.1876 0.2035 0.1927 0.2075 0.1837 0.1913 0.1818 0.1984 0.2096 0.1977 0.1834 0.1956 0.1956 0.1904 0.1902 0.1851 0.1762 0.1770 0.2068 0.1898 0.1903 0.2016 0.2077 0.1843 0.1913 0.1919 0.1822 0.1835 0.1980 0.1927 0.2052 0.1808 0.2015 0.1840 0.2010 0.1774 0.1942 0.2014 0.1908],[1.8958 1.6910 1.3532 1.0300 0.7896 0.6628 0.5863 0.5260 0.4863 0.4576 0.4297 0.4120 0.3979 0.3769 0.3685 0.3597 0.3487 0.3432 0.3326 0.3261 0.3224 0.3111 0.3099 0.3001 0.2972 0.2935 0.2901 0.2826 0.2815 0.2724 0.2726 0.2678 0.2661 0.2620 0.2619 0.2585 0.2565 0.2528 0.2510 0.2503 0.2472 0.2475 0.2425 0.2420 0.2370 0.2360 0.2379 0.2347 0.2361 0.2295 0.2306 0.2294 0.2271 0.2273 0.2251 0.2252 0.2241 0.2226 0.2226 0.2226 0.2229 0.2202 0.2194 0.2194 0.2171 0.2155 0.2151 0.2132 0.2127 0.2116 0.2115 0.2117 0.2121 0.2125 0.2111 0.2073 0.2116 0.2094 0.2122 0.2075 0.2085 0.2073 0.2079 0.2080 0.2065 0.2050 0.2030 0.2060 0.2033 0.2038 0.2044 0.2055 0.2025 0.2023 0.2023 0.2022 0.2017 0.2006 0.2010 0.2008]
