train_acc,valid_acc,test_acc,train_loss,valid_loss,train_aug_loss
0.9818494915962219,0.9630681872367859,0.9620160460472107,[4.1466 0.9868 0.5719 0.4893 0.3691 0.5064 0.3440 0.3732 0.4322 0.3122 0.3790 0.3437 0.3593 0.3982 0.4622 0.2954 0.3314 0.3549 0.1961 0.2379 0.3001 0.2560 0.1789 0.3251 0.2257 0.2009 0.2449 0.1780 0.1451 0.1123 0.1467 0.1506 0.1518 0.2213 0.1327 0.1203 0.1201 0.1035 0.1020 0.1005 0.1508 0.1154 0.1244 0.1186 0.0996 0.1056 0.1384 0.0736 0.1473 0.0880],[3.4492 0.9188 0.5830 0.5435 0.3955 0.5203 0.3536 0.4066 0.4278 0.3105 0.3660 0.3487 0.3500 0.4247 0.4401 0.3038 0.3518 0.3533 0.2344 0.2694 0.3065 0.2900 0.2169 0.3420 0.2578 0.2459 0.2693 0.2376 0.1876 0.1602 0.1903 0.1902 0.1998 0.2712 0.1772 0.1708 0.1730 0.1570 0.1519 0.1587 0.2020 0.1640 0.1754 0.1720 0.1555 0.1638 0.2018 0.1289 0.2050 0.1409],[1.8102 1.3751 0.9537 0.7332 0.6096 0.5435 0.4854 0.4458 0.4146 0.3953 0.3659 0.3455 0.3300 0.3149 0.3043 0.2954 0.2771 0.2715 0.2580 0.2503 0.2407 0.2329 0.2266 0.2142 0.2121 0.2035 0.1973 0.1923 0.1884 0.1823 0.1827 0.1773 0.1699 0.1687 0.1664 0.1633 0.1591 0.1548 0.1583 0.1533 0.1471 0.1478 0.1452 0.1439 0.1429 0.1388 0.1347 0.1330 0.1304 0.1305]
