train_acc,valid_acc,test_acc,train_loss,valid_loss,train_aug_loss
0.9857340455055237,0.9686017036437988,0.9408198595046997,[2.2386 1.1581 1.0319 0.8174 0.6111 0.6589 0.3640 0.4228 0.4095 0.3518 0.3181 0.3616 0.3087 0.3797 0.3213 0.3286 0.2500 0.2306 0.2781 0.2339 0.1940 0.2106 0.1977 0.2249 0.1626 0.1785 0.1709 0.2087 0.2650 0.1842 0.2496 0.1604 0.1584 0.1563 0.1744 0.1406 0.1157 0.1764 0.1559 0.1626 0.1989 0.1180 0.1406 0.1182 0.1334 0.1305 0.1622 0.1039 0.1062 0.1176 0.0962 0.0893 0.1028 0.0950 0.1115 0.0903 0.1322 0.0966 0.1411 0.0932 0.1178 0.1253 0.0925 0.0929 0.0798 0.1309 0.0837 0.0923 0.0936 0.1107 0.0948 0.0718 0.1249 0.0779 0.0670 0.0785 0.0867 0.0853 0.0661 0.0718 0.0672 0.0712 0.0705 0.0879 0.1541 0.0654 0.0689 0.0906 0.0717 0.0786 0.0655 0.0666 0.0872 0.0746 0.0699 0.0538 0.0719 0.1063 0.0657 0.0923],[1.9872 1.2407 1.1922 1.0370 0.7444 0.8285 0.4213 0.5149 0.5293 0.4429 0.3697 0.4476 0.3555 0.4944 0.3892 0.4343 0.3074 0.3043 0.3672 0.2900 0.2226 0.2738 0.2368 0.2815 0.1980 0.2172 0.2183 0.2787 0.3398 0.2646 0.3469 0.2267 0.2148 0.2158 0.2557 0.1784 0.1482 0.2536 0.2249 0.2354 0.2997 0.1467 0.1985 0.1746 0.1847 0.1955 0.2503 0.1517 0.1635 0.1766 0.1539 0.1406 0.1596 0.1515 0.1664 0.1480 0.1999 0.1446 0.2279 0.1589 0.2017 0.1973 0.1658 0.1555 0.1395 0.2197 0.1458 0.1630 0.1587 0.1828 0.1619 0.1285 0.2057 0.1359 0.1261 0.1458 0.1553 0.1565 0.1226 0.1282 0.1296 0.1378 0.1259 0.1714 0.2671 0.1308 0.1357 0.1759 0.1384 0.1507 0.1429 0.1373 0.1764 0.1501 0.1500 0.1030 0.1434 0.1928 0.1364 0.1699],[1.8197 1.3992 1.0274 0.8180 0.6867 0.6121 0.5623 0.5200 0.4888 0.4580 0.4410 0.4216 0.4065 0.3929 0.3772 0.3632 0.3538 0.3462 0.3383 0.3257 0.3257 0.3103 0.2974 0.2969 0.2893 0.2845 0.2778 0.2678 0.2660 0.2653 0.2531 0.2557 0.2526 0.2437 0.2430 0.2338 0.2338 0.2350 0.2277 0.2239 0.2218 0.2214 0.2188 0.2103 0.2144 0.2080 0.2094 0.2052 0.2030 0.1998 0.1993 0.1955 0.1960 0.1911 0.1936 0.1887 0.1853 0.1859 0.1861 0.1832 0.1822 0.1789 0.1822 0.1773 0.1772 0.1771 0.1742 0.1727 0.1771 0.1726 0.1688 0.1698 0.1692 0.1696 0.1668 0.1645 0.1633 0.1624 0.1647 0.1591 0.1601 0.1597 0.1600 0.1593 0.1562 0.1559 0.1561 0.1547 0.1534 0.1530 0.1520 0.1533 0.1506 0.1507 0.1520 0.1467 0.1490 0.1482 0.1477 0.1465]
