train_acc,valid_acc,test_acc,train_loss,valid_loss,train_aug_loss
0.9799690246582031,0.9605551362037659,0.9301385879516602,[4.0404 0.6583 0.4406 0.4278 0.3658 0.4574 0.4061 0.3418 0.2765 0.2540 0.3709 0.2827 0.3935 0.2523 0.2083 0.2831 0.3242 0.3567 0.2151 0.2108 0.3054 0.2337 0.2161 0.2935 0.2235 0.2941 0.2460 0.2991 0.2826 0.3418 0.3030 0.1531 0.2232 0.1704 0.2079 0.1783 0.1386 0.1514 0.1681 0.2402 0.1868 0.1506 0.1521 0.1732 0.1365 0.1134 0.1138 0.1318 0.1708 0.1560 0.1994 0.1263 0.1194 0.0967 0.1088 0.1224 0.1074 0.1395 0.1148 0.0995 0.1579 0.1845 0.1043 0.1342 0.1498 0.0885 0.0733 0.1005 0.0905 0.1353 0.0786 0.1130 0.0705 0.1324 0.1056 0.0905 0.0987 0.0995 0.0847 0.0921 0.1128 0.1063 0.1199 0.0876 0.1136 0.0843 0.0964 0.1065 0.0805 0.0903 0.0844 0.0809 0.0883 0.1392 0.1029 0.0883 0.0662 0.0839 0.0981 0.0668],[3.5761 0.6976 0.4745 0.4637 0.3763 0.4502 0.3936 0.3476 0.3018 0.2863 0.3633 0.3080 0.3844 0.2866 0.2431 0.3030 0.3219 0.3549 0.2470 0.2408 0.3043 0.2578 0.2425 0.2971 0.2438 0.2982 0.2634 0.3032 0.2930 0.3537 0.3078 0.1982 0.2489 0.2014 0.2352 0.2039 0.1742 0.1830 0.2007 0.2612 0.2122 0.1904 0.1892 0.2100 0.1724 0.1573 0.1550 0.1732 0.2058 0.1891 0.2358 0.1746 0.1620 0.1436 0.1561 0.1676 0.1558 0.1854 0.1602 0.1466 0.1998 0.2293 0.1560 0.1837 0.1970 0.1392 0.1287 0.1476 0.1449 0.1895 0.1341 0.1637 0.1318 0.1862 0.1644 0.1473 0.1489 0.1572 0.1381 0.1480 0.1677 0.1634 0.1831 0.1493 0.1776 0.1491 0.1632 0.1721 0.1432 0.1555 0.1488 0.1430 0.1568 0.2065 0.1675 0.1568 0.1349 0.1494 0.1678 0.1343],[1.8051 1.2308 0.8442 0.6716 0.5865 0.5417 0.5010 0.4721 0.4482 0.4302 0.4148 0.4060 0.3899 0.3766 0.3651 0.3569 0.3485 0.3403 0.3339 0.3260 0.3200 0.3125 0.3052 0.2993 0.2945 0.2890 0.2828 0.2786 0.2736 0.2676 0.2667 0.2605 0.2575 0.2471 0.2483 0.2427 0.2428 0.2388 0.2303 0.2314 0.2238 0.2257 0.2162 0.2173 0.2156 0.2132 0.2082 0.2093 0.2064 0.2015 0.1983 0.1994 0.1957 0.1963 0.1951 0.1909 0.1933 0.1806 0.1866 0.1860 0.1832 0.1800 0.1798 0.1794 0.1717 0.1755 0.1719 0.1731 0.1718 0.1696 0.1677 0.1681 0.1653 0.1626 0.1660 0.1658 0.1622 0.1613 0.1616 0.1584 0.1590 0.1585 0.1571 0.1533 0.1540 0.1540 0.1518 0.1560 0.1523 0.1519 0.1505 0.1508 0.1464 0.1471 0.1461 0.1483 0.1440 0.1441 0.1434 0.1411]
