train_acc,valid_acc,test_acc,train_loss,valid_loss,train_aug_loss
0.9831326603889465,0.9620299339294434,0.9437066912651062,[3.8770 1.1443 0.5601 0.5475 0.4039 0.4234 0.3266 0.3819 0.3409 0.3643 0.2997 0.3400 0.2594 0.2825 0.3085 0.2612 0.2015 0.2276 0.1926 0.1894 0.2240 0.2081 0.1970 0.2076 0.1438 0.2230 0.1830 0.1581 0.1437 0.2116 0.1651 0.1425 0.1410 0.1277 0.1560 0.1565 0.1574 0.1713 0.1403 0.1566 0.1584 0.1549 0.1490 0.1309 0.1426 0.1257 0.1360 0.1075 0.0940 0.1173 0.1057 0.1170 0.0959 0.1128 0.0985 0.1014 0.1020 0.1039 0.1104 0.1123 0.1035 0.1098 0.1023 0.0793 0.0739 0.1101 0.0928 0.0903 0.0795 0.0856 0.0735 0.0861 0.0847 0.0848 0.0728 0.0686 0.0781 0.1300 0.0859 0.0807 0.0671 0.1067 0.0910 0.0767 0.0673 0.0863 0.0663 0.0650 0.0669 0.0708 0.0766 0.1064 0.0713 0.0693 0.0804 0.0680 0.0844 0.0827 0.0683 0.0615],[3.3491 1.2825 0.7137 0.6870 0.4900 0.5488 0.3708 0.4885 0.4185 0.4846 0.3839 0.4009 0.3257 0.3641 0.3946 0.3487 0.2328 0.2864 0.2418 0.2434 0.2846 0.2375 0.2590 0.2654 0.1813 0.2857 0.2411 0.2037 0.1898 0.2785 0.2243 0.1913 0.1981 0.1645 0.2142 0.2166 0.2122 0.2337 0.1981 0.2278 0.2378 0.2444 0.2276 0.1865 0.2084 0.1763 0.2153 0.1597 0.1465 0.1921 0.1661 0.1834 0.1555 0.1646 0.1561 0.1596 0.1574 0.1700 0.1720 0.1733 0.1640 0.1809 0.1631 0.1358 0.1324 0.1850 0.1627 0.1499 0.1393 0.1520 0.1300 0.1427 0.1482 0.1486 0.1383 0.1289 0.1446 0.2220 0.1461 0.1472 0.1292 0.1940 0.1757 0.1454 0.1279 0.1661 0.1322 0.1254 0.1272 0.1387 0.1499 0.1908 0.1388 0.1385 0.1467 0.1375 0.1687 0.1583 0.1461 0.1323],[1.7550 1.1645 0.7931 0.6464 0.5719 0.5252 0.4868 0.4530 0.4352 0.4103 0.3965 0.3837 0.3669 0.3552 0.3388 0.3380 0.3218 0.3174 0.3096 0.3007 0.2959 0.2877 0.2850 0.2788 0.2723 0.2707 0.2628 0.2590 0.2551 0.2523 0.2500 0.2427 0.2409 0.2384 0.2329 0.2294 0.2247 0.2234 0.2229 0.2212 0.2174 0.2124 0.2123 0.2103 0.2115 0.2044 0.2027 0.2030 0.1991 0.1985 0.1956 0.1941 0.1937 0.1888 0.1885 0.1880 0.1885 0.1851 0.1824 0.1797 0.1809 0.1825 0.1800 0.1774 0.1745 0.1745 0.1712 0.1726 0.1744 0.1722 0.1703 0.1695 0.1679 0.1645 0.1631 0.1667 0.1644 0.1623 0.1614 0.1600 0.1619 0.1601 0.1606 0.1588 0.1580 0.1559 0.1540 0.1534 0.1554 0.1510 0.1550 0.1487 0.1487 0.1518 0.1473 0.1498 0.1482 0.1478 0.1483 0.1471]
