train_acc,valid_acc,test_acc,train_loss,valid_loss,train_aug_loss
0.984533429145813,0.9660459756851196,0.9408198595046997,[3.6565 0.9672 1.1035 0.4758 0.4120 0.4442 0.4589 0.3972 0.3207 0.3697 0.3403 0.3510 0.3173 0.3046 0.2387 0.2178 0.2459 0.2438 0.2141 0.2041 0.1844 0.2017 0.1869 0.2237 0.1776 0.1559 0.1512 0.2097 0.1844 0.1454 0.1540 0.1294 0.1565 0.1350 0.1265 0.1240 0.1455 0.1139 0.1239 0.1063 0.1314 0.1206 0.1159 0.1754 0.1311 0.0878 0.1089 0.0943 0.1248 0.1279 0.0914 0.1648 0.0805 0.1210 0.1182 0.1018 0.1154 0.1289 0.0771 0.0825 0.0806 0.1166 0.0939 0.0788 0.0929 0.0759 0.0936 0.0891 0.1103 0.0689 0.1576 0.0675 0.0860 0.1089 0.0997 0.1089 0.0840 0.0786 0.1039 0.0691 0.0673 0.0568 0.0687 0.0666 0.1178 0.0929 0.0674 0.0909 0.1308 0.0986 0.0529 0.0746 0.0684 0.0546 0.0647 0.0776 0.0628 0.0614 0.0738 0.0668],[3.1160 1.1267 1.2264 0.5861 0.4829 0.5734 0.5454 0.4304 0.3817 0.3938 0.4373 0.4815 0.3865 0.4072 0.2797 0.2572 0.3103 0.3176 0.2381 0.2646 0.2359 0.2666 0.2370 0.3116 0.2510 0.2082 0.1938 0.2801 0.2508 0.1935 0.2020 0.1815 0.2025 0.1914 0.1744 0.1792 0.2081 0.1676 0.1844 0.1564 0.2042 0.1873 0.1710 0.2642 0.1969 0.1357 0.1627 0.1555 0.1943 0.2060 0.1467 0.2519 0.1292 0.1935 0.1830 0.1591 0.1952 0.2018 0.1345 0.1397 0.1338 0.1936 0.1516 0.1361 0.1562 0.1357 0.1726 0.1581 0.1957 0.1290 0.2360 0.1305 0.1655 0.1883 0.1940 0.1880 0.1625 0.1537 0.1914 0.1402 0.1378 0.1100 0.1316 0.1413 0.2106 0.1803 0.1434 0.1723 0.2313 0.1863 0.1185 0.1551 0.1411 0.1221 0.1307 0.1515 0.1354 0.1336 0.1509 0.1556],[1.7796 1.2828 0.9101 0.7182 0.6237 0.5740 0.5282 0.4899 0.4659 0.4351 0.4213 0.4069 0.3784 0.3685 0.3520 0.3452 0.3356 0.3278 0.3160 0.3063 0.2991 0.2912 0.2824 0.2770 0.2702 0.2637 0.2617 0.2551 0.2488 0.2496 0.2464 0.2408 0.2367 0.2346 0.2293 0.2234 0.2222 0.2186 0.2168 0.2148 0.2147 0.2106 0.2070 0.2045 0.2019 0.1995 0.1983 0.1977 0.1941 0.1929 0.1932 0.1876 0.1882 0.1853 0.1839 0.1838 0.1830 0.1807 0.1816 0.1775 0.1750 0.1724 0.1736 0.1710 0.1703 0.1693 0.1685 0.1689 0.1661 0.1673 0.1627 0.1632 0.1595 0.1631 0.1627 0.1616 0.1586 0.1570 0.1584 0.1551 0.1592 0.1561 0.1521 0.1513 0.1547 0.1491 0.1509 0.1504 0.1499 0.1483 0.1448 0.1502 0.1468 0.1448 0.1444 0.1464 0.1463 0.1430 0.1436 0.1435]
