train_acc,valid_acc,test_acc,train_loss,valid_loss,train_aug_loss
0.986173689365387,0.9684075713157654,0.943418025970459,[4.8000 0.8032 0.4151 0.4036 0.3145 0.3041 0.4486 0.3761 0.2919 0.2774 0.2936 0.2648 0.3409 0.2729 0.2605 0.2051 0.3512 0.2251 0.2731 0.2215 0.2283 0.2348 0.2017 0.1550 0.1921 0.1911 0.1895 0.2424 0.1407 0.1728 0.1951 0.1808 0.1814 0.1761 0.1784 0.1174 0.1291 0.1296 0.1356 0.1416 0.1409 0.1472 0.1953 0.1661 0.0966 0.1816 0.1305 0.1589 0.1503 0.1378 0.1137 0.1151 0.1949 0.1160 0.0861 0.1099 0.1325 0.1034 0.0987 0.1164 0.1356 0.0941 0.1020 0.0985 0.1048 0.1189 0.1071 0.0825 0.0994 0.0798 0.0717 0.0759 0.0764 0.0923 0.1216 0.0709 0.0686 0.0719 0.0875 0.0855 0.0895 0.0641 0.0670 0.0851 0.0598 0.0946 0.0736 0.0758 0.0773 0.0708 0.0781 0.0930 0.0682 0.0854 0.0707 0.0830 0.1106 0.1050 0.0476 0.0520],[4.1981 0.7471 0.4402 0.4190 0.3406 0.3484 0.4198 0.3682 0.3102 0.3006 0.3110 0.2873 0.3543 0.2891 0.2829 0.2421 0.3614 0.2505 0.2985 0.2483 0.2480 0.2604 0.2293 0.1875 0.2178 0.2142 0.2197 0.2641 0.1813 0.2014 0.2281 0.2097 0.2150 0.2175 0.2016 0.1534 0.1592 0.1687 0.1701 0.1769 0.1740 0.1826 0.2250 0.1996 0.1380 0.2167 0.1767 0.2033 0.1896 0.1736 0.1567 0.1521 0.2281 0.1538 0.1326 0.1525 0.1780 0.1495 0.1467 0.1672 0.1791 0.1395 0.1507 0.1477 0.1531 0.1680 0.1542 0.1321 0.1473 0.1357 0.1245 0.1187 0.1303 0.1512 0.1806 0.1275 0.1222 0.1327 0.1517 0.1463 0.1405 0.1188 0.1262 0.1415 0.1134 0.1607 0.1343 0.1361 0.1322 0.1322 0.1364 0.1590 0.1331 0.1489 0.1304 0.1489 0.1694 0.1654 0.1112 0.1092],[1.7836 1.2463 0.8340 0.6706 0.5953 0.5370 0.5052 0.4663 0.4400 0.4192 0.4006 0.3883 0.3750 0.3612 0.3548 0.3421 0.3314 0.3265 0.3166 0.3099 0.3027 0.2964 0.2908 0.2809 0.2796 0.2705 0.2711 0.2645 0.2584 0.2544 0.2500 0.2440 0.2416 0.2422 0.2389 0.2341 0.2331 0.2264 0.2212 0.2239 0.2192 0.2139 0.2113 0.2114 0.2080 0.2068 0.2059 0.2028 0.1997 0.2014 0.1963 0.1952 0.1957 0.1903 0.1897 0.1858 0.1868 0.1855 0.1833 0.1848 0.1831 0.1800 0.1749 0.1762 0.1734 0.1750 0.1733 0.1715 0.1696 0.1695 0.1678 0.1673 0.1691 0.1636 0.1621 0.1679 0.1652 0.1623 0.1618 0.1582 0.1591 0.1568 0.1567 0.1562 0.1555 0.1576 0.1562 0.1557 0.1515 0.1524 0.1534 0.1490 0.1503 0.1496 0.1492 0.1490 0.1446 0.1469 0.1466 0.1425]
