train_acc,test_acc,train_loss,train_aug_loss
0.9805395603179932,0.9278290867805481,[3.5052 0.8327 0.5020 0.3936 0.3587 0.4577 0.4073 0.4331 0.4109 0.3826 0.2679 0.3328 0.2724 0.2215 0.2934 0.2631 0.1909 0.3169 0.2144 0.1828 0.2235 0.3321 0.2327 0.2205 0.2201 0.2340 0.2020 0.2056 0.1781 0.1636 0.1193 0.1531 0.1235 0.1248 0.1677 0.2019 0.1493 0.1028 0.1555 0.1041 0.1129 0.1197 0.1059 0.1274 0.1244 0.1065 0.1274 0.1013 0.1235 0.1006 0.1040 0.1116 0.0970 0.0947 0.1172 0.0954 0.0880 0.0848 0.1127 0.0818 0.0865 0.0757 0.0825 0.0778 0.0885 0.0816 0.0836 0.1219 0.1132 0.1006 0.0718 0.1046 0.0816 0.0819 0.0715 0.0874 0.1273 0.0942 0.0896 0.0885 0.0779 0.1090 0.0742 0.1018 0.0798 0.0872 0.1080 0.0924 0.1082 0.0926 0.0653 0.0913 0.0789 0.0752 0.0961 0.1092 0.0533 0.0755 0.0816 0.0695],[1.7736 1.1763 0.8232 0.6729 0.5842 0.5298 0.4912 0.4629 0.4338 0.4165 0.3991 0.3816 0.3631 0.3484 0.3407 0.3285 0.3150 0.3119 0.2974 0.2938 0.2885 0.2825 0.2776 0.2671 0.2638 0.2633 0.2537 0.2505 0.2447 0.2467 0.2373 0.2338 0.2343 0.2278 0.2239 0.2203 0.2224 0.2129 0.2146 0.2134 0.2090 0.2082 0.2035 0.2040 0.2007 0.1997 0.1961 0.1943 0.1931 0.1917 0.1877 0.1851 0.1824 0.1835 0.1850 0.1827 0.1785 0.1755 0.1778 0.1772 0.1744 0.1763 0.1704 0.1706 0.1686 0.1678 0.1660 0.1619 0.1652 0.1645 0.1651 0.1627 0.1606 0.1616 0.1590 0.1585 0.1577 0.1548 0.1536 0.1533 0.1558 0.1548 0.1531 0.1508 0.1501 0.1479 0.1485 0.1490 0.1475 0.1460 0.1451 0.1451 0.1472 0.1454 0.1450 0.1439 0.1437 0.1419 0.1408 0.1420]
