train_acc,valid_acc,test_acc,train_loss,valid_loss,train_aug_loss
0.9751799702644348,0.9584009647369385,0.960189938545227,[3.6905 0.8062 0.5057 0.6024 0.3651 0.3403 0.3242 0.4604 0.4910 0.3861 0.2504 0.2340 0.2589 0.3236 0.3184 0.2531 0.2178 0.2424 0.2554 0.1946 0.2989 0.2040 0.2128 0.1823 0.1576 0.2723 0.1517 0.1879 0.1818 0.2267 0.1483 0.1378 0.1724 0.1591 0.1533 0.2028 0.1365 0.1182 0.1302 0.1437 0.1491 0.1187 0.1394 0.1195 0.1326 0.0986 0.0982 0.1244 0.1366 0.1183],[3.2749 0.7879 0.5085 0.5628 0.3926 0.3750 0.3261 0.4287 0.4539 0.3985 0.2687 0.2785 0.2882 0.3227 0.3247 0.2649 0.2500 0.2670 0.2621 0.2292 0.3125 0.2582 0.2494 0.2168 0.1903 0.2932 0.1847 0.2158 0.2089 0.2511 0.1796 0.1778 0.2085 0.1968 0.1889 0.2349 0.1744 0.1604 0.1726 0.1878 0.1971 0.1642 0.1822 0.1612 0.1790 0.1414 0.1435 0.1703 0.1781 0.1636],[1.8291 1.3557 0.9438 0.7385 0.6311 0.5593 0.5290 0.4887 0.4626 0.4407 0.4278 0.4095 0.3984 0.3835 0.3703 0.3601 0.3495 0.3379 0.3338 0.3156 0.3154 0.2999 0.2919 0.2883 0.2793 0.2769 0.2702 0.2653 0.2608 0.2567 0.2532 0.2455 0.2409 0.2420 0.2379 0.2331 0.2283 0.2285 0.2228 0.2230 0.2205 0.2190 0.2118 0.2104 0.2057 0.2034 0.2060 0.1997 0.2033 0.1966]
