train_acc,valid_acc,test_acc,train_loss,valid_loss,train_aug_loss
0.9741042256355286,0.9535308480262756,0.9539809823036194,[3.2543 0.4589 0.7578 0.4811 0.4979 0.2917 0.3179 0.3595 0.3305 0.2774 0.3461 0.3508 0.3345 0.2789 0.2424 0.2323 0.3645 0.2245 0.3443 0.3017 0.2128 0.3929 0.2425 0.1634 0.4765 0.4712 0.1821 0.2568 0.2359 0.3705 0.1631 0.1919 0.1977 0.2346 0.2172 0.2719 0.2002 0.2615 0.2264 0.2461 0.2765 0.1757 0.1894 0.2485 0.1523 0.1753 0.1242 0.1857 0.2779 0.1060],[3.7136 0.5318 0.8087 0.4907 0.4801 0.3266 0.3282 0.4424 0.3383 0.2805 0.3419 0.3387 0.3213 0.2894 0.2574 0.2845 0.3792 0.2462 0.3463 0.3014 0.2405 0.3836 0.2739 0.2048 0.4639 0.4622 0.2178 0.2735 0.2599 0.3583 0.1968 0.2249 0.2224 0.2520 0.2400 0.2943 0.2257 0.2902 0.2548 0.2727 0.2947 0.2088 0.2253 0.2683 0.1942 0.2155 0.1704 0.2221 0.3016 0.1588],[1.4873 0.8689 0.6721 0.5840 0.5237 0.4870 0.4593 0.4401 0.4191 0.4018 0.3942 0.3806 0.3650 0.3562 0.3421 0.3405 0.3272 0.3187 0.3131 0.3072 0.3028 0.2972 0.2873 0.2835 0.2810 0.2724 0.2696 0.2638 0.2636 0.2587 0.2536 0.2485 0.2487 0.2451 0.2398 0.2350 0.2328 0.2267 0.2271 0.2225 0.2211 0.2223 0.2183 0.2169 0.2138 0.2100 0.2030 0.2046 0.2059 0.2019]
