train_acc,valid_acc,test_acc,train_loss,valid_loss,train_aug_loss
0.9691656231880188,0.9551542401313782,0.95306795835495,[1.8916 1.4025 1.2211 0.7125 0.4195 0.3343 0.3250 0.3573 0.4416 0.2926 0.3030 0.2541 0.1988 0.3777 0.3902 0.4184 0.2480 0.3259 0.2815 0.2926 0.4808 0.2354 0.2187 0.2671 0.2539 0.2449 0.2487 0.2408 0.2402 0.1978 0.2800 0.2260 0.2402 0.2163 0.1951 0.1776 0.2270 0.2226 0.1991 0.2316 0.2547 0.1818 0.1566 0.1577 0.2046 0.3071 0.2370 0.1884 0.1440 0.1544 0.1539 0.1997 0.1718 0.2271 0.1318 0.1889 0.1897 0.1924 0.1238 0.2241 0.1688 0.2016 0.1961 0.1576 0.2168 0.2808 0.1965 0.1605 0.1563 0.2213 0.1699 0.1551 0.1408 0.2463 0.1925 0.1513 0.1844 0.2057 0.1375 0.1595 0.1714 0.1502 0.2066 0.1702 0.1723 0.0992 0.1871 0.1618 0.1747 0.1346 0.1857 0.1757 0.1777 0.1474 0.2089 0.1887 0.1359 0.2087 0.1572 0.1155],[1.9327 1.2581 1.0828 0.6732 0.4339 0.3545 0.3473 0.3546 0.4338 0.2961 0.2982 0.2630 0.2177 0.3572 0.3709 0.4001 0.2510 0.3179 0.2815 0.2974 0.4742 0.2463 0.2297 0.2797 0.2644 0.2577 0.2708 0.2560 0.2622 0.2177 0.3025 0.2458 0.2606 0.2343 0.2194 0.2032 0.2542 0.2480 0.2258 0.2547 0.2839 0.2108 0.1845 0.1888 0.2381 0.3332 0.2700 0.2222 0.1750 0.1831 0.1881 0.2303 0.2067 0.2588 0.1688 0.2263 0.2224 0.2239 0.1568 0.2591 0.2044 0.2387 0.2332 0.1919 0.2515 0.3186 0.2337 0.1956 0.1964 0.2604 0.2063 0.1953 0.1763 0.2893 0.2312 0.1861 0.2230 0.2456 0.1751 0.1973 0.2126 0.1883 0.2493 0.2095 0.2119 0.1404 0.2283 0.1999 0.2148 0.1731 0.2241 0.2179 0.2190 0.1895 0.2508 0.2289 0.1763 0.2518 0.1997 0.1580],[1.8893 1.6462 1.2262 0.9343 0.7376 0.6188 0.5560 0.5105 0.4693 0.4457 0.4187 0.3992 0.3835 0.3711 0.3591 0.3467 0.3389 0.3297 0.3198 0.3099 0.3051 0.3013 0.2990 0.2902 0.2878 0.2782 0.2718 0.2712 0.2663 0.2668 0.2593 0.2578 0.2513 0.2520 0.2507 0.2481 0.2443 0.2387 0.2388 0.2356 0.2347 0.2323 0.2311 0.2272 0.2264 0.2264 0.2204 0.2235 0.2220 0.2216 0.2185 0.2146 0.2161 0.2147 0.2130 0.2088 0.2098 0.2093 0.2081 0.2029 0.2030 0.2080 0.2010 0.2021 0.1999 0.1991 0.1995 0.1974 0.1948 0.1950 0.1938 0.1935 0.1943 0.1922 0.1906 0.1918 0.1887 0.1896 0.1885 0.1856 0.1878 0.1893 0.1841 0.1862 0.1863 0.1826 0.1812 0.1829 0.1825 0.1821 0.1813 0.1820 0.1797 0.1819 0.1792 0.1794 0.1810 0.1779 0.1812 0.1807]
