train_acc,valid_acc,test_acc,train_loss,valid_loss,train_aug_loss
0.9880570769309998,0.9625639319419861,0.9405311942100525,[3.8811 0.3715 0.3284 0.2749 0.2055 0.2337 0.1783 0.1446 0.1789 0.1934 0.1332 0.1590 0.1444 0.1107 0.1451 0.0996 0.1473 0.1468 0.1923 0.1198 0.0954 0.0936 0.1327 0.1146 0.1207 0.1415 0.1736 0.1706 0.1414 0.0786 0.1209 0.0901 0.1377 0.1032 0.0784 0.0914 0.1228 0.0919 0.0565 0.0941 0.0889 0.0901 0.0609 0.0710 0.0930 0.0812 0.1464 0.0784 0.0838 0.0684 0.0509 0.0558 0.0866 0.0819 0.0792 0.0563 0.0565 0.0983 0.0572 0.0386 0.0892 0.0744 0.1333 0.0591 0.0645 0.0583 0.0423 0.0433 0.0374 0.0616 0.0863 0.0405 0.0636 0.0364 0.0532 0.0801 0.0460 0.0399 0.0389 0.0827 0.0347 0.0506 0.0374 0.0306 0.0478 0.0286 0.0586 0.0638 0.1050 0.0550 0.0254 0.0334 0.0458 0.0665 0.0463 0.0340 0.0328 0.0409 0.0419 0.0512],[3.4468 0.3673 0.3384 0.2931 0.2195 0.2572 0.2075 0.1806 0.2063 0.2181 0.1683 0.1940 0.1808 0.1539 0.1871 0.1425 0.1827 0.1966 0.2398 0.1664 0.1457 0.1449 0.1828 0.1661 0.1784 0.1928 0.2289 0.2310 0.2012 0.1359 0.1825 0.1479 0.1956 0.1646 0.1428 0.1600 0.1822 0.1571 0.1268 0.1681 0.1630 0.1685 0.1271 0.1452 0.1702 0.1589 0.2261 0.1613 0.1567 0.1435 0.1290 0.1330 0.1628 0.1735 0.1617 0.1459 0.1448 0.1973 0.1419 0.1191 0.1806 0.1620 0.2452 0.1425 0.1526 0.1545 0.1288 0.1311 0.1226 0.1603 0.1914 0.1404 0.1684 0.1227 0.1491 0.1827 0.1522 0.1424 0.1394 0.2005 0.1433 0.1583 0.1382 0.1311 0.1550 0.1351 0.1769 0.1883 0.2435 0.1703 0.1271 0.1408 0.1745 0.1931 0.1699 0.1524 0.1503 0.1560 0.1739 0.1800],[1.6392 0.7730 0.5353 0.4551 0.4150 0.3823 0.3586 0.3362 0.3239 0.3036 0.2977 0.2800 0.2740 0.2637 0.2557 0.2491 0.2453 0.2337 0.2347 0.2286 0.2242 0.2185 0.2136 0.2110 0.2038 0.2074 0.2029 0.1925 0.1942 0.1910 0.1844 0.1843 0.1833 0.1787 0.1799 0.1747 0.1756 0.1701 0.1672 0.1699 0.1638 0.1630 0.1634 0.1597 0.1608 0.1573 0.1554 0.1503 0.1528 0.1523 0.1469 0.1493 0.1472 0.1424 0.1433 0.1424 0.1397 0.1391 0.1394 0.1371 0.1374 0.1363 0.1326 0.1308 0.1311 0.1320 0.1318 0.1272 0.1276 0.1272 0.1244 0.1255 0.1212 0.1228 0.1237 0.1235 0.1196 0.1201 0.1187 0.1179 0.1177 0.1158 0.1161 0.1145 0.1158 0.1121 0.1128 0.1097 0.1124 0.1133 0.1078 0.1079 0.1106 0.1086 0.1077 0.1068 0.1086 0.1034 0.1054 0.1045]
