train_acc,valid_acc,test_acc,train_loss,valid_loss,train_aug_loss
0.9743388891220093,0.9602272510528564,0.9574506878852844,[3.5403 0.9195 0.5306 0.5429 0.3314 0.4197 0.3597 0.3634 0.3216 0.3273 0.4042 0.4236 0.2647 0.2911 0.3110 0.3077 0.3644 0.3299 0.2959 0.2561 0.1713 0.2472 0.2601 0.3458 0.3286 0.2227 0.2092 0.2302 0.1832 0.1735 0.1441 0.1897 0.2391 0.2344 0.1329 0.1966 0.1301 0.1737 0.1833 0.1481 0.1486 0.1092 0.1260 0.1509 0.1972 0.1259 0.1198 0.1334 0.1340 0.1138],[3.0236 0.8324 0.5363 0.5049 0.3752 0.4122 0.3684 0.3553 0.3274 0.3241 0.3806 0.3954 0.2763 0.2783 0.3037 0.3024 0.3589 0.3240 0.2894 0.2693 0.2080 0.2736 0.2753 0.3281 0.3283 0.2456 0.2338 0.2508 0.2139 0.2171 0.2063 0.2259 0.2559 0.2616 0.1799 0.2277 0.1717 0.2064 0.2071 0.1888 0.1883 0.1585 0.1679 0.1987 0.2354 0.1698 0.1670 0.1825 0.1792 0.1592],[1.8168 1.2986 0.9054 0.7068 0.6027 0.5434 0.5103 0.4752 0.4485 0.4286 0.4106 0.3924 0.3812 0.3659 0.3576 0.3549 0.3411 0.3353 0.3281 0.3157 0.3093 0.3047 0.2982 0.2907 0.2859 0.2794 0.2750 0.2674 0.2642 0.2586 0.2496 0.2509 0.2490 0.2455 0.2387 0.2400 0.2349 0.2289 0.2282 0.2239 0.2217 0.2182 0.2167 0.2144 0.2102 0.2115 0.2069 0.2047 0.2029 0.1994]
