train_acc,valid_acc,test_acc,train_loss,valid_loss,train_aug_loss
0.9836830496788025,0.9680423736572266,0.9402424693107605,[3.9149 0.9497 0.3817 0.3706 0.3623 0.3676 0.3534 0.3052 0.3222 0.3538 0.2510 0.2783 0.2767 0.3540 0.3073 0.2708 0.2226 0.2622 0.2057 0.2014 0.2298 0.2454 0.3144 0.2503 0.2063 0.2434 0.2567 0.2210 0.1732 0.2015 0.1733 0.1488 0.2266 0.1636 0.1604 0.1408 0.1496 0.2044 0.1751 0.1737 0.1423 0.1412 0.1327 0.1297 0.1649 0.1227 0.1351 0.1332 0.1215 0.1286 0.1163 0.1254 0.1461 0.0920 0.1453 0.1328 0.1173 0.1096 0.1058 0.1265 0.1393 0.1038 0.1104 0.0944 0.1006 0.1202 0.0855 0.1400 0.0977 0.1048 0.0903 0.1033 0.1368 0.0909 0.0875 0.0623 0.0978 0.1185 0.0735 0.0958 0.0896 0.0965 0.0935 0.0881 0.1399 0.0826 0.0869 0.0902 0.1364 0.0833 0.0949 0.1073 0.0709 0.1072 0.0854 0.0803 0.0632 0.0910 0.0808 0.0910],[3.4934 0.8530 0.4077 0.3900 0.3639 0.3663 0.3635 0.3148 0.3239 0.3374 0.2700 0.2858 0.2946 0.3398 0.3019 0.2717 0.2384 0.2787 0.2277 0.2238 0.2513 0.2510 0.3101 0.2625 0.2273 0.2570 0.2580 0.2403 0.2040 0.2192 0.2011 0.1914 0.2455 0.1960 0.1927 0.1734 0.1824 0.2291 0.1976 0.1987 0.1712 0.1726 0.1658 0.1629 0.1977 0.1604 0.1696 0.1749 0.1601 0.1646 0.1557 0.1648 0.1848 0.1374 0.1806 0.1731 0.1586 0.1480 0.1486 0.1663 0.1852 0.1452 0.1581 0.1393 0.1453 0.1699 0.1373 0.1861 0.1479 0.1508 0.1377 0.1524 0.1872 0.1420 0.1400 0.1149 0.1478 0.1694 0.1255 0.1478 0.1451 0.1509 0.1483 0.1422 0.1956 0.1386 0.1440 0.1493 0.1940 0.1445 0.1536 0.1669 0.1327 0.1700 0.1446 0.1435 0.1262 0.1572 0.1460 0.1535],[1.8028 1.2052 0.8270 0.6587 0.5800 0.5234 0.4890 0.4593 0.4413 0.4249 0.4007 0.3932 0.3812 0.3668 0.3607 0.3503 0.3447 0.3344 0.3234 0.3176 0.3161 0.3045 0.2998 0.2931 0.2860 0.2804 0.2746 0.2713 0.2687 0.2628 0.2597 0.2583 0.2515 0.2490 0.2434 0.2422 0.2333 0.2361 0.2325 0.2272 0.2252 0.2260 0.2207 0.2163 0.2122 0.2122 0.2131 0.2044 0.2045 0.2035 0.2032 0.1981 0.1982 0.1954 0.1959 0.1929 0.1914 0.1909 0.1858 0.1846 0.1811 0.1821 0.1819 0.1778 0.1787 0.1760 0.1743 0.1749 0.1757 0.1715 0.1678 0.1708 0.1685 0.1671 0.1626 0.1646 0.1616 0.1624 0.1621 0.1604 0.1561 0.1587 0.1565 0.1544 0.1547 0.1522 0.1556 0.1524 0.1545 0.1514 0.1490 0.1509 0.1502 0.1464 0.1453 0.1480 0.1450 0.1465 0.1420 0.1457]
