train_acc,valid_acc,test_acc,train_loss,valid_loss,train_aug_loss
0.9802749752998352,0.9586039185523987,0.9600073099136353,[2.1893 1.4869 0.8735 0.5784 0.4397 0.3571 0.4132 0.3835 0.3959 0.3094 0.3772 0.2930 0.2710 0.3979 0.3482 0.2924 0.3232 0.3050 0.2304 0.2424 0.2060 0.2645 0.2280 0.2061 0.2410 0.2145 0.1448 0.1767 0.1433 0.1542 0.1398 0.1324 0.1550 0.1206 0.1404 0.1347 0.1756 0.1252 0.1176 0.1063 0.0901 0.1187 0.1251 0.1068 0.1026 0.1063 0.0772 0.1258 0.0887 0.0988],[1.9554 1.3447 0.9952 0.6847 0.5139 0.3659 0.4181 0.4098 0.4287 0.3588 0.4008 0.3395 0.3201 0.4203 0.3848 0.3247 0.3627 0.3465 0.2691 0.3000 0.2555 0.3128 0.2682 0.2485 0.2865 0.2503 0.2012 0.2425 0.1968 0.2090 0.1959 0.1830 0.2038 0.1725 0.1878 0.1853 0.2276 0.1847 0.1823 0.1703 0.1556 0.1807 0.1930 0.1715 0.1656 0.1716 0.1398 0.1973 0.1562 0.1724],[1.8461 1.5895 1.1350 0.8228 0.6528 0.5647 0.5099 0.4718 0.4351 0.4074 0.3854 0.3643 0.3509 0.3340 0.3185 0.2943 0.2901 0.2772 0.2712 0.2549 0.2457 0.2390 0.2334 0.2263 0.2157 0.2139 0.2062 0.2029 0.1972 0.1892 0.1883 0.1814 0.1786 0.1736 0.1688 0.1649 0.1613 0.1592 0.1561 0.1536 0.1513 0.1488 0.1446 0.1422 0.1398 0.1388 0.1369 0.1329 0.1331 0.1298]
