train_acc,valid_acc,test_acc,train_loss,valid_loss,train_aug_loss
0.9670337438583374,0.9537337422370911,0.9558071494102478,[1.9788 1.4612 0.7757 0.6233 0.3955 0.3793 0.3212 0.6573 0.3027 0.2968 0.2835 0.2573 0.3097 0.2283 0.1915 0.2157 0.1822 0.1930 0.2014 0.1743 0.1841 0.1854 0.2427 0.1718 0.3014 0.1983 0.2087 0.1486 0.1502 0.1418 0.2242 0.1487 0.2021 0.2509 0.2288 0.2145 0.1634 0.1404 0.1449 0.1455 0.2118 0.2171 0.1458 0.1233 0.1635 0.1946 0.1254 0.2551 0.1688 0.2122 0.1837 0.1893 0.1116 0.1575 0.1454 0.1513 0.1983 0.1277 0.1372 0.2206 0.1449 0.1278 0.1236 0.1754 0.1258 0.1894 0.1151 0.1696 0.1779 0.1323 0.1412 0.1312 0.1403 0.1420 0.1257 0.1546 0.1404 0.1410 0.1386 0.1455 0.1806 0.1527 0.1785 0.1184 0.1238 0.1373 0.1524 0.1513 0.1198 0.1544 0.1200 0.1353 0.1348 0.1155 0.1349 0.1544 0.1113 0.1303 0.1299 0.1603],[1.8979 1.2936 0.8535 0.6019 0.3963 0.3818 0.3221 0.6126 0.3026 0.3074 0.2954 0.2694 0.3085 0.2414 0.2346 0.2357 0.2043 0.2171 0.2230 0.2018 0.2081 0.2054 0.2658 0.1982 0.3200 0.2303 0.2395 0.1801 0.1788 0.1751 0.2527 0.1810 0.2342 0.2810 0.2610 0.2465 0.1950 0.1730 0.1815 0.1788 0.2490 0.2585 0.1847 0.1625 0.1982 0.2311 0.1638 0.2964 0.2115 0.2533 0.2233 0.2307 0.1512 0.1975 0.1891 0.1932 0.2462 0.1708 0.1821 0.2683 0.1929 0.1715 0.1694 0.2204 0.1666 0.2381 0.1597 0.2178 0.2257 0.1790 0.1890 0.1808 0.1855 0.1928 0.1752 0.2052 0.1912 0.1900 0.1852 0.1958 0.2356 0.2032 0.2309 0.1678 0.1757 0.1894 0.2074 0.2026 0.1707 0.2109 0.1706 0.1886 0.1894 0.1649 0.1895 0.2087 0.1624 0.1832 0.1832 0.2163],[1.8695 1.5967 1.2068 0.9032 0.7296 0.6289 0.5546 0.5131 0.4728 0.4484 0.4250 0.4084 0.3906 0.3765 0.3649 0.3502 0.3462 0.3339 0.3281 0.3226 0.3142 0.3116 0.3026 0.2958 0.2929 0.2891 0.2791 0.2778 0.2754 0.2722 0.2616 0.2619 0.2566 0.2564 0.2568 0.2507 0.2485 0.2444 0.2413 0.2422 0.2390 0.2383 0.2371 0.2330 0.2297 0.2309 0.2300 0.2252 0.2266 0.2251 0.2232 0.2223 0.2193 0.2192 0.2162 0.2166 0.2121 0.2140 0.2098 0.2100 0.2079 0.2073 0.2055 0.2108 0.2042 0.2036 0.2039 0.2038 0.2025 0.2000 0.2008 0.1984 0.1987 0.1949 0.1971 0.1931 0.1946 0.1942 0.1942 0.1916 0.1920 0.1927 0.1928 0.1897 0.1882 0.1897 0.1911 0.1885 0.1895 0.1879 0.1870 0.1861 0.1859 0.1857 0.1842 0.1841 0.1844 0.1863 0.1828 0.1818]
