train_acc,valid_acc,test_acc,train_loss,valid_loss,train_aug_loss
0.9711410403251648,0.963676929473877,0.9592768549919128,[2.3339 1.4867 0.6828 0.4235 0.3661 0.3741 0.3669 0.3299 0.3397 0.2860 0.4605 0.3446 0.3516 0.2653 0.3372 0.3316 0.2658 0.2225 0.3225 0.2650 0.2844 0.1685 0.2282 0.2228 0.2288 0.2375 0.2552 0.2166 0.2457 0.1877 0.2008 0.1889 0.2069 0.1458 0.1694 0.1776 0.1349 0.1313 0.1866 0.1814 0.1613 0.1587 0.1253 0.1371 0.1900 0.1682 0.1295 0.1102 0.1578 0.1077],[2.0520 1.3593 0.7372 0.4600 0.3925 0.3927 0.3451 0.3328 0.3714 0.3148 0.4396 0.3668 0.3487 0.2965 0.3322 0.3441 0.2949 0.2601 0.3402 0.2754 0.2905 0.1996 0.2418 0.2540 0.2540 0.2607 0.2739 0.2424 0.2642 0.2299 0.2235 0.2135 0.2313 0.1745 0.2003 0.2032 0.1677 0.1684 0.2147 0.2191 0.1905 0.1954 0.1637 0.1822 0.2213 0.2071 0.1671 0.1476 0.1954 0.1514],[1.8519 1.5486 1.0773 0.8032 0.6816 0.6120 0.5507 0.5123 0.4789 0.4574 0.4410 0.4221 0.4017 0.3877 0.3768 0.3603 0.3486 0.3400 0.3277 0.3218 0.3145 0.3065 0.3020 0.2994 0.2906 0.2898 0.2839 0.2730 0.2725 0.2669 0.2628 0.2594 0.2567 0.2503 0.2517 0.2456 0.2439 0.2375 0.2343 0.2330 0.2324 0.2324 0.2285 0.2229 0.2225 0.2179 0.2169 0.2142 0.2084 0.2124]
