train_acc,valid_acc,test_acc,train_loss,valid_loss,train_aug_loss
0.9734978675842285,0.9602272510528564,0.9576333165168762,[1.9720 1.7002 1.8605 0.6725 0.6161 0.4270 0.2847 0.2710 0.3682 0.3588 0.2515 0.2070 0.2142 0.4051 0.2350 0.2959 0.2716 0.1845 0.1919 0.2122 0.2977 0.3317 0.1947 0.2265 0.2598 0.2084 0.2126 0.1980 0.1766 0.1794 0.2026 0.1231 0.1582 0.2052 0.2072 0.1893 0.1590 0.1574 0.1602 0.1989 0.1386 0.1811 0.1444 0.2094 0.2084 0.1276 0.1657 0.2157 0.1858 0.1574 0.1630 0.1212 0.1616 0.1205 0.1821 0.1615 0.1804 0.1576 0.1618 0.1503 0.1530 0.1468 0.1684 0.1103 0.1707 0.1533 0.1462 0.1395 0.1925 0.1884 0.1588 0.1269 0.1324 0.1639 0.1461 0.1685 0.1325 0.1136 0.1051 0.1377 0.1300 0.0888 0.1131 0.1524 0.1384 0.1230 0.1259 0.1508 0.1158 0.1278 0.1478 0.1229 0.1293 0.1242 0.1446 0.1291 0.1489 0.1342 0.1432 0.1083],[2.0201 1.4753 1.6027 0.6748 0.5744 0.4257 0.2955 0.2972 0.3578 0.3497 0.2545 0.2404 0.2463 0.4026 0.2486 0.2994 0.2881 0.2125 0.2070 0.2402 0.3104 0.3459 0.2179 0.2565 0.2941 0.2400 0.2384 0.2321 0.2110 0.2136 0.2393 0.1719 0.1939 0.2390 0.2449 0.2249 0.2007 0.1972 0.2026 0.2431 0.1793 0.2231 0.1851 0.2493 0.2529 0.1670 0.2094 0.2634 0.2276 0.1989 0.2044 0.1644 0.2100 0.1667 0.2251 0.2074 0.2267 0.1999 0.2092 0.1963 0.2012 0.1920 0.2121 0.1569 0.2164 0.1981 0.1922 0.1875 0.2389 0.2335 0.2054 0.1734 0.1784 0.2127 0.1951 0.2187 0.1800 0.1622 0.1520 0.1879 0.1775 0.1372 0.1613 0.2009 0.1839 0.1728 0.1745 0.2005 0.1655 0.1786 0.1952 0.1715 0.1795 0.1740 0.1967 0.1803 0.1989 0.1829 0.1956 0.1572],[1.8812 1.6457 1.2811 0.9645 0.7498 0.6290 0.5569 0.5099 0.4677 0.4440 0.4190 0.3948 0.3811 0.3658 0.3553 0.3405 0.3352 0.3265 0.3171 0.3110 0.3050 0.2992 0.2938 0.2883 0.2816 0.2810 0.2760 0.2711 0.2650 0.2625 0.2619 0.2586 0.2529 0.2496 0.2484 0.2450 0.2452 0.2420 0.2353 0.2335 0.2318 0.2328 0.2303 0.2281 0.2295 0.2278 0.2234 0.2236 0.2183 0.2194 0.2183 0.2151 0.2138 0.2141 0.2107 0.2109 0.2094 0.2110 0.2066 0.2060 0.2042 0.2018 0.2046 0.2040 0.2020 0.1986 0.1985 0.1980 0.1980 0.1970 0.1956 0.1939 0.1937 0.1917 0.1941 0.1948 0.1904 0.1907 0.1919 0.1869 0.1902 0.1888 0.1880 0.1855 0.1838 0.1828 0.1832 0.1841 0.1827 0.1860 0.1815 0.1812 0.1809 0.1799 0.1811 0.1816 0.1791 0.1782 0.1775 0.1771]
