train_acc,valid_acc,test_acc,train_loss,valid_loss,train_aug_loss
0.9678943157196045,0.9596185088157654,0.9547114968299866,[6.3901 0.6633 0.6316 0.3733 0.3295 0.3102 0.2681 0.3388 0.2367 0.2970 0.3326 0.2198 0.2491 0.2622 0.2177 0.2096 0.3401 0.2422 0.1962 0.2170 0.1964 0.2036 0.2370 0.2862 0.3267 0.2427 0.3376 0.1776 0.1746 0.1945 0.1662 0.1964 0.1752 0.2276 0.1910 0.2019 0.3014 0.1472 0.2016 0.2157 0.2166 0.3801 0.2067 0.1761 0.1316 0.2271 0.1523 0.2856 0.2006 0.1386],[7.8598 0.6448 0.7791 0.3617 0.3205 0.3013 0.2730 0.3100 0.2656 0.2881 0.3118 0.2388 0.2622 0.2577 0.2336 0.2238 0.3184 0.2528 0.2269 0.2395 0.2315 0.2140 0.2428 0.2910 0.3069 0.2472 0.3309 0.1909 0.1930 0.2132 0.1918 0.2145 0.2001 0.2551 0.2156 0.2257 0.2978 0.1728 0.2264 0.2350 0.2308 0.3522 0.2345 0.1929 0.1595 0.2469 0.1759 0.2796 0.2208 0.1701],[1.6055 0.8935 0.6786 0.5764 0.5248 0.4835 0.4546 0.4316 0.4075 0.3944 0.3801 0.3735 0.3570 0.3487 0.3431 0.3327 0.3286 0.3226 0.3121 0.3118 0.3053 0.2986 0.2917 0.2887 0.2782 0.2747 0.2740 0.2708 0.2649 0.2592 0.2569 0.2555 0.2500 0.2476 0.2424 0.2387 0.2407 0.2361 0.2314 0.2272 0.2286 0.2239 0.2203 0.2179 0.2141 0.2129 0.2093 0.2094 0.2097 0.2075]
