train_acc,valid_acc,test_acc,train_loss,valid_loss,train_aug_loss
0.9790036678314209,0.9604302048683167,0.9596420526504517,[2.0803 1.5918 0.7387 0.6089 0.4163 0.4160 0.4056 0.3223 0.3961 0.3726 0.2805 0.3426 0.2643 0.3364 0.3092 0.2318 0.2985 0.3266 0.2469 0.2222 0.1872 0.1998 0.1926 0.1529 0.2233 0.2209 0.1728 0.1453 0.1611 0.1755 0.1456 0.1082 0.1595 0.1209 0.1548 0.1231 0.1158 0.1567 0.1211 0.0921 0.0934 0.0849 0.1071 0.0958 0.1024 0.0835 0.1278 0.1231 0.0808 0.0958],[1.8301 1.3745 0.7147 0.5757 0.4797 0.4652 0.4107 0.3433 0.3802 0.3766 0.3135 0.3502 0.3019 0.3583 0.3478 0.2759 0.3071 0.3322 0.2740 0.2417 0.2211 0.2477 0.2341 0.1986 0.2635 0.2670 0.2336 0.1994 0.2012 0.2243 0.2003 0.1557 0.2065 0.1700 0.2038 0.1756 0.1691 0.2075 0.1715 0.1511 0.1465 0.1456 0.1639 0.1550 0.1644 0.1461 0.1938 0.1909 0.1516 0.1610],[1.8602 1.5907 1.1202 0.8165 0.6409 0.5394 0.4843 0.4394 0.4053 0.3781 0.3544 0.3351 0.3208 0.3043 0.2963 0.2822 0.2719 0.2562 0.2545 0.2434 0.2353 0.2268 0.2207 0.2140 0.2125 0.2025 0.2024 0.1963 0.1915 0.1887 0.1838 0.1790 0.1735 0.1736 0.1698 0.1620 0.1583 0.1545 0.1530 0.1492 0.1482 0.1451 0.1438 0.1380 0.1365 0.1348 0.1354 0.1326 0.1325 0.1287]
