train_acc,valid_acc,test_acc,train_loss,valid_loss,train_aug_loss
0.9882947206497192,0.9658510088920593,0.9399538040161133,[5.7719 0.4747 0.3558 0.2305 0.1801 0.2673 0.2069 0.1446 0.1500 0.1249 0.1580 0.1560 0.1442 0.1439 0.1788 0.1600 0.0926 0.1080 0.0815 0.0893 0.1051 0.1030 0.1141 0.0712 0.0884 0.1543 0.1170 0.1199 0.1024 0.0552 0.0975 0.0648 0.0507 0.0732 0.0698 0.0687 0.0936 0.0473 0.0518 0.0395 0.0437 0.0409 0.0470 0.0432 0.0345 0.0484 0.0392 0.0758 0.0486 0.0380 0.0362 0.0501 0.0495 0.0586 0.0484 0.0385 0.0805 0.0461 0.0581 0.0444 0.0423 0.0255 0.0656 0.0420 0.0246 0.0193 0.0243 0.0169 0.0263 0.0441 0.0184 0.0182 0.0285 0.0426 0.0354 0.0255 0.0316 0.0271 0.0266 0.0232 0.0581 0.0486 0.0144 0.0210 0.0140 0.0693 0.0195 0.0757 0.0091 0.0364 0.0127 0.0172 0.0257 0.0180 0.0202 0.0184 0.0076 0.0159 0.0132 0.0226],[5.0164 0.4734 0.3628 0.2619 0.2433 0.2784 0.2283 0.1807 0.1851 0.1693 0.1946 0.1953 0.1842 0.1866 0.2133 0.2026 0.1355 0.1565 0.1308 0.1473 0.1520 0.1492 0.1694 0.1268 0.1468 0.2114 0.1688 0.1830 0.1644 0.1180 0.1647 0.1251 0.1158 0.1403 0.1357 0.1458 0.1548 0.1134 0.1225 0.1160 0.1223 0.1098 0.1239 0.1278 0.1134 0.1319 0.1252 0.1653 0.1418 0.1167 0.1208 0.1466 0.1344 0.1561 0.1461 0.1292 0.1796 0.1378 0.1511 0.1372 0.1498 0.1225 0.1597 0.1408 0.1290 0.1174 0.1245 0.1168 0.1294 0.1654 0.1170 0.1267 0.1566 0.1628 0.1567 0.1278 0.1527 0.1356 0.1479 0.1395 0.2053 0.1754 0.1216 0.1322 0.1210 0.2016 0.1508 0.2168 0.1193 0.1744 0.1464 0.1362 0.1460 0.1459 0.1413 0.1472 0.1225 0.1309 0.1383 0.1719],[1.6830 0.7471 0.4617 0.3760 0.3307 0.2974 0.2770 0.2597 0.2416 0.2291 0.2149 0.2064 0.1974 0.1925 0.1796 0.1747 0.1700 0.1664 0.1610 0.1570 0.1528 0.1499 0.1442 0.1387 0.1382 0.1371 0.1304 0.1295 0.1255 0.1228 0.1183 0.1194 0.1165 0.1124 0.1111 0.1093 0.1065 0.1047 0.1008 0.1002 0.0985 0.0972 0.0962 0.0940 0.0903 0.0903 0.0888 0.0881 0.0853 0.0842 0.0827 0.0855 0.0817 0.0801 0.0768 0.0791 0.0755 0.0738 0.0731 0.0741 0.0703 0.0692 0.0709 0.0697 0.0675 0.0687 0.0661 0.0689 0.0624 0.0627 0.0645 0.0638 0.0623 0.0614 0.0595 0.0601 0.0581 0.0586 0.0560 0.0588 0.0546 0.0576 0.0558 0.0533 0.0549 0.0554 0.0523 0.0501 0.0511 0.0513 0.0492 0.0504 0.0491 0.0490 0.0502 0.0489 0.0470 0.0468 0.0467 0.0476]
