train_acc,valid_acc,test_acc,train_loss,valid_loss,train_aug_loss
0.9633371233940125,0.9561688303947449,0.9497808814048767,[2.6702 1.3415 0.5732 0.4180 0.4596 0.4352 0.3399 0.3005 0.3457 0.3404 0.3089 0.3753 0.3159 0.3709 0.2814 0.2911 0.3422 0.2641 0.3200 0.2477 0.2254 0.2608 0.2052 0.2051 0.1572 0.2164 0.1547 0.1959 0.1675 0.2737 0.2417 0.1690 0.2104 0.1501 0.1734 0.1843 0.1935 0.2332 0.1233 0.1860 0.1384 0.1481 0.1608 0.1334 0.1237 0.1270 0.1579 0.1241 0.1263 0.1214],[2.2666 1.1256 0.6004 0.4332 0.4348 0.4062 0.3493 0.2986 0.3201 0.3335 0.2971 0.3662 0.3101 0.3462 0.2815 0.2942 0.3238 0.2792 0.3066 0.2601 0.2352 0.2708 0.2089 0.2167 0.1796 0.2198 0.1767 0.2074 0.1839 0.2760 0.2549 0.1949 0.2159 0.1776 0.1946 0.2009 0.2056 0.2419 0.1583 0.2004 0.1619 0.1770 0.1739 0.1656 0.1491 0.1529 0.1767 0.1570 0.1482 0.1524],[1.7982 1.3453 0.9511 0.7625 0.6566 0.5967 0.5466 0.5150 0.4841 0.4615 0.4401 0.4260 0.4112 0.3916 0.3820 0.3709 0.3561 0.3431 0.3317 0.3275 0.3153 0.3116 0.3061 0.2954 0.2917 0.2888 0.2808 0.2786 0.2707 0.2674 0.2648 0.2629 0.2573 0.2527 0.2500 0.2442 0.2433 0.2395 0.2413 0.2347 0.2306 0.2275 0.2275 0.2202 0.2213 0.2184 0.2187 0.2134 0.2110 0.2061]
