train_acc,valid_acc,test_acc,train_loss,valid_loss,train_aug_loss
0.9822993278503418,0.966923713684082,0.9620160460472107,[3.1392 1.1001 0.4921 0.5320 0.3822 0.4338 0.3982 0.3083 0.3207 0.4313 0.4200 0.3258 0.2209 0.2379 0.2259 0.2822 0.1881 0.1882 0.2364 0.2661 0.1791 0.2028 0.1591 0.1732 0.1995 0.1532 0.1564 0.1831 0.1249 0.1364 0.1189 0.1354 0.1866 0.1191 0.1416 0.1006 0.1339 0.1079 0.0822 0.1397 0.0906 0.1228 0.0843 0.1352 0.1090 0.0724 0.0946 0.0812 0.0681 0.0851],[2.8038 1.0271 0.5059 0.4866 0.3598 0.3832 0.3517 0.3071 0.3082 0.3769 0.3931 0.3105 0.2287 0.2590 0.2489 0.2757 0.2147 0.2152 0.2626 0.2642 0.2020 0.2092 0.1829 0.2096 0.2222 0.1937 0.1873 0.2045 0.1752 0.1659 0.1569 0.1752 0.2061 0.1578 0.1718 0.1405 0.1755 0.1541 0.1321 0.1768 0.1383 0.1733 0.1343 0.1671 0.1555 0.1272 0.1531 0.1405 0.1213 0.1387],[1.8294 1.3529 0.9332 0.6951 0.5770 0.5049 0.4514 0.4091 0.3846 0.3577 0.3382 0.3264 0.3077 0.2960 0.2886 0.2758 0.2647 0.2563 0.2484 0.2371 0.2322 0.2257 0.2173 0.2096 0.2046 0.2023 0.1959 0.1877 0.1868 0.1821 0.1753 0.1736 0.1719 0.1645 0.1581 0.1597 0.1556 0.1534 0.1488 0.1436 0.1443 0.1420 0.1409 0.1382 0.1346 0.1347 0.1305 0.1271 0.1268 0.1282]
