train_acc,valid_acc,test_acc,train_loss,valid_loss,train_aug_loss
0.987766683101654,0.9680423736572266,0.9422633051872253,[4.0707 0.4669 0.3591 0.2546 0.2661 0.2441 0.2125 0.1579 0.2542 0.1727 0.1444 0.1940 0.1575 0.1612 0.1415 0.1184 0.2188 0.1845 0.1135 0.1900 0.2392 0.1012 0.1126 0.0914 0.1234 0.0869 0.1153 0.0705 0.1000 0.1060 0.0855 0.0999 0.0965 0.1693 0.0766 0.0746 0.0714 0.0809 0.0669 0.0582 0.1173 0.0609 0.0879 0.0756 0.0659 0.0638 0.0745 0.0609 0.0600 0.0685 0.0778 0.0819 0.0967 0.0402 0.0424 0.0732 0.0464 0.0624 0.0736 0.0545 0.0575 0.0888 0.0514 0.0434 0.1255 0.0416 0.0630 0.0889 0.1044 0.0314 0.0636 0.0647 0.0389 0.0761 0.0521 0.0315 0.0612 0.0664 0.0899 0.0333 0.0502 0.0354 0.0407 0.0592 0.0664 0.0396 0.0287 0.0388 0.0330 0.0472 0.0531 0.0474 0.0395 0.0431 0.0667 0.0498 0.0529 0.0252 0.1007 0.0340],[3.6661 0.4699 0.3749 0.2748 0.2950 0.2755 0.2433 0.1971 0.2832 0.2080 0.1929 0.2293 0.2073 0.2052 0.1910 0.1770 0.2689 0.2413 0.1770 0.2441 0.2890 0.1678 0.1714 0.1573 0.1858 0.1479 0.1788 0.1409 0.1720 0.1734 0.1568 0.1775 0.1708 0.2463 0.1555 0.1531 0.1514 0.1644 0.1477 0.1292 0.2069 0.1475 0.1725 0.1681 0.1541 0.1531 0.1600 0.1436 0.1485 0.1680 0.1741 0.1750 0.1959 0.1205 0.1284 0.1714 0.1372 0.1600 0.1714 0.1548 0.1512 0.1963 0.1480 0.1371 0.2378 0.1396 0.1662 0.1950 0.2193 0.1309 0.1761 0.1837 0.1377 0.1987 0.1687 0.1405 0.1729 0.1904 0.2028 0.1474 0.1707 0.1511 0.1546 0.1754 0.1950 0.1517 0.1328 0.1485 0.1404 0.1751 0.1825 0.1762 0.1687 0.1708 0.2083 0.1839 0.1813 0.1415 0.2515 0.1551],[1.7108 0.8449 0.5612 0.4653 0.4209 0.3860 0.3584 0.3416 0.3208 0.3075 0.2953 0.2840 0.2740 0.2666 0.2536 0.2491 0.2430 0.2351 0.2328 0.2255 0.2199 0.2146 0.2154 0.2093 0.2048 0.1992 0.1989 0.1958 0.1959 0.1905 0.1885 0.1858 0.1808 0.1794 0.1764 0.1727 0.1704 0.1678 0.1680 0.1653 0.1621 0.1607 0.1615 0.1546 0.1566 0.1537 0.1520 0.1511 0.1492 0.1462 0.1458 0.1468 0.1425 0.1421 0.1419 0.1402 0.1361 0.1372 0.1323 0.1352 0.1337 0.1331 0.1333 0.1300 0.1284 0.1301 0.1288 0.1266 0.1273 0.1250 0.1244 0.1240 0.1239 0.1197 0.1221 0.1178 0.1146 0.1158 0.1210 0.1166 0.1143 0.1141 0.1137 0.1133 0.1112 0.1105 0.1110 0.1096 0.1095 0.1073 0.1106 0.1086 0.1046 0.1059 0.1074 0.1046 0.1048 0.1049 0.1024 0.1009]
