train_acc,valid_acc,test_acc,train_loss,valid_loss,train_aug_loss
0.9698697328567505,0.9561688303947449,0.9569028615951538,[3.3819 0.5643 0.4386 0.8366 0.4021 0.3648 0.3919 0.3933 0.4179 0.3137 0.3166 0.2632 0.2820 0.3521 0.2697 0.2643 0.3485 0.2143 0.2730 0.2103 0.2810 0.2294 0.2195 0.2572 0.3410 0.2267 0.2674 0.2104 0.2065 0.3699 0.2388 0.3281 0.1707 0.1911 0.2433 0.1926 0.1699 0.1977 0.1577 0.1864 0.1462 0.2813 0.1971 0.1505 0.2723 0.2072 0.1207 0.1966 0.3400 0.1493],[3.8962 0.5796 0.4901 0.8949 0.3799 0.3564 0.3727 0.3825 0.3919 0.3314 0.3310 0.3200 0.3046 0.3414 0.2754 0.2665 0.3412 0.2407 0.2746 0.2438 0.3060 0.2393 0.2365 0.2778 0.3386 0.2411 0.2740 0.2319 0.2327 0.3602 0.2546 0.3232 0.2198 0.2317 0.2675 0.2109 0.2070 0.2341 0.1920 0.2128 0.1786 0.2877 0.2290 0.1900 0.2964 0.2390 0.1639 0.2208 0.3399 0.1834],[1.5340 0.8839 0.6878 0.5871 0.5325 0.4799 0.4611 0.4391 0.4212 0.4063 0.3917 0.3808 0.3718 0.3617 0.3476 0.3387 0.3329 0.3265 0.3176 0.3090 0.3057 0.2993 0.2922 0.2867 0.2846 0.2810 0.2720 0.2670 0.2677 0.2614 0.2603 0.2586 0.2538 0.2450 0.2433 0.2408 0.2372 0.2339 0.2298 0.2257 0.2265 0.2201 0.2191 0.2190 0.2123 0.2103 0.2098 0.2090 0.2072 0.2003]
