train_acc,valid_acc,test_acc,train_loss,valid_loss,train_aug_loss
0.9706031680107117,0.9517045617103577,0.9508765339851379,[4.3492 0.6354 0.4911 0.3703 0.5017 0.3153 0.3447 0.3938 0.3607 0.2525 0.3469 0.3253 0.2899 0.3014 0.2566 0.1976 0.2792 0.2393 0.2865 0.1890 0.2209 0.2338 0.5346 0.2775 0.4420 0.1630 0.2494 0.2194 0.2172 0.2848 0.2242 0.2694 0.2309 0.3463 0.1716 0.1756 0.2197 0.1443 0.1603 0.3415 0.1261 0.1543 0.2256 3.1997 0.1443 0.2170 0.1586 0.2227 0.2542 0.1917],[5.0837 0.6799 0.6104 0.4299 0.4878 0.4064 0.3444 0.3825 0.3507 0.2848 0.3640 0.3149 0.2946 0.3146 0.2737 0.2322 0.2995 0.2516 0.2975 0.2240 0.2804 0.2571 0.5141 0.2857 0.4342 0.2148 0.2762 0.2419 0.2469 0.2958 0.2538 0.2857 0.2544 0.3627 0.2072 0.2084 0.2504 0.1893 0.2013 0.3472 0.1740 0.1963 0.2625 2.3983 0.1901 0.2540 0.2064 0.2619 0.2948 0.2352],[1.6516 0.9581 0.7155 0.6047 0.5480 0.5009 0.4698 0.4432 0.4179 0.3963 0.3868 0.3724 0.3602 0.3414 0.3451 0.3319 0.3267 0.3195 0.3094 0.3052 0.2999 0.2915 0.2837 0.2817 0.2771 0.2697 0.2651 0.2650 0.2562 0.2555 0.2482 0.2494 0.2435 0.2373 0.2364 0.2357 0.2327 0.2300 0.2257 0.2241 0.2233 0.2192 0.2131 0.2144 0.2119 0.2119 0.2104 0.2039 0.2028 0.2013]
