train_acc,valid_acc,test_acc,train_loss,valid_loss,train_aug_loss
0.9715322256088257,0.9571834206581116,0.9550766944885254,[5.3903 0.6514 0.5723 0.5645 0.3691 0.3412 0.5466 0.4206 0.4655 0.2855 0.3625 0.2640 0.2620 0.2397 0.2449 0.3833 0.2735 0.3415 0.3142 0.2875 0.2265 0.2985 0.2108 0.2354 0.5756 0.1950 0.2209 0.3389 0.2186 0.1713 0.1974 0.2224 0.2159 0.2612 0.4360 0.1713 0.1409 0.2299 0.1949 0.2571 0.1869 0.1955 0.2231 0.1448 0.1612 0.1200 0.1910 0.2037 0.2375 0.1451],[6.4144 0.7490 0.6007 0.5367 0.3933 0.3440 0.5086 0.4036 0.4255 0.3244 0.3427 0.2951 0.3174 0.2666 0.2773 0.3620 0.2953 0.3427 0.3262 0.2912 0.2532 0.3023 0.2362 0.2532 0.5285 0.2229 0.2439 0.3335 0.2401 0.2164 0.2298 0.2530 0.2411 0.2745 0.4128 0.2030 0.1773 0.2533 0.2227 0.2813 0.2135 0.2242 0.2513 0.1767 0.2047 0.1591 0.2300 0.2261 0.2596 0.1833],[1.6153 0.9395 0.7330 0.6224 0.5541 0.5108 0.4751 0.4481 0.4317 0.4128 0.3974 0.3870 0.3763 0.3648 0.3558 0.3490 0.3399 0.3317 0.3269 0.3201 0.3142 0.3084 0.3038 0.2992 0.2946 0.2884 0.2838 0.2819 0.2817 0.2710 0.2698 0.2627 0.2608 0.2599 0.2550 0.2461 0.2452 0.2404 0.2408 0.2371 0.2328 0.2276 0.2276 0.2267 0.2265 0.2202 0.2171 0.2129 0.2132 0.2117]
