train_acc,valid_acc,test_acc,train_loss,valid_loss,train_aug_loss
0.9888491630554199,0.9638422131538391,0.9428406357765198,[4.7099 0.3976 0.3550 0.2278 0.2143 0.2263 0.1725 0.2007 0.2384 0.2321 0.1613 0.2040 0.1362 0.1176 0.2050 0.1453 0.1220 0.1041 0.1740 0.1774 0.0932 0.1325 0.1131 0.1054 0.1252 0.1506 0.1120 0.0898 0.0871 0.1633 0.0884 0.1909 0.0870 0.0858 0.1014 0.0845 0.0581 0.1104 0.0586 0.0723 0.0879 0.0693 0.0626 0.0776 0.0742 0.0756 0.0981 0.0778 0.0721 0.0804 0.0562 0.0557 0.0536 0.0609 0.0812 0.0926 0.0533 0.0495 0.0382 0.1285 0.0402 0.0973 0.0503 0.0970 0.0512 0.0699 0.0481 0.0614 0.0725 0.0391 0.0569 0.0450 0.0408 0.0753 0.0487 0.0512 0.0903 0.0722 0.0771 0.0491 0.0432 0.0771 0.0304 0.0320 0.0388 0.0318 0.0271 0.0362 0.0647 0.0348 0.0408 0.0307 0.0520 0.0276 0.0359 0.0456 0.0487 0.0290 0.0285 0.0405],[4.1345 0.4158 0.3654 0.2827 0.2499 0.2671 0.2194 0.2339 0.2772 0.2636 0.2015 0.2434 0.1899 0.1635 0.2528 0.2038 0.1820 0.1657 0.2242 0.2361 0.1538 0.1899 0.1808 0.1792 0.1943 0.2248 0.1748 0.1614 0.1541 0.2356 0.1600 0.2713 0.1639 0.1683 0.1876 0.1707 0.1410 0.1979 0.1367 0.1599 0.1782 0.1582 0.1412 0.1711 0.1647 0.1675 0.1907 0.1707 0.1639 0.1663 0.1488 0.1498 0.1405 0.1532 0.1877 0.1995 0.1497 0.1530 0.1244 0.2469 0.1363 0.2137 0.1474 0.2192 0.1589 0.1884 0.1486 0.1747 0.1942 0.1449 0.1673 0.1534 0.1451 0.1947 0.1565 0.1647 0.2269 0.1863 0.1889 0.1724 0.1620 0.1981 0.1465 0.1412 0.1561 0.1485 0.1319 0.1540 0.1925 0.1553 0.1537 0.1439 0.1871 0.1418 0.1623 0.1807 0.1727 0.1469 0.1492 0.1660],[1.6837 0.8302 0.5548 0.4627 0.4184 0.3799 0.3639 0.3390 0.3245 0.3022 0.2927 0.2833 0.2683 0.2599 0.2520 0.2439 0.2392 0.2326 0.2270 0.2229 0.2163 0.2148 0.2070 0.2034 0.2013 0.1959 0.1949 0.1880 0.1892 0.1841 0.1833 0.1810 0.1790 0.1722 0.1735 0.1672 0.1679 0.1677 0.1632 0.1612 0.1591 0.1573 0.1543 0.1523 0.1521 0.1488 0.1521 0.1470 0.1457 0.1463 0.1434 0.1425 0.1406 0.1397 0.1386 0.1351 0.1329 0.1347 0.1329 0.1322 0.1294 0.1285 0.1284 0.1278 0.1293 0.1267 0.1266 0.1249 0.1245 0.1213 0.1200 0.1204 0.1190 0.1189 0.1188 0.1164 0.1163 0.1170 0.1153 0.1115 0.1155 0.1147 0.1111 0.1105 0.1109 0.1113 0.1105 0.1077 0.1082 0.1062 0.1057 0.1076 0.1056 0.1043 0.1057 0.1035 0.1062 0.1051 0.1025 0.1009]
