train_acc,valid_acc,test_acc,train_loss,valid_loss,train_aug_loss
0.9697328209877014,0.951298713684082,0.9506939649581909,[1.9346 2.0812 0.8901 0.4868 0.4431 0.4329 0.3405 0.3314 0.4021 0.2839 0.3861 0.3123 0.4874 0.2035 0.3181 0.2960 0.3033 0.2161 0.2333 0.1631 0.1706 0.1434 0.1900 0.2239 0.2681 0.1904 0.1418 0.1932 0.1885 0.1363 0.1751 0.2098 0.1976 0.1761 0.1966 0.2023 0.1683 0.1443 0.1479 0.1692 0.1888 0.1442 0.1491 0.1964 0.1343 0.1701 0.1207 0.1353 0.1470 0.2040 0.1289 0.2049 0.1900 0.1702 0.1736 0.1409 0.1438 0.1230 0.1326 0.1352 0.1469 0.1361 0.1106 0.1679 0.1026 0.1693 0.1085 0.1291 0.1493 0.1385 0.1606 0.1150 0.1231 0.1333 0.1415 0.1562 0.1376 0.1074 0.1555 0.1526 0.1149 0.1138 0.1075 0.1383 0.1491 0.1543 0.1216 0.1308 0.1141 0.1223 0.1007 0.0975 0.1596 0.1229 0.1295 0.1138 0.1024 0.1230 0.1307 0.1268],[1.9258 1.8060 0.8690 0.5140 0.4444 0.4264 0.3540 0.3424 0.4001 0.3047 0.3851 0.3280 0.4918 0.2510 0.3332 0.3072 0.3320 0.2510 0.2743 0.2170 0.2132 0.1948 0.2248 0.2619 0.3033 0.2336 0.1900 0.2309 0.2261 0.1852 0.2292 0.2477 0.2448 0.2224 0.2442 0.2501 0.2196 0.1982 0.1960 0.2227 0.2388 0.2032 0.1996 0.2484 0.1875 0.2185 0.1732 0.1914 0.1995 0.2611 0.1871 0.2629 0.2508 0.2247 0.2286 0.1970 0.2002 0.1834 0.1888 0.1938 0.2045 0.1955 0.1697 0.2295 0.1633 0.2284 0.1695 0.1872 0.2104 0.1989 0.2243 0.1770 0.1828 0.1982 0.2075 0.2223 0.2001 0.1726 0.2194 0.2149 0.1773 0.1768 0.1713 0.2023 0.2163 0.2199 0.1847 0.1962 0.1784 0.1882 0.1662 0.1625 0.2275 0.1852 0.1954 0.1773 0.1667 0.1870 0.1946 0.1922],[1.8707 1.6353 1.2469 0.9559 0.7395 0.6348 0.5637 0.5169 0.4794 0.4486 0.4244 0.4055 0.3872 0.3717 0.3650 0.3528 0.3393 0.3364 0.3223 0.3165 0.3100 0.3062 0.2967 0.2946 0.2902 0.2855 0.2765 0.2784 0.2703 0.2673 0.2626 0.2593 0.2571 0.2552 0.2499 0.2455 0.2473 0.2429 0.2418 0.2444 0.2377 0.2358 0.2323 0.2324 0.2298 0.2297 0.2247 0.2251 0.2227 0.2209 0.2190 0.2179 0.2181 0.2127 0.2136 0.2125 0.2121 0.2078 0.2098 0.2068 0.2044 0.2032 0.2076 0.2040 0.2000 0.1995 0.2010 0.1983 0.1990 0.1990 0.1971 0.1948 0.1937 0.1962 0.1946 0.1936 0.1899 0.1919 0.1907 0.1899 0.1914 0.1877 0.1896 0.1867 0.1862 0.1865 0.1869 0.1833 0.1856 0.1822 0.1841 0.1841 0.1825 0.1835 0.1809 0.1829 0.1815 0.1834 0.1790 0.1800]
