train_acc,valid_acc,test_acc,train_loss,valid_loss,train_aug_loss
0.9783680438995361,0.9638798832893372,0.9618334770202637,[4.1649 0.8654 0.5291 0.3788 0.4452 0.2967 0.3236 0.3008 0.3213 0.4558 0.2680 0.3385 0.2957 0.3495 0.2770 0.2438 0.2684 0.2472 0.2167 0.2200 0.2105 0.2008 0.2467 0.2207 0.2550 0.1756 0.1866 0.2072 0.1669 0.2042 0.1817 0.1375 0.2199 0.2081 0.1491 0.1778 0.2227 0.1320 0.1337 0.1538 0.1361 0.1346 0.1203 0.1064 0.1000 0.1399 0.1048 0.0832 0.1187 0.1356],[3.6068 0.8089 0.5295 0.3969 0.4442 0.3272 0.3368 0.3147 0.3289 0.4192 0.2900 0.3308 0.2999 0.3475 0.2957 0.2504 0.2647 0.2587 0.2366 0.2490 0.2301 0.2267 0.2595 0.2491 0.2760 0.2053 0.2116 0.2291 0.2008 0.2329 0.2097 0.1691 0.2513 0.2386 0.1878 0.2069 0.2472 0.1739 0.1753 0.1931 0.1775 0.1769 0.1588 0.1510 0.1441 0.1806 0.1479 0.1283 0.1649 0.1753],[1.7949 1.2213 0.8535 0.6908 0.6091 0.5550 0.5129 0.4772 0.4594 0.4333 0.4104 0.3905 0.3834 0.3705 0.3580 0.3487 0.3384 0.3271 0.3184 0.3144 0.3044 0.2926 0.2920 0.2855 0.2783 0.2720 0.2678 0.2632 0.2588 0.2517 0.2524 0.2479 0.2462 0.2413 0.2352 0.2317 0.2282 0.2296 0.2290 0.2235 0.2160 0.2168 0.2157 0.2138 0.2087 0.2064 0.2044 0.2057 0.2006 0.1979]
