train_acc,valid_acc,test_acc,train_loss,valid_loss,train_aug_loss
0.9746420979499817,0.9610389471054077,0.9561724066734314,[5.8671 0.5012 0.3296 0.3524 0.4349 0.3624 0.3580 0.4157 0.5070 0.2815 0.2297 0.2770 0.2245 0.2122 0.4255 0.2956 0.4095 0.2573 0.3743 0.2352 0.4922 0.1749 0.3006 0.1722 0.1868 0.4049 0.1586 0.1595 0.1581 0.3077 0.2267 0.2675 0.1818 0.1720 0.1525 0.1662 0.1729 0.1502 0.1577 0.1448 0.1673 0.2376 0.1549 0.1055 0.1650 0.1587 0.1461 0.1625 0.3574 0.1457],[6.8931 0.5854 0.3532 0.3773 0.4209 0.3528 0.3463 0.3958 0.4528 0.2850 0.2382 0.2759 0.2748 0.2379 0.3907 0.2912 0.3908 0.2612 0.3443 0.2350 0.4446 0.1972 0.2992 0.1969 0.1997 0.3928 0.1755 0.1997 0.1704 0.3038 0.2359 0.2658 0.1962 0.1929 0.1735 0.1897 0.1924 0.1746 0.1747 0.1699 0.1864 0.2523 0.1785 0.1464 0.1875 0.1832 0.1743 0.1854 0.3201 0.1765],[1.5244 0.8617 0.6642 0.5613 0.5151 0.4754 0.4486 0.4260 0.4021 0.3880 0.3777 0.3600 0.3504 0.3429 0.3352 0.3299 0.3161 0.3091 0.3088 0.2973 0.2948 0.2840 0.2789 0.2769 0.2712 0.2647 0.2630 0.2547 0.2572 0.2490 0.2472 0.2377 0.2397 0.2329 0.2302 0.2277 0.2225 0.2223 0.2182 0.2130 0.2151 0.2152 0.2094 0.2072 0.2100 0.2000 0.2018 0.1941 0.1968 0.1927]
