train_acc,valid_acc,test_acc,train_loss,valid_loss,train_aug_loss
0.9721972346305847,0.9610389471054077,0.9552593231201172,[3.6741 0.4172 0.3498 0.5753 0.4178 0.4298 0.2659 0.2577 0.3550 0.2583 0.4372 0.3160 0.2885 0.3307 0.4613 0.2360 0.3004 0.3190 0.2865 0.3020 0.2025 0.3337 0.3018 0.3254 0.2654 0.1879 0.2763 0.1791 0.2464 0.1983 0.2422 0.2338 0.3673 0.2747 0.1250 0.2334 0.2042 0.3000 0.2712 0.2294 0.2143 0.2276 0.2338 0.1391 0.3133 0.1970 0.1964 0.2546 0.2307 0.1284],[4.2018 0.4287 0.3451 0.7384 0.4238 0.4103 0.2655 0.2648 0.3537 0.2753 0.4399 0.3103 0.2936 0.3127 0.4193 0.2516 0.3168 0.3248 0.2850 0.3108 0.2327 0.3301 0.3010 0.3297 0.2859 0.2240 0.2906 0.2022 0.2544 0.2206 0.2557 0.2528 0.3768 0.2754 0.1555 0.2491 0.2237 0.3009 0.2825 0.2430 0.2387 0.2609 0.2557 0.1678 0.3176 0.2266 0.2270 0.2881 0.2573 0.1652],[1.4554 0.8196 0.6404 0.5542 0.5085 0.4726 0.4492 0.4246 0.4067 0.3923 0.3783 0.3655 0.3567 0.3467 0.3375 0.3315 0.3198 0.3136 0.3078 0.3013 0.2912 0.2914 0.2821 0.2760 0.2768 0.2702 0.2657 0.2658 0.2596 0.2538 0.2481 0.2438 0.2405 0.2373 0.2299 0.2276 0.2287 0.2256 0.2241 0.2199 0.2174 0.2148 0.2143 0.2089 0.2082 0.2007 0.2046 0.2011 0.1978 0.1992]
