train_acc,valid_acc,test_acc,train_loss,valid_loss,train_aug_loss
0.9483649134635925,0.9346590638160706,0.9313367605209351,[1.8753 1.5064 1.0506 1.5251 0.6732 0.5774 0.4069 0.3531 0.2695 0.4784 0.2783 0.3567 0.3420 0.2709 0.2651 0.2553 0.2338 0.3028 0.2137 0.2585 0.2203 0.2680 0.2163 0.2533 0.1713 0.2144 0.2652 0.1873 0.2714 0.2439 0.1909 0.2155 0.1962 0.2152 0.2544 0.2432 0.2281 0.2038 0.2080 0.2402 0.1846 0.2151 0.2038 0.2273 0.1897 0.2333 0.1782 0.1771 0.1821 0.1884 0.1958 0.2145 0.1874 0.1886 0.2092 0.2135 0.1814 0.2084 0.2354 0.2335 0.2394 0.1672 0.2019 0.1694 0.1845 0.2023 0.1709 0.1722 0.1933 0.1619 0.1691 0.1585 0.1719 0.1876 0.2012 0.1851 0.1598 0.1865 0.1723 0.1829 0.1886 0.1586 0.1690 0.1912 0.1777 0.2197 0.1919 0.2092 0.1691 0.1830 0.1873 0.1858 0.1875 0.1906 0.1766 0.1785 0.1766 0.1680 0.1697 0.1835],[1.8639 1.4224 1.0020 1.2165 0.6283 0.5325 0.4023 0.3546 0.2892 0.4735 0.2911 0.3685 0.3571 0.2862 0.2823 0.2786 0.2595 0.3157 0.2448 0.2866 0.2432 0.2952 0.2456 0.2909 0.2101 0.2487 0.2984 0.2185 0.3129 0.2775 0.2247 0.2513 0.2365 0.2539 0.2985 0.2881 0.2703 0.2417 0.2465 0.2807 0.2273 0.2605 0.2471 0.2715 0.2329 0.2805 0.2257 0.2208 0.2264 0.2330 0.2381 0.2620 0.2326 0.2368 0.2558 0.2599 0.2289 0.2591 0.2872 0.2819 0.2875 0.2121 0.2487 0.2189 0.2335 0.2519 0.2201 0.2226 0.2443 0.2115 0.2189 0.2074 0.2240 0.2387 0.2535 0.2368 0.2113 0.2397 0.2246 0.2348 0.2380 0.2075 0.2199 0.2457 0.2304 0.2733 0.2460 0.2650 0.2210 0.2347 0.2400 0.2420 0.2424 0.2474 0.2318 0.2323 0.2307 0.2211 0.2219 0.2380],[1.8825 1.6779 1.3481 1.0567 0.8359 0.6884 0.5939 0.5412 0.4901 0.4620 0.4350 0.4170 0.4007 0.3868 0.3681 0.3569 0.3482 0.3368 0.3308 0.3219 0.3169 0.3087 0.3039 0.2979 0.2949 0.2884 0.2845 0.2810 0.2737 0.2736 0.2701 0.2668 0.2626 0.2592 0.2550 0.2547 0.2533 0.2512 0.2506 0.2467 0.2441 0.2440 0.2406 0.2372 0.2369 0.2354 0.2340 0.2318 0.2315 0.2305 0.2280 0.2263 0.2257 0.2259 0.2254 0.2241 0.2194 0.2202 0.2164 0.2205 0.2195 0.2182 0.2183 0.2153 0.2133 0.2158 0.2150 0.2147 0.2136 0.2122 0.2092 0.2089 0.2103 0.2116 0.2062 0.2084 0.2106 0.2053 0.2072 0.2079 0.2027 0.2050 0.2061 0.2045 0.1996 0.2026 0.2012 0.2001 0.2035 0.2027 0.2005 0.2011 0.2005 0.2030 0.2015 0.1995 0.2017 0.1975 0.1985 0.1983]
