train_acc,valid_acc,test_acc,train_loss,valid_loss,train_aug_loss
0.9822132587432861,0.9618334770202637,0.9379330277442932,[3.3199 0.8472 0.4560 0.3377 0.4488 0.4172 0.3544 0.3963 0.3007 0.2467 0.3061 0.3346 0.1949 0.2698 0.2914 0.2307 0.2829 0.2984 0.3254 0.1922 0.2532 0.2721 0.2481 0.2367 0.1739 0.2534 0.2013 0.2135 0.1592 0.1679 0.2334 0.1474 0.2349 0.1620 0.1944 0.1965 0.1557 0.1471 0.1477 0.1442 0.1874 0.1724 0.1728 0.1962 0.1419 0.1440 0.1628 0.1691 0.1114 0.1584 0.1415 0.1244 0.1592 0.0972 0.1342 0.1035 0.1172 0.1203 0.1200 0.1474 0.1008 0.0987 0.1303 0.1125 0.1393 0.0846 0.1173 0.0944 0.1267 0.1389 0.1142 0.1645 0.0875 0.0941 0.0918 0.1376 0.1060 0.1238 0.0790 0.1026 0.0979 0.0791 0.1360 0.0918 0.0654 0.1177 0.0880 0.0765 0.0708 0.1188 0.0727 0.1125 0.0872 0.0837 0.1277 0.1275 0.0988 0.0687 0.0702 0.0632],[3.0185 0.7755 0.4552 0.3644 0.4428 0.3954 0.3661 0.3935 0.3199 0.2745 0.3121 0.3509 0.2346 0.2912 0.3103 0.2582 0.3056 0.3188 0.3382 0.2229 0.2689 0.2966 0.2748 0.2712 0.2128 0.2816 0.2339 0.2430 0.1933 0.2040 0.2541 0.1984 0.2647 0.1975 0.2289 0.2346 0.1912 0.1867 0.1855 0.1850 0.2229 0.2113 0.2200 0.2476 0.1839 0.1883 0.2047 0.2134 0.1619 0.2047 0.1924 0.1695 0.2052 0.1490 0.1863 0.1572 0.1669 0.1730 0.1713 0.2025 0.1552 0.1522 0.1897 0.1666 0.1954 0.1404 0.1784 0.1538 0.1860 0.1964 0.1718 0.2271 0.1505 0.1590 0.1546 0.2011 0.1696 0.1889 0.1409 0.1705 0.1640 0.1406 0.2071 0.1550 0.1293 0.1867 0.1554 0.1414 0.1370 0.1922 0.1423 0.1763 0.1574 0.1485 0.2007 0.1999 0.1756 0.1376 0.1397 0.1293],[1.7868 1.1621 0.8105 0.6525 0.5609 0.5135 0.4752 0.4498 0.4271 0.4090 0.3959 0.3839 0.3702 0.3576 0.3508 0.3411 0.3360 0.3292 0.3177 0.3165 0.3093 0.3062 0.2984 0.2956 0.2888 0.2880 0.2806 0.2745 0.2722 0.2702 0.2643 0.2603 0.2551 0.2502 0.2476 0.2447 0.2417 0.2411 0.2345 0.2310 0.2265 0.2287 0.2230 0.2234 0.2167 0.2140 0.2158 0.2115 0.2087 0.2055 0.2050 0.2022 0.2021 0.1978 0.1975 0.1941 0.1944 0.1887 0.1876 0.1863 0.1856 0.1848 0.1809 0.1814 0.1819 0.1791 0.1731 0.1754 0.1745 0.1716 0.1719 0.1681 0.1705 0.1669 0.1664 0.1680 0.1650 0.1631 0.1622 0.1624 0.1584 0.1585 0.1576 0.1548 0.1535 0.1544 0.1564 0.1536 0.1536 0.1535 0.1496 0.1499 0.1515 0.1488 0.1468 0.1450 0.1410 0.1460 0.1436 0.1456]
