train_acc,test_acc,train_loss,train_aug_loss
0.9765080213546753,0.9278290867805481,[2.5334 0.5980 0.4516 0.3660 0.3747 0.3036 0.3888 0.2636 0.2473 0.2921 0.2116 0.2541 0.2750 0.2717 0.1963 0.3270 0.1737 0.2071 0.2075 0.1656 0.2033 0.1808 0.1710 0.1765 0.1524 0.1448 0.2054 0.1177 0.1320 0.1596 0.1462 0.1438 0.2272 0.1319 0.0985 0.2140 0.1607 0.1284 0.2341 0.0967 0.1237 0.1209 0.0893 0.1160 0.0968 0.1102 0.1291 0.1143 0.1045 0.1136 0.0924 0.0955 0.0830 0.0871 0.0797 0.0705 0.0825 0.0839 0.0658 0.0694 0.1222 0.0678 0.0730 0.1189 0.0693 0.0972 0.1115 0.0638 0.0696 0.0747 0.1144 0.0750 0.0583 0.0990 0.0825 0.0595 0.0698 0.1038 0.0744 0.0910 0.0708 0.0607 0.0543 0.0967 0.0679 0.0653 0.0784 0.0669 0.0596 0.0647 0.0815 0.0685 0.0752 0.0467 0.0666 0.0445 0.0706 0.0765 0.0683 0.0702],[1.7721 1.1728 0.8161 0.6370 0.5520 0.4904 0.4626 0.4298 0.4078 0.3873 0.3778 0.3622 0.3512 0.3349 0.3236 0.3201 0.3038 0.3006 0.2899 0.2809 0.2744 0.2737 0.2646 0.2621 0.2549 0.2536 0.2451 0.2379 0.2369 0.2276 0.2320 0.2272 0.2202 0.2170 0.2138 0.2163 0.2123 0.2091 0.2069 0.2033 0.2023 0.1992 0.1999 0.1937 0.1896 0.1916 0.1877 0.1894 0.1864 0.1851 0.1819 0.1804 0.1779 0.1785 0.1736 0.1774 0.1743 0.1752 0.1730 0.1699 0.1693 0.1651 0.1680 0.1658 0.1681 0.1648 0.1635 0.1631 0.1624 0.1610 0.1566 0.1583 0.1571 0.1555 0.1538 0.1524 0.1516 0.1551 0.1516 0.1495 0.1480 0.1484 0.1494 0.1503 0.1478 0.1467 0.1466 0.1487 0.1425 0.1428 0.1399 0.1428 0.1390 0.1433 0.1382 0.1394 0.1397 0.1402 0.1390 0.1363]
