train_acc,valid_acc,test_acc,train_loss,valid_loss,train_aug_loss
0.9792188405990601,0.9648944735527039,0.956720232963562,[2.5051 1.4513 0.6008 0.4631 0.3905 0.4295 0.3374 0.3482 0.3032 0.3803 0.2611 0.2837 0.2552 0.3459 0.3500 0.2003 0.3068 0.2795 0.2378 0.2461 0.2858 0.2481 0.2016 0.2143 0.2171 0.1636 0.1393 0.1429 0.1831 0.1302 0.1862 0.1388 0.2029 0.1334 0.1518 0.1148 0.1219 0.1469 0.1223 0.2130 0.0847 0.1001 0.1053 0.0973 0.1164 0.1239 0.0887 0.0743 0.0847 0.0846],[2.2472 1.2790 0.6018 0.4723 0.4116 0.4501 0.3586 0.3959 0.3276 0.3646 0.2830 0.3011 0.2842 0.3853 0.3577 0.2314 0.3238 0.3172 0.2474 0.2568 0.2933 0.2588 0.2361 0.2343 0.2552 0.2049 0.1789 0.1898 0.2176 0.1722 0.2193 0.1856 0.2575 0.1730 0.1861 0.1521 0.1581 0.1850 0.1652 0.2441 0.1268 0.1462 0.1485 0.1449 0.1642 0.1643 0.1417 0.1369 0.1359 0.1302],[1.8739 1.4710 1.0001 0.7685 0.6432 0.5554 0.5060 0.4569 0.4256 0.3919 0.3648 0.3454 0.3366 0.3174 0.3025 0.2919 0.2779 0.2714 0.2552 0.2446 0.2386 0.2346 0.2239 0.2188 0.2161 0.2069 0.2016 0.1986 0.1883 0.1820 0.1780 0.1753 0.1742 0.1711 0.1613 0.1654 0.1605 0.1572 0.1523 0.1496 0.1551 0.1451 0.1443 0.1415 0.1391 0.1371 0.1349 0.1343 0.1319 0.1285]
