train_acc,valid_acc,test_acc,train_loss,valid_loss,train_aug_loss
0.9839813709259033,0.9667207598686218,0.9649379253387451,[1.9017 1.3058 0.6841 0.5975 0.5546 0.4325 0.3733 0.3554 0.3076 0.3367 0.3959 0.2608 0.3455 0.2886 0.3040 0.3381 0.2609 0.2769 0.2156 0.2288 0.3211 0.2641 0.1987 0.1732 0.1979 0.2255 0.1558 0.1815 0.1312 0.1429 0.1438 0.1532 0.1581 0.1281 0.1550 0.2031 0.1317 0.1271 0.1157 0.1348 0.0931 0.1190 0.1271 0.0834 0.0880 0.0718 0.1112 0.0720 0.0958 0.0820],[1.8635 1.1524 0.7459 0.6445 0.5978 0.4481 0.3927 0.3827 0.3515 0.4346 0.4095 0.2851 0.3432 0.3167 0.3363 0.3764 0.2834 0.2956 0.2529 0.2592 0.3452 0.2881 0.2239 0.2189 0.2325 0.2595 0.2093 0.2177 0.1948 0.2067 0.1884 0.2048 0.2008 0.1729 0.2083 0.2486 0.1815 0.1791 0.1680 0.1833 0.1572 0.1849 0.1822 0.1422 0.1464 0.1217 0.1674 0.1415 0.1604 0.1451],[1.8318 1.5155 1.0802 0.8268 0.6707 0.5621 0.4949 0.4513 0.4149 0.3930 0.3728 0.3545 0.3369 0.3242 0.3092 0.2952 0.2816 0.2736 0.2624 0.2555 0.2443 0.2322 0.2298 0.2215 0.2185 0.2101 0.2036 0.1990 0.1914 0.1892 0.1865 0.1811 0.1754 0.1713 0.1657 0.1632 0.1631 0.1569 0.1553 0.1473 0.1461 0.1410 0.1415 0.1415 0.1365 0.1343 0.1332 0.1321 0.1279 0.1234]
