train_acc,valid_acc,test_acc,train_loss,valid_loss,train_aug_loss
0.9922903776168823,0.9636595845222473,0.9419745802879333,[3.0432 0.7766 0.4952 0.4047 0.4033 0.4251 0.2769 0.2729 0.3598 0.3304 0.3185 0.2275 0.2669 0.2962 0.2152 0.2163 0.1859 0.2651 0.2063 0.1773 0.1776 0.2114 0.1809 0.2207 0.1494 0.1449 0.1463 0.1506 0.1791 0.1408 0.1353 0.1200 0.1677 0.1460 0.1136 0.1364 0.1317 0.1149 0.0960 0.0951 0.0734 0.0799 0.0778 0.1597 0.1192 0.1096 0.0888 0.0635 0.1127 0.1134 0.1599 0.0745 0.0608 0.0901 0.0635 0.0979 0.0702 0.0680 0.0638 0.0454 0.0793 0.0940 0.0608 0.0865 0.0492 0.0602 0.0427 0.1347 0.0427 0.0906 0.0485 0.0494 0.0455 0.0492 0.0624 0.0547 0.0485 0.0416 0.0327 0.0370 0.0340 0.0364 0.0436 0.0400 0.0480 0.0294 0.0285 0.0396 0.0406 0.0528 0.0302 0.0372 0.0304 0.0464 0.0402 0.0294 0.0267 0.0451 0.0349 0.0390],[2.6742 0.8111 0.5474 0.4342 0.4050 0.4107 0.3081 0.3109 0.3455 0.3462 0.3267 0.2863 0.2824 0.3125 0.2526 0.2624 0.2221 0.2895 0.2343 0.2185 0.2274 0.2631 0.2167 0.2617 0.1939 0.1969 0.1943 0.1925 0.2280 0.1931 0.1815 0.1748 0.2200 0.2008 0.1713 0.1929 0.1858 0.1710 0.1567 0.1581 0.1391 0.1499 0.1379 0.2295 0.1912 0.1771 0.1551 0.1367 0.1831 0.1891 0.2400 0.1557 0.1384 0.1724 0.1404 0.1801 0.1506 0.1501 0.1521 0.1309 0.1666 0.1814 0.1504 0.1775 0.1461 0.1536 0.1401 0.2325 0.1343 0.1994 0.1410 0.1430 0.1424 0.1490 0.1671 0.1538 0.1473 0.1374 0.1268 0.1446 0.1269 0.1335 0.1492 0.1408 0.1578 0.1328 0.1324 0.1482 0.1510 0.1628 0.1295 0.1494 0.1391 0.1593 0.1496 0.1314 0.1375 0.1506 0.1424 0.1640],[1.7916 1.2691 0.8571 0.6580 0.5509 0.4868 0.4324 0.3983 0.3787 0.3518 0.3338 0.3166 0.2970 0.2834 0.2700 0.2648 0.2528 0.2419 0.2281 0.2215 0.2122 0.2086 0.2004 0.1969 0.1869 0.1843 0.1797 0.1772 0.1708 0.1691 0.1650 0.1615 0.1582 0.1530 0.1505 0.1494 0.1437 0.1440 0.1410 0.1365 0.1359 0.1346 0.1310 0.1318 0.1262 0.1267 0.1224 0.1224 0.1216 0.1183 0.1179 0.1145 0.1120 0.1130 0.1105 0.1104 0.1082 0.1081 0.1067 0.1035 0.1043 0.1029 0.1023 0.1008 0.0965 0.0953 0.0969 0.0939 0.0949 0.0936 0.0952 0.0903 0.0896 0.0880 0.0882 0.0899 0.0880 0.0886 0.0865 0.0850 0.0852 0.0842 0.0838 0.0831 0.0802 0.0820 0.0804 0.0816 0.0818 0.0772 0.0758 0.0780 0.0780 0.0760 0.0733 0.0763 0.0747 0.0765 0.0741 0.0728]
