train_acc,test_acc,train_loss,train_aug_loss
0.9670114517211914,0.9056004881858826,[2.2521 0.6970 0.4508 0.4259 0.4263 0.3656 0.3812 0.2841 0.3114 0.4182 0.3130 0.2801 0.3631 0.2152 0.2576 0.2480 0.2621 0.1923 0.2091 0.1767 0.1709 0.1750 0.2274 0.1820 0.2093 0.2712 0.2096 0.1424 0.1892 0.1475 0.1617 0.1774 0.1909 0.1179 0.1302 0.1023 0.1584 0.1327 0.1123 0.1561 0.1188 0.1617 0.1060 0.1906 0.1068 0.2592 0.0906 0.1503 0.1280 0.1085 0.1626 0.1264 0.1152 0.0982 0.0865 0.0847 0.1199 0.1275 0.1244 0.1167 0.1239 0.0934 0.0794 0.1212 0.0723 0.0976 0.1042 0.0965 0.0872 0.0914 0.0851 0.0841 0.0741 0.1315 0.1090 0.0677 0.0872 0.0710 0.0725 0.0700 0.0710 0.0560 0.0637 0.0740 0.0713 0.0761 0.0891 0.0743 0.0680 0.0861 0.0876 0.0647 0.0612 0.0690 0.0509 0.0698 0.0655 0.0878 0.0589 0.0999],[1.7673 1.1729 0.8191 0.6616 0.5829 0.5339 0.4955 0.4617 0.4363 0.4160 0.4020 0.3752 0.3658 0.3505 0.3449 0.3298 0.3223 0.3147 0.3052 0.2943 0.2855 0.2775 0.2706 0.2641 0.2614 0.2590 0.2513 0.2467 0.2399 0.2379 0.2343 0.2303 0.2300 0.2235 0.2222 0.2199 0.2168 0.2115 0.2109 0.2089 0.2057 0.2032 0.2035 0.2006 0.1920 0.1934 0.1931 0.1912 0.1865 0.1865 0.1857 0.1856 0.1847 0.1794 0.1800 0.1788 0.1776 0.1730 0.1757 0.1704 0.1715 0.1723 0.1675 0.1666 0.1671 0.1673 0.1650 0.1642 0.1637 0.1614 0.1631 0.1621 0.1596 0.1574 0.1575 0.1578 0.1567 0.1534 0.1542 0.1536 0.1560 0.1525 0.1526 0.1505 0.1491 0.1487 0.1510 0.1476 0.1490 0.1456 0.1450 0.1449 0.1440 0.1439 0.1431 0.1442 0.1429 0.1414 0.1411 0.1432]
