train_acc,valid_acc,test_acc,train_loss,valid_loss,train_aug_loss
0.965019166469574,0.9547483921051025,0.956720232963562,[4.6459 0.4735 0.3640 0.4113 0.3300 0.3777 0.3304 0.5786 0.3184 0.3376 0.2502 0.3306 0.2475 0.2327 0.2543 0.2759 0.3352 0.2547 0.2650 0.2595 0.2710 0.2434 0.2395 0.2657 0.2004 0.2619 0.2541 0.2217 0.1730 0.1828 0.3110 0.2732 0.1813 0.2107 0.1670 0.2771 0.1688 0.1946 0.1915 0.1547 0.1784 0.1939 0.1282 0.1930 0.1898 0.1913 0.1772 0.1982 0.1262 0.1538],[5.4346 0.5600 0.3946 0.4160 0.3797 0.3818 0.3432 0.5284 0.3223 0.3282 0.2730 0.3835 0.2876 0.2774 0.2650 0.2812 0.3265 0.2878 0.3191 0.2752 0.2961 0.2588 0.2709 0.2848 0.2261 0.2935 0.2838 0.2531 0.2119 0.2238 0.3199 0.2943 0.2012 0.2425 0.2029 0.2898 0.2107 0.2296 0.2197 0.1909 0.2165 0.2214 0.1728 0.2289 0.2253 0.2304 0.2217 0.2339 0.1774 0.2019],[1.5265 0.8538 0.6743 0.5870 0.5338 0.4947 0.4672 0.4467 0.4285 0.4122 0.3935 0.3840 0.3734 0.3606 0.3482 0.3450 0.3380 0.3276 0.3203 0.3153 0.3070 0.3032 0.2967 0.2906 0.2855 0.2794 0.2762 0.2733 0.2671 0.2654 0.2564 0.2556 0.2492 0.2489 0.2442 0.2395 0.2377 0.2327 0.2299 0.2259 0.2251 0.2239 0.2197 0.2198 0.2117 0.2106 0.2065 0.2049 0.2022 0.2024]
