train_acc,valid_acc,test_acc,train_loss,valid_loss,train_aug_loss
0.9641585946083069,0.9427759647369385,0.9453980922698975,[3.1519 0.6035 0.4232 0.4013 0.3696 0.3314 0.3111 0.3085 0.3053 0.4496 0.4880 0.3202 0.2933 0.3579 0.3332 0.5234 0.2609 0.2563 0.2962 0.2784 0.2914 0.3394 0.2969 0.2801 0.2064 0.3283 0.3238 0.2985 0.2998 0.2409 0.2685 0.3160 0.2086 0.2416 0.1898 0.2286 0.1624 0.2691 0.2623 0.1817 0.1855 0.1815 0.2105 0.1468 0.1870 0.1701 0.2477 0.1780 0.1355 0.1978],[3.7567 0.6200 0.4860 0.4229 0.3827 0.3598 0.3195 0.3405 0.3219 0.4508 0.4615 0.3369 0.2996 0.3597 0.3400 0.4883 0.2718 0.2754 0.3055 0.2978 0.3280 0.3301 0.3029 0.2977 0.2426 0.3283 0.3290 0.3131 0.3180 0.2629 0.2760 0.3211 0.2333 0.2604 0.2273 0.2600 0.2038 0.2913 0.2853 0.2156 0.2269 0.2225 0.2526 0.1923 0.2262 0.2049 0.2608 0.2116 0.1794 0.2356],[1.5665 0.9106 0.7027 0.6114 0.5545 0.5040 0.4817 0.4613 0.4351 0.4150 0.4028 0.3905 0.3779 0.3689 0.3553 0.3456 0.3419 0.3326 0.3225 0.3172 0.3079 0.3074 0.2987 0.2955 0.2888 0.2827 0.2796 0.2738 0.2747 0.2671 0.2625 0.2591 0.2528 0.2494 0.2443 0.2414 0.2387 0.2369 0.2309 0.2275 0.2263 0.2260 0.2215 0.2179 0.2165 0.2159 0.2104 0.2085 0.2058 0.2052]
