train_acc,valid_acc,test_acc,train_loss,valid_loss,train_aug_loss
0.9580464959144592,0.9450080990791321,0.9417458176612854,[3.5956 0.6872 0.4808 0.4152 0.4198 0.6663 0.3244 0.4831 0.2909 0.3041 0.2978 0.4384 0.3439 0.4003 0.4197 0.3507 0.2417 0.2767 0.3053 0.3782 0.3505 0.2925 0.2819 0.4391 0.2467 0.3094 0.2171 0.3055 0.3760 0.3811 0.2744 0.2754 0.2920 0.2009 0.1614 0.2989 0.2347 0.1756 0.2154 0.3033 0.1608 0.1915 0.2532 0.2427 0.2023 0.1694 0.9528 0.1880 0.1503 0.2832],[4.1574 0.7071 0.5353 0.4216 0.4260 0.6128 0.3504 0.4557 0.3396 0.3348 0.3885 0.4171 0.3325 0.3870 0.3877 0.3296 0.3046 0.2913 0.3029 0.3594 0.3355 0.2983 0.2945 0.4054 0.2686 0.3173 0.2454 0.3037 0.3697 0.3644 0.2817 0.2819 0.3024 0.2264 0.2238 0.2993 0.2496 0.2119 0.2376 0.3072 0.2002 0.2197 0.2720 0.2541 0.2332 0.2069 0.8563 0.2093 0.1865 0.2940],[1.5677 0.9381 0.7473 0.6450 0.5813 0.5404 0.5002 0.4674 0.4451 0.4245 0.4103 0.3986 0.3849 0.3705 0.3569 0.3483 0.3369 0.3314 0.3251 0.3159 0.3034 0.3039 0.2969 0.2912 0.2882 0.2817 0.2787 0.2745 0.2694 0.2647 0.2640 0.2551 0.2497 0.2490 0.2406 0.2418 0.2431 0.2395 0.2356 0.2340 0.2313 0.2293 0.2260 0.2198 0.2201 0.2167 0.2137 0.2141 0.2122 0.2060]
