train_acc,valid_acc,test_acc,train_loss,valid_loss,train_aug_loss
0.9917271137237549,0.9729729890823364,0.9382216930389404,[3.2182 0.3676 0.3446 0.2288 0.2481 0.1983 0.1987 0.1585 0.1887 0.1472 0.1798 0.1179 0.1079 0.1507 0.1373 0.0972 0.1217 0.1743 0.1416 0.1024 0.0965 0.1212 0.1419 0.1291 0.1259 0.1272 0.0988 0.1036 0.1280 0.1143 0.0861 0.0952 0.0959 0.0659 0.0645 0.0789 0.1234 0.0577 0.0905 0.0920 0.0586 0.1007 0.0844 0.0919 0.0613 0.0817 0.0535 0.0802 0.0471 0.0513 0.0673 0.0506 0.0478 0.0531 0.0898 0.0414 0.0816 0.0622 0.0507 0.0397 0.0732 0.0442 0.0517 0.0782 0.0533 0.0792 0.0973 0.0648 0.0470 0.0713 0.0302 0.0866 0.0758 0.0356 0.0477 0.0481 0.0718 0.0694 0.0500 0.0261 0.0406 0.0453 0.0380 0.0356 0.0368 0.0343 0.0704 0.0336 0.0504 0.0267 0.0451 0.0282 0.0415 0.0380 0.0380 0.0326 0.0534 0.0213 0.0283 0.0399],[2.8988 0.3668 0.3342 0.2385 0.2458 0.1999 0.2133 0.1832 0.2084 0.1783 0.2007 0.1495 0.1384 0.1686 0.1625 0.1376 0.1500 0.2011 0.1749 0.1416 0.1375 0.1556 0.1813 0.1633 0.1625 0.1714 0.1414 0.1450 0.1723 0.1561 0.1389 0.1478 0.1520 0.1252 0.1186 0.1352 0.1740 0.1136 0.1461 0.1503 0.1165 0.1656 0.1468 0.1485 0.1237 0.1517 0.1185 0.1434 0.1113 0.1187 0.1375 0.1226 0.1188 0.1238 0.1620 0.1152 0.1627 0.1432 0.1291 0.1164 0.1476 0.1213 0.1325 0.1621 0.1374 0.1659 0.1864 0.1507 0.1387 0.1599 0.1139 0.1903 0.1726 0.1209 0.1458 0.1411 0.1662 0.1724 0.1388 0.1084 0.1339 0.1431 0.1307 0.1283 0.1370 0.1290 0.1778 0.1291 0.1591 0.1223 0.1532 0.1200 0.1412 0.1438 0.1448 0.1427 0.1650 0.1232 0.1301 0.1500],[1.6358 0.7278 0.5135 0.4391 0.3963 0.3678 0.3433 0.3227 0.3061 0.2886 0.2769 0.2714 0.2605 0.2547 0.2458 0.2436 0.2359 0.2277 0.2257 0.2186 0.2148 0.2098 0.2074 0.2034 0.1988 0.1983 0.1951 0.1893 0.1852 0.1812 0.1865 0.1793 0.1742 0.1719 0.1698 0.1683 0.1686 0.1647 0.1625 0.1612 0.1606 0.1559 0.1561 0.1520 0.1488 0.1508 0.1450 0.1461 0.1417 0.1438 0.1426 0.1420 0.1392 0.1378 0.1396 0.1351 0.1325 0.1311 0.1308 0.1306 0.1291 0.1269 0.1291 0.1264 0.1278 0.1237 0.1213 0.1219 0.1217 0.1194 0.1211 0.1191 0.1176 0.1180 0.1159 0.1172 0.1140 0.1135 0.1149 0.1117 0.1109 0.1108 0.1092 0.1092 0.1086 0.1076 0.1056 0.1031 0.1054 0.1027 0.1048 0.1056 0.1029 0.1023 0.1038 0.1018 0.0990 0.1031 0.1000 0.1007]
