train_acc,valid_acc,test_acc,train_loss,valid_loss,train_aug_loss
0.9766468405723572,0.9614447951316833,0.9585464000701904,[1.8812 1.5075 0.9987 0.7064 0.5971 0.5460 0.5292 0.3565 0.4569 0.3382 0.3701 0.3500 0.3313 0.2987 0.2332 0.2852 0.2441 0.2752 0.2561 0.1922 0.1669 0.2409 0.1941 0.1494 0.1672 0.1451 0.1718 0.1888 0.1612 0.1604 0.1027 0.1468 0.0941 0.1248 0.1296 0.1036 0.1071 0.1079 0.1695 0.1513 0.0971 0.1070 0.0850 0.1119 0.1249 0.0929 0.1230 0.1329 0.0834 0.0753],[1.8556 1.2911 1.1333 0.7183 0.5479 0.5075 0.4936 0.3844 0.4829 0.3722 0.4069 0.3536 0.3605 0.3274 0.2643 0.3177 0.2585 0.3103 0.2799 0.2447 0.2159 0.2647 0.2304 0.2020 0.2407 0.1974 0.2196 0.2470 0.2122 0.2117 0.1602 0.2003 0.1497 0.1875 0.1903 0.1707 0.1702 0.1773 0.2236 0.2116 0.1670 0.1721 0.1561 0.1840 0.1957 0.1610 0.1945 0.2130 0.1595 0.1636],[1.8428 1.5512 1.1136 0.8323 0.6916 0.5902 0.5343 0.4930 0.4634 0.4289 0.4028 0.3881 0.3618 0.3474 0.3215 0.3023 0.2872 0.2702 0.2640 0.2491 0.2425 0.2330 0.2220 0.2170 0.2111 0.2014 0.1941 0.1948 0.1866 0.1795 0.1780 0.1708 0.1684 0.1622 0.1587 0.1554 0.1538 0.1529 0.1463 0.1461 0.1422 0.1389 0.1379 0.1355 0.1303 0.1294 0.1258 0.1212 0.1256 0.1229]
