train_acc,valid_acc,test_acc,train_loss,valid_loss,train_aug_loss
0.9726568460464478,0.9573863744735718,0.956720232963562,[2.0400 1.6245 0.8573 0.5369 0.3608 0.4234 0.3394 0.4592 0.3499 0.3475 0.2896 0.3789 0.2755 0.4135 0.3473 0.3657 0.2948 0.2463 0.2883 0.3192 0.2772 0.2281 0.1845 0.2414 0.2127 0.2032 0.2284 0.2257 0.1896 0.1529 0.1933 0.2002 0.1445 0.1895 0.1599 0.1494 0.1552 0.1218 0.1523 0.1477 0.1373 0.1405 0.1416 0.1122 0.1059 0.1972 0.1127 0.1586 0.1321 0.1087],[1.8157 1.3278 0.8582 0.5339 0.3645 0.4242 0.3296 0.4554 0.3653 0.3494 0.3002 0.3729 0.2959 0.4241 0.3600 0.3681 0.2868 0.2597 0.2913 0.3218 0.2991 0.2452 0.2175 0.2621 0.2320 0.2216 0.2458 0.2493 0.2246 0.1850 0.2272 0.2244 0.1885 0.2231 0.1900 0.1754 0.1933 0.1606 0.1864 0.1844 0.1697 0.1747 0.1732 0.1459 0.1530 0.2355 0.1559 0.1975 0.1682 0.1472],[1.8498 1.5735 1.1421 0.8329 0.6890 0.6100 0.5572 0.5172 0.4883 0.4620 0.4395 0.4257 0.4083 0.3967 0.3825 0.3690 0.3570 0.3456 0.3383 0.3259 0.3158 0.3054 0.3007 0.2974 0.2926 0.2822 0.2785 0.2720 0.2677 0.2599 0.2560 0.2543 0.2527 0.2439 0.2382 0.2347 0.2316 0.2331 0.2315 0.2235 0.2225 0.2192 0.2184 0.2124 0.2165 0.2107 0.2066 0.2049 0.2032 0.2020]
