train_acc,valid_acc,test_acc,train_loss,valid_loss,train_aug_loss
0.9675715565681458,0.9551542401313782,0.9485025405883789,[1.8923 1.6475 1.1710 1.3255 0.5029 0.3713 0.3375 0.3618 0.2270 0.3274 0.2947 0.2014 0.2501 0.2137 0.2273 0.3868 0.3502 0.2063 0.2279 0.1873 0.2722 0.1525 0.2102 0.3248 0.1512 0.2119 0.1430 0.1787 0.1598 0.1780 0.2038 0.1893 0.2530 0.1652 0.2033 0.1260 0.1649 0.1511 0.2391 0.1838 0.1751 0.1258 0.2064 0.1789 0.1952 0.1591 0.1215 0.1496 0.1630 0.1733 0.1343 0.1425 0.1356 0.1419 0.1405 0.1367 0.1458 0.1736 0.1686 0.1757 0.1291 0.1449 0.1438 0.1896 0.1660 0.1623 0.1619 0.1581 0.1608 0.1318 0.1480 0.1364 0.1761 0.1542 0.1242 0.1338 0.1743 0.1647 0.1435 0.1272 0.1584 0.1251 0.1539 0.1766 0.1110 0.1414 0.1469 0.1550 0.1719 0.1403 0.1503 0.1182 0.1390 0.1253 0.1302 0.1312 0.1020 0.1306 0.1192 0.1110],[1.9058 1.4770 1.1255 1.1493 0.4720 0.3838 0.3599 0.3671 0.2494 0.3396 0.3032 0.2430 0.2759 0.2435 0.2506 0.4031 0.3553 0.2373 0.2544 0.2230 0.2941 0.1997 0.2408 0.3440 0.1886 0.2431 0.1829 0.2135 0.1977 0.2166 0.2405 0.2265 0.2879 0.2045 0.2400 0.1692 0.2029 0.1917 0.2794 0.2257 0.2181 0.1734 0.2509 0.2250 0.2382 0.2022 0.1619 0.1923 0.2030 0.2145 0.1810 0.1830 0.1791 0.1849 0.1846 0.1848 0.1932 0.2209 0.2152 0.2216 0.1755 0.1973 0.1922 0.2457 0.2190 0.2154 0.2134 0.2077 0.2108 0.1839 0.1985 0.1860 0.2302 0.2065 0.1786 0.1848 0.2262 0.2231 0.1985 0.1814 0.2147 0.1818 0.2090 0.2315 0.1620 0.1948 0.2037 0.2126 0.2267 0.1928 0.2019 0.1746 0.1941 0.1777 0.1818 0.1912 0.1540 0.1891 0.1743 0.1675],[1.8916 1.6838 1.3556 1.0165 0.7841 0.6416 0.5635 0.5135 0.4741 0.4465 0.4283 0.4072 0.3938 0.3780 0.3603 0.3501 0.3446 0.3356 0.3234 0.3143 0.3095 0.3022 0.2997 0.2930 0.2898 0.2807 0.2767 0.2743 0.2716 0.2666 0.2645 0.2590 0.2544 0.2521 0.2491 0.2457 0.2473 0.2417 0.2427 0.2393 0.2343 0.2325 0.2319 0.2308 0.2275 0.2244 0.2263 0.2241 0.2206 0.2184 0.2193 0.2144 0.2135 0.2149 0.2134 0.2094 0.2114 0.2098 0.2072 0.2057 0.2080 0.2033 0.2039 0.2017 0.2004 0.2005 0.1988 0.1963 0.1981 0.1959 0.1939 0.1950 0.1958 0.1955 0.1930 0.1941 0.1903 0.1897 0.1934 0.1880 0.1887 0.1881 0.1901 0.1875 0.1871 0.1843 0.1855 0.1846 0.1851 0.1839 0.1847 0.1850 0.1836 0.1849 0.1817 0.1810 0.1804 0.1819 0.1802 0.1793]
