train_acc,valid_acc,test_acc,train_loss,valid_loss,train_aug_loss
0.9704760313034058,0.9521104097366333,0.9581811428070068,[3.4023 0.4556 0.4578 0.3896 0.3747 0.3366 0.2868 0.3075 0.3321 0.2755 0.2573 0.3655 0.2861 0.3115 0.3940 0.2907 0.2355 0.3005 0.2207 0.2849 0.4188 0.3258 0.2601 0.2082 0.2034 0.3672 0.1847 0.2915 0.3520 0.2253 0.1709 0.3818 0.3760 0.1872 0.2989 0.1561 1.9865 0.2370 0.3061 0.2345 0.1976 0.2120 0.2744 0.1933 0.1578 0.2028 0.4376 0.1662 0.1179 0.1425],[3.9299 0.5055 0.4762 0.4168 0.3838 0.3914 0.3069 0.3074 0.3244 0.2851 0.2708 0.3465 0.2758 0.3015 0.3713 0.2821 0.2724 0.3000 0.2372 0.2905 0.3751 0.3119 0.2731 0.2547 0.2244 0.3584 0.2117 0.2848 0.3437 0.2360 0.1938 0.3780 0.3728 0.2056 0.3007 0.1938 1.6023 0.2467 0.3071 0.2548 0.2221 0.2288 0.2756 0.2168 0.1888 0.2208 0.4153 0.1891 0.1552 0.1772],[1.5456 0.8824 0.6818 0.5998 0.5367 0.5018 0.4771 0.4602 0.4367 0.4180 0.4040 0.3923 0.3760 0.3673 0.3580 0.3488 0.3439 0.3344 0.3293 0.3159 0.3126 0.3097 0.3044 0.2971 0.2918 0.2838 0.2793 0.2744 0.2725 0.2640 0.2596 0.2577 0.2535 0.2499 0.2415 0.2393 0.2370 0.2316 0.2316 0.2311 0.2228 0.2208 0.2169 0.2181 0.2152 0.2139 0.2117 0.2062 0.2058 0.2031]
