train_acc,valid_acc,test_acc,train_loss,valid_loss,train_aug_loss
0.9723145961761475,0.9571834206581116,0.9574506878852844,[4.5997 1.0617 0.4964 0.3762 0.4750 0.3081 0.3170 0.3503 0.3209 0.3669 0.3069 0.2527 0.2594 0.2886 0.3367 0.3072 0.2940 0.2710 0.1889 0.2462 0.2269 0.1710 0.1875 0.2272 0.1837 0.1950 0.1922 0.1734 0.1511 0.1966 0.1856 0.1800 0.1512 0.1591 0.1671 0.1631 0.1694 0.1706 0.1467 0.1837 0.2071 0.1076 0.1368 0.1227 0.1213 0.1428 0.1963 0.1252 0.1384 0.1489],[3.9520 0.9409 0.5974 0.4179 0.4309 0.3119 0.3551 0.3380 0.3082 0.3456 0.3041 0.2792 0.2976 0.2932 0.3313 0.3063 0.2940 0.2754 0.2159 0.2581 0.2355 0.1930 0.2087 0.2378 0.2067 0.2224 0.2288 0.2123 0.1888 0.2180 0.2128 0.2023 0.1792 0.1957 0.1948 0.1937 0.2064 0.2102 0.1809 0.2169 0.2316 0.1569 0.1793 0.1655 0.1690 0.1838 0.2220 0.1752 0.1796 0.1958],[1.8239 1.3347 0.9137 0.7296 0.6305 0.5766 0.5249 0.4949 0.4719 0.4448 0.4270 0.4125 0.3970 0.3780 0.3668 0.3553 0.3471 0.3288 0.3248 0.3188 0.3129 0.3058 0.3007 0.2869 0.2850 0.2850 0.2756 0.2721 0.2645 0.2584 0.2589 0.2518 0.2511 0.2475 0.2469 0.2411 0.2360 0.2344 0.2330 0.2319 0.2257 0.2257 0.2240 0.2200 0.2148 0.2105 0.2106 0.2101 0.2025 0.2051]
