train_acc,valid_acc,test_acc,train_loss,valid_loss,train_aug_loss
0.9874683022499084,0.9718875288963318,0.9477482438087463,[4.2916 1.0614 0.4843 0.6079 0.4839 0.2919 0.3704 0.2812 0.3448 0.2488 0.3227 0.2501 0.2205 0.2635 0.2576 0.1919 0.2401 0.2252 0.3616 0.2017 0.2573 0.1933 0.2018 0.2299 0.1698 0.2051 0.2026 0.1935 0.1767 0.1427 0.2991 0.1222 0.1435 0.1738 0.1219 0.1383 0.2058 0.1545 0.1578 0.1919 0.1471 0.1532 0.1261 0.1298 0.1134 0.1037 0.2326 0.1727 0.1266 0.1089 0.0899 0.1160 0.0902 0.0909 0.0741 0.0830 0.0803 0.0777 0.0799 0.0953 0.0982 0.0919 0.0736 0.0701 0.0752 0.1086 0.0994 0.1089 0.0917 0.0781 0.0847 0.0613 0.0941 0.0872 0.0981 0.0788 0.0895 0.0660 0.1091 0.0560 0.0782 0.0617 0.0640 0.0534 0.0709 0.0964 0.0574 0.0617 0.0651 0.0802 0.1141 0.0641 0.0554 0.0471 0.0786 0.0619 0.0582 0.0585 0.0603 0.1523],[3.8558 1.2612 0.5541 0.7656 0.6209 0.3270 0.4499 0.3254 0.4115 0.3006 0.3713 0.2957 0.2396 0.3175 0.3225 0.2174 0.2799 0.2487 0.4517 0.2462 0.3242 0.2374 0.2582 0.3019 0.2194 0.2715 0.2545 0.2724 0.2305 0.1946 0.3961 0.1627 0.1926 0.2364 0.1657 0.2002 0.2940 0.2191 0.2219 0.2633 0.2134 0.2297 0.1709 0.1932 0.1702 0.1550 0.3363 0.2408 0.1868 0.1614 0.1399 0.1719 0.1452 0.1380 0.1236 0.1334 0.1264 0.1257 0.1349 0.1571 0.1528 0.1527 0.1208 0.1228 0.1230 0.1794 0.1636 0.1846 0.1637 0.1415 0.1519 0.1109 0.1595 0.1587 0.1780 0.1398 0.1601 0.1252 0.1960 0.1129 0.1494 0.1186 0.1247 0.1086 0.1385 0.1804 0.1113 0.1227 0.1334 0.1660 0.2058 0.1314 0.1191 0.1021 0.1525 0.1313 0.1241 0.1240 0.1198 0.2574],[1.7774 1.1669 0.7914 0.6431 0.5622 0.5143 0.4704 0.4434 0.4226 0.4000 0.3890 0.3738 0.3614 0.3487 0.3371 0.3278 0.3197 0.3151 0.3036 0.2957 0.2894 0.2852 0.2794 0.2752 0.2674 0.2629 0.2599 0.2533 0.2489 0.2437 0.2420 0.2388 0.2351 0.2288 0.2257 0.2212 0.2198 0.2162 0.2130 0.2118 0.2094 0.2029 0.2073 0.2004 0.1978 0.1943 0.1979 0.1941 0.1893 0.1868 0.1861 0.1841 0.1835 0.1843 0.1785 0.1797 0.1784 0.1771 0.1751 0.1745 0.1758 0.1697 0.1718 0.1685 0.1653 0.1644 0.1640 0.1664 0.1616 0.1585 0.1615 0.1620 0.1610 0.1575 0.1571 0.1557 0.1550 0.1541 0.1520 0.1524 0.1503 0.1503 0.1496 0.1489 0.1484 0.1452 0.1479 0.1452 0.1459 0.1446 0.1453 0.1421 0.1427 0.1404 0.1458 0.1381 0.1419 0.1384 0.1387 0.1391]
