train_acc,valid_acc,test_acc,train_loss,valid_loss,train_aug_loss
0.981473982334137,0.9600073099136353,0.9396651387214661,[3.4293 0.9888 0.4339 0.3542 0.3598 0.3261 0.3752 0.2937 0.3023 0.3030 0.3453 0.4024 0.3504 0.2634 0.2683 0.2531 0.2219 0.2878 0.2644 0.2524 0.3096 0.2883 0.2935 0.2981 0.1767 0.1896 0.2452 0.1765 0.3022 0.1958 0.1746 0.2572 0.2116 0.1783 0.2244 0.1974 0.1939 0.1641 0.1814 0.1727 0.1741 0.1566 0.1277 0.2159 0.1649 0.1435 0.1358 0.1351 0.1826 0.1373 0.1472 0.1569 0.1621 0.1549 0.1298 0.1615 0.1094 0.1172 0.1432 0.0974 0.1178 0.1670 0.1461 0.1242 0.1100 0.0841 0.0872 0.1074 0.1007 0.1132 0.0894 0.1059 0.1035 0.1579 0.1230 0.0831 0.1151 0.1054 0.1563 0.1401 0.1494 0.0999 0.0894 0.1741 0.1183 0.0865 0.0801 0.0799 0.0869 0.0740 0.1247 0.1047 0.0892 0.0947 0.1519 0.0912 0.0674 0.1011 0.1482 0.0725],[2.9324 0.8580 0.4568 0.3595 0.3697 0.3203 0.3734 0.3118 0.3108 0.3065 0.3363 0.3793 0.3366 0.2911 0.2747 0.2627 0.2429 0.2952 0.2664 0.2682 0.3082 0.2908 0.2969 0.3044 0.2056 0.2240 0.2577 0.2136 0.3101 0.2214 0.2023 0.2637 0.2349 0.2178 0.2518 0.2278 0.2159 0.1970 0.2122 0.2036 0.1991 0.1932 0.1699 0.2356 0.1966 0.1785 0.1789 0.1790 0.2174 0.1764 0.1860 0.1946 0.2008 0.1940 0.1762 0.1998 0.1581 0.1623 0.1881 0.1455 0.1654 0.2085 0.1926 0.1726 0.1570 0.1427 0.1395 0.1547 0.1512 0.1596 0.1397 0.1635 0.1572 0.2089 0.1712 0.1391 0.1679 0.1621 0.2062 0.1900 0.1966 0.1555 0.1419 0.2226 0.1723 0.1476 0.1374 0.1344 0.1401 0.1378 0.1786 0.1678 0.1486 0.1536 0.2143 0.1526 0.1282 0.1583 0.2112 0.1340],[1.8131 1.3622 0.9019 0.7116 0.6087 0.5527 0.5095 0.4865 0.4522 0.4346 0.4170 0.4032 0.3881 0.3742 0.3645 0.3562 0.3446 0.3392 0.3289 0.3234 0.3194 0.3089 0.3036 0.2964 0.2928 0.2859 0.2824 0.2787 0.2723 0.2703 0.2634 0.2610 0.2552 0.2566 0.2529 0.2490 0.2431 0.2395 0.2390 0.2389 0.2340 0.2306 0.2279 0.2264 0.2231 0.2206 0.2202 0.2182 0.2157 0.2141 0.2101 0.2061 0.2063 0.2037 0.2026 0.2034 0.1995 0.1973 0.1954 0.1917 0.1942 0.1906 0.1884 0.1873 0.1860 0.1824 0.1837 0.1822 0.1798 0.1775 0.1821 0.1746 0.1750 0.1727 0.1693 0.1728 0.1687 0.1673 0.1688 0.1674 0.1650 0.1629 0.1632 0.1633 0.1601 0.1582 0.1587 0.1582 0.1594 0.1576 0.1564 0.1575 0.1565 0.1516 0.1526 0.1515 0.1524 0.1476 0.1476 0.1477]
