train_acc,valid_acc,test_acc,train_loss,valid_loss,train_aug_loss
0.9702609181404114,0.9561688303947449,0.9552593231201172,[3.9468 0.7553 0.5241 0.3720 0.3714 0.2931 0.3412 0.3704 0.3233 0.3135 0.2831 0.3432 0.2906 0.4115 0.2421 0.2540 0.2774 0.2963 0.1904 0.1981 0.3061 0.2079 0.1935 0.1711 0.1830 0.2638 0.1494 0.2960 0.1437 0.1964 0.2199 0.1331 0.1576 0.1811 0.1502 0.1751 0.1583 0.1444 0.2346 0.1847 0.1777 0.1891 0.1375 0.1238 0.1099 0.1751 0.1474 0.1219 0.1170 0.1447],[3.4579 0.7269 0.4842 0.3843 0.3736 0.3241 0.3246 0.3624 0.3367 0.3194 0.3121 0.3517 0.2965 0.3900 0.2678 0.2758 0.2954 0.3222 0.2099 0.2316 0.3310 0.2391 0.2356 0.2003 0.2148 0.2892 0.1939 0.3238 0.1783 0.2171 0.2447 0.1691 0.2018 0.2179 0.1841 0.2020 0.1926 0.1736 0.2701 0.2263 0.2144 0.2326 0.1821 0.1658 0.1563 0.2225 0.1957 0.1677 0.1668 0.1948],[1.8082 1.2874 0.8929 0.7071 0.6093 0.5533 0.5113 0.4791 0.4573 0.4367 0.4113 0.4108 0.3914 0.3790 0.3731 0.3571 0.3439 0.3360 0.3300 0.3191 0.3104 0.3075 0.2994 0.2873 0.2859 0.2788 0.2728 0.2713 0.2596 0.2598 0.2554 0.2505 0.2489 0.2423 0.2415 0.2382 0.2323 0.2313 0.2289 0.2243 0.2229 0.2183 0.2165 0.2132 0.2122 0.2108 0.2107 0.2034 0.2036 0.2014]
