train_acc,valid_acc,test_acc,train_loss,valid_loss,train_aug_loss
0.9751505851745605,0.9547483921051025,0.956720232963562,[4.2509 0.7122 0.4676 0.3392 0.7531 0.3378 0.2756 0.3088 0.3382 0.2418 0.2392 0.2646 0.5306 0.3404 0.2505 0.3322 0.2974 0.2252 0.2671 0.2279 0.3217 0.4815 0.2350 0.2680 0.2476 0.1759 0.1530 0.2633 0.2158 0.3251 0.2154 0.2871 0.3096 0.1695 0.1378 0.1506 0.4528 0.1835 0.1975 0.2328 0.1556 0.1747 0.2809 0.1335 0.2227 0.1199 0.2242 0.1949 0.1464 0.2440],[4.9877 0.7062 0.5362 0.3919 0.7017 0.3422 0.3056 0.3109 0.3354 0.2723 0.2771 0.2690 0.4735 0.3449 0.2700 0.3340 0.2914 0.2500 0.2825 0.2439 0.3162 0.4434 0.2575 0.2771 0.2569 0.2110 0.1875 0.2764 0.2590 0.3238 0.2324 0.2979 0.3071 0.2143 0.1691 0.1774 0.4247 0.2101 0.2286 0.2532 0.1872 0.2006 0.3037 0.1652 0.2503 0.1638 0.2439 0.2228 0.1804 0.2843],[1.5606 0.8980 0.6906 0.5875 0.5160 0.4796 0.4552 0.4383 0.4158 0.4017 0.3913 0.3764 0.3623 0.3505 0.3451 0.3344 0.3233 0.3155 0.3116 0.3049 0.3020 0.2909 0.2904 0.2838 0.2802 0.2735 0.2675 0.2612 0.2600 0.2561 0.2504 0.2480 0.2476 0.2445 0.2368 0.2347 0.2359 0.2326 0.2243 0.2230 0.2233 0.2204 0.2193 0.2161 0.2120 0.2111 0.2072 0.2011 0.2041 0.2043]
