train_acc,valid_acc,test_acc,train_loss,valid_loss,train_aug_loss
0.9739281535148621,0.951298713684082,0.953250527381897,[4.5991 0.9741 0.4595 0.4684 0.3451 0.2729 0.5129 0.2709 0.3286 0.3012 0.3125 0.3490 0.2443 0.3287 0.2389 0.4694 0.2963 0.2085 0.2852 0.2633 0.2225 0.2292 0.2440 0.2249 0.5589 0.3234 0.2372 0.4350 0.4161 0.3952 0.2184 0.2341 0.5206 0.2443 0.1743 0.1904 0.2585 0.2318 0.2111 0.3660 0.2673 0.1858 0.1833 0.1460 0.1651 0.1215 0.1551 0.3074 0.2284 0.2394],[5.3401 1.2318 0.4890 0.6120 0.3787 0.3209 0.4597 0.3309 0.3413 0.3767 0.3182 0.3517 0.2920 0.3446 0.2851 0.4562 0.3132 0.2543 0.3028 0.2903 0.2478 0.2870 0.2713 0.2650 0.4987 0.3403 0.2670 0.4319 0.3946 0.4077 0.2560 0.2779 0.4974 0.2796 0.2182 0.2275 0.2809 0.2636 0.2441 0.3861 0.2955 0.2311 0.2226 0.1960 0.2060 0.1818 0.2003 0.3114 0.2570 0.2862],[1.5459 0.8741 0.6754 0.5889 0.5376 0.4953 0.4716 0.4459 0.4270 0.4132 0.3967 0.3875 0.3741 0.3671 0.3539 0.3486 0.3406 0.3307 0.3215 0.3202 0.3095 0.3046 0.2986 0.2948 0.2907 0.2847 0.2779 0.2710 0.2719 0.2676 0.2624 0.2566 0.2510 0.2488 0.2455 0.2384 0.2405 0.2386 0.2346 0.2279 0.2312 0.2246 0.2222 0.2206 0.2176 0.2155 0.2128 0.2136 0.2084 0.2035]
