train_acc,test_acc,train_loss,train_aug_loss
0.9503390192985535,0.8954965472221375,[2.0693 0.8146 0.4489 0.5599 0.3706 0.3690 0.3316 0.5193 0.3301 0.4725 0.3270 0.4940 0.3547 0.3095 0.2694 0.2809 0.3828 0.2910 0.2917 0.3027 0.2295 0.2061 0.1745 0.2058 0.2726 0.2301 0.1673 0.2031 0.1489 0.1733 0.2448 0.2084 0.1505 0.1917 0.1723 0.1435 0.1490 0.1638 0.1537 0.1588 0.1578 0.1221 0.2374 0.1804 0.1624 0.1509 0.1467 0.1144 0.1194 0.1089 0.1237 0.1148 0.0887 0.1287 0.1551 0.1427 0.0884 0.1207 0.1052 0.1090 0.0939 0.0828 0.1003 0.1003 0.1138 0.0952 0.1559 0.1661 0.0713 0.0997 0.1411 0.1058 0.1191 0.1235 0.0898 0.0686 0.1146 0.0795 0.1162 0.0900 0.0840 0.0923 0.1118 0.0622 0.1011 0.0664 0.0990 0.0837 0.0811 0.0630 0.1204 0.1225 0.0730 0.0806 0.0751 0.0769 0.0551 0.0730 0.0803 0.1416],[1.7948 1.2468 0.8981 0.7308 0.6348 0.5726 0.5317 0.4962 0.4660 0.4475 0.4258 0.4054 0.3947 0.3793 0.3688 0.3525 0.3409 0.3295 0.3210 0.3128 0.2998 0.2989 0.2952 0.2856 0.2843 0.2757 0.2696 0.2636 0.2578 0.2561 0.2482 0.2447 0.2404 0.2392 0.2324 0.2311 0.2255 0.2241 0.2194 0.2195 0.2161 0.2127 0.2073 0.2034 0.2027 0.1987 0.2021 0.1969 0.1949 0.1943 0.1914 0.1892 0.1906 0.1870 0.1875 0.1862 0.1822 0.1770 0.1817 0.1747 0.1761 0.1744 0.1761 0.1735 0.1711 0.1691 0.1723 0.1688 0.1661 0.1673 0.1682 0.1649 0.1647 0.1628 0.1617 0.1593 0.1596 0.1584 0.1565 0.1580 0.1574 0.1570 0.1529 0.1540 0.1516 0.1536 0.1526 0.1508 0.1516 0.1504 0.1504 0.1474 0.1479 0.1473 0.1501 0.1426 0.1442 0.1438 0.1435 0.1443]
