train_acc,valid_acc,test_acc,train_loss,valid_loss,train_aug_loss
0.9903717637062073,0.9685901999473572,0.9347575306892395,[5.0013 0.4619 0.2686 0.2187 0.1866 0.2035 0.2170 0.1393 0.1529 0.2149 0.1244 0.1449 0.1141 0.1003 0.1191 0.0870 0.1335 0.0977 0.1879 0.1429 0.1064 0.1025 0.0869 0.0997 0.0926 0.1153 0.0849 0.0982 0.0636 0.1229 0.0813 0.1081 0.0483 0.0517 0.0536 0.1455 0.0482 0.0891 0.0639 0.0347 0.0341 0.0447 0.0561 0.1044 0.0743 0.0581 0.0306 0.0762 0.0344 0.0531 0.0740 0.0598 0.0356 0.0250 0.0210 0.0336 0.0829 0.0332 0.0946 0.0290 0.0289 0.0340 0.0349 0.0346 0.0294 0.0181 0.0293 0.0335 0.0539 0.0221 0.0362 0.0334 0.0282 0.0188 0.0200 0.0169 0.0392 0.0149 0.0178 0.0130 0.0147 0.0184 0.0129 0.0152 0.0240 0.0218 0.0126 0.0208 0.0106 0.0273 0.0311 0.0081 0.0536 0.0247 0.0116 0.0131 0.0100 0.0287 0.0143 0.0174],[4.3080 0.4414 0.2919 0.2431 0.2262 0.2255 0.2331 0.1757 0.1904 0.2311 0.1601 0.1795 0.1644 0.1525 0.1622 0.1448 0.1723 0.1544 0.2517 0.1876 0.1529 0.1545 0.1434 0.1599 0.1518 0.1684 0.1542 0.1539 0.1283 0.1857 0.1560 0.1779 0.1244 0.1220 0.1289 0.2244 0.1237 0.1703 0.1573 0.1225 0.1223 0.1345 0.1406 0.1933 0.1730 0.1528 0.1192 0.1681 0.1293 0.1504 0.1745 0.1633 0.1312 0.1227 0.1228 0.1306 0.1920 0.1389 0.2187 0.1456 0.1407 0.1565 0.1541 0.1496 0.1374 0.1298 0.1467 0.1584 0.1914 0.1488 0.1587 0.1543 0.1608 0.1402 0.1415 0.1408 0.1736 0.1433 0.1460 0.1388 0.1470 0.1534 0.1384 0.1539 0.1643 0.1638 0.1511 0.1583 0.1480 0.1808 0.1755 0.1472 0.2210 0.1649 0.1605 0.1608 0.1495 0.1854 0.1626 0.1642],[1.7243 0.8068 0.4913 0.3909 0.3413 0.3053 0.2838 0.2623 0.2460 0.2292 0.2204 0.2105 0.2009 0.1896 0.1829 0.1776 0.1720 0.1658 0.1598 0.1558 0.1501 0.1487 0.1450 0.1387 0.1321 0.1316 0.1301 0.1230 0.1252 0.1193 0.1167 0.1140 0.1135 0.1090 0.1088 0.1043 0.1058 0.1021 0.0992 0.0993 0.0961 0.0960 0.0953 0.0899 0.0912 0.0876 0.0860 0.0861 0.0841 0.0814 0.0812 0.0796 0.0790 0.0786 0.0761 0.0753 0.0731 0.0733 0.0709 0.0693 0.0683 0.0698 0.0653 0.0689 0.0671 0.0655 0.0628 0.0653 0.0636 0.0622 0.0615 0.0620 0.0595 0.0602 0.0592 0.0560 0.0568 0.0561 0.0559 0.0549 0.0545 0.0545 0.0531 0.0535 0.0518 0.0495 0.0516 0.0505 0.0514 0.0488 0.0482 0.0471 0.0485 0.0473 0.0467 0.0466 0.0465 0.0455 0.0459 0.0457]
