train_acc,valid_acc,test_acc,train_loss,valid_loss,train_aug_loss
0.9887171983718872,0.9684075713157654,0.9402424693107605,[6.7845 0.4846 0.2375 0.3159 0.2065 0.1643 0.2150 0.1519 0.1672 0.1735 0.1605 0.1497 0.1740 0.1068 0.1188 0.0973 0.1047 0.1305 0.0847 0.0955 0.1236 0.0866 0.1117 0.0632 0.0779 0.0598 0.0694 0.1134 0.1050 0.0605 0.0557 0.0552 0.0873 0.0952 0.0973 0.0372 0.0408 0.0707 0.0827 0.0416 0.0675 0.0424 0.0626 0.0859 0.0672 0.0697 0.0316 0.0408 0.0464 0.0282 0.0374 0.0280 0.0633 0.0274 0.0258 0.0531 0.0317 0.0404 0.0304 0.0386 0.0222 0.0274 0.0262 0.0292 0.0334 0.0181 0.0307 0.0178 0.0190 0.0214 0.0413 0.0255 0.0227 0.0186 0.0198 0.0119 0.0271 0.0137 0.0169 0.0157 0.0209 0.0167 0.0205 0.0339 0.0260 0.0201 0.0128 0.0114 0.0214 0.0208 0.0113 0.0139 0.0152 0.0248 0.0112 0.0279 0.0105 0.0185 0.0101 0.0091],[5.8600 0.4859 0.2614 0.3257 0.2314 0.2000 0.2424 0.1860 0.1974 0.2116 0.1945 0.1889 0.2059 0.1490 0.1665 0.1440 0.1565 0.1860 0.1395 0.1543 0.1845 0.1461 0.1764 0.1257 0.1417 0.1287 0.1353 0.1841 0.1805 0.1261 0.1296 0.1249 0.1681 0.1757 0.1872 0.1126 0.1189 0.1574 0.1775 0.1199 0.1603 0.1300 0.1534 0.1836 0.1558 0.1550 0.1171 0.1402 0.1477 0.1266 0.1369 0.1259 0.1710 0.1238 0.1258 0.1660 0.1411 0.1490 0.1368 0.1525 0.1211 0.1360 0.1407 0.1410 0.1593 0.1393 0.1498 0.1215 0.1300 0.1329 0.1726 0.1449 0.1438 0.1311 0.1389 0.1174 0.1535 0.1406 0.1359 0.1466 0.1450 0.1381 0.1567 0.1841 0.1805 0.1735 0.1379 0.1315 0.1572 0.1521 0.1434 0.1485 0.1591 0.1702 0.1495 0.1807 0.1560 0.1601 0.1545 0.1452],[1.7230 0.7751 0.4758 0.3868 0.3372 0.3064 0.2832 0.2679 0.2461 0.2340 0.2209 0.2081 0.2011 0.1901 0.1838 0.1799 0.1741 0.1682 0.1621 0.1600 0.1521 0.1464 0.1426 0.1383 0.1365 0.1355 0.1308 0.1295 0.1257 0.1215 0.1172 0.1180 0.1157 0.1127 0.1097 0.1082 0.1050 0.1067 0.1009 0.0993 0.0988 0.0970 0.0945 0.0920 0.0916 0.0906 0.0871 0.0864 0.0850 0.0834 0.0817 0.0813 0.0801 0.0775 0.0788 0.0775 0.0754 0.0726 0.0750 0.0724 0.0703 0.0706 0.0699 0.0687 0.0662 0.0684 0.0646 0.0661 0.0639 0.0628 0.0621 0.0626 0.0621 0.0599 0.0600 0.0610 0.0578 0.0576 0.0575 0.0562 0.0548 0.0571 0.0546 0.0537 0.0531 0.0538 0.0529 0.0521 0.0530 0.0527 0.0500 0.0497 0.0504 0.0491 0.0479 0.0483 0.0467 0.0481 0.0456 0.0454]
