train_acc,valid_acc,test_acc,train_loss,valid_loss,train_aug_loss
0.9634544849395752,0.9525162577629089,0.9516069889068604,[1.9908 1.4793 1.1413 0.9365 0.4262 0.4463 0.6390 0.5878 0.4380 0.2659 0.2843 0.2679 0.2786 0.3053 0.2481 0.4468 0.2123 0.2518 0.3476 0.2365 0.1706 0.2705 0.2877 0.2351 0.2041 0.1781 0.2528 0.1637 0.1723 0.3016 0.2301 0.2269 0.1541 0.1497 0.1609 0.1525 0.2277 0.2587 0.1585 0.2065 0.1964 0.1912 0.1695 0.2410 0.1807 0.2024 0.2446 0.1717 0.2111 0.1856 0.1584 0.2031 0.1916 0.1656 0.1714 0.1859 0.1801 0.1803 0.1248 0.1613 0.2069 0.1484 0.2146 0.2087 0.1828 0.2083 0.1898 0.1637 0.2044 0.2286 0.1437 0.1871 0.1713 0.1700 0.1579 0.1901 0.1440 0.1648 0.1950 0.1528 0.1548 0.1571 0.1536 0.2234 0.1738 0.1471 0.1951 0.2132 0.1460 0.1767 0.1825 0.2114 0.1626 0.1454 0.1762 0.1522 0.1558 0.1934 0.1780 0.1528],[1.9517 1.4313 1.0744 0.8666 0.4545 0.4496 0.5773 0.5352 0.4001 0.2756 0.2859 0.2751 0.2778 0.2989 0.2527 0.4209 0.2375 0.2635 0.3403 0.2476 0.1942 0.2775 0.2942 0.2514 0.2235 0.2057 0.2673 0.1866 0.1962 0.3163 0.2497 0.2453 0.1804 0.1751 0.1840 0.1781 0.2476 0.2719 0.1841 0.2249 0.2227 0.2150 0.2011 0.2646 0.2090 0.2332 0.2673 0.2023 0.2378 0.2156 0.1904 0.2309 0.2240 0.1993 0.2051 0.2202 0.2124 0.2138 0.1593 0.1943 0.2408 0.1831 0.2464 0.2436 0.2193 0.2417 0.2263 0.2011 0.2401 0.2634 0.1799 0.2236 0.2077 0.2106 0.1941 0.2274 0.1812 0.2042 0.2319 0.1913 0.1947 0.1954 0.1932 0.2606 0.2123 0.1866 0.2327 0.2521 0.1861 0.2141 0.2218 0.2526 0.2012 0.1844 0.2151 0.1907 0.1958 0.2334 0.2184 0.1922],[1.8917 1.6789 1.3384 1.0182 0.8003 0.6688 0.5928 0.5440 0.5093 0.4707 0.4583 0.4331 0.4161 0.3986 0.3850 0.3703 0.3636 0.3473 0.3439 0.3359 0.3259 0.3177 0.3119 0.3075 0.3048 0.2955 0.2937 0.2858 0.2810 0.2808 0.2789 0.2730 0.2719 0.2714 0.2644 0.2621 0.2606 0.2583 0.2566 0.2537 0.2510 0.2509 0.2463 0.2464 0.2428 0.2426 0.2392 0.2373 0.2363 0.2373 0.2349 0.2312 0.2293 0.2342 0.2317 0.2270 0.2289 0.2269 0.2257 0.2224 0.2211 0.2213 0.2213 0.2207 0.2193 0.2232 0.2187 0.2178 0.2168 0.2162 0.2152 0.2145 0.2154 0.2138 0.2131 0.2146 0.2115 0.2115 0.2114 0.2109 0.2089 0.2109 0.2082 0.2068 0.2070 0.2084 0.2075 0.2102 0.2070 0.2067 0.2051 0.2065 0.2051 0.2056 0.2048 0.2065 0.2050 0.2028 0.2041 0.2032]
