train_acc,valid_acc,test_acc,train_loss,valid_loss,train_aug_loss
0.9835686087608337,0.9695032835006714,0.9402424693107605,[2.3338 0.8877 0.4865 0.3655 0.4001 0.2843 0.3328 0.3300 0.3123 0.3523 0.3065 0.3467 0.2824 0.2865 0.3262 0.3031 0.2176 0.2198 0.3339 0.2698 0.2687 0.2443 0.2671 0.2963 0.1817 0.2530 0.2305 0.2051 0.1877 0.1913 0.2488 0.1576 0.1819 0.1313 0.1875 0.1649 0.1411 0.1959 0.1756 0.1401 0.2306 0.1604 0.2197 0.1533 0.1919 0.1064 0.2585 0.1395 0.1273 0.1882 0.1427 0.1553 0.1304 0.2166 0.1040 0.1501 0.0998 0.1150 0.1329 0.1652 0.1635 0.1056 0.1321 0.1067 0.1624 0.1009 0.0847 0.1958 0.1088 0.0698 0.1095 0.0951 0.0976 0.0910 0.0824 0.1512 0.1107 0.1208 0.0809 0.0901 0.0934 0.1016 0.1109 0.0789 0.1453 0.1042 0.0758 0.0939 0.0926 0.0811 0.0714 0.1135 0.0670 0.0715 0.0884 0.1126 0.0587 0.0932 0.0823 0.0829],[2.0566 0.7670 0.4975 0.3649 0.3880 0.2902 0.3465 0.3201 0.3159 0.3421 0.3076 0.3324 0.2811 0.2839 0.3201 0.2997 0.2380 0.2493 0.3346 0.2874 0.2734 0.2535 0.2729 0.2974 0.2087 0.2625 0.2445 0.2256 0.2107 0.2233 0.2597 0.1881 0.2081 0.1613 0.2024 0.1897 0.1709 0.2245 0.2021 0.1641 0.2514 0.1873 0.2443 0.1840 0.2209 0.1422 0.2806 0.1781 0.1608 0.2225 0.1815 0.1836 0.1646 0.2433 0.1457 0.1915 0.1426 0.1525 0.1716 0.2091 0.2051 0.1458 0.1678 0.1488 0.2016 0.1446 0.1243 0.2336 0.1530 0.1138 0.1564 0.1393 0.1461 0.1390 0.1238 0.1951 0.1571 0.1611 0.1233 0.1345 0.1391 0.1451 0.1559 0.1243 0.1885 0.1495 0.1250 0.1439 0.1425 0.1315 0.1205 0.1617 0.1200 0.1223 0.1374 0.1630 0.1094 0.1443 0.1338 0.1364],[1.8354 1.2997 0.8707 0.6777 0.5880 0.5316 0.5015 0.4680 0.4460 0.4253 0.4070 0.3948 0.3840 0.3714 0.3604 0.3499 0.3457 0.3342 0.3233 0.3220 0.3110 0.3048 0.2962 0.2923 0.2850 0.2787 0.2752 0.2666 0.2650 0.2603 0.2550 0.2499 0.2468 0.2455 0.2404 0.2331 0.2325 0.2326 0.2255 0.2216 0.2219 0.2159 0.2150 0.2127 0.2083 0.2093 0.2066 0.2059 0.2005 0.2025 0.1962 0.1952 0.1962 0.1946 0.1937 0.1919 0.1844 0.1836 0.1833 0.1832 0.1833 0.1802 0.1783 0.1771 0.1758 0.1734 0.1762 0.1759 0.1675 0.1699 0.1691 0.1684 0.1683 0.1657 0.1668 0.1621 0.1649 0.1626 0.1612 0.1578 0.1581 0.1615 0.1565 0.1565 0.1542 0.1551 0.1547 0.1509 0.1537 0.1479 0.1486 0.1506 0.1477 0.1478 0.1488 0.1473 0.1445 0.1459 0.1429 0.1439]
