train_acc,valid_acc,test_acc,train_loss,valid_loss,train_aug_loss
0.9827765226364136,0.9651205539703369,0.9341801404953003,[3.4615 0.9053 0.5405 0.5330 0.4454 0.4083 0.3253 0.4049 0.4729 0.3935 0.2882 0.3816 0.2824 0.2861 0.3079 0.2954 0.3124 0.2573 0.2466 0.2659 0.2587 0.1977 0.2400 0.2260 0.2375 0.1967 0.1716 0.1951 0.2057 0.1511 0.1940 0.2093 0.2152 0.1553 0.1401 0.1701 0.1640 0.2256 0.1544 0.1332 0.1069 0.1507 0.1463 0.1648 0.1255 0.1371 0.1263 0.1230 0.1290 0.1870 0.0997 0.1261 0.0979 0.0990 0.1099 0.1443 0.1155 0.1043 0.1219 0.0863 0.1028 0.0875 0.0881 0.1235 0.1178 0.0836 0.1508 0.0837 0.1312 0.0898 0.1492 0.0907 0.1104 0.0882 0.1074 0.0851 0.0744 0.1146 0.0739 0.0966 0.0726 0.0788 0.0855 0.0799 0.0821 0.0831 0.1025 0.1263 0.0927 0.0749 0.0734 0.0899 0.0979 0.0700 0.0592 0.0693 0.0625 0.1034 0.0926 0.1053],[3.0138 0.9486 0.5298 0.5028 0.4253 0.3919 0.3400 0.3936 0.4335 0.3732 0.2978 0.4031 0.2951 0.2903 0.3174 0.3139 0.3179 0.2785 0.2624 0.2817 0.2669 0.2278 0.2633 0.2516 0.2599 0.2173 0.2027 0.2200 0.2309 0.1859 0.2237 0.2299 0.2333 0.1833 0.1797 0.2072 0.1937 0.2548 0.1879 0.1709 0.1465 0.1883 0.1839 0.2042 0.1624 0.1796 0.1624 0.1650 0.1691 0.2248 0.1432 0.1702 0.1500 0.1464 0.1617 0.1869 0.1570 0.1515 0.1706 0.1340 0.1565 0.1337 0.1383 0.1672 0.1709 0.1318 0.1985 0.1289 0.1824 0.1358 0.2080 0.1501 0.1667 0.1431 0.1632 0.1403 0.1286 0.1797 0.1287 0.1531 0.1294 0.1342 0.1454 0.1335 0.1371 0.1382 0.1608 0.1930 0.1565 0.1289 0.1355 0.1504 0.1554 0.1300 0.1204 0.1239 0.1208 0.1637 0.1575 0.1635],[1.7849 1.3207 0.9350 0.7477 0.6436 0.5745 0.5278 0.4949 0.4668 0.4434 0.4253 0.4069 0.3924 0.3805 0.3708 0.3576 0.3391 0.3302 0.3297 0.3170 0.3110 0.3025 0.2972 0.2859 0.2887 0.2743 0.2689 0.2645 0.2581 0.2637 0.2491 0.2471 0.2446 0.2392 0.2377 0.2353 0.2337 0.2257 0.2240 0.2218 0.2183 0.2189 0.2151 0.2132 0.2114 0.2093 0.2051 0.2034 0.2010 0.1970 0.1953 0.1946 0.1940 0.1908 0.1905 0.1875 0.1861 0.1852 0.1839 0.1837 0.1808 0.1813 0.1787 0.1783 0.1739 0.1768 0.1759 0.1731 0.1732 0.1697 0.1717 0.1671 0.1687 0.1669 0.1650 0.1633 0.1639 0.1607 0.1626 0.1600 0.1586 0.1600 0.1544 0.1575 0.1557 0.1553 0.1536 0.1537 0.1540 0.1529 0.1512 0.1535 0.1484 0.1491 0.1462 0.1488 0.1457 0.1482 0.1464 0.1487]
