train_acc,valid_acc,test_acc,train_loss,valid_loss,train_aug_loss
0.9845192432403564,0.9624594449996948,0.9654857516288757,[2.1998 1.5768 0.8333 0.7107 0.5169 0.5552 0.5215 0.4887 0.4393 0.4493 0.4844 0.3638 0.3855 0.3742 0.3002 0.3173 0.2697 0.2649 0.2609 0.2674 0.2091 0.2680 0.2184 0.1825 0.2112 0.2292 0.1618 0.1601 0.1829 0.1504 0.1407 0.1397 0.1247 0.1480 0.1334 0.1362 0.1173 0.1040 0.1262 0.0845 0.1510 0.0907 0.1068 0.1049 0.1409 0.1680 0.0928 0.0654 0.0969 0.0807],[2.0655 1.4744 0.8620 0.7681 0.5440 0.5740 0.5542 0.5615 0.4559 0.4613 0.5069 0.4280 0.4347 0.4348 0.3309 0.3485 0.3166 0.3175 0.2967 0.3046 0.2662 0.3126 0.2724 0.2557 0.2473 0.2717 0.2288 0.2223 0.2335 0.2063 0.1954 0.2010 0.1733 0.2055 0.1800 0.1907 0.1921 0.1693 0.1925 0.1453 0.2096 0.1635 0.1681 0.1697 0.1899 0.2108 0.1691 0.1358 0.1740 0.1492],[1.8542 1.6518 1.2535 0.9780 0.7960 0.6852 0.5951 0.5416 0.4916 0.4566 0.4168 0.3865 0.3654 0.3480 0.3304 0.3139 0.2979 0.2822 0.2714 0.2608 0.2483 0.2373 0.2314 0.2238 0.2136 0.2107 0.2038 0.1996 0.1921 0.1841 0.1807 0.1793 0.1717 0.1668 0.1664 0.1622 0.1567 0.1571 0.1496 0.1511 0.1476 0.1441 0.1407 0.1359 0.1331 0.1374 0.1309 0.1297 0.1275 0.1245]
