train_acc,valid_acc,test_acc,train_loss,valid_loss,train_aug_loss
0.9760600924491882,0.9571834206581116,0.9559897780418396,[3.7436 0.8472 0.5097 0.4296 0.4231 0.3748 0.4622 0.4160 0.4707 0.2890 0.2690 0.2361 0.2720 0.3690 0.3155 0.2634 0.2601 0.2746 0.2691 0.2799 0.1829 0.2484 0.2312 0.2342 0.2491 0.1776 0.1998 0.1782 0.1694 0.1838 0.2081 0.1400 0.2745 0.1927 0.1269 0.1757 0.1351 0.1417 0.1626 0.1628 0.1078 0.1829 0.1415 0.1316 0.1247 0.0989 0.0975 0.1225 0.1500 0.1464],[3.3128 0.7929 0.5673 0.4770 0.4317 0.3931 0.4282 0.4025 0.4448 0.3263 0.2872 0.2801 0.3008 0.3784 0.3250 0.2923 0.2736 0.3002 0.2910 0.3018 0.2251 0.2742 0.2834 0.2563 0.2701 0.2172 0.2382 0.2199 0.2093 0.2252 0.2444 0.1901 0.3059 0.2349 0.1725 0.2246 0.1773 0.1904 0.2184 0.2081 0.1588 0.2308 0.1992 0.1870 0.1806 0.1568 0.1511 0.1806 0.2120 0.2021],[1.8270 1.3439 0.9630 0.7720 0.6642 0.6074 0.5494 0.5131 0.4764 0.4517 0.4294 0.4120 0.3886 0.3768 0.3647 0.3557 0.3419 0.3385 0.3317 0.3199 0.3069 0.2994 0.2963 0.2891 0.2792 0.2760 0.2738 0.2615 0.2589 0.2561 0.2489 0.2456 0.2425 0.2347 0.2350 0.2310 0.2258 0.2285 0.2247 0.2227 0.2180 0.2145 0.2124 0.2109 0.2049 0.2049 0.2076 0.1989 0.2063 0.1987]
