train_acc,valid_acc,test_acc,train_loss,valid_loss,train_aug_loss
0.9648333787918091,0.9490665793418884,0.9508765339851379,[1.9369 1.7087 0.8748 0.5754 0.6759 0.3638 0.3999 0.3594 0.7953 0.4262 0.3358 0.3644 0.3488 0.2425 0.2231 0.2785 0.1948 0.2877 0.2384 0.2117 0.2365 0.2127 0.1750 0.3099 0.2017 0.2254 0.1861 0.2037 0.2442 0.2687 0.1853 0.1443 0.2237 0.1889 0.1810 0.2430 0.2453 0.1917 0.1348 0.2095 0.1776 0.1717 0.2172 0.2462 0.1973 0.1801 0.2012 0.2193 0.1250 0.2329 0.1743 0.1511 0.2009 0.2018 0.1573 0.1618 0.1432 0.1391 0.2401 0.1241 0.1835 0.1553 0.1689 0.1481 0.1427 0.1413 0.1519 0.1867 0.1341 0.2223 0.1338 0.1473 0.1685 0.1161 0.1996 0.1607 0.1574 0.1253 0.1509 0.1300 0.1399 0.1346 0.1524 0.1393 0.1950 0.1195 0.1773 0.1362 0.1645 0.1355 0.1078 0.1338 0.1342 0.1366 0.1343 0.1506 0.1357 0.1600 0.1391 0.1507],[1.9609 1.5129 0.8690 0.5932 0.6233 0.3907 0.3886 0.3780 0.7079 0.4171 0.3420 0.3631 0.3496 0.2667 0.2455 0.2878 0.2167 0.2997 0.2657 0.2383 0.2586 0.2384 0.2050 0.3277 0.2323 0.2644 0.2208 0.2446 0.2784 0.2979 0.2242 0.1839 0.2625 0.2270 0.2208 0.2748 0.2830 0.2311 0.1774 0.2510 0.2234 0.2121 0.2558 0.2861 0.2441 0.2277 0.2467 0.2670 0.1783 0.2846 0.2179 0.1991 0.2491 0.2533 0.2088 0.2100 0.1966 0.1952 0.2930 0.1808 0.2374 0.2076 0.2255 0.2017 0.1988 0.1969 0.2066 0.2385 0.1888 0.2770 0.1883 0.2067 0.2261 0.1741 0.2586 0.2224 0.2180 0.1871 0.2091 0.1879 0.1998 0.1939 0.2120 0.1968 0.2554 0.1826 0.2354 0.1969 0.2254 0.1920 0.1680 0.1930 0.1939 0.1951 0.1963 0.2136 0.1962 0.2255 0.1993 0.2117],[1.8844 1.6799 1.3459 1.0112 0.7785 0.6552 0.5681 0.5187 0.4790 0.4507 0.4275 0.4086 0.3949 0.3759 0.3632 0.3548 0.3453 0.3313 0.3237 0.3166 0.3108 0.3016 0.3003 0.2911 0.2837 0.2796 0.2772 0.2723 0.2709 0.2642 0.2602 0.2595 0.2540 0.2545 0.2517 0.2477 0.2436 0.2400 0.2380 0.2387 0.2358 0.2350 0.2325 0.2318 0.2242 0.2235 0.2273 0.2209 0.2186 0.2216 0.2184 0.2163 0.2131 0.2080 0.2121 0.2114 0.2081 0.2060 0.2089 0.2058 0.2043 0.2005 0.2037 0.2016 0.1998 0.1998 0.1988 0.1961 0.1931 0.1949 0.1931 0.1930 0.1938 0.1911 0.1890 0.1890 0.1892 0.1870 0.1904 0.1862 0.1878 0.1875 0.1862 0.1844 0.1835 0.1868 0.1853 0.1814 0.1817 0.1797 0.1842 0.1817 0.1777 0.1797 0.1778 0.1785 0.1798 0.1797 0.1762 0.1754]
