train_acc,valid_acc,test_acc,train_loss,valid_loss,train_aug_loss
0.9699088335037231,0.9551542401313782,0.9587290287017822,[1.8314 1.6879 1.0478 0.5944 0.5219 0.3692 0.3444 0.3082 0.4828 0.4830 0.3632 0.3166 0.2693 0.2195 0.2663 0.3240 0.1818 0.2953 0.2344 0.2215 0.1469 0.3107 0.2384 0.1618 0.2428 0.1665 0.2354 0.1420 0.1826 0.2095 0.2446 0.1829 0.2903 0.2994 0.2260 0.1883 0.1653 0.1165 0.1766 0.1178 0.2741 0.1839 0.1589 0.1542 0.1762 0.2372 0.1259 0.1544 0.2089 0.1356 0.1618 0.1556 0.1323 0.1736 0.1828 0.1406 0.2071 0.1375 0.1296 0.1696 0.1453 0.2093 0.1555 0.1885 0.0994 0.1925 0.1427 0.1801 0.1436 0.1503 0.1596 0.1478 0.1722 0.1462 0.1162 0.1260 0.1426 0.1354 0.1424 0.1432 0.1200 0.1553 0.1262 0.1653 0.1158 0.1430 0.1473 0.1215 0.1700 0.1527 0.1337 0.1380 0.1793 0.1265 0.1411 0.1311 0.1528 0.1662 0.1017 0.1727],[1.8225 1.7149 1.0395 0.6316 0.5595 0.3854 0.3621 0.3118 0.4505 0.4556 0.3482 0.3115 0.2796 0.2433 0.2757 0.3305 0.2057 0.3099 0.2461 0.2391 0.1869 0.3152 0.2553 0.2022 0.2671 0.2014 0.2619 0.1812 0.2135 0.2440 0.2718 0.2166 0.3173 0.3208 0.2602 0.2197 0.2066 0.1642 0.2122 0.1642 0.3059 0.2245 0.1976 0.1896 0.2152 0.2670 0.1710 0.1986 0.2517 0.1807 0.1994 0.2059 0.1742 0.2115 0.2261 0.1852 0.2518 0.1830 0.1738 0.2136 0.1910 0.2544 0.1978 0.2318 0.1518 0.2376 0.1907 0.2304 0.1935 0.1997 0.2085 0.1976 0.2185 0.1976 0.1668 0.1749 0.1925 0.1872 0.1903 0.1970 0.1700 0.2038 0.1766 0.2147 0.1693 0.1951 0.1999 0.1731 0.2203 0.2038 0.1851 0.1922 0.2330 0.1785 0.1936 0.1873 0.2056 0.2206 0.1560 0.2224],[1.8936 1.7092 1.4334 1.0757 0.8397 0.6929 0.6058 0.5431 0.5001 0.4696 0.4385 0.4215 0.3945 0.3870 0.3711 0.3597 0.3450 0.3423 0.3321 0.3186 0.3185 0.3071 0.3026 0.2973 0.2930 0.2838 0.2824 0.2807 0.2753 0.2725 0.2647 0.2670 0.2560 0.2573 0.2541 0.2502 0.2461 0.2424 0.2458 0.2426 0.2385 0.2351 0.2328 0.2320 0.2301 0.2320 0.2257 0.2238 0.2256 0.2221 0.2202 0.2169 0.2131 0.2155 0.2142 0.2124 0.2118 0.2107 0.2090 0.2097 0.2077 0.2076 0.2028 0.2048 0.2006 0.1997 0.2002 0.2004 0.1997 0.1974 0.1998 0.1950 0.1966 0.1933 0.1944 0.1934 0.1931 0.1918 0.1914 0.1894 0.1894 0.1869 0.1896 0.1841 0.1841 0.1848 0.1890 0.1870 0.1881 0.1849 0.1861 0.1818 0.1841 0.1851 0.1817 0.1814 0.1804 0.1822 0.1813 0.1820]
