train_acc,valid_acc,test_acc,train_loss,valid_loss,train_aug_loss
0.9847127199172974,0.9629291296005249,0.9408198595046997,[2.3820 0.6825 0.4159 0.3291 0.3416 0.3931 0.3840 0.2967 0.3834 0.3655 0.3420 0.3077 0.2629 0.2833 0.2513 0.2273 0.2621 0.2509 0.2406 0.2659 0.2267 0.1761 0.2440 0.1389 0.2003 0.1949 0.1730 0.1599 0.1986 0.1530 0.1650 0.1542 0.1690 0.2275 0.2256 0.1523 0.1404 0.1398 0.1430 0.1382 0.1712 0.1434 0.1309 0.1044 0.1140 0.1435 0.1182 0.1378 0.1390 0.0900 0.1745 0.0998 0.0949 0.0954 0.1028 0.1383 0.1046 0.1023 0.1386 0.0746 0.0730 0.1138 0.1074 0.1377 0.1724 0.0985 0.0932 0.0977 0.1215 0.1599 0.1052 0.0765 0.1247 0.0737 0.0850 0.1156 0.1113 0.0676 0.0781 0.0770 0.0840 0.0752 0.0546 0.0718 0.0849 0.0858 0.0724 0.0651 0.0865 0.0926 0.0628 0.0679 0.0753 0.0835 0.0589 0.1354 0.0547 0.0774 0.0687 0.0805],[2.1001 0.7293 0.4860 0.3765 0.3885 0.4062 0.4018 0.3357 0.3963 0.3876 0.3597 0.3390 0.3148 0.3210 0.2896 0.2713 0.2900 0.2766 0.2743 0.2960 0.2551 0.2222 0.2841 0.1957 0.2417 0.2364 0.2150 0.2172 0.2539 0.2051 0.2148 0.2062 0.2190 0.2712 0.2787 0.2089 0.1966 0.2024 0.2075 0.1999 0.2291 0.2008 0.1886 0.1652 0.1707 0.2064 0.1811 0.2017 0.2063 0.1531 0.2412 0.1699 0.1613 0.1662 0.1663 0.2083 0.1739 0.1745 0.2097 0.1454 0.1440 0.1847 0.1825 0.2114 0.2541 0.1714 0.1627 0.1666 0.1998 0.2399 0.1855 0.1566 0.2026 0.1497 0.1568 0.2054 0.1914 0.1439 0.1568 0.1556 0.1729 0.1514 0.1328 0.1485 0.1741 0.1668 0.1540 0.1492 0.1730 0.1809 0.1442 0.1529 0.1579 0.1640 0.1405 0.2307 0.1351 0.1649 0.1548 0.1682],[1.8034 1.2989 0.8748 0.6922 0.6068 0.5514 0.5165 0.4771 0.4553 0.4291 0.4084 0.3906 0.3776 0.3618 0.3477 0.3356 0.3279 0.3197 0.3070 0.3030 0.2974 0.2891 0.2837 0.2854 0.2730 0.2665 0.2588 0.2588 0.2516 0.2502 0.2479 0.2391 0.2369 0.2345 0.2289 0.2266 0.2252 0.2210 0.2231 0.2154 0.2144 0.2113 0.2086 0.2087 0.2080 0.2047 0.2004 0.1989 0.1955 0.1954 0.1914 0.1887 0.1888 0.1899 0.1852 0.1842 0.1836 0.1828 0.1783 0.1781 0.1771 0.1751 0.1764 0.1720 0.1702 0.1683 0.1697 0.1701 0.1676 0.1661 0.1662 0.1606 0.1630 0.1626 0.1585 0.1588 0.1606 0.1566 0.1616 0.1565 0.1568 0.1554 0.1518 0.1533 0.1503 0.1531 0.1470 0.1497 0.1501 0.1466 0.1493 0.1474 0.1457 0.1480 0.1473 0.1460 0.1425 0.1429 0.1438 0.1395]
