train_acc,valid_acc,test_acc,train_loss,valid_loss,train_aug_loss
0.9753755331039429,0.9592126607894897,0.960189938545227,[6.0535 1.4994 0.4725 0.5680 0.3980 0.3560 0.3361 0.3395 0.3776 0.3335 0.3676 0.3974 0.4522 0.3628 0.2476 0.3507 0.2787 0.2850 0.2137 0.3199 0.3060 0.1804 0.2456 0.2216 0.1815 0.2215 0.2183 0.2028 0.1754 0.1881 0.2054 0.1866 0.2124 0.2189 0.1480 0.1562 0.2090 0.1467 0.1682 0.1345 0.1249 0.1877 0.1669 0.1750 0.1313 0.1195 0.1068 0.1131 0.1372 0.1400],[5.4709 1.3621 0.5186 0.5525 0.4286 0.4083 0.3709 0.3503 0.3684 0.3572 0.3695 0.3947 0.4608 0.3670 0.2736 0.3543 0.2902 0.2980 0.2441 0.3248 0.3316 0.2144 0.2670 0.2588 0.2187 0.2502 0.2457 0.2362 0.2208 0.2279 0.2418 0.2247 0.2455 0.2510 0.2041 0.2081 0.2455 0.1917 0.2050 0.1831 0.1678 0.2292 0.1994 0.2153 0.1739 0.1679 0.1519 0.1595 0.1810 0.1879],[1.8047 1.3335 0.9418 0.7493 0.6467 0.5713 0.5299 0.4944 0.4680 0.4477 0.4220 0.4096 0.3947 0.3857 0.3687 0.3525 0.3451 0.3380 0.3323 0.3189 0.3114 0.2995 0.2936 0.2921 0.2894 0.2786 0.2710 0.2749 0.2631 0.2579 0.2562 0.2536 0.2512 0.2421 0.2433 0.2383 0.2397 0.2319 0.2305 0.2244 0.2245 0.2205 0.2187 0.2165 0.2144 0.2128 0.2127 0.2055 0.2072 0.2070]
