train_acc,test_acc,train_loss,train_aug_loss
0.9829473495483398,0.9278290867805481,[3.1982 0.6665 0.4796 0.3769 0.3950 0.4539 0.2708 0.3720 0.3753 0.3224 0.3896 0.2912 0.3290 0.3107 0.2366 0.2773 0.2214 0.2438 0.2333 0.2753 0.2681 0.1560 0.2544 0.2238 0.1634 0.1339 0.1305 0.1437 0.1579 0.1571 0.1202 0.1522 0.1188 0.1366 0.1447 0.0979 0.1363 0.1248 0.1151 0.1495 0.1405 0.0944 0.0930 0.1015 0.1330 0.1485 0.0997 0.1065 0.0917 0.0701 0.0734 0.1014 0.0938 0.0937 0.0939 0.1089 0.0781 0.1192 0.0850 0.0645 0.0712 0.0645 0.0705 0.1183 0.0976 0.0710 0.0763 0.0812 0.0742 0.0656 0.0898 0.0614 0.0825 0.1139 0.0792 0.0483 0.0758 0.0693 0.1197 0.0636 0.0630 0.0582 0.0913 0.0592 0.0713 0.0641 0.0643 0.0668 0.0588 0.0740 0.1052 0.0962 0.0584 0.0927 0.0646 0.0557 0.0549 0.0577 0.0581 0.0581],[1.7972 1.2259 0.8437 0.6863 0.6126 0.5477 0.5022 0.4733 0.4455 0.4299 0.4024 0.3926 0.3735 0.3584 0.3506 0.3367 0.3207 0.3091 0.3030 0.2908 0.2837 0.2786 0.2765 0.2650 0.2615 0.2518 0.2518 0.2435 0.2381 0.2331 0.2313 0.2297 0.2237 0.2180 0.2191 0.2155 0.2157 0.2080 0.2085 0.2048 0.2047 0.1989 0.1987 0.1959 0.1941 0.1900 0.1899 0.1876 0.1875 0.1838 0.1821 0.1794 0.1775 0.1766 0.1762 0.1746 0.1733 0.1693 0.1730 0.1689 0.1681 0.1662 0.1660 0.1662 0.1646 0.1641 0.1645 0.1586 0.1597 0.1603 0.1582 0.1583 0.1561 0.1550 0.1560 0.1532 0.1509 0.1506 0.1512 0.1508 0.1488 0.1488 0.1483 0.1468 0.1489 0.1437 0.1462 0.1441 0.1416 0.1431 0.1443 0.1398 0.1397 0.1392 0.1386 0.1398 0.1390 0.1385 0.1380 0.1385]
