train_acc,valid_acc,test_acc,train_loss,valid_loss,train_aug_loss
0.9855664372444153,0.9653031229972839,0.9425519704818726,[4.2910 0.4886 0.3159 0.3067 0.2915 0.2330 0.1879 0.1937 0.2086 0.1115 0.1301 0.1394 0.1366 0.1202 0.1137 0.1532 0.1195 0.1456 0.0686 0.0894 0.1549 0.0756 0.0777 0.0838 0.1010 0.1049 0.1210 0.1169 0.0534 0.0938 0.0496 0.0545 0.1457 0.1009 0.0704 0.0800 0.0927 0.0489 0.0520 0.0935 0.0660 0.0800 0.0385 0.0675 0.0678 0.0688 0.0421 0.0316 0.0365 0.0860 0.0539 0.0358 0.0416 0.0342 0.0256 0.0361 0.0269 0.0606 0.0648 0.0724 0.0805 0.0413 0.0870 0.0258 0.0346 0.0492 0.0169 0.0195 0.0259 0.0248 0.0340 0.0316 0.0498 0.0212 0.0182 0.0615 0.0176 0.0728 0.0150 0.0450 0.0214 0.0497 0.0176 0.0108 0.0179 0.0303 0.0314 0.0271 0.0310 0.0214 0.0116 0.0166 0.0134 0.0109 0.0447 0.0243 0.0104 0.0317 0.0112 0.0192],[3.8247 0.4782 0.3086 0.3264 0.2940 0.2404 0.2033 0.2206 0.2266 0.1532 0.1704 0.1670 0.1686 0.1539 0.1612 0.1999 0.1741 0.1899 0.1304 0.1420 0.2140 0.1381 0.1328 0.1470 0.1631 0.1677 0.1880 0.1970 0.1352 0.1687 0.1194 0.1295 0.2153 0.1721 0.1480 0.1558 0.1789 0.1379 0.1356 0.1857 0.1576 0.1803 0.1275 0.1626 0.1688 0.1606 0.1345 0.1274 0.1314 0.1837 0.1594 0.1331 0.1430 0.1377 0.1304 0.1503 0.1377 0.1775 0.1809 0.1985 0.2127 0.1633 0.2242 0.1402 0.1571 0.1692 0.1283 0.1364 0.1491 0.1634 0.1768 0.1608 0.1875 0.1581 0.1460 0.2124 0.1402 0.2345 0.1423 0.1952 0.1612 0.1941 0.1437 0.1378 0.1559 0.1825 0.1727 0.1730 0.1898 0.1638 0.1462 0.1619 0.1531 0.1368 0.2100 0.1790 0.1652 0.1967 0.1622 0.1762],[1.6698 0.7132 0.4625 0.3834 0.3314 0.3000 0.2752 0.2576 0.2388 0.2257 0.2109 0.2064 0.1978 0.1880 0.1795 0.1743 0.1733 0.1676 0.1596 0.1565 0.1529 0.1475 0.1441 0.1381 0.1362 0.1331 0.1310 0.1308 0.1261 0.1232 0.1215 0.1181 0.1150 0.1130 0.1130 0.1101 0.1050 0.1041 0.1046 0.1013 0.1014 0.0989 0.0969 0.0943 0.0913 0.0904 0.0892 0.0872 0.0888 0.0860 0.0862 0.0844 0.0836 0.0809 0.0799 0.0772 0.0782 0.0782 0.0751 0.0745 0.0757 0.0719 0.0706 0.0710 0.0682 0.0713 0.0687 0.0688 0.0647 0.0653 0.0640 0.0648 0.0651 0.0627 0.0622 0.0618 0.0599 0.0612 0.0571 0.0572 0.0598 0.0571 0.0555 0.0578 0.0549 0.0561 0.0571 0.0543 0.0522 0.0557 0.0519 0.0516 0.0498 0.0527 0.0489 0.0499 0.0505 0.0488 0.0496 0.0477]
