train_acc,test_acc,train_loss,train_aug_loss
0.9700846076011658,0.9131062626838684,[3.4487 0.7330 0.3638 0.3477 0.3177 0.3683 0.4210 0.4272 0.3065 0.4322 0.3211 0.3430 0.2200 0.2635 0.3423 0.2177 0.1945 0.1725 0.2249 0.2690 0.1996 0.2546 0.1540 0.2049 0.2664 0.1356 0.2032 0.1484 0.1696 0.1753 0.1434 0.1303 0.2365 0.1971 0.1148 0.1918 0.1495 0.1194 0.2277 0.1432 0.1586 0.1515 0.1924 0.1232 0.1468 0.1287 0.1420 0.1185 0.1003 0.1085 0.1031 0.1107 0.1196 0.0851 0.0982 0.0784 0.1217 0.1571 0.1031 0.0820 0.0955 0.1102 0.1265 0.1170 0.1118 0.1172 0.0630 0.0944 0.0964 0.1061 0.1057 0.0903 0.1161 0.0742 0.0723 0.0955 0.0818 0.0799 0.0761 0.0698 0.0628 0.0752 0.0763 0.1060 0.1497 0.0732 0.0822 0.0666 0.0793 0.0698 0.0781 0.0818 0.0573 0.0631 0.1230 0.0521 0.0497 0.0602 0.0646 0.0903],[1.7242 1.0364 0.7107 0.5947 0.5341 0.4935 0.4612 0.4323 0.4129 0.3921 0.3810 0.3639 0.3463 0.3416 0.3266 0.3223 0.3124 0.3055 0.2954 0.2919 0.2809 0.2732 0.2704 0.2690 0.2614 0.2560 0.2525 0.2485 0.2451 0.2390 0.2392 0.2312 0.2323 0.2287 0.2247 0.2237 0.2168 0.2153 0.2129 0.2096 0.2099 0.2035 0.2072 0.2023 0.1993 0.1976 0.1998 0.1921 0.1893 0.1883 0.1844 0.1867 0.1855 0.1838 0.1823 0.1785 0.1786 0.1777 0.1735 0.1760 0.1727 0.1711 0.1675 0.1688 0.1667 0.1642 0.1654 0.1655 0.1648 0.1652 0.1605 0.1592 0.1601 0.1584 0.1574 0.1566 0.1541 0.1573 0.1534 0.1521 0.1538 0.1522 0.1504 0.1509 0.1515 0.1508 0.1496 0.1452 0.1488 0.1464 0.1462 0.1451 0.1457 0.1441 0.1441 0.1429 0.1446 0.1442 0.1405 0.1399]
