train_acc,valid_acc,test_acc,train_loss,valid_loss,train_aug_loss
0.9732142686843872,0.9610389471054077,0.9574506878852844,[3.4528 1.1097 0.5088 0.3767 0.2925 0.3841 0.3075 0.2986 0.2457 0.2588 0.3067 0.2621 0.3278 0.2786 0.3363 0.2478 0.1971 0.2377 0.2118 0.1641 0.1859 0.2031 0.1908 0.2090 0.1858 0.1627 0.1526 0.2113 0.1761 0.1507 0.1836 0.2022 0.1520 0.1459 0.1473 0.1584 0.2567 0.1662 0.1674 0.1568 0.1739 0.1575 0.1243 0.1029 0.1573 0.1395 0.1039 0.1485 0.2023 0.1095],[2.9888 0.9512 0.5587 0.4302 0.3139 0.4475 0.3417 0.3290 0.2747 0.2885 0.3237 0.3172 0.3622 0.2939 0.3263 0.2735 0.2223 0.2519 0.2365 0.2132 0.2122 0.2260 0.2156 0.2232 0.2316 0.1998 0.1820 0.2396 0.2127 0.1909 0.2184 0.2268 0.2003 0.1809 0.1792 0.1897 0.2789 0.1987 0.2102 0.1934 0.2141 0.2003 0.1652 0.1422 0.2017 0.1780 0.1478 0.1891 0.2418 0.1549],[1.8039 1.3084 0.9052 0.6933 0.5945 0.5359 0.4854 0.4591 0.4368 0.4129 0.4008 0.3846 0.3678 0.3557 0.3496 0.3351 0.3242 0.3195 0.3094 0.3008 0.3001 0.2925 0.2845 0.2806 0.2741 0.2670 0.2641 0.2599 0.2556 0.2504 0.2446 0.2419 0.2361 0.2365 0.2314 0.2277 0.2240 0.2207 0.2160 0.2190 0.2140 0.2124 0.2094 0.2090 0.2063 0.2025 0.1989 0.1956 0.1968 0.1951]
