train_acc,valid_acc,test_acc,train_loss,valid_loss,train_aug_loss
0.9317693114280701,0.9230925440788269,0.9296932220458984,[2.1104 1.5365 1.4545 0.9872 1.2699 0.5908 0.8232 0.6307 1.0341 0.3390 0.5635 0.4596 0.2928 0.2840 0.3723 0.3144 0.4056 0.4285 0.2982 0.3119 0.5339 0.3502 0.3850 0.3683 0.5241 0.3714 0.2768 0.3248 0.4513 0.2292 0.2964 0.3304 0.3191 0.2578 0.2542 0.2790 0.2504 0.3106 0.2760 0.3433 0.3153 0.3046 0.2378 0.3393 0.2819 0.3281 0.3128 0.3035 0.4021 0.2918 0.2103 0.2804 0.2652 0.2568 0.2632 0.2204 0.2349 0.2809 0.2528 0.2444 0.2985 0.2535 0.2765 0.2134 0.2445 0.2234 0.2479 0.2368 0.2461 0.2824 0.2805 0.2317 0.2557 0.2869 0.2414 0.2533 0.2576 0.2847 0.2767 0.2392 0.2483 0.2656 0.2657 0.2655 0.2445 0.2833 0.2571 0.2555 0.2421 0.3004 0.2667 0.2727 0.2510 0.2824 0.2671 0.2557 0.2489 0.2604 0.2471 0.2384],[1.9659 1.5150 1.2529 0.9502 1.0845 0.5622 0.7389 0.5618 0.9157 0.3441 0.5400 0.4433 0.2996 0.2878 0.3590 0.3175 0.4000 0.4275 0.2977 0.3146 0.5271 0.3570 0.3885 0.3673 0.5248 0.3725 0.2888 0.3378 0.4551 0.2441 0.3066 0.3405 0.3257 0.2711 0.2732 0.2935 0.2672 0.3215 0.2898 0.3565 0.3266 0.3205 0.2552 0.3529 0.2998 0.3502 0.3300 0.3251 0.4169 0.3134 0.2322 0.2980 0.2848 0.2783 0.2841 0.2430 0.2567 0.3029 0.2751 0.2681 0.3208 0.2758 0.2978 0.2398 0.2675 0.2469 0.2715 0.2619 0.2710 0.3047 0.3046 0.2591 0.2796 0.3118 0.2693 0.2805 0.2843 0.3122 0.3015 0.2649 0.2749 0.2937 0.2922 0.2949 0.2723 0.3115 0.2853 0.2839 0.2710 0.3306 0.2961 0.3032 0.2797 0.3111 0.2954 0.2844 0.2767 0.2902 0.2760 0.2673],[1.9417 1.7440 1.5275 1.2650 1.0641 0.9161 0.8081 0.7262 0.6674 0.6208 0.5820 0.5487 0.5301 0.5117 0.4883 0.4824 0.4645 0.4555 0.4425 0.4350 0.4229 0.4159 0.4106 0.4016 0.4012 0.3953 0.3858 0.3825 0.3789 0.3741 0.3678 0.3598 0.3602 0.3585 0.3519 0.3495 0.3491 0.3462 0.3401 0.3349 0.3367 0.3354 0.3302 0.3303 0.3301 0.3269 0.3260 0.3261 0.3215 0.3207 0.3188 0.3116 0.3186 0.3158 0.3120 0.3111 0.3106 0.3093 0.3058 0.3110 0.3049 0.3032 0.3036 0.3044 0.3049 0.3003 0.2991 0.2988 0.3005 0.2989 0.2990 0.2994 0.2939 0.2980 0.2972 0.2906 0.2953 0.2925 0.2927 0.2930 0.2941 0.2916 0.2897 0.2912 0.2904 0.2907 0.2888 0.2876 0.2877 0.2870 0.2869 0.2868 0.2887 0.2834 0.2848 0.2874 0.2856 0.2824 0.2850 0.2852]
