train_acc,valid_acc,test_acc,train_loss,valid_loss,train_aug_loss
0.9852584004402161,0.9671292901039124,0.9370669722557068,[4.4903 0.3962 0.2649 0.2444 0.2071 0.2493 0.1967 0.1264 0.1365 0.1079 0.1124 0.1196 0.1082 0.0971 0.1253 0.0752 0.1478 0.0845 0.1174 0.0874 0.1025 0.0967 0.0681 0.0616 0.0845 0.0949 0.0937 0.0492 0.1084 0.0693 0.1063 0.0676 0.0543 0.0596 0.0572 0.0567 0.0432 0.0586 0.0576 0.0415 0.0657 0.1536 0.1098 0.0355 0.0440 0.0600 0.0494 0.0350 0.0258 0.0385 0.0584 0.0286 0.0847 0.0455 0.0621 0.0283 0.0243 0.0470 0.0211 0.0411 0.0762 0.0554 0.0220 0.0379 0.0430 0.0356 0.0476 0.0178 0.0498 0.0240 0.0161 0.0208 0.0197 0.0418 0.0249 0.0202 0.0418 0.0483 0.0136 0.0119 0.0127 0.0278 0.0109 0.0256 0.0131 0.0145 0.0139 0.0353 0.0147 0.0110 0.0192 0.0120 0.0131 0.0161 0.0231 0.0079 0.0201 0.0365 0.0064 0.0167],[4.0504 0.4077 0.2786 0.2585 0.2350 0.2766 0.2265 0.1730 0.1880 0.1601 0.1639 0.1693 0.1623 0.1519 0.1859 0.1447 0.2124 0.1579 0.1818 0.1482 0.1692 0.1621 0.1481 0.1396 0.1641 0.1797 0.1712 0.1224 0.1915 0.1540 0.2013 0.1537 0.1363 0.1448 0.1476 0.1573 0.1355 0.1552 0.1586 0.1351 0.1714 0.2482 0.2101 0.1285 0.1521 0.1699 0.1646 0.1380 0.1324 0.1444 0.1849 0.1444 0.2218 0.1723 0.1847 0.1432 0.1424 0.1764 0.1419 0.1732 0.2088 0.1940 0.1544 0.1681 0.1746 0.1701 0.2010 0.1399 0.1898 0.1590 0.1456 0.1625 0.1501 0.1819 0.1665 0.1567 0.1908 0.2064 0.1469 0.1458 0.1554 0.1835 0.1506 0.1855 0.1589 0.1607 0.1581 0.2035 0.1574 0.1536 0.1921 0.1624 0.1777 0.1634 0.1856 0.1660 0.1823 0.2081 0.1639 0.1839],[1.6509 0.6856 0.4443 0.3633 0.3176 0.2880 0.2706 0.2507 0.2324 0.2214 0.2096 0.1960 0.1894 0.1791 0.1753 0.1687 0.1636 0.1581 0.1516 0.1474 0.1438 0.1408 0.1372 0.1377 0.1321 0.1293 0.1254 0.1209 0.1173 0.1157 0.1146 0.1114 0.1119 0.1090 0.1068 0.1034 0.1016 0.0997 0.0976 0.0967 0.0919 0.0909 0.0906 0.0894 0.0883 0.0860 0.0836 0.0842 0.0824 0.0817 0.0788 0.0758 0.0768 0.0766 0.0775 0.0745 0.0713 0.0735 0.0700 0.0687 0.0700 0.0695 0.0657 0.0674 0.0646 0.0640 0.0640 0.0639 0.0626 0.0620 0.0622 0.0584 0.0585 0.0592 0.0588 0.0586 0.0551 0.0580 0.0556 0.0557 0.0535 0.0530 0.0535 0.0516 0.0533 0.0528 0.0509 0.0508 0.0487 0.0501 0.0479 0.0487 0.0474 0.0475 0.0477 0.0481 0.0473 0.0465 0.0454 0.0467]
