train_acc,valid_acc,test_acc,train_loss,valid_loss,train_aug_loss
0.9719136357307434,0.9614447951316833,0.9594594836235046,[4.7933 0.9698 0.4888 0.4592 0.4346 0.4167 0.3885 0.4196 0.4375 0.3777 0.4094 0.2526 0.3357 0.3710 0.2464 0.3061 0.2562 0.2704 0.2327 0.2339 0.2398 0.2332 0.2444 0.1609 0.2577 0.2142 0.2327 0.2355 0.2345 0.2224 0.2274 0.2980 0.2047 0.1905 0.1675 0.1762 0.1697 0.1446 0.1665 0.1465 0.1663 0.1234 0.1310 0.1612 0.1195 0.1434 0.1403 0.1282 0.1104 0.1418],[4.1343 0.8941 0.5440 0.4454 0.4247 0.3957 0.3718 0.3757 0.4210 0.3649 0.4001 0.2894 0.3378 0.3513 0.2684 0.3280 0.2610 0.2824 0.2559 0.2523 0.2701 0.2568 0.2591 0.2061 0.2763 0.2361 0.2504 0.2574 0.2486 0.2512 0.2582 0.3171 0.2245 0.2193 0.1925 0.2091 0.2084 0.1736 0.2020 0.1841 0.1986 0.1639 0.1835 0.1951 0.1573 0.1813 0.1798 0.1634 0.1477 0.1809],[1.8234 1.3415 0.9504 0.7536 0.6484 0.5907 0.5503 0.5130 0.4852 0.4641 0.4439 0.4262 0.4145 0.3948 0.3856 0.3742 0.3607 0.3550 0.3404 0.3335 0.3238 0.3160 0.3101 0.3058 0.2958 0.2913 0.2868 0.2825 0.2752 0.2691 0.2674 0.2655 0.2574 0.2541 0.2517 0.2470 0.2490 0.2392 0.2366 0.2360 0.2331 0.2298 0.2244 0.2261 0.2179 0.2203 0.2091 0.2099 0.2119 0.2103]
