train_acc,valid_acc,test_acc,train_loss,valid_loss,train_aug_loss
0.9701142311096191,0.9545454382896423,0.9545288681983948,[1.9980 2.0143 0.8497 0.6102 0.5235 0.4059 0.2983 0.3216 0.5171 0.3044 0.2153 0.2366 0.2473 0.2626 0.2393 0.2117 0.2233 0.2215 0.2426 0.2350 0.2231 0.2094 0.1493 0.1967 0.1719 0.2443 0.2094 0.1716 0.1390 0.2039 0.2244 0.1392 0.2208 0.1254 0.1834 0.1419 0.1490 0.1724 0.1203 0.1301 0.1592 0.1387 0.1695 0.1247 0.2363 0.1977 0.2185 0.1503 0.1170 0.1950 0.1254 0.1577 0.1347 0.1430 0.1632 0.1428 0.0999 0.1335 0.1476 0.1614 0.1349 0.1340 0.1019 0.1288 0.1308 0.1327 0.1179 0.1035 0.1128 0.0956 0.1233 0.1264 0.1163 0.1348 0.1446 0.1386 0.1391 0.1488 0.1059 0.1285 0.1145 0.1143 0.1486 0.1549 0.1069 0.1282 0.1285 0.1683 0.1243 0.1162 0.1362 0.1031 0.1140 0.1121 0.1242 0.1398 0.0954 0.1244 0.1329 0.1256],[2.0077 1.7756 0.8106 0.5732 0.5017 0.3792 0.3120 0.3053 0.4798 0.2983 0.2332 0.2503 0.2554 0.2749 0.2709 0.2386 0.2455 0.2470 0.2664 0.2675 0.2544 0.2424 0.1803 0.2336 0.2108 0.2825 0.2493 0.2133 0.1833 0.2463 0.2701 0.1856 0.2680 0.1665 0.2309 0.1851 0.1948 0.2176 0.1731 0.1772 0.2095 0.1950 0.2241 0.1731 0.2937 0.2604 0.2714 0.2063 0.1698 0.2567 0.1786 0.2121 0.1900 0.2021 0.2226 0.2021 0.1558 0.1943 0.2105 0.2235 0.1944 0.1954 0.1603 0.1882 0.1927 0.1955 0.1754 0.1591 0.1713 0.1537 0.1858 0.1872 0.1770 0.1991 0.2097 0.2025 0.2060 0.2139 0.1682 0.1951 0.1789 0.1762 0.2194 0.2222 0.1697 0.1934 0.1945 0.2355 0.1910 0.1834 0.2033 0.1656 0.1787 0.1756 0.1899 0.2109 0.1575 0.1927 0.2049 0.1940],[1.8667 1.6244 1.2561 0.9722 0.7728 0.6459 0.5728 0.5223 0.4780 0.4528 0.4251 0.4082 0.3901 0.3777 0.3598 0.3498 0.3358 0.3297 0.3210 0.3128 0.3091 0.2996 0.2931 0.2848 0.2858 0.2802 0.2778 0.2749 0.2674 0.2646 0.2593 0.2578 0.2546 0.2451 0.2494 0.2487 0.2454 0.2435 0.2383 0.2338 0.2338 0.2317 0.2292 0.2273 0.2281 0.2237 0.2238 0.2185 0.2193 0.2173 0.2143 0.2114 0.2100 0.2128 0.2094 0.2094 0.2084 0.2063 0.2044 0.2048 0.2028 0.2013 0.1999 0.1985 0.2000 0.1981 0.1988 0.1970 0.1980 0.1941 0.1956 0.1921 0.1899 0.1895 0.1918 0.1891 0.1909 0.1887 0.1847 0.1857 0.1843 0.1860 0.1838 0.1864 0.1843 0.1847 0.1863 0.1831 0.1838 0.1782 0.1804 0.1805 0.1784 0.1761 0.1787 0.1785 0.1786 0.1767 0.1768 0.1795]
