train_acc,valid_acc,test_acc,train_loss,valid_loss,train_aug_loss
0.956178605556488,0.9405438303947449,0.9402849078178406,[3.3803 2.2876 1.0438 2.1553 1.7448 1.4432 0.9734 1.6622 0.4019 5.4104 1.6953 0.6075 1.9001 0.6880 1.3290 0.4039 0.5747 0.3378 0.3643 0.2758 2.4911 0.3348 0.3459 0.2569 0.3744 0.7440 0.3366 0.2797 0.3084 0.2499 0.2680 0.2215 0.3673 0.3985 1.3160 1.5988 0.4166 0.3246 0.9315 0.4751 0.3173 0.2671 0.5441 0.2475 0.1806 1.3173 0.8789 0.2138 0.2475 0.3999],[4.1218 2.5352 1.0325 2.3166 1.7335 1.1425 1.0461 1.7145 0.4322 4.5691 1.5068 0.6624 1.5764 0.6998 1.2853 0.4634 0.6437 0.3734 0.4093 0.3250 2.3172 0.3440 0.3374 0.3188 0.3664 0.7266 0.4284 0.3327 0.3359 0.2953 0.3376 0.2613 0.4057 0.4358 1.1618 1.3092 0.4583 0.4191 0.8270 0.5932 0.3358 0.3186 0.5464 0.2873 0.2271 1.1863 0.8220 0.2793 0.3209 0.4519],[2.0398 1.3045 1.0588 0.8681 0.8465 0.7191 0.6618 0.6376 0.5830 0.5428 0.5414 0.5017 0.4954 0.4791 0.4523 0.4495 0.4274 0.3873 0.3756 0.3638 0.3553 0.3428 0.3417 0.3332 0.3298 0.3262 0.3198 0.3077 0.3076 0.2987 0.2950 0.2980 0.2845 0.2855 0.2852 0.2795 0.2779 0.2680 0.2657 0.2653 0.2620 0.2598 0.2541 0.2503 0.2498 0.2455 0.2442 0.2455 0.2366 0.2367]
