train_acc,valid_acc,test_acc,train_loss,valid_loss,train_aug_loss
0.948257327079773,0.9257305264472961,0.9285975098609924,[2.2949 2.1551 1.0804 2.9155 1.3184 0.8056 1.9003 1.2012 0.6127 0.8859 0.7204 0.4426 0.8994 0.3725 0.7386 0.6279 0.8250 0.4413 0.9560 0.5099 0.6536 0.3770 0.4018 0.5651 0.8061 0.2294 1.3719 0.7168 0.3666 0.5100 0.2600 0.3486 0.1889 0.6099 1.7545 0.7278 3.2629 0.6885 0.4075 0.9391 0.4779 0.3205 0.5500 0.1852 0.4049 0.7447 0.3481 0.7425 0.5735 0.2487],[2.4725 2.1046 1.2389 2.0619 1.4398 0.9107 1.4825 0.9901 0.5513 0.8307 0.7329 0.4489 0.9730 0.3846 0.8016 0.7512 0.7130 0.4999 0.9580 0.4838 0.5987 0.4009 0.4278 0.5556 0.7378 0.2845 1.1202 0.7653 0.3597 0.4556 0.3001 0.3790 0.2501 0.5490 1.3602 0.6455 2.4327 0.5695 0.4147 0.7968 0.4908 0.3507 0.6783 0.2423 0.4485 0.7119 0.3583 0.7370 0.5263 0.3066],[1.9327 1.2158 0.9871 0.8085 0.6841 0.5907 0.5270 0.4738 0.4295 0.4056 0.3782 0.3731 0.3531 0.3405 0.3311 0.3230 0.3162 0.3087 0.2970 0.2921 0.2887 0.2828 0.2768 0.2759 0.2656 0.2632 0.2605 0.2562 0.2506 0.2504 0.2423 0.2431 0.2389 0.2358 0.2375 0.2283 0.2258 0.2268 0.2251 0.2193 0.2214 0.2183 0.2155 0.2137 0.2113 0.2061 0.2113 0.2061 0.2034 0.2036]
