train_acc,valid_acc,test_acc,train_loss,valid_loss,train_aug_loss
0.9365220665931702,0.9310064911842346,0.9273192286491394,[2.6096 22.8893 1.1527 0.8246 0.8708 2.9606 7.4856 9.3651 0.9932 0.7723 0.7504 0.3835 0.3778 0.5410 0.2706 0.6518 1.1421 0.7179 0.3293 0.4588 0.4123 0.6046 0.5284 0.4515 0.2227 0.4967 0.5203 0.3408 2.5346 0.4239 0.5173 0.3178 0.2510 0.6821 0.3971 0.3830 0.4740 1.2048 0.9665 0.5724 0.4087 0.2449 1.3444 0.4704 0.6660 0.2304 0.4300 0.2205 0.2595 1.0149],[2.7665 18.6656 1.0570 0.7650 0.8354 2.6516 5.8532 7.3464 0.9228 0.7405 0.6761 0.4525 0.3840 0.5431 0.2942 0.6983 0.9526 0.6476 0.3578 0.5075 0.4657 0.5496 0.5191 0.4658 0.2424 0.5295 0.5261 0.3721 2.1234 0.4138 0.5065 0.3731 0.3059 0.5996 0.4163 0.4225 0.4737 1.0041 0.9834 0.5535 0.4638 0.2827 1.1718 0.4800 0.6744 0.2849 0.4545 0.2723 0.3009 0.8424],[2.1433 1.2950 1.1016 0.8703 0.6752 0.5767 0.5184 0.4721 0.4443 0.4166 0.4009 0.3813 0.3718 0.3571 0.3485 0.3364 0.3265 0.3175 0.3141 0.3010 0.2991 0.2977 0.2864 0.2817 0.2743 0.2759 0.2650 0.2661 0.2617 0.2521 0.2522 0.2522 0.2444 0.2448 0.2396 0.2357 0.2296 0.2313 0.2287 0.2233 0.2240 0.2166 0.2166 0.2157 0.2125 0.2114 0.2084 0.2057 0.2092 0.2045]
