train_acc,valid_acc,test_acc,train_loss,valid_loss,train_aug_loss
0.9503207802772522,0.9273539185523987,0.9329802989959717,[3.1819 1.5416 1.3521 0.7647 2.1215 1.6850 0.4759 0.3489 1.3254 2.5959 1.8239 0.3905 0.5163 0.2316 0.2849 0.4951 0.5798 1.1488 0.7259 0.7985 0.8742 0.2599 0.3216 0.8904 0.2967 0.3755 0.2541 0.3502 0.8615 0.2472 0.4805 0.1680 1.1120 1.0729 0.3880 0.2857 1.2761 0.2569 1.1644 0.7792 2.1540 0.6139 0.7253 1.3907 1.0734 0.2749 0.3839 0.3228 2.0699 0.1951],[3.6378 1.3963 1.2156 0.7881 1.7706 1.3033 0.5322 0.3997 1.0799 2.0326 1.4267 0.4673 0.5031 0.2752 0.2905 0.5003 0.5054 1.0888 0.6140 0.6706 0.6610 0.3567 0.3035 0.7831 0.3287 0.4534 0.2996 0.4017 0.7591 0.2767 0.4472 0.2296 0.8705 0.9400 0.3892 0.3473 0.9323 0.3021 0.8202 0.6064 1.5939 0.5278 0.7176 0.9824 0.8666 0.3249 0.3822 0.3564 1.5704 0.2700],[1.8338 1.1588 0.8598 0.6594 0.5427 0.4771 0.4369 0.4093 0.3867 0.3729 0.3576 0.3441 0.3295 0.3219 0.3179 0.3050 0.2995 0.2945 0.2854 0.2788 0.2782 0.2733 0.2651 0.2641 0.2593 0.2523 0.2524 0.2452 0.2405 0.2397 0.2365 0.2357 0.2308 0.2257 0.2253 0.2199 0.2169 0.2187 0.2132 0.2130 0.2100 0.2082 0.2084 0.2041 0.2041 0.1988 0.1962 0.1956 0.1947 0.1923]
