train_acc,valid_acc,test_acc,train_loss,valid_loss,train_aug_loss
0.9432698488235474,0.9281655550003052,0.9258583188056946,[4.8455 1.0943 0.7706 0.6883 2.2436 3.7760 0.6471 0.9216 0.9846 0.7499 2.1152 2.2329 1.3475 2.0040 0.4295 1.6290 2.0352 2.3640 0.7639 0.7267 0.4818 0.3209 0.4717 0.3848 0.9968 1.8208 2.4034 0.8719 0.6647 0.5674 0.7340 0.3808 0.7535 0.2757 0.2434 0.9027 0.2830 0.4849 0.8482 0.3507 0.3925 0.3038 0.3560 0.8393 1.0968 0.5275 0.3005 5.6422 0.2484 0.7605],[5.5729 1.1087 0.8551 0.6387 1.7388 2.7643 0.6543 0.9728 0.9645 0.6302 1.6984 1.8040 1.1119 1.8155 0.4385 1.3640 1.6034 1.9082 0.7337 0.7070 0.5421 0.3483 0.4722 0.4080 0.8330 1.4506 1.8643 0.9458 0.7517 0.6393 0.7401 0.3975 0.7596 0.3259 0.2766 0.7938 0.3154 0.5435 0.7662 0.4000 0.4273 0.3355 0.3768 0.8291 1.0320 0.5468 0.3720 4.1579 0.2918 0.7437],[1.9871 1.0320 0.7998 0.7001 0.6338 0.5778 0.5419 0.4954 0.4677 0.4376 0.4249 0.4066 0.3974 0.3840 0.3722 0.3687 0.3547 0.3503 0.3381 0.3336 0.3286 0.3248 0.3161 0.3156 0.3046 0.3006 0.2997 0.2917 0.2897 0.2868 0.2813 0.2792 0.2775 0.2720 0.2704 0.2635 0.2597 0.2640 0.2600 0.2546 0.2577 0.2486 0.2479 0.2413 0.2426 0.2412 0.2365 0.2341 0.2308 0.2336]
