train_acc,valid_acc,test_acc,train_loss,valid_loss,train_aug_loss
0.9443455934524536,0.9253246784210205,0.9296932220458984,[2.2840 1.4716 1.7429 0.5614 1.0417 0.9342 0.9806 1.5280 0.8117 0.6220 0.3378 1.2865 0.3575 0.5515 0.3951 0.4011 1.2239 2.7325 0.8776 0.2776 0.5134 0.2656 0.6696 0.4165 0.4321 0.6828 1.8387 0.2207 0.3401 0.5207 4.7018 0.4249 0.5567 0.5209 0.3158 0.2854 0.4507 0.3469 0.3376 0.5654 4.1492 0.3356 0.6641 0.9230 0.9884 0.2678 0.3425 0.4373 0.6622 0.2096],[2.2702 1.5617 1.6197 0.6064 0.9524 0.8514 0.8688 1.5162 0.7912 0.5549 0.3656 1.0948 0.4004 0.4944 0.4675 0.4350 1.0060 2.4102 0.7783 0.2976 0.4969 0.2799 0.6710 0.4391 0.4264 0.5907 1.4206 0.2598 0.3541 0.5691 2.9941 0.4006 0.4998 0.5261 0.3475 0.3405 0.4630 0.3727 0.3720 0.5282 3.1068 0.3459 0.6389 0.8798 0.8531 0.2958 0.3689 0.4296 0.6750 0.2484],[2.1552 1.2829 0.8848 0.7285 0.6527 0.5840 0.5337 0.4991 0.4741 0.4474 0.4270 0.4199 0.4015 0.3865 0.3756 0.3634 0.3553 0.3496 0.3423 0.3344 0.3288 0.3224 0.3128 0.3041 0.3049 0.2941 0.2921 0.2871 0.2843 0.2824 0.2762 0.2690 0.2667 0.2670 0.2604 0.2580 0.2532 0.2544 0.2510 0.2465 0.2471 0.2432 0.2392 0.2353 0.2350 0.2314 0.2296 0.2268 0.2260 0.2244]
