train_acc,valid_acc,test_acc,train_loss,valid_loss,train_aug_loss
0.953342616558075,0.9267451167106628,0.9322498440742493,[5.7614 2.7267 0.7647 0.5752 0.4923 0.6268 0.5576 0.7356 0.4108 0.7236 0.3274 0.3558 0.3170 0.2578 0.3707 0.2299 0.4258 0.3783 0.3675 0.2074 0.6312 0.2538 0.2282 0.2986 0.4274 0.1695 0.2732 1.3283 0.2648 0.2065 0.6104 0.2536 0.3261 0.4343 0.3887 0.2755 0.5752 0.2940 0.2145 1.3562 0.2050 0.3197 0.8182 1.7675 0.6797 0.2644 0.4160 0.2563 0.3229 0.2561],[4.9830 3.0143 0.8607 0.6266 0.4625 0.6014 0.5211 0.6487 0.4383 0.6786 0.3567 0.3774 0.3846 0.2987 0.3702 0.2605 0.5024 0.3630 0.3943 0.2463 0.5836 0.2834 0.2585 0.3333 0.3975 0.2321 0.2881 1.0706 0.2937 0.2647 0.6091 0.3019 0.3672 0.4968 0.4358 0.2982 0.6094 0.3357 0.2725 1.1679 0.2559 0.3620 0.8564 1.4369 0.7186 0.3082 0.3802 0.2946 0.3450 0.3081],[1.9605 1.2253 0.9078 0.7093 0.5848 0.5114 0.4672 0.4308 0.4157 0.3910 0.3749 0.3615 0.3451 0.3365 0.3240 0.3217 0.3133 0.3089 0.2961 0.2934 0.2891 0.2807 0.2767 0.2761 0.2673 0.2636 0.2584 0.2521 0.2555 0.2473 0.2457 0.2408 0.2365 0.2329 0.2306 0.2272 0.2244 0.2192 0.2209 0.2188 0.2128 0.2160 0.2131 0.2069 0.2081 0.2073 0.2020 0.1992 0.1996 0.1992]
