train_acc,valid_acc,test_acc,train_loss,valid_loss,train_aug_loss
0.9536848664283752,0.946225643157959,0.9443024396896362,[7.7791 2.8780 0.7663 1.0290 0.6480 0.5315 0.3757 0.4252 0.7436 0.6410 0.5201 0.3272 0.3294 0.3380 0.3279 0.4133 0.4973 1.2501 0.2148 0.8782 0.4446 0.3021 0.6269 0.3778 0.6092 0.3328 1.0949 0.4602 0.4490 0.2625 0.3734 0.2440 0.3579 0.3739 0.3824 0.4319 0.2941 0.2436 0.5853 0.5597 0.5602 0.1817 0.2731 0.4294 0.3507 0.4032 0.2016 0.4077 0.7612 0.3887],[9.1519 2.6671 0.7527 0.9406 0.5707 0.5477 0.3715 0.3839 0.7142 0.6858 0.4875 0.3392 0.3452 0.3298 0.3255 0.4776 0.4594 1.0516 0.2488 0.9058 0.4859 0.3278 0.5737 0.3936 0.5901 0.3840 1.0257 0.4512 0.4293 0.2707 0.4393 0.2631 0.3539 0.3777 0.3874 0.4779 0.3182 0.2847 0.5763 0.4987 0.5330 0.2045 0.3145 0.4568 0.3731 0.4169 0.2433 0.4484 0.7109 0.3544],[1.9050 1.1423 0.8338 0.6621 0.5494 0.4906 0.4542 0.4306 0.4078 0.3904 0.3797 0.3668 0.3580 0.3499 0.3331 0.3290 0.3183 0.3141 0.3062 0.3030 0.2975 0.2858 0.2827 0.2813 0.2763 0.2763 0.2699 0.2656 0.2667 0.2566 0.2537 0.2503 0.2455 0.2506 0.2452 0.2422 0.2382 0.2365 0.2308 0.2293 0.2333 0.2252 0.2268 0.2214 0.2214 0.2189 0.2174 0.2171 0.2136 0.2130]
