train_acc,valid_acc,test_acc,train_loss,valid_loss,train_aug_loss
0.9585452079772949,0.9413555264472961,0.9479547142982483,[20.8957 1.3156 1.0226 2.3235 1.1321 1.0776 0.8112 2.4132 0.4657 0.9718 0.7652 1.0426 0.6401 0.3931 0.5003 0.6571 0.7778 0.4127 0.3221 1.1501 2.8235 1.2926 0.7222 0.4409 0.4601 3.4227 0.4200 0.9763 0.3526 0.2266 0.6298 9.5715 1.1421 0.2133 0.2284 0.2867 0.8228 0.2705 0.5638 0.6792 0.2306 0.7633 1.1710 0.3864 0.2729 0.6043 0.3705 0.3382 0.1809 0.5306],[16.4209 1.4034 1.0243 1.9399 1.1590 1.0940 0.7273 1.9977 0.5041 0.8987 0.6473 0.8551 0.5711 0.4166 0.5087 0.6946 0.6523 0.4723 0.3446 1.0295 2.3803 1.1608 0.6935 0.4454 0.4715 2.7893 0.4340 0.9143 0.4213 0.2730 0.5511 7.5661 1.2513 0.2575 0.2744 0.3199 0.7474 0.3122 0.5124 0.6790 0.2553 0.7748 1.0464 0.4000 0.3173 0.5648 0.3926 0.3558 0.2246 0.5230],[1.9754 1.2543 1.0611 0.9166 0.8329 0.7306 0.7175 0.6139 0.5786 0.5657 0.4791 0.4609 0.4253 0.4165 0.3978 0.3873 0.4138 0.3769 0.3674 0.3462 0.3399 0.3531 0.3383 0.3135 0.3170 0.3219 0.3037 0.2932 0.2995 0.3013 0.2914 0.2903 0.3486 0.2827 0.2820 0.2888 0.2678 0.2613 0.2665 0.2505 0.2582 0.2491 0.2616 0.2545 0.2469 0.2507 0.2498 0.2354 0.2357 0.2330]
