train_acc,valid_acc,test_acc,train_loss,valid_loss,train_aug_loss
0.9623298645019531,0.9448052048683167,0.9452154636383057,[3.8606 1.2122 4.8249 1.1432 1.1673 3.9784 1.3914 0.4144 2.3034 0.5532 0.2524 0.4633 1.3128 0.8162 0.4004 0.2723 0.2537 0.6482 0.6479 1.2665 0.4977 0.6555 0.6088 0.8114 0.5917 0.3392 0.4056 0.3531 0.4273 0.4262 0.5356 0.6402 0.2786 0.3392 0.7631 0.4785 0.9185 0.6570 0.2491 0.2082 0.2280 0.2211 0.5086 0.1614 0.3661 0.2036 0.6864 0.3252 0.2562 0.3502],[4.5000 1.2410 3.5585 1.1225 1.2901 4.0190 1.4238 0.4570 2.5182 0.6124 0.2849 0.5020 1.0368 0.7940 0.4137 0.2773 0.3045 0.6292 0.5088 0.9884 0.5215 0.5624 0.6023 0.7746 0.5843 0.3712 0.4062 0.3827 0.4480 0.4382 0.4693 0.5918 0.3261 0.3400 0.6122 0.5470 0.8516 0.6016 0.2678 0.2397 0.2533 0.2583 0.5952 0.2062 0.3674 0.2263 0.6242 0.3412 0.3035 0.4173],[1.9458 1.1459 0.8511 0.7276 0.6292 0.5893 0.5482 0.5214 0.5027 0.4739 0.4280 0.4134 0.3981 0.3807 0.3748 0.3575 0.3543 0.3435 0.3407 0.3295 0.3219 0.3189 0.3118 0.3048 0.3000 0.2948 0.2945 0.2826 0.2794 0.2775 0.2729 0.2750 0.2633 0.2626 0.2589 0.2602 0.2532 0.2498 0.2489 0.2433 0.2437 0.2347 0.2355 0.2338 0.2298 0.2300 0.2273 0.2254 0.2252 0.2254]
