train_acc,valid_acc,test_acc,train_loss,valid_loss,train_aug_loss
0.9308304786682129,0.9009740352630615,0.9063184857368469,[3.6517 1.1188 1.0473 1.5609 0.9339 2.1559 0.7384 1.2821 1.7321 0.7014 0.6687 0.5027 0.4224 0.5407 1.3202 0.3839 0.7064 0.8139 0.5701 0.5501 0.4353 0.5120 0.4039 0.4416 0.6889 0.3880 0.3362 0.4518 2.4191 0.3608 0.3994 0.9109 1.0885 0.4397 1.1131 0.4840 0.3521 0.4948 0.9270 0.3358 0.8153 0.6800 0.4503 0.3387 0.3708 0.2765 0.6836 0.9639 0.2345 0.4456],[2.9307 1.1651 1.0306 1.8291 1.0622 2.0048 0.7389 1.2098 1.6058 0.7236 0.7122 0.5613 0.4579 0.6318 1.1809 0.4920 0.6991 0.7712 0.6015 0.5548 0.5130 0.5313 0.4528 0.5033 0.7765 0.4928 0.4169 0.5062 2.0276 0.3897 0.4647 0.8829 1.0477 0.4721 1.0112 0.5015 0.4175 0.5963 0.8631 0.3880 0.8266 0.7007 0.5243 0.4028 0.4107 0.3516 0.7218 0.9144 0.3257 0.5229],[2.0295 1.2592 0.9395 0.7944 0.6997 0.6235 0.5571 0.5174 0.4841 0.4510 0.4322 0.4180 0.3969 0.3850 0.3730 0.3622 0.3522 0.3390 0.3344 0.3235 0.3147 0.3071 0.3032 0.2985 0.2893 0.2891 0.2822 0.2784 0.2727 0.2682 0.2616 0.2596 0.2517 0.2489 0.2482 0.2466 0.2411 0.2347 0.2385 0.2329 0.2293 0.2264 0.2265 0.2233 0.2173 0.2152 0.2157 0.2111 0.2065 0.2090]
