train_acc,valid_acc,test_acc,train_loss,valid_loss,train_aug_loss
0.9452159404754639,0.9273539185523987,0.9249452352523804,[3.6622 1.2747 1.0837 2.4600 0.9155 0.9150 1.0022 0.6749 2.0414 0.2194 0.4269 0.2764 1.1483 0.6541 0.6409 1.6179 1.6177 0.3950 0.8962 2.0081 0.3401 0.7937 2.6770 2.8092 8.1375 0.7995 0.2522 0.2247 0.2537 0.2295 0.2911 0.4553 0.5558 0.2121 2.7760 1.1035 0.5303 0.3617 0.1892 0.4082 1.2314 0.4769 0.2906 0.1826 0.1959 0.4687 0.2677 1.6074 0.3625 0.8827],[4.3120 1.3519 0.9445 2.0281 0.9745 0.7669 0.8864 0.6592 1.8440 0.2647 0.4144 0.3165 1.0874 0.5738 0.5986 1.4556 1.3132 0.4017 0.7715 1.6449 0.3760 0.8649 2.3233 2.6069 6.7655 0.7094 0.2916 0.2711 0.2939 0.3089 0.3119 0.4519 0.4906 0.2811 2.3152 0.9115 0.5122 0.3755 0.2427 0.3954 0.9996 0.4703 0.3195 0.2300 0.2416 0.4856 0.2815 1.2472 0.3751 0.8223],[1.6564 1.0324 0.8535 0.6768 0.5504 0.4737 0.4297 0.3990 0.3764 0.3567 0.3416 0.3342 0.3201 0.3109 0.3020 0.2987 0.2893 0.2853 0.2789 0.2753 0.2665 0.2660 0.2600 0.2520 0.2513 0.2449 0.2423 0.2413 0.2384 0.2343 0.2317 0.2272 0.2258 0.2184 0.2214 0.2175 0.2150 0.2143 0.2064 0.2074 0.2077 0.2079 0.2018 0.2062 0.2018 0.1940 0.1971 0.1945 0.1908 0.1892]
