train_acc,valid_acc,test_acc,train_loss,valid_loss,train_aug_loss
0.9541053771972656,0.9293830990791321,0.9326150417327881,[2.7771 2.4969 1.8208 1.0679 2.8107 0.4688 0.7360 1.1844 1.3917 0.4400 0.5858 0.2598 0.6516 0.2729 0.4162 0.4321 0.2288 0.5373 0.8327 0.3300 0.6667 0.9513 0.2944 0.3278 1.2630 1.2213 0.1824 0.2019 0.2585 0.9206 0.2737 0.3312 0.6925 1.7955 0.7325 0.2951 0.2631 0.3839 0.2151 0.2153 0.8914 0.5504 0.3091 0.5145 0.2892 0.3801 0.9174 0.2811 1.3069 0.2508],[3.0956 2.4526 1.5546 0.9530 2.2751 0.5083 0.7033 1.1306 1.2696 0.4584 0.5419 0.2897 0.6050 0.2859 0.4674 0.4637 0.2626 0.5744 0.8523 0.3660 0.6676 0.8865 0.3212 0.3754 1.2279 1.0857 0.2412 0.2518 0.2916 0.8359 0.2929 0.3741 0.6006 1.5228 0.6623 0.3098 0.3090 0.4294 0.2634 0.2739 0.7838 0.5276 0.3904 0.5393 0.3476 0.4165 0.8800 0.3028 1.1860 0.2841],[1.8789 1.1293 0.8826 0.7110 0.5977 0.5184 0.4709 0.4370 0.4118 0.3930 0.3726 0.3544 0.3411 0.3387 0.3283 0.3191 0.3064 0.2984 0.2937 0.2852 0.2826 0.2771 0.2673 0.2655 0.2593 0.2555 0.2523 0.2473 0.2483 0.2426 0.2376 0.2369 0.2318 0.2318 0.2263 0.2265 0.2210 0.2165 0.2189 0.2173 0.2132 0.2093 0.2091 0.2075 0.2078 0.2022 0.2041 0.1991 0.1962 0.1967]
