train_acc,valid_acc,test_acc,train_loss,valid_loss,train_aug_loss
0.9668968319892883,0.951298713684082,0.9534331560134888,[3.9528 4.3870 0.9456 0.7418 1.2315 0.9367 0.8561 0.5509 0.3494 0.4863 2.6542 15.9491 3.2905 0.6498 0.3755 0.9595 0.2873 0.4031 0.6252 0.3322 0.4345 0.7055 0.3546 0.6861 1.8810 0.3649 0.2359 1.5753 0.2472 3.3831 0.4176 0.5392 0.3670 0.2442 0.1913 0.2165 3.2589 1.0084 0.2441 3.3895 0.1274 0.4195 1.7697 1.5458 0.3117 0.1434 0.4022 0.4192 0.2367 0.9179],[4.6094 5.2061 0.8086 0.7196 1.3201 0.7714 0.7530 0.5326 0.3399 0.4608 2.0054 13.0691 2.5152 0.5790 0.4328 0.7873 0.3214 0.3739 0.6284 0.3399 0.4335 0.6406 0.3954 0.7403 1.5821 0.3684 0.2861 1.2648 0.2785 2.6341 0.4465 0.4901 0.3807 0.2764 0.2389 0.2472 2.7607 0.8141 0.2575 2.4091 0.1745 0.4113 1.3284 1.2250 0.3316 0.1916 0.4304 0.4030 0.2593 0.7413],[2.0770 1.2665 1.0864 0.7692 0.6114 0.5394 0.4837 0.4563 0.4295 0.4101 0.3964 0.3779 0.3784 0.3599 0.3490 0.3379 0.3267 0.3223 0.3206 0.3106 0.3055 0.3000 0.2926 0.2903 0.2851 0.2822 0.2738 0.2718 0.2661 0.2632 0.2598 0.2518 0.2533 0.2477 0.2476 0.2468 0.2411 0.2362 0.2287 0.2362 0.2220 0.2247 0.2221 0.2234 0.2190 0.2181 0.2144 0.2100 0.2119 0.2069]
