train_acc,valid_acc,test_acc,train_loss,valid_loss,train_aug_loss
0.9494699835777283,0.9407467246055603,0.9390065670013428,[2.7610 1.4897 0.4312 0.8165 0.5103 0.6774 0.9531 0.3544 0.3976 1.2505 1.9099 0.5604 0.3782 0.2216 0.3206 0.4894 0.4284 0.6948 0.2701 0.5353 0.4742 0.9231 0.3106 0.5075 0.3070 0.6017 0.6659 0.6216 0.5410 0.3920 0.4840 0.1817 0.1780 0.4476 0.5463 0.2867 2.5317 0.6634 1.1301 0.4105 2.3481 0.2773 0.2435 0.8725 0.5775 0.3934 0.2719 0.1714 0.4763 0.5432],[2.5942 1.4875 0.4844 0.8091 0.5229 0.6956 0.8799 0.3468 0.4024 1.0017 1.5484 0.5110 0.3728 0.2857 0.3395 0.4698 0.4253 0.5932 0.3127 0.5006 0.4669 0.7354 0.3421 0.5022 0.3182 0.6290 0.6166 0.5583 0.5182 0.4264 0.4258 0.2101 0.2235 0.4619 0.5309 0.3432 2.0009 0.6059 0.9907 0.4337 1.7862 0.3289 0.2862 0.7349 0.5378 0.4019 0.3203 0.2178 0.5141 0.5582],[1.9461 1.1094 0.7445 0.6064 0.5270 0.4756 0.4379 0.4176 0.3988 0.3868 0.3678 0.3587 0.3484 0.3311 0.3273 0.3185 0.3130 0.3056 0.2949 0.2930 0.2856 0.2802 0.2764 0.2702 0.2689 0.2631 0.2621 0.2541 0.2493 0.2476 0.2417 0.2444 0.2419 0.2371 0.2344 0.2301 0.2298 0.2265 0.2209 0.2225 0.2170 0.2151 0.2145 0.2130 0.2067 0.2078 0.2065 0.2075 0.2026 0.2011]
