train_acc,valid_acc,test_acc,train_loss,valid_loss,train_aug_loss
0.9625547528266907,0.9502840638160706,0.9461285471916199,[3.4359 2.2595 20.7433 1.0207 1.2336 2.9274 0.8676 0.5068 0.3984 3.8039 0.3751 0.4391 0.5272 0.2471 0.4098 0.3688 0.3921 0.4298 0.3151 0.4782 0.3675 0.4531 1.1320 0.6668 0.5294 0.3126 0.8078 0.7062 0.4744 0.2900 0.4358 0.4966 0.1577 0.2666 0.3384 0.3155 0.6989 0.3340 0.2541 0.3447 0.7037 0.4028 1.4345 0.2168 0.2393 0.2525 0.1536 0.2239 0.4114 0.1652],[2.8029 2.5642 15.4353 1.0862 1.3038 2.5152 0.8025 0.5312 0.4285 3.3058 0.3941 0.4145 0.5319 0.2604 0.4142 0.4116 0.4273 0.4573 0.3353 0.4792 0.3596 0.4027 0.9496 0.7168 0.4483 0.3189 0.7175 0.6948 0.4186 0.3400 0.4603 0.4910 0.1874 0.2652 0.3436 0.3319 0.6953 0.3456 0.2651 0.3535 0.6489 0.3754 1.3646 0.2588 0.2460 0.2571 0.1935 0.2513 0.3930 0.2024],[1.9283 1.1484 0.9799 0.8517 0.7352 0.6274 0.5597 0.5049 0.4626 0.4382 0.4126 0.4009 0.3803 0.3691 0.3523 0.3439 0.3346 0.3223 0.3103 0.3113 0.3045 0.2971 0.2923 0.2875 0.2841 0.2784 0.2749 0.2684 0.2596 0.2622 0.2607 0.2565 0.2490 0.2490 0.2453 0.2449 0.2379 0.2347 0.2346 0.2339 0.2267 0.2247 0.2245 0.2222 0.2166 0.2191 0.2156 0.2134 0.2154 0.2094]
