train_acc,valid_acc,test_acc,train_loss,valid_loss,train_aug_loss
0.927534818649292,0.9121347665786743,0.9088751077651978,[5.6191 1.0636 1.0628 1.1626 1.0368 2.5128 0.7403 0.4927 1.1790 0.5667 0.6153 0.6001 0.4142 0.8403 0.4029 1.2062 0.6844 0.4561 2.1647 0.6472 0.3756 0.4041 0.3527 0.3384 0.3150 0.2899 0.7321 0.3995 1.1680 0.5131 0.2743 1.3249 0.9503 0.4879 0.6026 0.3748 0.2624 0.7828 0.4232 1.3399 0.4912 0.5896 0.4845 0.9085 0.4297 1.1000 0.4377 0.3817 0.3909 0.5855],[6.8240 1.0977 1.1063 1.3343 1.2315 2.2149 0.7216 0.4906 1.2219 0.5305 0.6389 0.6409 0.4382 0.7775 0.4435 1.1637 0.7065 0.4777 1.8025 0.6357 0.3820 0.4579 0.3932 0.3807 0.3496 0.3212 0.7867 0.4230 1.1290 0.5186 0.3236 1.0891 0.8242 0.5310 0.6475 0.4474 0.3170 0.7567 0.4404 1.1547 0.5074 0.5822 0.4505 0.8489 0.4199 1.0815 0.5001 0.4173 0.4044 0.5925],[2.0353 1.2590 0.9612 0.8029 0.7041 0.6290 0.5738 0.5143 0.4819 0.4488 0.4230 0.4037 0.3856 0.3678 0.3608 0.3450 0.3372 0.3310 0.3308 0.3203 0.3100 0.2966 0.2960 0.3000 0.2859 0.2823 0.2786 0.2715 0.2664 0.2676 0.2558 0.2544 0.2528 0.2477 0.2529 0.2446 0.2395 0.2381 0.2343 0.2314 0.2283 0.2242 0.2280 0.2254 0.2219 0.2211 0.2188 0.2150 0.2138 0.2150]
