train_acc,valid_acc,test_acc,train_loss,valid_loss,train_aug_loss
0.924894392490387,0.9060471057891846,0.9132578372955322,[10.9127 1.9992 0.9456 1.5108 0.9419 0.3775 0.8372 0.4304 0.3964 0.4956 0.3544 0.8737 2.7973 0.6275 0.7080 0.2965 0.4409 2.6940 0.5898 0.3780 0.2305 0.2451 0.6086 0.4527 0.7101 0.3732 0.7442 0.3955 0.3235 0.2991 0.4724 0.3357 0.2476 0.5379 1.1660 1.4089 0.2516 3.5563 0.9511 1.3403 0.3716 0.6160 0.8378 1.1692 0.2094 0.3343 0.3815 0.4846 0.2238 0.3631],[8.5788 1.8093 0.8927 1.3917 0.9346 0.4016 0.7183 0.4432 0.4047 0.4439 0.3617 0.7105 2.1364 0.6416 0.6280 0.3655 0.4128 2.0694 0.5894 0.3726 0.2774 0.2712 0.6693 0.4555 0.5711 0.3744 0.7085 0.3966 0.3477 0.3183 0.5243 0.3501 0.2802 0.4836 1.0283 1.1571 0.3008 2.8341 0.7423 1.1045 0.3924 0.5788 0.8121 0.8902 0.2755 0.3517 0.3997 0.4471 0.2685 0.3757],[1.9443 1.1947 0.8431 0.6454 0.5426 0.4930 0.4570 0.4235 0.4031 0.3867 0.3655 0.3537 0.3462 0.3345 0.3277 0.3182 0.3089 0.3028 0.3001 0.2891 0.2835 0.2790 0.2734 0.2721 0.2667 0.2660 0.2596 0.2556 0.2548 0.2487 0.2459 0.2401 0.2355 0.2361 0.2314 0.2294 0.2290 0.2222 0.2246 0.2225 0.2196 0.2191 0.2170 0.2109 0.2078 0.2088 0.2051 0.2035 0.2035 0.2025]
