train_acc,valid_acc,test_acc,train_loss,valid_loss,train_aug_loss
0.9574792385101318,0.9368912577629089,0.9360847473144531,[4.3728 1.5101 0.5548 1.9066 1.1059 1.1218 0.3776 0.5564 0.4722 0.3765 0.4767 0.6681 0.6990 0.5389 0.4868 0.3835 0.3063 0.4473 0.4675 0.3475 0.5127 0.4382 0.5633 0.3103 0.2457 0.5971 0.2237 0.3267 0.8903 0.3006 0.3720 0.4367 0.3546 0.2726 0.5532 0.1802 0.7028 1.1999 0.7446 0.2158 0.8253 0.2225 0.4670 3.2899 0.6687 0.2801 0.3590 0.3962 0.4842 0.5006],[5.1544 1.2948 0.5690 1.5509 1.3700 0.9367 0.4617 0.5037 0.5124 0.4078 0.5299 0.6903 0.7941 0.5967 0.5248 0.3780 0.3362 0.4586 0.4513 0.3657 0.4816 0.4636 0.5101 0.3613 0.2845 0.6231 0.2784 0.3576 0.8176 0.3318 0.3704 0.4276 0.3672 0.3006 0.5880 0.2282 0.7727 0.8924 0.6930 0.2703 0.8836 0.2494 0.4810 2.3039 0.6463 0.3036 0.3893 0.3857 0.4865 0.4694],[2.0092 1.0922 0.8250 0.6902 0.6066 0.5459 0.5181 0.4722 0.4511 0.4293 0.4088 0.3954 0.3804 0.3697 0.3578 0.3473 0.3423 0.3286 0.3200 0.3149 0.3098 0.3079 0.2976 0.2928 0.2906 0.2834 0.2769 0.2730 0.2728 0.2633 0.2665 0.2610 0.2554 0.2529 0.2484 0.2486 0.2413 0.2398 0.2435 0.2331 0.2312 0.2320 0.2296 0.2264 0.2232 0.2234 0.2167 0.2226 0.2185 0.2177]
