train_acc,valid_acc,test_acc,train_loss,valid_loss,train_aug_loss
0.953342616558075,0.9375,0.942293643951416,[2.5914 2.2115 1.1944 2.0360 0.8263 1.9830 1.1522 1.1924 4.7187 0.5554 1.0149 0.5054 0.5646 0.5564 0.7608 0.4357 0.3110 1.0582 0.4705 0.4988 0.4926 0.9972 0.4289 0.6284 0.2780 0.4513 0.3434 0.4387 0.9198 0.2555 0.2030 0.3167 0.2245 0.2594 0.2827 0.2195 0.2776 0.4215 0.2190 0.1660 0.3259 0.3429 0.4227 0.4128 0.2884 0.3509 0.3398 0.1642 0.2905 0.2271],[2.9665 2.3753 1.3203 2.2080 0.8710 1.6557 1.3860 1.2261 3.3913 0.6472 1.0003 0.5185 0.6402 0.6177 0.7455 0.4853 0.3854 0.9060 0.5138 0.5466 0.5092 0.9888 0.5107 0.5969 0.3298 0.5316 0.3786 0.4384 0.8190 0.3021 0.2446 0.3369 0.2618 0.3133 0.3344 0.2726 0.3121 0.4287 0.2743 0.2100 0.3864 0.4166 0.4639 0.4891 0.3507 0.4262 0.4020 0.2133 0.3338 0.2876],[2.1285 1.5193 1.2180 0.9928 0.8294 0.7140 0.6316 0.5553 0.5160 0.4685 0.4309 0.4159 0.3925 0.3829 0.3699 0.3560 0.3546 0.3440 0.3364 0.3288 0.3219 0.3125 0.3060 0.3017 0.2983 0.2900 0.2906 0.2817 0.2813 0.2685 0.2675 0.2626 0.2654 0.2581 0.2564 0.2493 0.2468 0.2501 0.2391 0.2439 0.2364 0.2403 0.2367 0.2333 0.2297 0.2272 0.2271 0.2240 0.2228 0.2213]
