Train Acc,Validation acc,Test Acc,N Epochs,Runtime
0.08265681564807892,0.08953922986984253,0.11825192719697952,0,48.18305492401123
0.0916382372379303,0.09369415044784546,0.12060301750898361,0,47.65892672538757
